Time,Coastal GDP (global) ssp126,Coastal GDP (0-10) ssp126,Coastal GDP (10-20) ssp126,Coastal GDP (20-30) ssp126,Coastal GDP (30-40) ssp126,Coastal GDP (40-50) ssp126,Coastal GDP (50-60) ssp126,Coastal GDP (60-70) ssp126,Coastal GDP (70-80) ssp126,Coastal GDP (80-90) ssp126,Coastal GDP (90-100) ssp126,Coastal Capital (global) ssp126,Coastal Capital (0-10) ssp126,Coastal Capital (10-20) ssp126,Coastal Capital (20-30) ssp126,Coastal Capital (30-40) ssp126,Coastal Capital (40-50) ssp126,Coastal Capital (50-60) ssp126,Coastal Capital (60-70) ssp126,Coastal Capital (70-80) ssp126,Coastal Capital (80-90) ssp126,Coastal Capital (90-100) ssp126,Coastal pop (global) ssp126,Coastal pop (0-10) ssp126,Coastal pop (10-20) ssp126,Coastal pop (20-30) ssp126,Coastal pop (30-40) ssp126,Coastal pop (40-50) ssp126,Coastal pop (50-60) ssp126,Coastal pop (60-70) ssp126,Coastal pop (70-80) ssp126,Coastal pop (80-90) ssp126,Coastal pop (90-100) ssp126,Coastal GDP (global) ssp245,Coastal GDP (0-10) ssp245,Coastal GDP (10-20) ssp245,Coastal GDP (20-30) ssp245,Coastal GDP (30-40) ssp245,Coastal GDP (40-50) ssp245,Coastal GDP (50-60) ssp245,Coastal GDP (60-70) ssp245,Coastal GDP (70-80) ssp245,Coastal GDP (80-90) ssp245,Coastal GDP (90-100) ssp245,Coastal Capital (global) ssp245,Coastal Capital (0-10) ssp245,Coastal Capital (10-20) ssp245,Coastal Capital (20-30) ssp245,Coastal Capital (30-40) ssp245,Coastal Capital (40-50) ssp245,Coastal Capital (50-60) ssp245,Coastal Capital (60-70) ssp245,Coastal Capital (70-80) ssp245,Coastal Capital (80-90) ssp245,Coastal Capital (90-100) ssp245,Coastal pop (global) ssp245,Coastal pop (0-10) ssp245,Coastal pop (10-20) ssp245,Coastal pop (20-30) ssp245,Coastal pop (30-40) ssp245,Coastal pop (40-50) ssp245,Coastal pop (50-60) ssp245,Coastal pop (60-70) ssp245,Coastal pop (70-80) ssp245,Coastal pop (80-90) ssp245,Coastal pop (90-100) ssp245,Coastal GDP (global) ssp370,Coastal GDP (0-10) ssp370,Coastal GDP (10-20) ssp370,Coastal GDP (20-30) ssp370,Coastal GDP (30-40) ssp370,Coastal GDP (40-50) ssp370,Coastal GDP (50-60) ssp370,Coastal GDP (60-70) ssp370,Coastal GDP (70-80) ssp370,Coastal GDP (80-90) ssp370,Coastal GDP (90-100) ssp370,Coastal Capital (global) ssp370,Coastal Capital (0-10) ssp370,Coastal Capital (10-20) ssp370,Coastal Capital (20-30) ssp370,Coastal Capital (30-40) ssp370,Coastal Capital (40-50) ssp370,Coastal Capital (50-60) ssp370,Coastal Capital (60-70) ssp370,Coastal Capital (70-80) ssp370,Coastal Capital (80-90) ssp370,Coastal Capital (90-100) ssp370,Coastal pop (global) ssp370,Coastal pop (0-10) ssp370,Coastal pop (10-20) ssp370,Coastal pop (20-30) ssp370,Coastal pop (30-40) ssp370,Coastal pop (40-50) ssp370,Coastal pop (50-60) ssp370,Coastal pop (60-70) ssp370,Coastal pop (70-80) ssp370,Coastal pop (80-90) ssp370,Coastal pop (90-100) ssp370,Coastal GDP (global) ssp460,Coastal GDP (0-10) ssp460,Coastal GDP (10-20) ssp460,Coastal GDP (20-30) ssp460,Coastal GDP (30-40) ssp460,Coastal GDP (40-50) ssp460,Coastal GDP (50-60) ssp460,Coastal GDP (60-70) ssp460,Coastal GDP (70-80) ssp460,Coastal GDP (80-90) ssp460,Coastal GDP (90-100) ssp460,Coastal Capital (global) ssp460,Coastal Capital (0-10) ssp460,Coastal Capital (10-20) ssp460,Coastal Capital (20-30) ssp460,Coastal Capital (30-40) ssp460,Coastal Capital (40-50) ssp460,Coastal Capital (50-60) ssp460,Coastal Capital (60-70) ssp460,Coastal Capital (70-80) ssp460,Coastal Capital (80-90) ssp460,Coastal Capital (90-100) ssp460,Coastal pop (global) ssp460,Coastal pop (0-10) ssp460,Coastal pop (10-20) ssp460,Coastal pop (20-30) ssp460,Coastal pop (30-40) ssp460,Coastal pop (40-50) ssp460,Coastal pop (50-60) ssp460,Coastal pop (60-70) ssp460,Coastal pop (70-80) ssp460,Coastal pop (80-90) ssp460,Coastal pop (90-100) ssp460,Coastal GDP (global) ssp585,Coastal GDP (0-10) ssp585,Coastal GDP (10-20) ssp585,Coastal GDP (20-30) ssp585,Coastal GDP (30-40) ssp585,Coastal GDP (40-50) ssp585,Coastal GDP (50-60) ssp585,Coastal GDP (60-70) ssp585,Coastal GDP (70-80) ssp585,Coastal GDP (80-90) ssp585,Coastal GDP (90-100) ssp585,Coastal Capital (global) ssp585,Coastal Capital (0-10) ssp585,Coastal Capital (10-20) ssp585,Coastal Capital (20-30) ssp585,Coastal Capital (30-40) ssp585,Coastal Capital (40-50) ssp585,Coastal Capital (50-60) ssp585,Coastal Capital (60-70) ssp585,Coastal Capital (70-80) ssp585,Coastal Capital (80-90) ssp585,Coastal Capital (90-100) ssp585,Coastal pop (global) ssp585,Coastal pop (0-10) ssp585,Coastal pop (10-20) ssp585,Coastal pop (20-30) ssp585,Coastal pop (30-40) ssp585,Coastal pop (40-50) ssp585,Coastal pop (50-60) ssp585,Coastal pop (60-70) ssp585,Coastal pop (70-80) ssp585,Coastal pop (80-90) ssp585,Coastal pop (90-100) ssp585
2000.0,11293.316342801347,467.7205338496615,937.1810028898864,1063.6597165967985,1095.8917128331832,1431.6180509441751,1587.1258274023546,1542.9274019166878,962.08261681971,1076.487645577411,1128.6218339714799,58623.22805197852,222.9773694730169,1941.4026159595,3209.7028279280003,4521.454899352,6350.720575248,8799.013952354,8604.066955264001,7131.221293056001,7982.8865001760005,9859.781063168,951.5125102797817,87.08530287328767,93.6786587039795,89.70381999536133,94.62407218670654,95.37778858911132,91.4316150859375,99.1134688359375,86.4402468828125,92.03502816473389,122.02250896191406,11293.316627802998,467.72053403596135,937.1810026048452,1063.6600099755526,1095.89171514814,1431.618059206638,1587.1258453466153,1542.927395690783,962.0825824701568,1076.487642751253,1128.621840573056,58623.22805197852,222.9773694730169,1941.4026159595,3209.7028279280003,4521.454899352,6350.720575248,8799.013952354,8604.066955264001,7131.221293056001,7982.8865001760005,9859.781063168,951.508745007687,87.08529061071444,93.67856373547363,89.7037449777832,94.62387988201904,95.37746037817382,91.4309034453125,99.11308195507812,86.4396968828125,92.03422792840576,122.02189521191406,11293.314817597175,467.72053379072605,937.1810027662665,1063.658201638668,1095.8917176124007,1431.6180487651288,1587.1258308111583,1542.9273991250857,962.0825946388496,1076.4876571086077,1128.6218313402849,58623.22805197852,222.9773694730169,1941.4026159595,3209.7028279280003,4521.454899352,6350.720575248,8799.013952354,8604.066955264001,7131.221293056001,7982.8865001760005,9859.781063168,951.5318064081387,87.08536575408601,93.67914539196777,89.70420427172851,94.62505838983154,95.37947217504882,91.435265796875,99.11545050976562,86.4430588828125,92.03912952410889,122.02565571191406,11293.316599566175,467.72053400753634,937.1810025189973,1063.660010890233,1095.8917166849596,1431.618044958241,1587.1258453399678,1542.9273955752265,962.0825910481685,1076.4876496973204,1128.621808845527,58623.22805197852,222.9773694730169,1941.4026159595,3209.7028279280003,4521.454899352,6350.720575248,8799.013952354,8604.066955264001,7131.221293056001,7982.8865001760005,9859.781063168,951.5172153077359,87.0853182156949,93.67877739343261,89.70391371801757,94.62431281170655,95.37819901879882,91.432506078125,99.1139519609375,86.44093200781249,92.03602851629638,122.02327558691405,11293.318475786205,467.72053397229433,937.1810029778107,1063.6619036950929,1095.891716405012,1431.6180528170867,1587.1258440890567,1542.9273945111106,962.0825829849551,1076.4876138793395,1128.621830454449,58623.22805197852,222.9773694730169,1941.4026159595,3209.7028279280003,4521.454899352,6350.720575248,8799.013952354,8604.066955264001,7131.221293056001,7982.8865001760005,9859.781063168,951.4880354655728,87.08522312597322,93.6780414564209,89.70333259790038,94.62282176483154,95.37565333911132,91.42698578125,99.11095518359375,86.4366783828125,92.02982599676513,122.01851783691406
2001.0,11511.481803245812,478.5567485509717,959.2346020591066,1084.8084992317217,1120.131281811192,1458.962468174209,1610.8471247738678,1569.5251521733496,975.1081101976239,1105.3331124283116,1148.974703845485,60601.51372187199,228.4234285819969,1993.3072658980002,3302.74592334,4651.3903514,6545.924651728001,9052.61188566,8919.79503232,7360.5927249920005,8283.994091104001,10262.728366848001,962.9831154347019,88.47488091742896,94.8379538981018,90.9085631717224,95.83213663232421,96.52844695996093,92.58616451220702,100.20022206054686,87.66456133593749,92.62410597186279,123.32607997460937,11511.482077228218,478.55674846289924,959.2346014583195,1084.8087657017415,1120.1312860260693,1458.9624712337243,1610.8471326848594,1569.5251703424567,975.108109995638,1105.33311507048,1148.9746762520608,60601.51372187199,228.4234285819969,1993.3072658980002,3302.74592334,4651.3903514,6545.924651728001,9052.61188566,8919.79503232,7360.5927249920005,8283.994091104001,10262.728366848001,962.9793236964206,88.4748685570774,94.83785823599243,90.90848763363647,95.83194301513672,96.52811620996093,92.58544741064453,100.19983326757811,87.6640085859375,92.62330018084717,123.32546059960937,11511.480428867768,478.55674855396677,959.2346015582648,1084.8071252628197,1120.131281823772,1458.9624695100865,1610.8471343915703,1569.5251706978488,975.1080913063093,1105.3331289821865,1148.9746767809731,60601.51372187199,228.4234285819969,1993.3072658980002,3302.74592334,4651.3903514,6545.924651728001,9052.61188566,8919.79503232,7360.5927249920005,8283.994091104001,10262.728366848001,963.0025475698337,88.4749442425022,94.83844399429321,90.90895014926147,95.83312960107422,96.53014250683593,92.58984111376952,100.20221842578124,87.66739321093749,92.62823635076904,123.32924797460937,11511.4820345466,478.55674862901475,959.2346000977138,1084.8087663590954,1120.1312835800484,1458.9624652730088,1610.8471235833526,1569.5251609827314,975.108088852753,1105.3331022296154,1148.9746949592961,60601.51372187199,228.4234285819969,1993.3072658980002,3302.74592334,4651.3903514,6545.924651728001,9052.61188566,8919.79503232,7360.5927249920005,8283.994091104001,10262.728366848001,962.987853856699,88.47489636579323,94.83807337173461,90.90865756820678,95.83237889013671,96.52886040527343,92.58706114501953,100.20070914648437,87.6652514609375,92.6251129035034,123.32685259960937,11511.483768289796,478.55674853912393,959.2346004304035,1084.8104830787972,1120.1312841427218,1458.9624648164381,1610.8471492192575,1569.5251615137038,975.1081043037606,1105.3330868043838,1148.974685441237,60601.51372187199,228.4234285819969,1993.3072658980002,3302.74592334,4651.3903514,6545.924651728001,9052.61188566,8919.79503232,7360.5927249920005,8283.994091104001,10262.728366848001,962.9584688310032,88.47480060157203,94.83733222549438,90.90807234359741,95.83087732763671,96.52629642871094,92.58150276220702,100.19769123046875,87.6609685859375,92.61886722576904,123.32206009960937
2002.0,11804.2849153859,490.63520999758236,984.5567881780196,1108.434705580907,1148.8707176067378,1492.030078931239,1648.2201686394753,1612.419517250378,991.5539616987555,1147.1060523006763,1180.4577152021309,62644.87810926126,235.256273156769,2053.5802841585,3407.122323336,4795.930859328,6782.865644224001,9310.153825778001,9230.085465088001,7578.489103872001,8595.22204744,10656.172282880001,974.3069034377612,89.86291106810188,95.98850720892334,92.10349452041626,97.03606129083252,97.66690251220703,93.73168902905273,101.24917577539063,88.8810932578125,93.18656591174316,124.60050286328125,11804.285108198694,490.6352100273236,984.5567881198631,1108.4349390798745,1148.8707268789942,1492.0300852195285,1648.220163818114,1612.4195124248502,991.55395511001,1147.1060149822003,1180.4577125379433,62644.87810926126,235.256273156769,2053.5802841585,3407.122323336,4795.930859328,6782.865644224001,9310.153825778001,9230.085465088001,7578.489103872001,8595.22204744,10656.172282880001,974.303089251543,89.86289864409065,95.98841104144287,92.10341857998657,97.03586677520751,97.66657005126953,93.73096754467772,101.24878403320312,88.88053725781249,93.18575433557129,124.59988098828124,11804.283709436675,490.63521025066024,984.5567905535587,1108.4335050523707,1148.870724861069,1492.0300837673649,1648.2201540910776,1612.4195109100158,991.5539468949802,1147.1060533471402,1180.457729708443,62644.87810926126,235.256273156769,2053.5802841585,3407.122323336,4795.930859328,6782.865644224001,9310.153825778001,9230.085465088001,7578.489103872001,8595.22204744,10656.172282880001,974.3264414896412,89.86297474717902,95.98900007781982,92.10388367471313,97.03705992364502,97.66860742626953,93.73538484936523,101.25118215234374,88.8839407578125,93.1907182672119,124.60368961328125,11804.28511160544,490.63521012063285,984.5567886313646,1108.4349400557564,1148.870724886175,1492.0300870513536,1648.2201569775555,1612.4195063511143,991.55395221588,1147.1060467392952,1180.4576985763194,62644.87810926126,235.256273156769,2053.5802841585,3407.122323336,4795.930859328,6782.865644224001,9310.153825778001,9230.085465088001,7578.489103872001,8595.22204744,10656.172282880001,974.3116671452198,89.8629266002674,95.98862740570068,92.10358944229125,97.03630502520751,97.66731854345703,93.73259009155274,101.2496647734375,88.88178750781249,93.1875783922119,124.60127936328125,11804.286652755081,490.6352102111498,984.5567897716719,1108.4364424038547,1148.8707247934005,1492.030087155228,1648.2201670553436,1612.419507725709,991.5539457825522,1147.1060597092799,1180.4577181469026,62644.87810926126,235.256273156769,2053.5802841585,3407.122323336,4795.930859328,6782.865644224001,9310.153825778001,9230.085465088001,7578.489103872001,8595.22204744,10656.172282880001,974.2821226029224,89.86283032017707,95.98788224505614,92.10300102822876,97.03479525177002,97.66474060595702,93.72700082592773,101.2466304296875,88.87748050781249,93.18129965002441,124.59646173828125
2003.0,12211.239600792447,509.1161996824102,1016.8053670908139,1143.6582709311624,1184.8785488915091,1536.306887065278,1695.6408133414648,1672.1906172910763,1037.0996693258085,1191.0104072381046,1224.5328199347937,64860.72849587212,241.75039728509793,2115.007117491,3511.3766874840003,4941.126862312,7013.628375424,9580.577217092,9568.876098688,7835.41703168,8954.276199744001,11098.692508672,985.5802818887892,91.25148584252453,97.13704044247436,93.29774387088013,98.23941867620849,98.79996259008789,94.87921657519531,102.2850659921875,90.0926550859375,93.73633726837157,125.86135554492186,12211.239893443284,509.1161996566721,1016.8053665992758,1143.6585366118666,1184.8785533991004,1536.3068790995978,1695.640827841161,1672.190621315791,1037.0996350881649,1191.0104411906534,1224.5328326409744,64860.72849587212,241.75039728509793,2115.007117491,3511.3766874840003,4941.126862312,7013.628375424,9580.577217092,9568.876098688,7835.41703168,8954.276199744001,11098.692508672,985.576453813899,91.25147336406994,97.13694385385132,93.29766759158325,98.239223168396,98.79962824633789,94.8784926767578,102.28467288867186,90.0920958359375,93.73552464337158,125.86073154492188,12211.238222628948,509.1161996114115,1016.8053677989426,1143.656900832281,1184.8785474879148,1536.3068785033765,1695.640808022251,1672.1906217952505,1037.0996685044909,1191.0104072487861,1224.5328228242167,64860.72849587212,241.75039728509793,2115.007117491,3511.3766874840003,4941.126862312,7013.628375424,9580.577217092,9568.876098688,7835.41703168,8954.276199744001,11098.692508672,985.5999065833082,91.25154979339122,97.13753544198607,93.29813471463012,98.24042144964599,98.80167462915038,94.88292912988281,102.28708164257812,90.09551571093749,93.74050802618407,125.86455604492187,12211.2398495394,509.1161996251544,1016.8053655872975,1143.6585371280999,1184.8785485145766,1536.3068835895763,1695.640821332741,1672.1906203636026,1037.0996275855157,1191.0104216894551,1224.5328241233578,64860.72849587212,241.75039728509793,2115.007117491,3511.3766874840003,4941.126862312,7013.628375424,9580.577217092,9568.876098688,7835.41703168,8954.276199744001,11098.692508672,985.5850680424146,91.25150143950938,97.13716112313843,93.29783919216919,98.239663262146,98.80038012915038,94.8801224111328,102.28555769531249,90.0933514609375,93.73735503399658,125.86213629492187,12211.241580654207,509.1161997993292,1016.8053678998036,1143.6602503366933,1184.8785479387366,1536.3068788616256,1695.6408163684407,1672.1906200515803,1037.0996558563331,1191.0104244949014,1224.5328190467428,64860.72849587212,241.75039728509793,2115.007117491,3511.3766874840003,4941.126862312,7013.628375424,9580.577217092,9568.876098688,7835.41703168,8954.276199744001,11098.692508672,985.5553914429273,91.25140473406505,97.13641268710327,93.29724817166137,98.23814676214599,98.79779057446288,94.87450779394531,102.28250980664062,90.08902646093749,93.73104803204345,125.85729641992187
2004.0,12808.294554606062,536.789935486894,1065.7557690728136,1196.484341003903,1234.2689878909514,1600.2547030857784,1767.4987576256633,1761.4298372568117,1096.1528592584123,1257.549798805961,1292.109565118838,67374.75414589251,249.62319902952137,2187.147891741,3628.58086282,5103.94067032,7271.751730624001,9882.838583742001,9949.055630592,8132.844636160001,9364.211139008,11604.759801856,996.9160093134154,92.63599620596312,98.287148191864,94.50272287097168,99.44712604425048,99.937868482666,96.04147907666015,103.34162493359375,91.30274504687499,94.29065851721191,127.12863994335937,12808.294865533484,536.7899353484578,1065.755768365891,1196.4846690292002,1234.268992758498,1600.2547001306725,1767.4987465866845,1761.4298470694387,1096.15284113835,1257.5497758861843,1292.1095892200697,67374.75414589251,249.62319902952137,2187.147891741,3628.58086282,5103.94067032,7271.751730624001,9882.838583742001,9949.055630592,8132.844636160001,9364.211139008,11604.759801856,996.9121649285888,92.63598367514038,98.28705121871948,94.50264641394043,99.44692977081299,99.937532998291,96.04075152197265,103.34123045703124,91.302184171875,94.28984088244628,127.12801381835936,12808.292873062577,536.7899354278101,1065.755769525012,1196.4826726597696,1234.2689869178519,1600.2546931792372,1767.4987741469429,1761.4298378354756,1096.1528453941926,1257.5497708247835,1292.1095871514708,67374.75414589251,249.62319902952137,2187.147891741,3628.58086282,5103.94067032,7271.751730624001,9882.838583742001,9949.055630592,8132.844636160001,9364.211139008,11604.759801856,996.93570700708,92.63606039547729,98.28764502511596,94.50311523718261,99.44813256768798,99.939586873291,96.04520613916016,103.34364795898438,91.305615921875,94.29484394494628,127.13185294335936,12808.29486863247,536.7899352703852,1065.755768955009,1196.4846674231128,1234.2689896893928,1600.2547061800633,1767.4987622517604,1761.4298344201973,1096.15287011189,1257.5497680205808,1292.1095663100423,67374.75414589251,249.62319902952137,2187.147891741,3628.58086282,5103.94067032,7271.751730624001,9882.838583742001,9949.055630592,8132.844636160001,9364.211139008,11604.759801856,996.9208131942748,92.63601185513305,98.28726935910034,94.50281859558105,99.44737159112549,99.9382877561035,96.04238810009765,103.34211824414062,91.303445671875,94.29167857775879,127.12942344335937,12808.29697746487,536.7899355825035,1065.7557668696077,1196.4867563576286,1234.2689934043065,1600.254698814181,1767.4987538995292,1761.4298460764362,1096.1528502938975,1257.5497867410927,1292.1095894256505,67374.75414589251,249.62319902952137,2187.147891741,3628.58086282,5103.94067032,7271.751730624001,9882.838583742001,9949.055630592,8132.844636160001,9364.211139008,11604.759801856,996.8910262389526,92.63591479385376,98.28651799923706,94.50222538171386,99.44584958331298,99.93568849829101,96.03675250634765,103.33905938671874,91.29910304687499,94.28534859924316,127.12456644335937
2005.0,13351.99471010399,561.9773559353666,1107.917494065552,1242.7658699028086,1280.0100624317242,1658.6838738712606,1831.4346943036446,1842.0287355545963,1149.6975809395767,1322.599581141907,1354.8794619575328,70078.61039644042,257.49283403140606,2252.9101337750003,3741.583727948,5266.918177264,7496.241573120001,10212.495446878002,10372.880145152001,8480.068841472,9821.927606656001,12176.091910144001,1008.3791253504428,94.005733065073,99.43587242614745,95.72527962844848,100.66261578210448,101.08698648632812,97.22765770996094,104.44210967773436,92.51387786718749,94.86241963323974,128.41657307421875,13351.995066190866,561.9773559625829,1107.9174908612508,1242.766230330329,1280.010060749041,1658.6838686149156,1831.4347058232395,1842.02872908373,1149.6975436266198,1322.5996303175418,1354.8794508215924,70078.61039644042,257.49283403140606,2252.9101337750003,3741.583727948,5266.918177264,7496.241573120001,10212.495446878002,10372.880145152001,8480.068841472,9821.927606656001,12176.091910144001,1008.3752686153355,94.00572049817848,99.43577506262207,95.72520279055786,100.66241866491698,101.08664983789062,97.22692844433594,104.44171341406249,92.51331461718749,94.86160146136474,128.41594382421874,13351.992843157816,561.9773558619803,1107.917491320123,1242.7640118739728,1280.010067097816,1658.6838753459115,1831.4346756166178,1842.0287439712527,1149.6975637141031,1322.5995846685448,1354.8794736874743,70078.61039644042,257.49283403140606,2252.9101337750003,3741.583727948,5266.918177264,7496.241573120001,10212.495446878002,10372.880145152001,8480.068841472,9821.927606656001,12176.091910144001,1008.3988957192173,94.00579749073219,99.43637099523926,95.72567340481567,100.66362618054198,101.08871155664062,97.23139744433594,104.44414038476562,92.51675924218749,94.86662144573974,128.41979757421873,13351.99503716422,561.9773558754474,1107.9174927886859,1242.7662312670534,1280.0100621296813,1658.6838774748364,1831.4346739658097,1842.0287424082126,1149.697550568005,1322.599584825627,1354.8794658608429,70078.61039644042,257.49283403140606,2252.9101337750003,3741.583727948,5266.918177264,7496.241573120001,10212.495446878002,10372.880145152001,8480.068841472,9821.927606656001,12176.091910144001,1008.3839472394809,94.00574878003883,99.43599403088379,95.7253756723938,100.66286221960449,101.08740740039062,97.22856953027343,104.4426051953125,92.51457999218749,94.86344471917724,128.41735969921874,13351.997429611745,561.9773557066866,1107.9174930919633,1242.7685567984893,1280.010059872254,1658.6838690346804,1831.4346837896671,1842.028731869262,1149.697577227734,1322.5996368048272,1354.8794654161584,70078.61039644042,257.49283403140606,2252.9101337750003,3741.583727948,5266.918177264,7496.241573120001,10212.495446878002,10372.880145152001,8480.068841472,9821.927606656001,12176.091910144001,1008.3540526480502,94.00565134900856,99.43523999450683,95.7247803100891,100.66133446179198,101.08479861132813,97.22291385839843,104.4395344765625,92.5102228671875,94.85709251995848,128.41248419921874
2006.0,13982.14143020064,590.8927971023571,1158.5280207939206,1297.036696395073,1334.0713757219605,1725.5001861947662,1902.1455017523033,1931.3302329359856,1207.7558595660862,1402.0760596020457,1432.8047001361615,73252.27655686233,267.6312696523466,2341.9733837520002,3890.7238457840003,5471.042786048,7830.126771712001,10589.228894026,10832.080707072,8878.59461632,10334.720275968,12816.154006528,1019.9959617801642,95.35679497108221,100.58332360592651,96.96760523788451,101.88543917211913,102.24817569824218,98.44030002368163,105.59700509960938,93.7279753984375,95.45782101068114,129.7315215625,13982.141823261358,590.8927971732635,1158.5280235516727,1297.0370526149734,1334.07137490309,1725.5001762188256,1902.145534788953,1931.330222009442,1207.755873586849,1402.0760340616634,1432.8047343526448,73252.27655686233,267.6312696523466,2341.9733837520002,3890.7238457840003,5471.042786048,7830.126771712001,10589.228894026,10832.080707072,8878.59461632,10334.720275968,12816.154006528,1019.9920891516241,95.35678234986639,100.58322598336791,96.96752804647826,101.88524121118164,102.24783744042968,98.43956811743163,105.59660697265625,93.7274111484375,95.45699706927489,129.7308908125,13982.139560790276,590.8927969070174,1158.5280220624848,1297.0348522279774,1334.071366424488,1725.500174969586,1902.1455216531504,1931.3302200469898,1207.7558820226293,1402.075995091531,1432.8047293844436,73252.27655686233,267.6312696523466,2341.9733837520002,3890.7238457840003,5471.042786048,7830.126771712001,10589.228894026,10832.080707072,8878.59461632,10334.720275968,12816.154006528,1020.0158130133185,95.35685965882635,100.58382434469604,96.96800050546264,101.88645333618163,102.24990751855468,98.44405626586914,105.59904356445313,93.73086977343749,95.4620382333374,129.7347598125,13982.141810542296,590.8927968544477,1158.5280240883812,1297.0370528955868,1334.0713748504215,1725.5001835026942,1902.145533884135,1931.330231188797,1207.755874960931,1402.0759986729993,1432.8047396439242,73252.27655686233,267.6312696523466,2341.9733837520002,3890.7238457840003,5471.042786048,7830.126771712001,10589.228894026,10832.080707072,8878.59461632,10334.720275968,12816.154006528,1020.0008045622687,95.3568107436652,100.58344582540893,96.9677016314392,101.88568657836913,102.24859811230468,98.44121697680663,105.59750234570312,93.7286816484375,95.45884838763428,129.7323123125,13982.144016805612,590.8927974216377,1158.5280236160681,1297.039353929665,1334.0713709280303,1725.5001832557791,1902.1455131790392,1931.3302225061946,1207.7558779944798,1402.0759957426283,1432.8046782321096,73252.27655686233,267.6312696523466,2341.9733837520002,3890.7238457840003,5471.042786048,7830.126771712001,10589.228894026,10832.080707072,8878.59461632,10334.720275968,12816.154006528,1019.9707823453498,95.35671293250799,100.5826886647644,96.96710378085326,101.88415249243164,102.24597883105469,98.43553717211914,105.5944190625,93.72430589843749,95.45246844818115,129.7274150625
2007.0,14603.678835554987,622.7542766541702,1209.1301797376193,1349.0056570819024,1388.0613616559892,1788.8593899927357,1967.9106435654244,2013.9022875056057,1263.2072128601503,1485.3711675119341,1515.476658989435,76649.25619708667,278.5105803546621,2432.1246042440002,4040.531336636,5679.202370888001,8139.508629248001,10978.059253444,11335.202920192001,9313.529798656,10918.741773376001,13533.844930048,1031.743275366537,96.69808366350364,101.73147902853393,98.22691666589355,103.11542834240723,103.41853016113281,99.67816094067382,106.79486299609374,94.94155372656249,96.07204115814208,131.06621868359375,14603.679233330635,622.754276617034,1209.1301798685117,1349.0060293678737,1388.0613792875788,1788.859395727184,1967.9106559553536,2013.902290093219,1263.2071863603069,1485.3711804385289,1515.4766596150253,76649.25619708667,278.5105803546621,2432.1246042440002,4040.531336636,5679.202370888001,8139.508629248001,10978.059253444,11335.202920192001,9313.529798656,10918.741773376001,13533.844930048,1031.73938671871,96.6980709880886,101.73138093600464,98.22683922937011,103.11523006115722,103.41819095800781,99.67742546411132,106.79446362499999,94.9409861015625,96.07121492181396,131.06558443359376,14603.676999391882,622.7542762744818,1209.130180311876,1349.0037453248585,1388.0613760087608,1788.8593902440912,1967.910680524697,2013.9022868555492,1263.2071945362807,1485.371208317452,1515.4766609938138,76649.25619708667,278.5105803546621,2432.1246042440002,4040.531336636,5679.202370888001,8139.508629248001,10978.059253444,11335.202920192001,9313.529798656,10918.741773376001,13533.844930048,1031.7632106604824,96.69814861174584,101.73198179806518,98.2273136151123,103.11644729553223,103.4202693955078,99.68193297973632,106.79691015429687,94.9444588515625,96.07627852532958,131.06946943359375,14603.679210496526,622.7542766349183,1209.1301805485616,1349.006028567521,1388.0613720424728,1788.859385082513,1967.9106563815,2013.9022758273466,1263.2071725517035,1485.3711932355297,1515.4766696244353,76649.25619708667,278.5105803546621,2432.1246042440002,4040.531336636,5679.202370888001,8139.508629248001,10978.059253444,11335.202920192001,9313.529798656,10918.741773376001,13533.844930048,1031.7481372110806,96.69809950633811,101.73160167184447,98.22701348913574,103.11567704553222,103.41895423144531,99.67908104223632,106.79536199804687,94.9422613515625,96.07307506634521,131.06701180859375,14603.681573553886,622.7542762899291,1209.130180061299,1349.0084148975777,1388.0613785732905,1788.8593893281209,1967.9106467010138,2013.902280285134,1263.2072032089686,1485.3711380050538,1515.476666203477,76649.25619708667,278.5105803546621,2432.1246042440002,4040.531336636,5679.202370888001,8139.508629248001,10978.059253444,11335.202920192001,9313.529798656,10918.741773376001,13533.844930048,1031.7179928569544,96.69800126598167,101.73084138131713,98.22641311706542,103.11413689709472,103.4163242392578,99.67337808129882,106.79226632617187,94.9378682265625,96.06666738861084,131.06209593359375
2008.0,14880.509637537365,643.0828175480818,1234.4505517411176,1374.2070526699717,1410.9516958293568,1812.6716281580254,1989.1811747061097,2050.893811451554,1288.8917463883179,1527.008096200731,1549.1710628441144,79890.00671996584,287.8936580468163,2500.123330889,4154.355883996001,5849.703162080001,8331.360800192,11337.356240378002,11847.550691584001,9749.466488832,11535.450808160002,14296.745655808001,1043.5529671160473,98.0394235192151,102.88278680310059,99.49623356137084,104.35077093402099,104.59372313256836,100.93080901489257,108.01121851562499,96.14697904687499,96.69521781298828,132.4058047753906,14880.509964004645,643.0828175623013,1234.4505519621923,1374.2074521203238,1410.9517022309324,1812.6716216427944,1989.181167142581,2050.8938047538395,1288.8917561598614,1527.0080345430872,1549.1710558867496,79890.00671996584,287.8936580468163,2500.123330889,4154.355883996001,5849.703162080001,8331.360800192,11337.356240378002,11847.550691584001,9749.466488832,11535.450808160002,14296.745655808001,1043.549062538838,98.03941080162477,102.88268837609863,99.49615584750366,104.35057167620849,104.59338244506836,100.93007049145507,108.01081753125,96.14641042187499,96.69438679736328,132.4051681503906,14880.507560523736,643.0828179431878,1234.4505528119178,1374.2050004423677,1410.951695750281,1812.6716341655485,1989.1811812205506,2050.893794058925,1288.8917543036032,1527.0080707682412,1549.171059059132,79890.00671996584,287.8936580468163,2500.123330889,4154.355883996001,5849.703162080001,8331.360800192,11337.356240378002,11847.550691584001,9749.466488832,11535.450808160002,14296.745655808001,1043.572969736897,98.03948871550416,102.88329134875488,99.4966319402771,104.35179308245849,104.59546861694335,100.93459348364257,108.01327241796875,96.149895046875,96.69946830908202,132.4090667753906,14880.509987222458,643.0828179079671,1234.4505510299437,1374.2074516965151,1410.951698704309,1812.6716310907677,1989.1811612904837,2050.893815432411,1288.8917548242462,1527.008080577209,1549.1710246686237,79890.00671996584,287.8936580468163,2500.123330889,4154.355883996001,5849.703162080001,8331.360800192,11337.356240378002,11847.550691584001,9749.466488832,11535.450808160002,14296.745655808001,1043.5578445797923,98.03943942729616,102.88290983532714,99.4963307215271,104.351020309021,104.59414889038085,100.93173164770508,108.011719671875,96.147690421875,96.69625425439453,132.40659940039063,14880.512577175712,643.0828182874537,1234.4505534718235,1374.2100177564214,1410.9516958489696,1812.6716260220205,1989.1811773471072,2050.89379652674,1288.8917846036538,1527.008050742267,1549.171056569273,79890.00671996584,287.8936580468163,2500.123330889,4154.355883996001,5849.703162080001,8331.360800192,11337.356240378002,11847.550691584001,9749.466488832,11535.450808160002,14296.745655808001,1043.5275962234082,98.03934086265993,102.8821469654541,99.49572831332397,104.3494745355835,104.59150946850585,100.92600943676757,108.008612578125,96.143281921875,96.68982486572266,132.40166727539062
2009.0,14744.741620905399,641.480226426728,1216.5110245709197,1351.2518922660443,1397.108937182307,1783.034370068006,1954.6335780645788,2031.3552299902346,1275.1769616322358,1534.5224697428544,1559.6669309614808,83307.03780242024,298.0460149702181,2572.95086163,4279.688701496,6031.0014908640005,8594.365373792001,11655.925497508,12357.564377344,10140.649153536,12230.132780432,15146.713550848,1055.3435844499363,99.39152019825792,104.04217384170532,100.76515875915527,105.58925011431884,105.7677267734375,102.19188915161132,109.21216176953125,97.33628202343749,97.3159566661377,133.73146515234373,14744.742040945855,641.4802269720386,1216.5110278115628,1351.252325670199,1397.1089296288583,1783.034369879296,1954.6335793892706,2031.3552267255639,1275.176932924565,1534.5224895045214,1559.6669324399716,83307.03780242024,298.0460149702181,2572.95086163,4279.688701496,6031.0014908640005,8594.365373792001,11655.925497508,12357.564377344,10140.649153536,12230.132780432,15146.713550848,1055.3396677921605,99.39150745039414,104.04207515151977,100.76508076403807,105.58904979400634,105.7673850625,102.19114828442382,109.21175947460937,97.3357103984375,97.3151248848877,133.73082652734374,14744.73943316559,641.4802267102655,1216.5110253614462,1351.2496644354994,1397.1089413268235,1783.0343703161475,1954.6335759255796,2031.3552263943811,1275.1769820815625,1534.5224984070192,1559.6669222068563,83307.03780242024,298.0460149702181,2572.95086163,4279.688701496,6031.0014908640005,8594.365373792001,11655.925497508,12357.564377344,10140.649153536,12230.132780432,15146.713550848,1055.3636593768772,99.39158562178086,104.04268016055298,100.76555856481933,105.59027598150634,105.769478265625,102.19568674536133,109.21422327734375,97.33920864843749,97.32022358410644,133.73473852734375,14744.74207439049,641.4802267615208,1216.5110247496889,1351.2523253207792,1397.1089395274125,1783.0343711486369,1954.6335717712886,2031.3552410037162,1275.1769520570767,1534.5224920545156,1559.6669299958494,83307.03780242024,298.0460149702181,2572.95086163,4279.688701496,6031.0014908640005,8594.365373792001,11655.925497508,12357.564377344,10140.649153536,12230.132780432,15146.713550848,1055.3484815584568,99.39153616395616,104.04229734683227,100.76525626599121,105.58950038775635,105.7681540390625,102.19281533911132,109.2126649453125,97.3369955234375,97.31699789465331,133.73226365234373,14744.74484692295,641.4802269305183,1216.5110244617006,1351.255111442723,1397.1089294699614,1783.0343689667218,1954.6335897641138,2031.3552341607651,1275.1769553050435,1534.522471981964,1559.6669344394315,83307.03780242024,298.0460149702181,2572.95086163,4279.688701496,6031.0014908640005,8594.365373792001,11655.925497508,12357.564377344,10140.649153536,12230.132780432,15146.713550848,1055.318125435166,99.3914372459874,104.04153171279907,100.76465172009277,105.58794896588134,105.76550537499999,102.18707298754882,109.2095471953125,97.3325707734375,97.31054605676269,133.72731340234375
2010.0,15520.627957310453,675.2200864455741,1269.1675813580225,1405.9569771891097,1462.4898012832173,1857.0265509865235,2042.8541915504102,2136.517478678786,1348.7232293865625,1634.457930504027,1688.214129928223,87060.34361292578,308.658928248761,2648.7462781850004,4410.017402892,6225.527773816,8868.496188864001,12012.302771960001,12923.848099840001,10575.047366656001,12991.015736608,16096.683065856001,1067.0402805309552,100.76571419062329,105.21264892510986,102.02543011865234,106.82801418243407,106.93440084960937,103.4521733022461,110.37145339648437,98.5017473125,97.92232946228027,135.0263687910156,15520.628336959498,675.2200861620831,1269.1675814224068,1405.9574371133792,1462.4898142349014,1857.026547225711,2042.8542043187306,2136.5174831050194,1348.7232131219282,1634.457841352567,1688.214128902784,87060.34361292578,308.658928248761,2648.7462781850004,4410.017402892,6225.527773816,8868.496188864001,12012.302771960001,12923.848099840001,10575.047366656001,12991.015736608,16096.683065856001,1067.0363512216902,100.76570138526439,105.21254987042236,102.02535193896485,106.82781380743408,106.93405808398437,103.45143060693358,110.37105015429687,98.5011744375,97.92149264587403,135.0257282910156,15520.625530487745,675.2200867481504,1269.1675794934415,1405.9546197812092,1462.4898045836817,1857.0265432704655,2042.8541918813894,2136.5174698367273,1348.7232236126329,1634.4578702462175,1688.2141410338363,87060.34361292578,308.658928248761,2648.7462781850004,4410.017402892,6225.527773816,8868.496188864001,12012.302771960001,12923.848099840001,10575.047366656001,12991.015736608,16096.683065856001,1067.060407110362,100.76577979127025,105.213156550354,102.02583098583985,106.82904279962158,106.93615689648438,103.45598125537109,110.373520375,98.5046811875,97.92660572790527,135.02965154101562,15520.62833523914,675.2200862503499,1269.1675810592778,1405.9574366110878,1462.4898000053013,1857.0265450932145,2042.8541855041535,2136.5174757678355,1348.7232260657354,1634.457897667333,1688.2141012148568,87060.34361292578,308.658928248761,2648.7462781850004,4410.017402892,6225.527773816,8868.496188864001,12012.302771960001,12923.848099840001,10575.047366656001,12991.015736608,16096.683065856001,1067.0451876894026,100.7657301835432,105.21277273419189,102.0255279086914,106.82826500274658,106.93482903710937,103.4531018803711,110.37195749609374,98.5024628125,97.92337196813965,135.02716866601563,15520.631322676503,675.2200860865886,1269.1675786753785,1405.960381947039,1462.4898000248008,1857.026551851979,2042.8541757316445,2136.5174685365832,1348.723238962512,1634.4579184679665,1688.214122392016,87060.34361292578,308.658928248761,2648.7462781850004,4410.017402892,6225.527773816,8868.496188864001,12012.302771960001,12923.848099840001,10575.047366656001,12991.015736608,16096.683065856001,1067.0147507663678,100.76563098951245,105.2120049788208,102.02492168505859,106.82670965118407,106.93217342773437,103.44734327880859,110.36883131835937,98.4980263125,97.91690370837402,135.02220541601562
2011.0,16103.643355489537,702.9196134422258,1311.617198823544,1452.5171560448048,1511.6992048426757,1914.5434419631729,2107.4622282477085,2220.1548334567374,1402.5173463921717,1712.6714742755767,1767.5408580008898,90979.22759499638,319.24872504437906,2711.989293784,4528.619779484,6413.679496240001,9101.118157248,12384.356408524001,13535.264802560001,11045.328875520001,13808.868831888001,17130.753224704,1076.2538545893044,101.86600568894434,106.1763632111206,103.05750457815552,107.83428220007323,107.87592083764648,104.44734694799804,111.27094762695312,99.4697904375,98.28663448083496,135.96905858007813,16106.836987479239,703.3657851571965,1311.9965634350128,1452.892997523318,1512.064117946563,1914.7461574768909,2107.6842558818676,2220.4142179437476,1402.8772836408068,1712.839414396867,1767.9561940769895,90979.22759499638,319.24872504437906,2711.989293784,4528.619779484,6413.679496240001,9101.118157248,12384.356408524001,13535.264802560001,11045.328875520001,13808.868831888001,17130.753224704,1077.0795781780184,101.98814733823585,106.26933863806151,103.1473942873535,107.92357282324218,107.95200861767577,104.52399407080078,111.32807371679687,99.55667174218749,98.3193609475708,136.07101599609373,16096.838278439625,703.5784652443164,1311.5411836753656,1451.9506472933242,1511.4171133341115,1913.319153231737,2105.9834041369,2218.227853786133,1401.835916543136,1711.8838421151218,1767.1006990795174,90979.22759499638,319.24872504437906,2711.989293784,4528.619779484,6413.679496240001,9101.118157248,12384.356408524001,13535.264802560001,11045.328875520001,13808.868831888001,17130.753224704,1077.5381270552944,102.08894442846345,106.33197426211548,103.20063953665161,107.98012919268798,107.98481393457031,104.54930986718749,111.33503770898437,99.60821836718749,98.32233582385254,136.13672393359374,16099.297860849718,703.0645828526623,1311.3291182112407,1452.1425109054135,1511.3533783526634,1913.79227045372,2106.709067103139,2219.425232502012,1402.2808086421649,1712.0117530566322,1767.1891387700489,90979.22759499638,319.24872504437906,2711.989293784,4528.619779484,6413.679496240001,9101.118157248,12384.356408524001,13535.264802560001,11045.328875520001,13808.868831888001,17130.753224704,1076.624402768628,101.97101784345722,106.22569271557617,103.100572003479,107.88148747216796,107.90352990673827,104.49495628442382,111.27341249023436,99.505503265625,98.26455384552001,136.00367694140624,16115.488043459207,703.0321870011478,1312.2759084553932,1453.6620039600043,1512.5818579601182,1916.0092988690965,2109.232235217309,2222.530504717115,1403.8399808693878,1713.6703129460786,1768.6537534635518,90979.22759499638,319.24872504437906,2711.989293784,4528.619779484,6413.679496240001,9101.118157248,12384.356408524001,13535.264802560001,11045.328875520001,13808.868831888001,17130.753224704,1076.3878254615906,101.84844968400287,106.17875978744506,103.06917230001831,107.84667965100097,107.89742810253905,104.47605880273437,111.30710552929688,99.48165907031249,98.30253267095947,135.97997986328124
2012.0,16718.628439494078,732.0407944328933,1356.0738290032536,1501.245385317051,1563.3635051011108,1974.8069211938232,2175.0143582409264,2308.248596843476,1459.2052315112023,1796.2645940684276,1852.3652237819324,95255.27814418128,332.1158545102768,2795.750571825,4673.6193468520005,6631.817899496001,9397.662215488,12788.272872906,14190.407425024001,11535.552081920001,14675.982080064001,18234.097796096,1085.5975406431598,102.9827025310688,107.1527494831543,104.10493106777953,108.85435753894042,108.83001791552734,105.45762743310546,112.18472115820312,100.4529776015625,98.65427409350586,136.9231818203125,16725.571264627615,732.982270837936,1356.8832285257154,1502.050212544546,1564.1482012678573,1975.2605402665263,2175.506502687775,2308.8208448697737,1459.9831564112767,1796.653504160072,1853.2828030561004,95255.27814418128,332.1158545102768,2795.750571825,4673.6193468520005,6631.817899496001,9397.662215488,12788.272872906,14190.407425024001,11535.552081920001,14675.982080064001,18234.097796096,1087.275092717154,103.23066153356027,107.34131740179443,104.28731952648926,109.0356440548706,108.98467588867187,105.61419483666992,112.30070638867187,100.6296323125,98.72087963330078,137.130061140625,16705.207446401993,733.443876193553,1355.9819917441112,1500.1331775496342,1562.8593726868576,1972.360380281152,2172.036721878094,2304.300376435506,1457.8567335854261,1794.716781011905,1851.5180350357432,95255.27814418128,332.1158545102768,2795.750571825,4673.6193468520005,6631.817899496001,9397.662215488,12788.272872906,14190.407425024001,11535.552081920001,14675.982080064001,18234.097796096,1088.1807303574467,103.4351688151493,107.46796637902831,104.39492480584717,109.14936872271728,109.04940432495117,105.66144997070312,112.3116246484375,100.7303486796875,98.72142005389404,137.25905395703126,16709.89074978452,732.3540146198012,1355.5025116563345,1500.4966299831008,1562.6756119247846,1973.2900884076655,2173.4932320336484,2306.7614767559844,1458.7429776930894,1794.9110167588844,1851.663189951241,95255.27814418128,332.1158545102768,2795.750571825,4673.6193468520005,6631.817899496001,9397.662215488,12788.272872906,14190.407425024001,11535.552081920001,14675.982080064001,18234.097796096,1086.352838868904,103.19709985581207,107.25358991317748,104.19303358209228,108.95074550598144,108.88643905761718,105.55455308422852,112.18990951367186,100.525460984375,98.60894510827636,136.99306226367187,16743.152063288915,732.2690456320767,1357.419653907458,1503.6111216663644,1565.169552507967,1977.8232235996359,2178.6642177554054,2313.203445136038,1461.9492907599981,1798.3268875076608,1854.7156248162805,95255.27814418128,332.1158545102768,2795.750571825,4673.6193468520005,6631.817899496001,9397.662215488,12788.272872906,14190.407425024001,11535.552081920001,14675.982080064001,18234.097796096,1085.8978929476136,102.94746957905292,107.1582583335266,104.12946457250976,108.88084736785888,108.87592246899413,105.52087345800781,112.26165583593749,100.48149569531249,98.69213558953857,136.949770046875
2013.0,17367.75568608746,762.6654837569215,1402.6518455372927,1552.265683278748,1617.636918678975,2037.9886500343111,2245.6883280351435,2401.0945962114056,1518.973685352774,1885.6642544307656,1943.1262407711306,99681.77895162262,345.1579529836132,2875.4544374790003,4807.4291702400005,6841.264644832,9680.088776576,13211.506945800002,14876.771820032001,12043.872993280002,15601.50539568,19398.72681472,1095.0741255657254,104.11611606371116,108.1420122055664,105.1680240222168,109.88848576770019,109.79692856030273,106.48334575268554,113.113208796875,101.4516869765625,99.02534890252686,137.88896851757812,17379.061330143664,764.1555523847757,1403.9466253390838,1553.5580478774505,1618.9017414799457,2038.7462734344297,2246.503384757762,2402.0391978432835,1520.233282938907,1886.3335271320207,1944.6436969559768,99681.77895162262,345.1579529836132,2875.4544374790003,4807.4291702400005,6841.264644832,9680.088776576,13211.506945800002,14876.771820032001,12043.872993280002,15601.50539568,19398.72681472,1097.6261867885212,104.49364893424271,108.42875230551147,105.44553002172852,110.16434730480957,110.0323407722168,106.72241445043944,113.28938934960937,101.720459265625,99.12613131402587,138.2031730703125,17347.951578294553,764.9056441525416,1402.6115622909958,1550.6299702117458,1616.9791643765934,2034.3250954332495,2241.1947553938203,2395.0268428568006,1516.9779963598955,1883.3913228162426,1941.909224402607,99681.77895162262,345.1579529836132,2875.4544374790003,4807.4291702400005,6841.264644832,9680.088776576,13211.506945800002,14876.771820032001,12043.872993280002,15601.50539568,19398.72681472,1098.991699738706,104.80492648791265,108.62145049310303,105.60909220721435,110.33715556060791,110.13024875488281,106.79283029516601,113.303663,101.87149120312499,99.12388179138183,138.3969599453125,17354.587656483265,763.1722619842312,1401.8035867518358,1551.145430636717,1616.6120529905136,2035.6919771600162,2243.384568733993,2398.8213939431184,1518.2997261531707,1883.5795563616978,1942.077101767996,99681.77895162262,345.1579529836132,2875.4544374790003,4807.4291702400005,6841.264644832,9680.088776576,13211.506945800002,14876.771820032001,12043.872993280002,15601.50539568,19398.72681472,1096.2339246129723,104.4444270748558,108.29676106582642,105.3032936265869,110.03637179693602,109.88385940380859,106.63229282690429,113.12191010546874,101.56280329687499,98.95657848406982,137.99562693164063,17405.862616721854,763.0125191835758,1404.7145483588124,1555.9380189320937,1620.409140021766,2042.6464486372863,2251.3348215720234,2408.8493492278767,1523.2452224570054,1888.857877264223,1946.8546710671617,99681.77895162262,345.1579529836132,2875.4544374790003,4807.4291702400005,6841.264644832,9680.088776576,13211.506945800002,14876.771820032001,12043.872993280002,15601.50539568,19398.72681472,1095.5481834362115,104.06300651079654,108.15072160272216,105.20617913122558,109.92949774145508,109.86792248632813,106.582169779541,113.23302234960937,101.4980003125,99.08583264703368,137.931830875
2014.0,18053.364918793974,794.8805387463175,1451.4733730324078,1605.7107162151287,1674.6848292367156,2104.27339423097,2319.6743383546886,2499.010962813707,1582.0234663007343,1981.3324680906042,2040.300831772689,104207.43678274161,357.2214015935973,2945.102843264,4932.62551678,7042.421026992,9918.005264896,13638.40401992,15599.715919360002,12586.163392512,16566.408171184,20621.36922624,1104.6863878641605,105.26654493282508,109.14436755825805,106.24712702035522,110.93693869799804,110.77691998876952,107.52484322314453,114.05682348828124,102.46630315624999,99.39993579241943,138.86658400585938,18069.711752715462,796.9770508342941,1453.3136457099185,1607.554398622269,1676.4957379136251,2105.3933544936917,2320.870829332909,2500.3945810180785,1583.8351296774774,1982.3504662225823,2042.526558890633,104207.43678274161,357.2214015935973,2945.102843264,4932.62551678,7042.421026992,9918.005264896,13638.40401992,15599.715919360002,12586.163392512,16566.408171184,20621.36922624,1108.1362870233902,105.77752626743936,109.53192124826049,106.62241011682129,111.31000458007811,111.09530580297852,107.84906856518555,114.29460666796875,102.82964233593749,99.5352417121582,139.2905597265625,18027.457087333147,798.0588881643695,1451.5593773093906,1603.5775801815266,1673.9499844326551,2099.400917857523,2313.650997037343,2490.7211429259523,1579.4048845853288,1978.3788346960384,2038.7544801430006,104207.43678274161,357.2214015935973,2945.102843264,4932.62551678,7042.421026992,9918.005264896,13638.40401992,15599.715919360002,12586.163392512,16566.408171184,20621.36922624,1109.974518771164,106.19871526588439,109.79274871929931,106.84356040322875,111.54382101611327,111.22765974780273,107.94389140429686,114.31155521289062,103.03202218749999,99.5297700446167,139.55077476953124,18035.733989902714,795.6084964702155,1450.355631326437,1604.2225922587402,1673.3295125714014,2101.182790802159,2316.5751331720066,2495.922287391631,1581.1528417684435,1978.477260797277,2038.907443344415,104207.43678274161,357.2214015935973,2945.102843264,4932.62551678,7042.421026992,9918.005264896,13638.40401992,15599.715919360002,12586.163392512,16566.408171184,20621.36922624,1106.2711097405681,105.71345818224907,109.35548230728149,106.4317759309082,111.13869824719238,110.89609080151367,107.7286158930664,114.06987827734375,102.617964796875,99.30759340960692,139.01155189453124,18106.035198557853,795.3494935226676,1454.2837924140879,1610.7815526928216,1678.468079775408,2110.670289238014,2327.442999670228,2509.8050982534523,1587.9365226130396,1985.73053761183,2045.566832766335,104207.43678274161,357.2214015935973,2945.102843264,4932.62551678,7042.421026992,9918.005264896,13638.40401992,15599.715919360002,12586.163392512,16566.408171184,20621.36922624,1105.3420182067298,105.19537206930923,109.15636026974487,106.29970853521728,110.99289757000732,110.87371230004882,107.66037392285156,114.22178868359374,102.5316286171875,99.48375118603515,138.92642505273437
2015.0,18777.976477286004,828.778423780372,1502.6683084886747,1661.721796637649,1734.6844523091336,2173.85884252452,2397.1771513270733,2602.3403135031094,1648.5700091727206,2083.7704492856583,2144.406730257124,109205.91606481383,371.28858435883615,3034.746655283,5091.2953846400005,7279.95066112,10269.488288896,14102.070036916,16358.832668672001,13163.544832000001,17614.851457248,21919.847495680002,1114.4373259577912,106.434316521451,110.16001741799926,107.34260154916382,111.99995953662109,111.77022588793945,108.58247138549804,115.01603205078125,103.4972343515625,99.7781197255249,139.85634753124998,18800.112693490588,831.54405299899,1505.1197084677044,1664.1863096090372,1737.1139623731854,2175.4060064828786,2398.8202162600114,2604.236518274446,1651.0105928214018,2085.2135167482934,2147.461809454669,109205.91606481383,371.28858435883615,3034.746655283,5091.2953846400005,7279.95066112,10269.488288896,14102.070036916,16358.832668672001,13163.544832000001,17614.851457248,21919.847495680002,1118.8088729084911,107.0827138665905,110.65109611639404,107.81838018441772,112.47294569421386,112.17388269311523,108.9946112536621,115.31685425390624,103.95758696875,99.94829028564453,140.39251159179688,18746.29668529592,833.0047870212541,1502.9637476034236,1659.1212452167376,1733.958438610495,2167.7895439423596,2389.613004036241,2591.720898715687,1645.3586111868487,2080.1920261874347,2142.574382775479,109205.91606481383,371.28858435883615,3034.746655283,5091.2953846400005,7279.95066112,10269.488288896,14102.070036916,16358.832668672001,13163.544832000001,17614.851457248,21919.847495680002,1121.1327537655516,107.61702646690654,110.98218822598267,108.09874667874145,112.7697445081787,112.34195772802734,109.11506455395508,115.33568606640624,104.21244912499999,99.93921326782227,140.72067714453124,18755.858279422035,829.7575328402459,1501.2900922766742,1659.8707205037795,1733.006478826343,2169.960941375763,2393.270537919252,2598.406162975076,1647.520608172443,2080.102415203582,2142.6727893288544,109205.91606481383,371.28858435883615,3034.746655283,5091.2953846400005,7279.95066112,10269.488288896,14102.070036916,16358.832668672001,13163.544832000001,17614.851457248,21919.847495680002,1116.468059770198,107.00465556215953,110.43003901434325,107.57888238015747,112.25806530218506,111.92344190917969,108.8439897836914,115.03431163281249,103.69142775781249,99.66209218762206,140.04115424023436,18846.272406439304,829.3724320809044,1506.2586435099345,1668.289942402611,1739.5260331568852,2182.1008904952155,2407.202169023393,2616.4343401902565,1656.2468661316514,2089.450803303732,2151.3902861447236,109205.91606481383,371.28858435883615,3034.746655283,5091.2953846400005,7279.95066112,10269.488288896,14102.070036916,16358.832668672001,13163.544832000001,17614.851457248,21919.847495680002,1115.2829836535702,106.34489800644492,110.17539248620605,107.41047112039185,112.07135606243897,111.89358733569335,108.7558925144043,115.22856147851562,103.58291409374999,99.88603534674071,139.93387520898438
2016.0,19552.265208352037,866.0401198812262,1560.5651890235863,1723.3806734799298,1802.2511824913747,2252.0377421083604,2483.6739117298757,2710.4166944184462,1717.9517729574923,2189.5782249347826,2246.369697326933,114346.29302551234,385.4473402853263,3125.1610772450003,5246.143144792,7515.529114112001,10602.735399136001,14563.126875574,17145.980458496,13740.552529920002,18712.003045888003,23309.614040064,1122.3297716552947,107.42017223628854,111.00688837860108,108.25312336279296,112.88279077996826,112.59261281274414,109.45398527880859,115.76277895507812,104.35837153125,100.01356552874755,140.5854827910156,19562.22896091469,868.7579241002743,1562.3605637685969,1725.159405439097,1803.7235173096274,2252.2533500360837,2483.7640111212277,2710.400250621398,1719.4047712970116,2188.363292017882,2248.04187520349,114346.29302551234,385.4473402853263,3125.1610772450003,5246.143144792,7515.529114112001,10602.735399136001,14563.126875574,17145.980458496,13740.552529920002,18712.003045888003,23309.614040064,1128.1131130727915,108.27205290924788,111.65517475109863,108.87837247927855,113.50940719354247,113.12658259033202,110.00175069482421,116.16520236132811,104.96539253124999,100.24095893493651,141.29821862695312,19477.017154714464,870.092952813535,1558.30871711113,1717.4250267687623,1798.0385273901763,2240.449032121816,2469.594170007061,2691.8699070673124,1710.863573262341,2179.8169382617466,2240.558309910642,114346.29302551234,385.4473402853263,3125.1610772450003,5246.143144792,7515.529114112001,10602.735399136001,14563.126875574,17145.980458496,13740.552529920002,18712.003045888003,23309.614040064,1131.446941856882,109.02490638407325,112.12365765274048,109.27779975250243,113.92733271368408,113.3690901809082,110.18804558154297,116.20716686523437,105.324318890625,100.23655275744629,141.768071078125,19505.644531669102,866.0840004179447,1557.2896249237926,1719.477023053926,1798.2457091482158,2245.349259892123,2476.9427252534715,2703.2492463266226,1715.0109697051398,2181.9266476485755,2242.069325299308,114346.29302551234,385.4473402853263,3125.1610772450003,5246.143144792,7515.529114112001,10602.735399136001,14563.126875574,17145.980458496,13740.552529920002,18712.003045888003,23309.614040064,1125.08935078613,108.19854809261798,111.37430562295532,108.56820713653563,113.23063546264648,112.80071323583984,109.81523582983398,115.79112040039062,104.61743820312499,99.8560743060913,140.83707249609375,19662.444628408477,867.543917089252,1566.755302447098,1733.326988193164,1810.3361127937874,2265.1556697636706,2499.316729594396,2731.924654603621,1729.446059841193,2200.0196041994564,2258.6195898828105,114346.29302551234,385.4473402853263,3125.1610772450003,5246.143144792,7515.529114112001,10602.735399136001,14563.126875574,17145.980458496,13740.552529920002,18712.003045888003,23309.614040064,1123.4654854900784,107.29929117647981,111.02943335321045,108.34276193841552,112.98092321325683,112.76205772753906,109.6890672548828,116.04393227343749,104.472706671875,100.16028833215331,140.68502354882813
2017.0,20369.024593609905,905.3353163161554,1621.3546926303281,1788.054970539624,1873.353024399437,2333.9936985647464,2574.2092796451416,2824.1154558518538,1791.0698069365455,2302.4624745906594,2355.0758741354216,119878.68867533372,401.6953759737037,3232.3164251300004,5427.45290884,7781.755047664001,11017.305968064,15063.879832958,17964.242952704,14352.65860608,19862.499863200002,24774.881694720003,1130.314978048677,108.41894505719137,111.86376564633179,109.17474709344482,113.77631610699463,113.42440389648436,110.3362644921875,116.518140734375,105.23049703125,100.25045048846435,141.32144750195312,20365.575129196848,907.995054269759,1622.4406980789986,1789.099421717774,1873.7829953957862,2332.7780493396,2572.6322075539574,2821.9966357316866,1791.4355918615197,2298.2358842131525,2355.178591034624,119878.68867533372,401.6953759737037,3232.3164251300004,5427.45290884,7781.755047664001,11017.305968064,15063.879832958,17964.242952704,14352.65860608,19862.499863200002,24774.881694720003,1137.5418573781576,109.47945989860439,112.6728458753662,109.95303644281006,114.5602127458496,114.09176365893555,111.02337662597655,117.02408023242187,105.98752054687499,100.53542856225586,142.2141327890625,20247.27254247401,909.215806785212,1616.4134534158181,1778.5775036714206,1865.4549879875897,2316.5866696008584,2553.253071027259,2797.081016622065,1779.847061981083,2285.9055633295316,2344.9374080531816,119878.68867533372,401.6953759737037,3232.3164251300004,5427.45290884,7781.755047664001,11017.305968064,15063.879832958,17964.242952704,14352.65860608,19862.499863200002,24774.881694720003,1141.9192102894283,110.45733598092603,113.28290538812256,110.47553065237426,115.10323046551513,114.41177639331055,111.27932509155274,117.08998345117188,106.45372117187499,100.53566270825195,142.82973898632812,20295.551228365177,904.3467523213002,1616.024051009084,1781.9323474773653,1866.8176568688434,2324.2998598999493,2564.4435708233514,2813.4055495389994,1786.0522963663777,2290.339754343202,2347.8893897166777,119878.68867533372,401.6953759737037,3232.3164251300004,5427.45290884,7781.755047664001,11017.305968064,15063.879832958,17964.242952704,14352.65860608,19862.499863200002,24774.881694720003,1133.8367600252714,109.41311504645061,112.33258450860595,109.57196545202636,114.2176863474121,113.6902150727539,110.80215526635742,116.55792641796874,105.557361875,100.0513077125244,141.64244232617187,20524.54025267501,907.8268894703101,1630.3341365586582,1801.6157162602656,1884.9249505141888,2352.3377135624874,2595.8719563875484,2853.6428140766325,1806.6889813943765,2318.1662128457715,2373.1308816046785,119878.68867533372,401.6953759737037,3232.3164251300004,5427.45290884,7781.755047664001,11017.305968064,15063.879832958,17964.242952704,14352.65860608,19862.499863200002,24774.881694720003,1131.747024452149,108.26624250869799,111.89367986874389,109.2866923069458,113.90177298944091,113.64081921875,110.63408629956054,116.86975949609375,105.37434109374999,100.436569998291,141.443060671875
2018.0,21231.012359662946,946.7873344166588,1685.2082846143219,1855.921607214895,1948.2099791567916,2419.9500630486305,2669.013756962908,2943.7842651932247,1868.1600885017256,2422.954858299261,2471.022122254598,125525.91630965639,417.19682521534844,3323.4690763950002,5589.412374840001,8038.129671344001,11355.246027808002,15568.716982086002,18822.203975168002,14998.443378688002,21081.392356128003,26331.705641984,1138.3942934561892,109.43082401231098,112.7307839008789,110.10764014157104,114.68068653344726,114.26572016137695,111.22945178930664,117.28225476757812,106.11376990625,100.48879037237549,142.06437187109375,21212.7751882239,949.3770393601677,1685.5265046792397,1856.178122871157,1947.5038161023674,2417.1940891436384,2665.6455164063755,2939.353922000899,1867.3290481324946,2415.3230574049644,2469.3440721225215,125525.91630965639,417.19682521534844,3323.4690763950002,5589.412374840001,8038.129671344001,11355.246027808002,15568.716982086002,18822.203975168002,14998.443378688002,21081.392356128003,26331.705641984,1147.0971306256342,110.70526200319766,113.70433514013672,111.04259921154785,115.6255841973877,115.06961631201172,112.05974985449218,117.8936465390625,107.0242395,100.8317011920166,143.14039667578123,21059.58971397421,950.4960765563409,1677.4411653302702,1842.7454480151678,1936.4139925901654,2396.4078798228406,2640.7986128571615,2907.662069924596,1852.526234492066,2398.929271493735,2456.1689628918143,125525.91630965639,417.19682521534844,3323.4690763950002,5589.412374840001,8038.129671344001,11355.246027808002,15568.716982086002,18822.203975168002,14998.443378688002,21081.392356128003,26331.705641984,1152.552348981061,111.91479888206196,114.46025231259155,111.69226153182983,116.2977807156372,115.4703008125,112.38924782104492,117.98432045898437,107.6009864375,100.8365678897705,143.90583211914063,21128.10614940306,944.6596648713155,1677.6511479480982,1847.399056548126,1938.9243569146809,2407.0183443633273,2655.9860507804797,2929.193291775429,1860.8621331711563,2405.820603517098,2460.591499513409,125525.91630965639,417.19682521534844,3323.4690763950002,5589.412374840001,8038.129671344001,11355.246027808002,15568.716982086002,18822.203975168002,14998.443378688002,21081.392356128003,26331.705641984,1142.7125465680742,110.64877903752613,113.30513035891722,110.59041627545166,115.21948122283935,114.59215760351562,111.80503870581055,117.33489241796875,106.51141354687499,100.24782231713867,142.45741508203125,21435.600154601256,950.3511605506799,1697.1803032810697,1873.3488516230666,1963.5317218929592,2443.8955874202425,2697.1251059937676,2981.9823796714745,1888.2365071474717,2444.47410745084,2495.474429569696,125525.91630965639,417.19682521534844,3323.4690763950002,5589.412374840001,8038.129671344001,11355.246027808002,15568.716982086002,18822.203975168002,14998.443378688002,21081.392356128003,26331.705641984,1140.129137161899,109.24594584250211,112.76828254107666,110.24242726416016,114.83408738708495,114.5300233029785,111.59113951049804,117.70620560937499,106.287997515625,100.71487408898925,142.20815409960937
2019.0,22141.18535759282,990.5276088985374,1752.308753449566,1927.1683674701358,2027.0578551128144,2510.145700446173,2768.3317923155473,3069.7954883725984,1949.476259770525,2551.6311984927834,2594.742333264105,131421.4422826395,433.80716176549134,3431.0847470480003,5779.285937584001,8320.033415184,11767.145105152002,16072.296438402002,19713.738110976003,15649.294389248002,22346.611765888003,27908.145211392002,1146.5690509258393,110.45602080779743,113.60809985131836,111.05194002642821,115.5960853795166,115.11671117626953,112.13370560742187,118.05526445117187,107.00838974999999,100.72861071380615,142.81422316210936,22106.639441453804,993.0331868557478,1751.7951345698773,1926.578807869689,2025.112149304463,2505.7306375820685,2763.0387666621823,3062.823386723814,1947.3270256830122,2540.155221439045,2591.0451247638516,131421.4422826395,433.80716176549134,3431.0847470480003,5779.285937584001,8320.033415184,11767.145105152002,16072.296438402002,19713.738110976003,15649.294389248002,22346.611765888003,27908.145211392002,1156.7810805317506,111.94978438303852,114.74986145196533,112.14730658883667,116.7057839713745,116.06035497973632,113.1111114387207,118.77411205859374,108.0757944375,101.12981983135985,144.077151390625,21916.673734899392,994.0644449867904,1741.5657172577917,1910.1065775174386,2011.1355201512172,2480.131384843819,2732.4544386717853,3023.9416434257214,1929.1338902260984,2519.3953979853673,2574.744719833342,131421.4422826395,433.80716176549134,3431.0847470480003,5779.285937584001,8320.033415184,11767.145105152002,16072.296438402002,19713.738110976003,15649.294389248002,22346.611765888003,27908.145211392002,1163.3492887445402,113.39780532748699,115.65602460992432,112.92831646936034,117.51131365380859,116.54492816577148,113.51820144287109,118.89038835546874,108.7664344375,101.13930559875487,144.99657068359375,22006.01209043182,987.1438125458561,1742.3390021512494,1916.0495692277448,2014.7814873726052,2493.7233812359027,2751.7973991176996,3050.9523844230475,1939.673561666522,2528.884974186872,2580.6665185042293,131421.4422826395,433.80716176549134,3431.0847470480003,5779.285937584001,8320.033415184,11767.145105152002,16072.296438402002,19713.738110976003,15649.294389248002,22346.611765888003,27908.145211392002,1151.719219917333,111.9059881754508,114.29221391989135,111.62382453958129,116.23631564703369,115.50676772607422,112.82421988842773,118.1222343515625,107.479888375,100.44566192907715,143.28210536523437,22398.883789061587,995.2552640835048,1767.4914575992984,1948.7320661256306,2046.412370983594,2540.094291899476,2803.3505618623226,3117.364545745875,1974.3666416192355,2579.5745267964335,2626.242062346156,131421.4422826395,433.80716176549134,3431.0847470480003,5779.285937584001,8320.033415184,11767.145105152002,16072.296438402002,19713.738110976003,15649.294389248002,22346.611765888003,27908.145211392002,1148.6133592567587,110.2386051595602,113.65338818652343,111.21015827157592,115.77804239465331,115.42982524707031,112.56040412524413,118.55350014453124,107.21388375,100.99525171197509,142.980300265625
2020.0,23102.71125760371,1036.6962258170256,1822.8510368523578,2001.9964854099937,2110.148223661954,2604.834894083544,2872.4252024266716,3202.5472573820816,2035.2890041171,2689.111100759235,2726.811827093799,134201.02642377815,439.6173196081356,3484.4301038780004,5876.239397608,8449.26805504,11999.960808224001,16312.10039574,20132.779082752,15923.828875264,22975.292362496002,28607.510023168,1154.8407379814462,111.49473772778416,114.49585332568358,112.00783883996581,116.52265869433593,115.97749260961913,113.04920114501952,118.83731697460937,107.914539640625,100.96993476403809,143.57116425976562,23050.168230582924,1039.1012196771044,1821.4353090997547,2000.4962906463795,2106.848605089416,2598.63071000786,2865.060786578566,3192.77964541616,2031.6875213614637,2673.3025652850883,2720.825577421133,134201.02642377815,439.6173196081356,3484.4301038780004,5876.239397608,8449.26805504,11999.960808224001,16312.10039574,20132.779082752,15923.828875264,22975.292362496002,28607.510023168,1166.5956534001884,113.21337108973312,115.80964788278197,113.2673882855835,117.80103342193603,117.06417076049804,114.17771108740234,119.66561569140624,109.142435484375,101.42978661444091,145.02449308203126,22821.41647626739,1040.059929016508,1808.9724245509938,1980.8505370923024,2089.8546466593752,2567.9906505507392,2828.4574090552924,3146.270771024369,2009.919010550144,2647.8490466277053,2701.1920511399476,134201.02642377815,439.6173196081356,3484.4301038780004,5876.239397608,8449.26805504,11999.960808224001,16312.10039574,20132.779082752,15923.828875264,22975.292362496002,28607.510023168,1174.3129642772283,114.90687327710629,116.87056313830566,114.18406278332519,118.74418662927246,117.63594660839843,114.66654394848632,119.80836449414062,109.950449296875,101.44384883764648,146.10212526367187,22932.157527844454,1031.9279137208462,1810.2664947314083,1988.0676827183624,2094.619058979162,2584.6480996085293,2852.119033534543,3179.0456654157765,2022.7350913974813,2660.086149272836,2708.6423384655373,134201.02642377815,439.6173196081356,3484.4301038780004,5876.239397608,8449.26805504,11999.960808224001,16312.10039574,20132.779082752,15923.828875264,22975.292362496002,28607.510023168,1160.8592011570342,113.18519353044748,115.29410426724243,112.67246052749633,117.26846577020264,116.43427654614257,113.86001619921875,118.92010045703124,108.463135640625,100.6448199901123,144.11662822851562,23417.89064969686,1042.6869570739996,1841.4784859111924,2027.9848311130754,2133.841018166163,2641.217266094717,2914.84104097424,3260.2396585365045,2065.3792853973578,2724.1496158795153,2766.0724905500765,134201.02642377815,439.6173196081356,3484.4301038780004,5876.239397608,8449.26805504,11999.960808224001,16312.10039574,20132.779082752,15923.828875264,22975.292362496002,28607.510023168,1157.2012537098065,111.24443507940482,114.54915311590575,112.19005686288452,116.7338209989624,116.34037921606445,113.54206712719726,119.41178339257812,108.152266390625,101.27771898712157,143.7595725390625
2021.0,24034.495607787798,1086.09679968778,1893.7360256087977,2077.1084099567684,2193.096979144335,2696.908374372043,2972.3059684671025,3326.63664777101,2118.5906410533767,2816.921504060672,2853.0942576658795,137303.80769798244,444.22805536842446,3526.4561112680003,5962.724079840001,8564.430195552,12188.824783040001,16548.221337426003,20580.004717568,16180.031324160002,23825.803572736,29483.083521024,1161.3506868919624,112.33282876351403,115.20300573318481,112.78489123223876,117.2704291411743,116.6730490505371,113.80151764038085,119.44754168164062,108.659819796875,101.07296826062012,144.10463559179686,23873.239006048894,1083.1445187766205,1884.5406761104794,2067.8656269519897,2180.285103334154,2680.3690421497145,2953.7621030970627,3302.7089602856136,2105.794674234179,2783.565785915458,2831.2025151936405,137199.5216156707,444.1560606596542,3525.434491841,5960.8202261040005,8560.972436784,12183.153274272001,16541.452674874003,20565.031315456003,16171.744489472001,23793.271781696003,29453.484864512,1174.9202296429028,114.31526109788942,116.72085221362305,114.23853123928832,118.74695229962158,117.92677961791992,115.10750875097656,120.40830827148437,110.076515328125,101.60440734350586,145.77511348046875,23531.41010319844,1079.7511266088516,1864.0537930118387,2039.1118088939672,2153.3497072842056,2637.324302571313,2903.339458606608,3239.416254839342,2073.892502319958,2743.472129330383,2797.699019731998,137082.54363622153,444.05126887853004,3523.031220145,5956.1689606400005,8555.105485152,12172.348424032001,16526.364306622,20545.019841024,16160.409157632,23769.625406528,29430.419565568,1184.0644316380076,116.33874787931012,117.9811341165161,115.32683264120483,119.86092130212401,118.60119793261718,115.68498771923828,120.57345242578124,111.036317453125,101.61383051379394,147.04700965429686,23752.195963357943,1073.1021247739038,1872.1630670406464,2054.369447917869,2167.079198281766,2666.6435065907017,2942.349798043593,3290.6777304729812,2096.5505633352773,2770.601980708597,2818.658546192548,137146.30100967386,443.92937091883084,3524.0861716030004,5958.435461408,8557.74740016,12179.046774048,16537.408451856,20557.794526208003,16165.4810624,23782.361306336003,29440.010484736,1168.2155427624243,114.29965595361709,116.12293159786987,113.5417842119751,118.12165437994385,117.18692465063477,114.73741211230468,119.5328592265625,109.28337746874999,100.68244706115722,144.70649609960938,24511.20238437188,1098.138471845789,1923.390262399259,2115.7685093388336,2229.9906811234355,2750.347016739603,3033.4030902754225,3408.6214020552475,2162.8989551703194,2873.7390260378743,2914.9049693861734,137503.2211796384,444.52493512841716,3529.875945532,5969.276357224,8573.206198464,12203.887224352,16568.900610874,20612.2951808,16199.850770432002,23868.010900064,29533.393056768004,1164.1568849056864,112.03095561430453,115.2676457597351,112.99975872244262,117.52220134899902,117.10721059033203,114.38912453759765,120.12950246093749,108.94131128125,101.44285941821289,144.326315171875
2022.0,25014.649912096364,1138.2789105786528,1968.103345015748,2155.8564656244143,2280.2679956504803,2793.2750050591944,3076.6220169964695,3456.7174408790324,2206.206563784492,2952.3322398147648,2986.9899286931263,140703.75328652197,449.71787631797844,3573.4738777360003,6057.543609344,8694.158049248,12396.658424512001,16807.490052564,21069.051488256002,16471.892852736,24744.133772736,30439.633283072002,1167.9318725893463,113.18068730907297,115.91776493740844,113.57048392208861,118.0264966253662,117.37583994628906,114.56218555346679,120.06456821679687,109.41395795312499,101.17698587963866,144.64290224609374,24733.742874950003,1129.3880680637942,1950.3993578440072,2138.1537843440688,2257.029826406438,2765.4812784591927,3045.961399480633,3417.2718668483108,2183.2858912560323,2899.4149818354645,2947.3564204121194,140421.82606829255,449.42731697656245,3570.4784631720004,6052.07925436,8684.2991936,12381.171336512001,16788.843232440002,21028.839525376003,16448.446210048,24659.444543296002,30358.796992512,1183.3502870598093,115.43254740343713,117.64354682022095,115.22208880270385,119.70510179638671,118.79989473876952,116.04975973779297,121.15985509570312,111.02324176562499,101.78028058276367,146.53397031640625,24270.990390518356,1121.2600205623542,1921.3449918764538,2099.7003745651946,2219.4701904931662,2709.2867031455194,2980.9196095707052,3336.1307495594824,2140.544628725602,2843.5097503007337,2898.8233717191765,140134.49132512958,449.0979799525424,3564.7382293950004,6041.084072448,8669.947005696,12355.73139056,16753.779961766002,20981.221177856,16420.360749056003,24599.797911296002,30298.732847104002,1193.966944339757,117.7949681142931,119.1089223869934,116.4874861088562,120.99524628741455,119.58117308349608,116.72106117797851,121.34849862890624,112.13938721874999,101.78497614752197,148.00522518554686,24608.516539606873,1116.1872475645985,1936.6446861936017,2123.407234736699,2242.68030551654,2751.917154881653,3036.0692656394604,3406.9771493909825,2173.628860130088,2886.69883647552,2934.3057990776388,140313.74133741562,448.9093952696149,3567.658145062,6047.126406624,8677.482611200001,12372.905631552001,16781.030236348,21014.531705856003,16435.038334976,24637.851137280002,30331.207733248,1175.6834805012136,115.43344790062761,116.96429421771239,114.42361381976318,118.98766320550537,117.95007282104491,115.62901861254882,120.15420434960937,110.11625548437499,100.72096731463623,145.30394277539062,25667.81973689445,1157.0095649825794,2009.7462741206239,2208.239311553777,2331.546207761394,2865.1422279315175,3157.8609867110895,3565.1105754785126,2266.045712070964,3033.3587337379245,3073.760142546061,141186.90728700696,450.4703602349449,3581.607512168,6073.0734499360005,8715.282155616,12432.344419648001,16855.885073276,21146.030422528,16519.935696896002,24848.951421408,30563.326775296002,1171.1938156171116,112.82686933940171,115.99420618157959,113.81886002215576,118.31980975878906,117.88273881884766,115.24621533374022,120.85673047265624,109.740574984375,101.60983865478515,144.89797205078125
2023.0,26046.088860648815,1193.4143706484042,2046.1517392890235,2238.44779690617,2371.9105903764885,2894.1776738416406,3185.611966000537,3593.129998680588,2298.3964406393998,3095.8445862148155,3129.003698051723,144412.43037947203,456.1007439970501,3625.554089449,6160.833753328,8838.80397296,12623.908726912001,17090.483815354,21601.421997056,16800.241303552,25733.713361952003,31481.368614912,1174.5853914079485,114.03843723149585,116.64023110632324,114.3647222434082,118.79097664898681,118.08597844921874,115.33130998974609,120.68848222851562,110.17721090625,101.28207685009765,145.18596575390623,25633.6272487988,1177.9514895391928,2019.1495723192954,2211.507762635958,2337.254515871216,2854.1342556109835,3141.821775543109,3536.6933843783763,2264.337425891001,3021.160175292522,3069.6168917171053,143875.0567837996,455.4378013855624,3619.596518876,6150.082717128001,8819.455913776,12594.264437952,17054.641830202,21525.10259968,16754.346414080002,25575.935109952003,31326.193440768002,1191.8872830308942,116.56547703086376,118.57790015722655,116.21825449136352,120.6756827022705,119.68369079077148,117.00461688256836,121.92036447070312,111.98280459374999,101.95739791918945,147.3010939921875,25041.571010179916,1164.6769736245155,1980.948196486296,2162.72413331803,2288.341051505599,2783.998226236545,3061.316271147382,3436.5740907197237,2210.00458291009,2948.184541046868,3004.8029431848317,143362.2976023526,454.76083553661266,3609.5747961,6131.028269952,8793.942785664001,12550.29270752,16994.651862012,21442.075365888002,16703.929122816,25467.456285536,31214.585571328003,1204.0231364780186,119.27600013561153,120.25424055133055,117.66633805267334,122.1474786015625,120.57614715063475,117.77512748486328,122.13366064648437,113.2600159375,101.95727008728026,148.97685783007813,25502.943427007856,1161.28029501303,2003.8346986168974,2195.3104866200865,2321.5781879746096,2840.623543666434,3133.4347603045826,3528.1661198940487,2254.132098126957,3008.6851238237664,3055.8981129674216,143709.7758953985,454.55997625852785,3615.1628608580004,6142.344016632001,8808.632792288001,12581.727430656001,17043.274629938,21503.807289344,16732.778733568,25543.817791456,31283.6703744,1183.2649435884146,116.58697801773596,117.81845087832642,115.31817672256469,119.86672796533203,118.7239227512207,116.53509073315429,120.7842438515625,110.961997671875,100.76038266265869,145.90897233398437,26891.95791071621,1219.5312125496273,2100.824324153656,2305.688317300222,2438.8589972183554,2985.9528684869615,3288.5628987659866,3730.21865410822,2375.191417262243,3203.751120381246,3243.3781004897155,145269.27376983326,457.4761161412733,3639.7441257080004,6187.855082264,8876.03441928,12686.035191424,17173.932236296,21736.250920448,16885.425426432,25923.226691008003,31703.293560832,1178.3130456422423,113.63231151724243,116.72894082836913,114.64750413012695,119.12679819555663,118.6670519946289,116.11347771923828,121.59359520703124,110.55011596874999,101.77872815942382,145.47452192187498
2024.0,27131.90746027556,1251.6864068806335,2128.092232481499,2325.1021495463815,2468.2903880744575,2999.8736487926067,3299.526875749067,3736.235509472499,2395.433947731,3247.990826846176,3279.6754747012333,148442.89688186895,463.39411522894886,3682.785840214,6272.774940944,8998.77611584,12871.101273088001,17397.870911754002,22178.805390848,17166.122049536,26798.434066240003,32612.832178176002,1181.3120953153543,114.90622189482211,117.37050332913208,115.16771713296508,119.56399078930663,118.80354549389648,116.10899561254882,121.31936298046874,110.949646875,101.3882059767456,145.73390523046874,26574.952348563766,1228.9615649872978,2090.9370893380296,2288.082289815818,2421.1402746431895,2946.5041146037315,3241.517064622502,3661.2121321581258,2349.1363607730195,3149.1289032767327,3198.3325543452966,147567.24658160406,462.19667765302677,3672.837299177,6254.931437104,8966.686291728001,12822.736003456,17339.279024998003,22054.84905472,17090.017304576002,26545.119788352,32358.593699840003,1200.5328151463623,117.71431374291991,119.52409346154785,117.22721742321777,121.65888294885254,120.57831722875976,117.97229314428711,122.68998927734374,112.955445765625,102.13570858349608,148.07655357031248,25844.640028294576,1210.0971206926893,2042.9707417029115,2228.296528460759,2360.093398495358,2861.585066781799,3144.6518672325606,3540.9148035355533,2282.4063851530923,3057.7333241816073,3115.8907920582305,146772.06942341386,461.0451374968335,3657.5748155670003,6226.073623336,8927.270878160001,12756.258361344,17249.336481526,21928.360064512002,17011.501318144,26374.407759264002,32180.240984064003,1214.235707210114,120.7823317745366,121.41739947412108,118.8636832955017,123.31793375048828,121.58634450976562,118.84750497509765,122.9291128203125,114.398445125,102.1307476083374,149.9622038769531,26437.40423362116,1208.483358634418,2073.8629097724747,2270.2150797428776,2403.9375992891873,2932.925198481889,3234.6127225188093,3654.479174523365,2338.23111152164,3136.8880261039494,3183.7690530325444,147341.8101407824,460.88573001939034,3666.630663073,6244.153733200001,8951.392852480001,12805.75612736,17324.511339162,22026.559309312,17059.131609088003,26502.60776256,32300.181014528003,1190.9621700004357,117.76065375891972,118.68564342636108,116.22571640847778,120.75913418792724,119.50864362377929,117.45591772314452,121.42315469726562,111.82085460937499,100.80071264331055,146.521738921875,28188.129148348024,1285.9507341425276,2196.9207600342233,2408.4256303614193,2552.304821937706,3113.153367698433,3425.878635439103,3904.4936570229825,2490.7343289358764,3385.7121579199707,3424.5550548557444,149769.70276502488,465.56914606089,3704.4300852,6313.902550184001,9056.080587424001,12965.777044608001,17524.047062108002,22385.516619264003,17297.951821824,27096.526455456,32959.901392896005,1185.51581012261,114.44741568297385,117.47196441003418,115.48582066290282,119.94330361328124,119.46030061621093,116.9910710336914,122.34026013671874,111.370148234375,101.94950016601562,146.05602556640625
2025.0,28275.40814827031,1313.2902361228337,2214.1491547369505,2416.053557594682,2569.690125279459,3110.6369501051995,3418.634494197449,3886.4192044130214,2497.6114933319395,3409.341123584413,3439.5818089043946,152798.31683668014,471.61507585414995,3745.241685932,6393.491721048001,9174.323588656001,13138.449376384,17729.889177222,22801.447374336003,17569.955528704002,27938.791231232,33835.112077312006,1188.11294814985,115.78417346259403,118.10868113330078,115.97960865539551,120.34565816674804,119.52863469213867,116.89534498950195,121.95732938867187,111.73137959374999,101.49539403649902,146.28674403124998,27559.892120734068,1282.5521388196842,2165.9157408630745,2368.041027664681,2508.8782394340637,3042.775927517902,3345.228339722281,3791.0776366772525,2437.8784068441023,3283.6716442420566,3333.8730189490025,151489.1751914062,469.6857916791702,3730.0791991950005,6366.4268766000005,9125.665747584,13066.045759936002,17642.129018108,22616.594884608003,17454.588248064,27564.459644896,33453.500020736,1209.2886523843626,118.8793185319457,120.48231227020263,118.24916507098388,122.65491894958495,121.48392917822265,118.95298732617186,123.46886186328125,113.941323890625,102.31535017053223,148.8604851328125,26681.763371506033,1257.620541581794,2107.5253850736603,2296.5370096704783,2434.8651245233127,2942.1800502617143,3231.056433474309,3649.3298620858263,2357.893084294826,3172.4040481318975,3232.351832408206,150347.9903695274,467.9106880753689,3708.49792647,6325.83422692,9069.247500544001,12972.630014144,17516.695861854,22437.737654272,17341.56763136,27316.606217568,33191.26264832,1224.607421687593,122.3144537650466,122.59871994635009,120.0798605406494,124.5069345536499,122.61202093286133,119.93855968041991,123.7350164453125,115.55506464062499,102.30543791705321,150.961353265625,27413.925680494373,1257.9040224370474,2146.865589663109,2348.2638677766963,2489.9313780600155,3028.9929656435907,3339.7770391406034,3786.162835992432,2426.1061204790153,3271.6516993536275,3318.2701619482345,151202.36649078902,467.86516352299356,3721.964557054,6352.410303144,9105.489384624001,13044.590829056,17624.293612556,22581.554581504002,17413.318270976,27512.205276480003,33378.674511872,1198.777213060385,118.95489377107859,119.56611630703735,117.14644633950805,121.66511605474852,120.3044409609375,118.39179963793944,122.071094875,112.69312712499999,100.84191397351074,147.142264015625,29561.177971505986,1356.533406640534,2298.352677660502,2516.783504180844,2672.2866250608536,3247.143789485971,3570.203795662915,4088.5218360865733,2613.1009464134945,3580.102712806439,3618.1486775078743,154703.12800941087,474.79771323387286,3775.9311519410003,6451.6897314160005,9256.220856272,13272.563206144001,17907.377779716,23095.726367744002,17759.306039296,28372.119504896003,34337.395658752,1192.8034327802538,115.27232316511106,118.22338682055664,116.3339496359558,120.7694944302368,120.26260892578125,117.87912813476562,123.09690774414062,112.20086793749999,102.1222266854248,146.64253930078124
2026.0,29377.19084101953,1377.3324375160414,2300.639250534666,2507.624277464887,2670.371579723271,3219.316596759346,3534.3013060754397,4027.281875210708,2596.5659064293836,3555.6570776818853,3588.1005336238445,157419.21322832134,480.7606663673626,3812.6775744640004,6522.382011592001,9364.174882976,13423.539429568002,18083.549651226,23460.607071744,18007.58634496,29134.918026144,35129.017569280004,1193.0976191225238,116.44857753051328,118.65951695776367,116.60765196603393,120.94439134545898,120.08248485791015,117.51064708300781,122.41747046289062,112.34112678125,101.46641210253905,146.61934003515626,28402.013709662853,1331.7877179727948,2232.9218281278686,2440.1691619217213,2586.047806364128,3126.9350192993497,3435.2618097153645,3900.030891873606,2514.9414608253337,3390.5259873241935,3443.3920262385213,155535.72450460258,477.7654017625478,3790.2810129020004,6482.634533512,9292.863578368,13318.850646016,17956.57485601,23195.336432128002,17838.974431232,28603.910427136,34578.533185536005,1216.4781265819893,119.87160281462478,121.28225128198241,119.11754499819946,123.49519450183105,122.239971810791,119.78442776074218,124.09102838867187,114.78472925,102.36505182592774,149.44632394921874,27307.59237462779,1296.3948263357127,2158.4582156895085,2351.533501153315,2492.182118586684,3003.6254368314044,3296.5194533085246,3729.241011036847,2416.1268188796,3250.704279977264,3312.806712828936,153956.62636833795,475.13272315195655,3760.78849333,6427.557949632001,9214.860598688001,13192.158860736,17787.750590512,22951.484749824,17682.098782208002,28257.722054432,34207.071565824,1233.6568998027706,123.72645814185142,123.65377832977295,121.17372580758666,125.572179265625,123.50452841796874,120.89272363256835,124.38959615234374,116.60412621875,102.3446139925537,151.79516984375,28278.450362246727,1302.630528629211,2213.9702586930134,2421.0665779679452,2568.029401397633,3116.6536951686085,3435.581130325183,3902.1086793745612,2504.4840433642275,3382.8788106583593,3431.0472366680256,155198.68562469815,475.3576803781416,3780.30089114,6465.540669856,9267.871321728,13293.743366656001,17937.212494172,23155.709747712,17786.937483264002,28545.729602816,34490.282366976004,1204.7112433830155,119.96812625133228,120.26142767581176,117.8824709401245,122.38292189019775,120.91406823559569,119.15001582714844,122.52700922070312,113.393341609375,100.7191502756958,147.51271145703123,30983.942915341533,1435.1953794087726,2407.838561663714,2634.377965697771,2800.130104869884,3388.9901926148327,3721.359629673933,4274.8709156223,2740.6720289228642,3768.9952746239237,3811.5128622435295,160042.96446932573,485.2758426777375,3854.7315997960004,6601.945145664001,9477.013391152,13606.505408320001,18324.187096468002,23862.907670016,18269.427974144,29736.184666848003,35824.78567424,1198.3551065437846,115.88217154579877,118.79473259588623,117.00499497589111,121.420691963562,120.90680096874999,118.61015525561523,123.68687493164062,112.86472537499999,102.16864595507812,147.01531297656248
2027.0,30532.137630116875,1444.9728990561407,2391.268954415278,2603.54331696318,2775.9487656147835,3332.8314521850803,3654.8563583543514,4174.344030322622,2700.3628090851043,3709.3969479660627,3744.6120961542915,162317.72614322382,490.857296452794,3885.220088681,6659.690690568001,9568.792705584001,13726.946288256,18459.57957029,24157.879691264003,18480.242434048003,30389.98506704,36498.532311040006,1198.135775983381,117.11994561411858,119.21590174731445,117.2420639105835,121.54936471069335,120.64172973144531,118.13218345117187,122.88297190820312,112.957900546875,101.43848576531983,146.95522859765623,29275.709976770937,1383.205517830127,2302.4653013192933,2515.0517343808788,2666.179257715048,3214.047008474354,3528.32283401598,4012.6896843668555,2594.9712173250773,3501.3807852434384,3557.3966360999143,159713.27086334172,486.44596877769857,3853.500278114,6603.676842784001,9468.505795328001,13581.433767936001,18283.036823266,23791.899144192,18243.737882624002,29665.178555904004,35735.855804416,1223.7556477461194,120.8766618706007,122.09168955239868,119.99636823205566,124.34579415930175,123.00468806909178,120.62626529516601,124.72060422460937,115.63920209375,102.415747131958,150.0386271171875,27952.7258418311,1336.5836907330727,2210.989801247686,2408.298684643876,2551.3076593342444,3066.846470383433,3363.8088727325267,3811.3848415365906,2476.236501070074,3331.3493916291172,3395.9199285205723,157603.34607063123,482.7168348302413,3814.4939266690003,6531.3470224,9364.286971888001,13415.086319040001,18062.901794812,23470.333467648,18033.50255616,29199.245109088002,35229.432068096,1242.850036634147,125.1616123889079,124.72513669082642,122.28470529763793,126.65432963281249,124.41084715991211,121.86364319873046,125.05330267773437,117.67028482812499,102.38474817742919,152.64142658203124,29174.622703502155,1349.1428907670067,2283.4990950722786,2496.5030311440764,2649.000103815316,3207.291402122063,3534.5796335817954,4022.0836130807284,2585.7759938084473,3498.3922146122113,3548.3547254982327,159336.57716892674,483.36828659469165,3841.676026376,6583.626282904001,9438.702949008,13553.421360128,18263.615863884002,23749.789186048,18180.41319424,29604.901681184,35637.062338560005,1210.7458577462744,120.99928752682256,120.96808067828368,118.62966843270874,123.11228243902588,121.53276517895507,119.92091597729491,122.99059614648436,114.10556965625,100.59741261279297,147.88927909765624,32487.4556758091,1518.9878458332878,2523.4452881766315,2758.476828363318,2935.216553779042,3538.243355223216,3880.06273424239,4471.05042876291,2875.591749589042,3969.317502097561,4017.063389741715,165809.87021273057,497.05023112556614,3941.062851941,6765.098629192001,9719.265254688,13968.620034624,18775.725167576,24689.827779584,18830.4946176,31194.095073344,37428.630573056005,1203.9714106444344,116.49878354525232,119.37228819207763,117.6833951618042,122.0792042755127,121.5580475830078,119.34929746289062,124.28508849804687,113.536936453125,102.21694985943603,147.39141961328124
2028.0,31743.164371099298,1516.4314168398387,2486.2649297437097,2704.0495890012417,2886.6925455864534,3451.436677366887,3780.5438745145643,4327.920129120603,2809.2728879316173,3870.9659817147126,3909.586339279668,167507.00392949072,501.9348965207143,3963.0125318200003,6805.694906128,9788.690366528,14049.307927872002,18858.777680878,24894.995191808,18989.292670976,31707.391819552002,37947.905937408,1203.2281014535413,117.79837004762696,119.77791037991332,117.88290472253418,122.16065390081786,121.20641500488281,118.76000964208984,123.3539474296875,113.58187165625,101.41154576739501,147.29447290234376,30182.319847283048,1436.9099955660226,2374.655311678006,2592.809455873635,2749.4017317362445,3304.2339645106563,3624.5305431545016,4129.194552688103,2678.0972934669944,3616.397215619439,3676.0897829894866,164028.4500887494,495.7396696314226,3919.802824578,6729.693279936,9652.837823872,13854.105438656,18621.957839436,24407.147907072,18669.505298432003,30750.000245472,36927.659761664,1231.1226371333632,121.89468552139425,122.91076098858642,120.8857923241272,125.20686329010009,123.7781983552246,121.47864518823242,125.35767081054686,116.50497315624999,102.46745308483887,150.6375944140625,28617.840903358447,1378.2427680273447,2265.1773655853344,2466.8976880367295,2612.306783003672,3131.9042672523,3432.9859645577603,3895.8335087029263,2538.291284740582,3414.414856265861,3481.786417185906,161293.57814172152,490.66951208550705,3869.6653829800002,6637.310164712,9517.710304752001,13641.665974720001,18342.558085896002,23995.006624256002,18396.222623744,30142.64936976,36260.120098816005,1252.1892722165555,126.6203615023222,125.8130799583435,123.41307640420531,127.75367437103272,125.33118692382811,122.85162233935546,125.72625862304687,118.753854265625,102.42583905926513,153.50031876953125,30103.720910613552,1397.5181534029964,2355.54934248963,2574.6795296052273,2732.9608834017936,3301.0202403095955,3636.8926707287924,4146.241696546789,2670.0999676219326,3618.369379383838,3670.38904712294,163622.08256084615,491.9032195361052,3906.1334584300002,6706.762437592,9618.167550368,13823.858639744001,18603.88660948,24364.617061376,18594.219085824003,30691.469393088002,36821.065105408,1216.8829628894791,122.04874701582193,121.68629546231078,119.38826804495238,123.85344260058594,122.16067874169921,120.70476130615234,123.46201165625,114.830034703125,100.47672935467529,148.27199400390623,34076.838371134116,1608.2718581429144,2645.5575837406514,2889.4879394268264,3078.006568509636,3695.3494910030176,4046.7460686274285,4677.64037924713,3018.3347202459813,4181.8138471793245,4235.6299150111545,172026.3356686059,510.17361029585993,4035.184559226,6941.63419968,9983.871257168,14360.034998144001,19263.373382524,25579.490620416003,19444.934680576,32751.612912128003,39156.025448448,1209.6531717249718,117.1222439421959,119.95612888165283,118.36924893884277,122.7451404730835,122.2164356977539,120.0966520571289,124.89161970703124,114.21758975,102.26717849603271,147.77093378125
2029.0,33013.36060838616,1591.9418268493805,2585.8669344473033,2809.396753668557,3002.8903760314493,3575.403010806455,3911.622091892717,4488.341426451184,2923.582841920461,4040.796308527028,4083.519037791683,173001.1571352261,514.0271748110902,4046.216123523,6960.704845696,10024.431585696,14391.327796160002,19282.010944764002,25673.812941824002,19536.241860608003,33090.72266176,39481.661200384005,1208.3752042726603,118.48392549360752,120.3456084767456,118.53026136572265,122.77836143591308,121.77660616064452,119.39419788061522,123.83042998437499,114.21308228125,101.38565019378662,147.637081,31123.240210452026,1493.0112054115284,2449.6062961367325,2673.5686624430014,2835.850601864043,3397.624122250708,3724.0102777023844,4249.694504386857,2764.4541303415353,3735.7427343999957,3799.6776755152496,168488.21649208452,505.66047943550745,3989.262582185,6860.83827388,9846.127654656,14137.20140064,18973.809530824,25041.991620608,19116.969467904,31860.154351968,38156.201129984,1238.5801505346092,122.92586806387567,123.73961314514159,121.78594421658325,126.07856400018309,124.56059840625,122.34170627392578,126.00237954101561,117.382212015625,102.52016863763427,151.243096234375,29303.63372848376,1421.4298846169647,2321.0802379738166,2527.398004454227,2675.2465809282853,3198.862201201916,3504.114183749678,3982.6607133948864,2602.3610305567872,3499.9772820848057,3570.5036095223213,165032.79787368557,498.9980959805688,3926.3577164750004,6745.565252056001,9675.321204256,13872.15858592,18627.134086294,24526.249955328003,18770.738499584,31089.410643680003,37300.863834112,1261.676906372877,128.1031334633007,126.91789765975952,124.55914462530517,128.87049705102538,126.26577156274413,123.85695494750976,126.40861507031249,119.855087578125,102.46784975073241,154.37195466406249,31067.083252582546,1447.8369461722991,2430.222735841768,2655.7063336593874,2820.0344080691457,3397.9598810459015,3742.6469547866527,4274.743353375369,2757.5800760905076,3742.994258511205,3797.3583050302454,168061.6044976837,500.9700465196741,3973.7242083980004,6835.058884416,9806.466898784001,14105.31412128,18958.431008462,25001.051022336003,19028.88884224,31807.246754848,38044.4527104,1223.1244865744231,123.11686928844308,122.41630246957396,120.15846872247315,124.60662290948486,122.79799099365233,121.50177953881835,123.94137920507812,115.566993046875,100.3570825484619,148.66099785156248,35757.56747267475,1703.4352751198373,2774.586510135422,3027.847417405379,3228.9922733804347,3860.7848857137346,4221.870877682487,4895.2621990085945,3169.409203055098,4407.277886285008,4468.100944888759,178716.81462532294,524.704961023935,4137.386955325001,7132.089765472,10271.815974432,14781.995007232,19788.643243342,26535.179169792,20115.422011392002,34414.963138336,41014.614398976,1215.4012939637971,117.75263527785349,120.54633423620605,119.06266303219604,123.41858042913817,122.88205111523438,120.85232340966796,125.50664729882811,114.90685062499999,102.31933794982909,148.15387058984373
2030.0,34345.997541929566,1671.7532232512772,2690.3290307131233,2919.8533758190215,3124.84579394047,3705.0164017704706,4048.362667170593,4655.957766944753,3043.596271227816,4219.3436405368975,4266.939370555149,178797.92912295958,527.1559644635646,4134.893254986,7124.828025136,10276.175841792001,14753.073598272002,19729.294805190002,26493.847552000003,20121.121574912002,34538.386427360005,41099.152078848005,1213.577684821705,119.17670132271193,120.91905357104491,119.18421170889282,123.40254316705321,122.35236595800781,120.03480378930664,124.31250495703125,114.8516379375,101.3608124765625,147.98304993359375,32099.93630358093,1551.6247406098478,2527.4375663632945,2757.46208670104,2925.6672214313166,3494.3514630645204,3826.891652415591,4374.342324572852,2854.1834057204655,3859.592690295664,3928.383152406328,173082.2150071252,516.1937393691594,4061.77494229,6996.946396336,10048.068399584,14430.215883904,19337.990078026,25694.792553472,19585.084063744,32992.599679872,39418.549270528005,1246.129653545935,123.97041891516733,124.57836976531982,122.69700516067505,126.96105197998047,125.35202155761718,123.21560749194336,126.654761140625,118.27109596874999,102.57393194866943,151.85538961718748,30010.838801473317,1466.2053554348822,2378.76017474476,2589.870168914086,2740.1972968570394,3267.7865047860123,3577.2601563780872,4071.943827758462,2668.5212911671106,3588.120382651659,3662.17364278124,168806.2098365961,507.66600804409364,3984.3618576420004,6855.787128656,9836.510033504,14105.695922176,18915.665145198,25061.871790592002,19155.489968128,32035.719704256004,38347.442278400005,1271.315696914422,129.61038448577213,128.03988988186646,125.72320883261108,130.0051301572876,127.21482845483398,124.87998089086913,127.100537875,120.97442224999999,102.51086994555664,155.256444140625,32066.10538841466,1500.1835713026155,2507.6253720491777,2739.699243691553,2910.349159153037,3498.2349106616234,3851.973127886887,4407.756507275913,2848.3462906867126,3872.4600343689895,3929.477171338197,172644.13667059917,510.5419914041541,4044.314417463,6968.31418112,10003.212069056,14397.215045504001,19326.605075620002,25657.371405312002,19483.171442688003,32949.283096448,39304.107945984004,1229.472472811161,124.2040313282814,123.15832484469604,120.94050274835205,125.3720696159668,123.4448559814453,122.31222216796874,124.42884825195311,116.31678035937499,100.2385170248413,149.05632048828124,37535.47966512719,1804.8949342729961,2910.970953069992,3174.019917014361,3388.699539389308,4035.0571896487168,4405.927333296572,5124.573152022682,3329.357501827751,4646.556020468675,4715.423124116123,185887.11399103337,540.6990645574034,4247.90676719,7336.884070168,10583.74360288,15235.154971712001,20352.278846622,27557.527486464,20843.24800512,36184.015052928,43005.656123392,1221.2165276288422,118.3900472217989,121.14297779351806,119.76372770428466,124.09964706500243,123.55499994824218,121.6164132565918,126.13024797265625,115.60483296874999,102.37344351831054,148.5401901796875
2031.0,35582.016735588004,1751.6210196039938,2791.585962239332,3026.873983127013,3241.86740333782,3828.22976407871,4177.351289807667,4807.439860844576,3154.9493327877717,4371.657849409672,4430.440270351474,184804.9185982958,541.2702635678133,4228.475227938,7296.854117304,10541.542393664,15130.648782784001,20195.709365774,27342.050208768003,20736.468295680002,36020.626167712006,42771.273775104004,1217.4187119712133,119.71311586922359,121.35810641027831,119.70714307629395,123.89436602801513,122.80221613281249,120.54780280029296,124.65538432031249,115.36104449999999,101.22073927929686,148.1587935546875,32932.656062203416,1605.37158739975,2597.0760267437954,2832.8547180335936,3005.0946755521004,3579.1480811462284,3916.8043524752234,4478.190272214449,2931.1250805224827,3955.7315252386757,4031.2597428770555,177712.9473840727,527.201844276731,4136.37447143,7136.217832792,10255.418283232,14728.285566912002,19708.431258966,26351.616750592002,20064.807690240003,34119.718202496006,40684.875483136006,1252.1858752155956,124.84599712785769,125.26940563378906,123.46668548074341,127.70185324658202,126.00482776757812,123.94860484252929,127.14768779492186,119.022059921875,102.49242121221923,152.2863321875,30519.930527907738,1501.9500188612428,2423.2148883609116,2639.1878050265977,2788.768311242174,3318.9900017774603,3631.806198045893,4135.342848532409,2717.5619261557285,3642.9321331561673,3720.176396749166,172500.65308425104,516.4659627480534,4042.325284029,6965.613471752001,9996.982368800001,14336.150191488001,19200.64069753,25586.021721600002,19539.546066944,32951.368699968,39365.538619392006,1279.2757668139075,130.92247748233413,128.99386980215453,126.73112720294189,130.98244232928465,128.00579657666015,125.74100725463866,127.61202800390625,121.9470626875,102.40293215808104,155.93702331640625,32919.69809615903,1545.7149023119323,2576.412118800025,2815.151239898671,2990.1346862568616,3586.7953393130692,3948.874321145599,4520.660087184023,2925.7507677004064,3974.514850454842,4035.689783093588,177269.8651301161,520.4488592760399,4116.863267278,7104.681921176,10204.970985184,14694.544316288,19702.246744434,26319.345689600003,19947.29836544,34089.752886208,40569.712095232004,1234.1864670071238,125.09939093559073,123.73689819235229,121.56825455972289,125.9798253607788,123.93858663208007,122.96694948486328,124.74845582421874,116.92033978125,99.97894775189208,149.248818484375,39241.35905663473,1909.4451238169188,3047.7541474355944,3321.3231799754535,3546.9395496634984,4206.726337047292,4586.24813227285,5340.50306406106,3483.8139498472146,4856.965689478506,4941.6398830362605,193431.7452673532,558.1583108871912,4366.4346174540005,7555.258908312,10917.575986848,15715.731737664,20949.754842572,28631.824467968003,21621.266432,38022.073590016,45093.666373632004,1225.6757630157647,118.86994863038873,121.60628385412598,120.33376392535399,124.6490302906494,124.10370361230468,122.25328458569335,126.61384981640624,116.1730185,102.31403379302978,148.75884600781248
2032.0,36872.085281267005,1835.8443871051263,2897.4437473404473,3138.735415382557,3364.2013216730697,3956.549630350041,4311.406905297002,4964.7834510995945,3271.316771087595,4530.190535979509,4601.613115952035,191034.72211886707,556.410962438055,4327.148834979001,7477.123803144001,10821.124522336,15524.766074816001,20682.142472802003,28220.086524928003,21383.819567104,37540.218716832,44501.880639488,1221.304797735341,120.25495767625904,121.8016770223999,120.23535586114501,124.39143472406005,123.25650814208984,121.06589899023437,125.0030496875,115.8766401875,101.08201986602782,148.337255578125,33791.80464654601,1661.262847844221,2669.0470395248867,2910.8227075439754,3087.189849707556,3666.540219028924,4009.365199714756,4584.914404712459,3010.6016654314017,4054.505280965532,4137.555432072271,182387.6445133897,538.7003339607311,4213.147816513,7278.831088344001,10468.471488288,15031.792055872002,20085.668252556003,27013.430202368003,20556.875874304,35243.279876832,41957.447524352,1258.31785494105,125.73217159681177,125.96841501818847,124.24532678985595,128.4515986088257,126.66492257080077,124.6904573461914,127.64701102539063,119.78296325,102.4120755045166,152.72291323046875,31040.98772927638,1538.75171240876,2468.785191261505,2689.8178352108157,2838.5420437618577,3371.352945143756,3687.5817682491115,4200.041927099566,2767.8312060157295,3698.7510579290424,3779.532042196201,176123.98485965555,525.4083315425494,4100.331776693,7075.213660128001,10157.013587008001,14563.921978304,19482.649918588002,26099.782070272002,19923.566809088003,33838.52304688,40357.573681152004,1287.3643327390703,132.25463860631893,129.9621772123718,127.7544350430603,131.97507138824463,128.8089198046875,126.61711391967773,128.13151533398437,122.93570703124999,102.29606864947509,156.62868575,33798.9804322163,1592.8002196379232,2647.3300895007037,2892.9642669271916,3072.4000869025535,3677.8918415587136,4048.5438138816407,4636.775151054659,3005.530200287998,4079.4960628651056,4145.248699599916,181945.28949092925,530.699459905287,4191.4329277980005,7244.289216424,10411.956217856,14997.588621376,20085.812656306,26987.901931520002,20421.829021696,35230.427419104,41843.352018944,1238.9919304405703,126.01044274422026,124.32552413775635,122.20608151495361,126.5980428116455,124.44024012426758,123.63291828271484,125.07523689062499,117.535469140625,99.7210874421997,149.44688735156248,41036.07988663427,2020.711886744328,3191.9156942909894,3476.528599276608,3713.670613495622,4386.861181835914,4775.068290732519,5566.641477003338,3646.5952309143354,5077.766839587743,5180.320072752856,201372.22619172314,577.1567028831229,4493.313053206,7787.820962088001,11274.369933632,16224.988732608,21582.626987402,29760.960019456,22452.241596416003,39933.738513408,47285.009690624,1230.1911737492246,119.35520254143047,122.07483749157714,120.9100927762146,125.2047262970581,124.65855451220702,122.89709761767577,127.10495987499999,116.74866453125,102.25679344274901,148.9802446640625
2033.0,38218.90443797846,1924.6813031908766,3008.141120703441,3255.69083357619,3492.121600692533,4090.226735973273,4450.764624970471,5128.250014611329,3392.9615629404743,4695.211367242898,4780.855274076978,197500.5328444199,572.6228502699026,4431.1165955900005,7666.004957456001,11115.563090560001,15936.185969216001,21189.539183376,29129.709132800002,22064.819617792,39100.012351552,46294.959095808,1225.2365198359184,120.80228476179123,122.24982703765869,120.7689064363098,124.89379233941649,123.71528869970703,121.58914537719726,125.35554690234375,116.39859270312499,100.94460923852539,148.51852633984373,34678.34074370118,1719.3912054760237,2743.439675484159,2991.467249559827,3172.055148030029,3756.6230046813803,4104.667310654452,4694.603499036124,3092.709582753115,4155.989448846945,4247.394619179083,187113.56544164338,550.7058928153583,4292.186636808,7424.972116952001,10687.531511840001,15341.130011392,20470.243104156,27681.196378112003,21062.043205632002,36365.055588864,43238.500995072005,1264.5265095677642,126.62908506999206,126.67550774761962,125.0330284392395,129.21041047076415,127.33241995996093,125.44127966845703,128.15279227539062,120.554010484375,102.33287893243407,153.16509651953123,31574.345524914028,1576.6443837720205,2515.503336761493,2741.800338245926,2889.553402009564,3424.907375645502,3744.6210499966087,4266.072480273409,2819.3653262291887,3755.59899378301,3840.2788381972277,179683.81779178054,534.5036699505131,4158.464051212,7184.754237464001,10316.875799776,14789.403672,19762.271676578002,26604.20859392,20308.20696064,34699.238336768,41325.890793472005,1295.5836950516948,133.60723201034355,130.94504435897827,128.79339060687255,132.98327518902587,129.624416277832,127.50851429760742,128.65911935156248,123.94071746875,102.19030358056641,157.33168191015625,34704.8035020371,1641.4968632350701,2720.4520254454837,2973.2199322168985,3157.230690574858,3771.6063969451775,4151.072164939129,4756.2031465766295,3087.7640692619552,4187.489918083928,4258.268294757856,186676.87788077263,541.303209578592,4268.08950934,7387.269659224001,10624.38620416,15306.643376896001,20477.761364902002,27663.958725632,20907.337023488002,36373.061511808,43127.067295744004,1243.8901846757049,126.93746203276062,124.92437565493773,122.85415843832396,127.2269104486084,124.94994044921874,124.31035833496094,125.40933431054687,118.162365390625,99.4648592055664,149.65042041015624,42924.792194442496,2139.1593362453145,3343.899856185827,3640.1123174989734,3889.400009054454,4575.937486140295,4972.843897930938,5803.524224997048,3818.2071492617592,5309.500092613783,5432.20782451413,209731.47084769726,597.775588149258,4628.915575846,8035.230333488001,11655.271461024,16764.289101952,22252.568887974,30948.019257344004,23339.165184,41923.817007488,49586.418450432,1234.7634412776827,119.84587138681364,122.5487003463745,121.49280085168456,125.76679792126464,125.2196155673828,123.54793574389647,127.60371033789062,117.331927359375,102.20170400128174,149.20437776171875
2034.0,39625.32000602298,2018.4058683725993,3123.9298440093703,3378.0080074969865,3625.917711232949,4229.525280252203,4595.672072833561,5298.111899421464,3520.159796958404,4867.006100446182,4968.583424999268,204216.15203806476,589.9547411346915,4540.597875886,7863.894074352001,11425.542987072,16365.71945824,21718.89489802,30072.730298368002,22781.21854976,40702.947613728,48154.651541504005,1229.214344815401,121.35515136236762,122.70259361871338,121.3078588501892,125.40150420178222,124.17860155761718,122.11760187231445,125.71293081640624,116.926959921875,100.80857747351074,148.70256514062498,35593.27030667025,1779.8538895849472,2820.346764837201,3074.8944501579826,3259.797997572799,3849.494070715521,4202.805895396596,4807.351567506924,3177.5499408800756,4260.263370345681,4360.912359672582,191897.92232898413,563.2365187331009,4373.586725199,7574.833385136,10912.916445344,15656.700424448001,20862.712551404,28355.876417536,21581.095542784,37486.731617472,44530.232700928005,1270.8130605292001,127.53689718767785,127.3907946062622,125.82994434182739,129.97842665496825,128.00738344921874,126.20117604907226,128.66515298046875,121.335397234375,102.25486948236083,153.61301854296875,32120.339288232382,1615.6629141884064,2563.402444041083,2795.1766140591685,2941.8374976272926,3479.686152948398,3802.96020596636,4333.4679662554945,2872.2010412979025,3813.4955061861037,3902.4489456621704,183187.43714113176,543.7627653477384,4216.804126912,7294.401413016,10476.835332416,15012.98020256,20040.067173104002,27100.304630784,20694.107467776,35535.469111712,42272.704917504,1303.935741247764,134.98059577876995,131.94271986465455,129.84823781002808,134.0072916495361,130.45243412670897,128.41549061987305,129.19499334374999,124.962361078125,102.08560507788086,158.04601189843748,35638.05312420137,1691.864557479181,2795.8534829091473,3056.002750026105,3244.714424978788,3868.0231303748774,4256.5510477948865,4879.0469775733745,3172.536494624839,4298.590520707055,4374.869737733127,191471.08720575875,552.2701405407452,4346.901786888,7533.761542384001,10842.487202816,15622.012950464,20878.564620746,28348.444486656,21404.409053184,37519.351094656005,44422.884327424006,1248.8830457381662,127.88075377939558,125.53364263427734,123.51267187185668,127.86663627984619,125.46784173339843,124.99943396679687,125.75084622851561,118.801324515625,99.21033238470459,149.85956234374999,44912.96626677442,2265.285144984142,3504.1794080219447,3812.5815774416287,4074.66845607608,4774.460935031977,5180.058001327169,6051.715131993324,3999.1878659277495,5552.733810454366,5698.095935516018,218533.7659443547,620.1040363926853,4773.649552056,8298.202467272,12061.521409888,17335.102946688003,22961.375890362,32196.261597184002,24285.266169856,43997.291603168,52004.990271488,1239.393222750616,120.34200466104697,123.02793437072754,122.0819802715149,126.33533721636962,125.78695900097655,124.20586576538085,128.11019886914062,117.92284976562499,102.14875882202148,149.4313340078125
2035.0,41094.32936810766,2117.309773877523,3245.0764221657428,3505.9708683728577,3765.8954814262497,4374.724115889053,4746.388977602687,5474.655326130336,3653.2025149239007,5045.867966791929,5165.237920927476,211172.4200373344,608.417074320424,4655.56983896,8070.732993976,11750.957317600001,16813.042172672,22269.727480126003,31047.75826944,23532.533702656,42345.451433728005,50078.229753856,1233.2386932176003,121.91362923874902,123.16003492999268,121.85228054360961,125.91463892596435,124.64649951367187,122.65130642675781,126.07526598632812,117.461798578125,100.6738515470581,148.88938752734376,36537.6364943952,1842.75239966532,2899.864915004633,3161.2147625134867,3350.5299918274986,3945.2572066781295,4303.881528447561,4923.255382690599,3265.2262907383274,4367.407943783753,4478.246073045928,196736.86706300057,576.2922274105659,4457.331063686001,7728.386435184,11144.568648608001,15978.356626176,21262.872515568,29036.846727168002,22113.689829376002,38606.971686144,45831.551303680004,1277.1782146715564,128.45575408302497,128.11437696734617,126.63617487539672,130.7557463270874,128.68991899072265,126.97023860986327,129.18415560156248,122.12716725,102.17801690795898,154.06666505859374,32679.325042512748,1655.8435808767001,2612.5169444401145,2849.989619260652,2995.4317783682804,3535.723072177944,3862.636118998998,4402.260499834514,2926.3765068988396,3872.4637032373757,3966.0832184192923,186631.6223470146,553.1742139955535,4275.288307165,7404.053819840001,10636.735360736,15234.409900672,20315.755892542,27587.566514176,21080.739835904,36346.579407712,43197.319094272,1312.422694713877,136.37509941587305,132.95544630828857,130.9192562524719,135.04739749822997,131.29317607421874,129.33826796081541,129.739204171875,126.00092934374999,101.98202641491699,158.7718912734375,36599.63986648059,1743.9651983812184,2873.612672853868,3141.400593719646,3334.942751694071,3967.2283632502995,4365.076863052619,5005.4134923606925,3259.9321869810233,4412.889548298072,4495.178195889128,196320.36640248954,563.5844478735083,4427.763339204001,7683.577808576,11065.972128864001,15943.219175424001,21287.651272404,29040.241115136003,21912.110477312002,38667.384720512004,45728.861917184004,1253.9720406196989,128.84061276932667,126.15351106835936,124.18181894296264,128.51740952618408,125.99405245117187,125.700365609375,126.09991643554687,119.45252973437499,98.95744021911621,150.07438386328124,47006.42204594728,2399.623873405981,3673.2584338537717,3994.4764949627483,4270.052013397511,4982.968998394151,5397.222292003965,6311.810468749549,4190.112430470575,5808.070574099909,5978.826466609104,227770.00285475227,644.1733514882258,4927.570757022,8576.808219832,12493.214589248,17937.269698304,23708.78442241,33504.24559616,25290.50902528,46149.810036864,54537.61715814401,1244.0812011644339,120.84367140939855,123.51260260931396,122.67769101571655,126.91042711767578,126.36065876953124,124.87098369384765,128.62451521484374,118.52159396875,102.09799114660645,149.66106621875
2036.0,42386.15901826011,2210.4634751314456,3356.2355473082753,3623.203303970091,3893.100752495989,4505.3197667816485,4880.896111310674,5626.184666353968,3770.995561508228,5188.61684948081,5331.142983919069,218243.9180548029,627.8428260809112,4774.836956784,8284.158141904001,12087.640358688,17271.966481408002,22834.187757810003,32037.402802176002,24307.592970240003,43991.150912992,52027.13884672,1235.7563634658698,122.29765882884597,123.46963923040771,122.25238660961914,126.28055275567627,124.97596454687499,123.04449836132812,126.28476147460937,117.84908017187499,100.41441174835205,148.88740973828124,37392.68609754806,1903.1759950260046,2974.689510822477,3242.1784992227285,3435.23596101117,4033.594856383694,4396.447693541553,5025.716285486383,3344.784392189272,4456.982677812686,4579.880226052074,201573.66392915446,589.795440884472,4542.869411504001,7884.507540248001,11380.598416544,16303.205853504001,21666.988904934,29716.079232,22654.543257600002,39709.862278336004,47125.213593600005,1282.0554167416228,129.20648574546814,128.6944816538086,127.30216972723387,131.3897620779419,129.2342758251953,127.60015149951171,129.5464671503906,122.77795848437499,101.96972681207275,154.333937765625,33132.197790585924,1691.9072489515715,2654.58487446147,2897.0153980311875,3040.524427032558,3581.8201922035732,3911.290002547429,4456.295487554898,2970.776971500173,3914.5357799953254,4013.447408307884,189966.65295810538,562.6450770513334,4333.263746528,7512.487637272,10794.592812128001,15450.787264384,20585.512275494002,28058.887456768003,21462.866100224,37120.051443808,44085.559144448,1319.5290622827215,137.6105525859747,133.8348957328186,131.86401131854248,135.96131565039062,132.00368823608397,130.13145565112305,130.12824164453124,126.91705214062499,101.74437096325683,159.333478359375,37428.670910541136,1791.1160547477054,2943.1248004945655,3217.3197570504835,3415.385311201249,4054.2749334406917,4460.003154250258,5112.488320349226,3334.8023384578673,4505.302373507631,4594.853867041528,201151.34195439084,575.124205508782,4509.781605216001,7834.990774160001,11292.12697072,16266.109872896,21699.590259618002,29728.790764544003,22422.998425600003,39798.049948832006,47023.779127296,1257.4146637259903,129.62171437683867,126.61252879266357,124.69432476589965,129.00868514996338,126.3640801665039,126.2517501508789,126.27666215625,119.946819140625,98.55778945605468,150.0803095703125,48857.37910613334,2525.364540938423,3828.79787720183,4162.199098756276,4448.101502419478,5172.177678404756,5593.83723196524,6538.611444934046,4360.287272851053,6013.118070009778,6214.884388652432,237254.25350559645,669.7306143664692,5088.947276468,8867.654691584,12944.296497696001,18561.813666048,24483.719341066,34846.266725376,26338.315350016,48327.366002432005,57126.143340544004,1247.2882282910393,121.1704618787775,123.85284863446044,123.13174768484497,127.34214906207275,126.8014700859375,125.3998826845703,128.98685303906248,118.973275546875,101.92504962365722,149.70449005078123
2037.0,43727.71213998408,2308.30039802008,3471.994829312647,3745.2875852834172,4025.5087619895708,4640.77861131818,5020.118826117227,5782.7103299830815,3893.570335278111,5335.7921770175235,5503.650285664143,225443.7674655152,648.2827091812103,4898.62855851,8504.572239816,12436.288415712,17743.30695712,23413.281990616,33043.402210304004,25108.140638208002,45642.692435456,54005.171310592006,1238.312381952632,122.68570409118175,123.78287596301269,122.65678455877685,126.65080096691894,125.30908238671874,123.44182469482422,126.49862554296874,118.24181715625,100.15694726776123,148.88791932421876,38272.67569356257,1965.8893258669827,3051.8694329125387,3325.7520956387943,3522.6020302225106,4124.4536623568865,4491.544608632449,5130.705016743645,3426.7798620458047,4548.545560402319,4684.534098740519,206416.45287225963,603.7667236935564,4630.313280612,8043.417577928,11621.369168416,16631.715745728,22075.688398922,30394.675360768,23204.551127040002,40797.329190784,48413.626298368006,1286.9983847110495,129.96585052895117,129.28128352734373,127.975813820343,132.03150042736817,129.78476658203124,128.23763182666016,129.91447483789062,123.437718578125,101.76310775421142,154.606236828125,33594.61624450984,1728.956090975606,2697.616025020801,2945.194510029228,3086.627189807599,3628.863903394952,3960.9271558746495,4511.287095030514,3016.1716738943223,3957.1884156379715,4061.784184844177,193201.428368869,572.1887268200356,4390.832729633,7619.906523616,10950.734755904,15662.591131968002,20849.997789152003,28515.521987584,21841.266376704003,37858.289152608006,44940.09919488,1326.7566856195474,138.86398856083153,134.72749138415526,132.82315270880127,136.88974274505614,132.72546973413085,130.93896367248536,130.5247941328125,127.84882092187499,101.50836023205567,159.90590152734373,38279.16816905325,1839.7116425998686,3014.5477864612235,3295.3377957182056,3498.031878808016,4143.496137368918,4557.28622958381,5222.144695107413,3411.647115155924,4599.798795993264,4697.166092256643,205971.62804213533,586.9016536153339,4593.042738296001,7988.172158048001,11521.222236896001,16591.067632000002,22114.932749808002,30415.217368064,22937.775038464002,40913.329487872004,48309.966979072,1260.9445284230121,130.41707601758623,127.0808277694397,125.21617158288574,129.50979410864258,126.74132249072265,126.81368102416991,126.46054576757813,120.452480015625,98.1608957869873,150.09173385937498,50791.59666024532,2658.3957802411414,3991.843037648808,4338.0019741332635,4634.616983222676,5369.635017912654,5798.627295373358,6774.456592120179,4538.537946529934,6225.789228687626,6461.692804375746,247007.07776176542,696.8632427373934,5258.171351612001,9171.414092616,13415.928260064002,19210.078852736002,25287.822705392,36225.076352000004,27431.600279552003,50533.764130848,59776.358494208005,1250.5450978622841,121.50137564451074,124.19760554370117,123.5912039310913,127.77935331445312,127.24774671533203,125.93481530029297,129.35622135156248,119.43167110937499,101.75480839727783,149.75029655468748
2038.0,45121.23358709596,2411.077635736198,3592.573268441615,3872.457919117651,4163.365098738997,4781.318161347955,5164.25540036749,5944.42550729055,4021.1586473081243,5487.542322426107,5683.05962632129,232785.35384580353,669.7910196755314,5027.187010234,8732.397942328,12797.629819456,18227.91256832,24008.044505022,34067.538772992004,25936.005500928,47302.665397408,56016.181309440006,1240.907086139511,123.07779184596252,124.09977628424072,123.0655231961975,127.02542481951903,125.64589008154296,123.8433084206543,126.7168780390625,118.64006164062499,99.90149211639404,148.89093969531248,39178.46512155316,2030.9871837236878,3131.490038100444,3412.0333783281485,3612.726065583239,4217.921091726958,4589.256732947098,5238.295450143587,3511.302347316583,4642.143788832555,4792.309044851005,211273.31936559002,618.2277456639856,4719.777990498001,8205.343234,11867.249773536001,16964.355464512002,22489.598705028002,31073.712752640004,23764.606324736,41871.252937344005,49699.194437632,1292.0079099071431,130.7339600588765,129.87487846142577,128.6571867519531,132.6810860687256,130.34149303759764,128.88277063232422,130.2882682128906,124.106608796875,101.55817540991211,154.8834824765625,34066.817734787146,1767.0192622001496,2741.635967380613,2994.5592790993,3133.766867239817,3676.87850710725,4011.5711816812995,4567.256486375149,3062.5870088579204,4000.4280873015878,4111.115087544108,196344.41054583443,581.8185263434134,4448.095536245,7726.509719304,11105.479343680001,15870.288353792,21109.858816518,28958.654229504,22216.706543616,38563.558935136,45763.440541696,1334.1071230223054,140.13568383575154,135.63344488208008,133.79688838565062,137.83292125073243,133.45866221899414,131.76095360388183,130.92895650585936,128.79649109375,101.27391540966796,160.4892058359375,39151.75135930102,1889.7995864963546,3087.939857142608,3375.519132218659,3582.9493692202864,4234.954008111891,4656.992391979197,5334.450376443511,3490.525327617875,4696.429198590243,4802.192111480379,210788.66564379112,598.9291416731403,4677.634169386,8143.292980688,11753.528369088,16918.471787584,22534.228925260002,31100.597315584,23457.129742336,42015.142360096004,49589.710852096,1264.5628467183328,131.22692882493067,127.55856207635497,125.74751688290405,130.02089910491944,127.125902203125,127.38631554223632,126.65162439257811,120.96973625,97.76674869519043,150.10861274609374,52813.311807952385,2799.173818954851,4162.7988085344205,4522.323288595692,4830.050587292896,5575.75275541747,6011.981075207845,7019.747162878846,4725.301385667576,6446.381856825189,6719.801068577554,257049.62065237158,725.665392893556,5435.662035702,9488.798192312,13909.340421824001,19883.480097536,26122.806605768,37643.502695424,28573.435699200003,52772.787768608,62494.141743104,1253.8522916954932,121.83644507232427,124.54691598767089,124.05612635687255,128.22211102288819,127.69955307617187,126.47583762548828,129.73267090820312,119.89676075,101.58731889978027,149.79855199609375
2039.0,46569.07466668953,2519.0676438822416,3718.2016403191546,4004.961442368068,4306.927608718265,4927.1661149649535,5313.51447072569,6111.531683129614,4154.004003928011,5644.016427391579,5869.683631262086,240282.27819845488,692.4258242068946,5160.76811598,8968.080149192001,13172.428658752,18726.661580032,24619.547153364,35111.600909312,26793.08621824,48973.675440128005,58064.004149248,1243.5408126818622,123.47396488971758,124.42038455352782,123.4786524750061,127.40446512554931,125.98640725878906,124.24898152148437,126.93955872460937,119.04388412499999,99.64799902770996,148.89651498046874,40110.94439618447,2098.5685420373334,3213.6397311878923,3501.1240577664325,3705.7083751821942,4314.087041737375,4689.670795930144,5348.561805874708,3598.444369151446,4737.825248333711,4903.3144289831735,216152.2841246256,633.2011771135728,4811.381795332,8370.516092024001,12118.617539424,17301.601489472003,22909.35516006,31754.263389184,24335.639392256002,42933.461772704,50984.246317056,1297.0846618972826,131.51092446109485,130.47533697772215,129.34638747769165,133.3385971473999,130.90449368066405,129.5356455751953,130.6678954765625,124.78473981249999,101.3549154173584,155.16572587109374,34549.05383942593,1806.1271330461204,2786.6709212380065,3045.1431752762433,3181.970456187473,3725.8880149389297,4063.2483456431173,4624.225008338768,3110.051431354512,4044.265388466251,4161.463964936522,199403.78559103655,591.5477361585429,4505.149917546,7832.491942616,11259.13696016,16074.328356864002,21365.71164326,29389.428744192002,22589.93330176,39238.025481024,46558.031507456006,1341.5823796207876,141.425949826354,136.55295148287962,134.78544747647095,138.79105673815917,134.20342250683592,132.5976882520752,131.34085234570313,129.760364140625,101.04106734387207,161.0835795078125,40047.062197568805,1941.42922756146,3163.3609518813737,3457.9304068179276,3670.2072454525846,4328.711445291547,4759.190107973537,5449.477001529525,3571.4979837901556,4795.24362114727,4910.014206123498,215609.71132513232,611.2193328763021,4763.643486586,8300.526976352001,11989.315634368,17248.700593792,22958.02560855,31786.000698368003,23981.751287808,43105.335893312,50865.19181312,1268.2710379901184,132.05151750144051,128.04589054733276,126.288546894104,130.54218700585938,127.51791229980468,127.96981372766113,126.85001188867187,121.498849765625,97.37530728149413,150.131001078125,54927.004179010924,2948.1855427539567,4342.094621262496,4715.626197500605,5034.881108536687,5790.965746448596,6234.307442388945,7274.9077549462845,4921.046160262626,6675.204637428051,6989.784967482638,267403.76258265733,756.2387001752988,5621.865525608,9820.562604032,14425.839482272,20583.508782592,26990.485113738003,39104.482054144006,29767.075143680002,55048.221762912006,65285.48341350401,1257.2104051531671,122.17570979840039,124.90083977874755,124.52658101223754,128.67048793566894,128.1569305180664,127.02302517187499,130.11632023242186,120.368686421875,101.42257620184326,149.84924808203124
2040.0,48073.70732518045,2632.5588623512062,3849.122359251813,4143.058235120105,4456.467824067869,5078.562727171199,5468.11293462551,6284.239765210764,4292.364321669269,5805.374003734407,6063.846291978398,247924.1594394378,716.1872425438205,5299.299762848001,9211.467160712,13560.458139072001,19239.106225152,25247.160895766003,36174.020298752,27678.660345856002,50652.194699296,60145.60466944001,1246.2138273993849,123.87426146719503,124.74472298675536,123.89620785766601,127.7879833821411,126.33067934277344,124.6588748786621,127.16670254882811,119.45336957812499,99.39651927520751,148.90450608203125,41071.041368861115,2168.7369097393967,3298.41087159982,3593.1304708245425,3801.6546357297707,4413.045646220912,4792.877248906421,5461.582038352887,3688.3027701058472,4835.638846031325,5017.661931350216,221050.84157855329,648.687474523282,4905.110622034001,8538.906344680001,12375.443227168002,17643.369835712,23334.827892196,32435.911084032003,24917.337604096003,43983.078032352,52268.16946176,1302.2295786885347,132.2968566150484,131.0827492565918,130.04351193511962,134.0041637925415,131.47386283447264,130.19635186425782,131.0534265878906,125.47229912499999,101.1533273651123,155.4530293125,35041.579868032386,1846.3107367204652,2832.7480682110117,3096.9804331314795,3231.265991823839,3775.917530751512,4115.984418395217,4682.215174611582,3158.592456961992,4088.7113784828753,4212.853678942552,202378.34377927496,601.3676614829293,4561.948879274,7937.760895392001,11411.609686016001,16274.5893008,21617.388261366003,29807.632028672,22960.446803968003,39881.680509088,47323.919753216,1349.18415452353,142.73506747229098,137.48622295822142,135.78905766296387,139.76438460766602,134.95989216381835,133.44936019689942,131.76057911132813,130.74070671875,100.80983329956054,161.68905033203123,40965.7614426714,1994.651819191403,3240.87327449913,3542.6403514241033,3759.876632184186,4424.833691611587,4863.949393428845,5567.297699923385,3654.62600716133,4896.296626499024,5020.715946748276,220428.26614963083,623.7552026688093,4850.9589075,8459.664289256001,12228.293876832,17581.327591168,23385.776259326,32470.496540672,24510.659457024,44182.41129776,52134.922727424004,1272.0704189447988,132.8911012601981,128.54297685021973,126.83941026296996,131.07381450170897,127.91746215039062,128.56432838183594,127.05581981835937,122.040035109375,96.98659286755371,150.15887774218749,57137.399716284206,3105.9500091009404,4530.184353617661,4918.401932162387,5249.614692198629,6015.733034996783,6466.037498580015,7540.379816936214,5126.2672875118615,6912.578551476893,7272.252539702806,278058.0722096837,788.6041484257066,5816.785561128,10166.657240368,14965.395430592002,21309.876134784,27890.395859634,40606.202604544,31011.989405696,57355.426649088,68146.73917542401,1260.6198560521993,122.51920419309901,125.25939840112304,125.00262641824341,129.12451801727295,128.6199455283203,127.57640902661132,130.50722728320312,120.84755287499999,101.26059917260741,149.90237513671875
2041.0,49370.23063338155,2735.8897227748944,3966.1864463804104,4266.238455315229,4589.092905435549,5211.838013348355,5603.357550462818,6429.370098276684,4412.488484577596,5930.822624336509,6224.946332473616,255587.41346046538,740.8280475593536,5441.264940834,9459.680038944001,13956.869762912002,19758.533919232003,25882.407003624,37237.707310080004,28580.319993856003,52305.89811369601,62223.904329728,1247.2938521831375,124.0904444287734,124.90953199908446,124.15611019198607,128.01355648980712,126.5263987211914,124.91787814477539,127.23199159179687,119.7022790625,99.0217243930664,148.72393716015625,41943.113680733186,2235.4991394661015,3377.8927864863995,3678.8786128719503,3890.99266891245,4504.490052250399,4887.7104752320765,5561.577341249298,3769.846888904957,4917.748093676432,5118.477621682925,225920.8783480791,664.5985968651494,5000.390763804,8709.340800248001,12635.875317632,17987.0474368,23762.57075881,33111.854996480004,25504.581730304002,45007.615434752006,53537.002512384,1305.8742595652436,132.90661067797564,131.54096990124512,130.59372832873535,134.5230438475952,131.90367428320312,130.7174069506836,131.28391696289063,126.011174921875,100.83004432775878,155.56368936328124,35437.21013846799,1882.2094795689463,2871.9914901763595,3140.516421658265,3272.499990714559,3816.7780286552106,4158.675519854068,4726.580765242432,3197.6253036815533,4118.896854965317,4251.436283951239,205230.29087569666,611.1926766087046,4617.907906716,8041.138980864001,11561.218469632,16468.741627904,21861.677568180003,30207.831464448,23323.442475008,40485.829130720005,48051.310575616,1355.6381444940293,143.914119476665,138.30710287127684,136.68297064859007,140.62924443756103,135.60689221728515,134.19446128845215,132.04948340625,131.6150878125,100.47178925341797,162.16699308203124,41747.45065464186,2041.9114483880446,3309.1068723188678,3616.2467942331464,3838.627958562288,4508.264003909332,4954.700537568907,5665.472375779418,3724.4993460556498,4976.351177537842,5112.270140288419,225178.72420517044,636.4080338785178,4938.662207974,8618.904030592,12467.774315648001,17912.502111744,23812.305378262,33144.657222656,25036.434108416,45230.242381408,53380.834414592005,1274.2127202984527,133.55786155214548,128.876526911438,127.22559005972289,131.4427368354492,128.1582349633789,129.01129597875976,127.0858081640625,122.415796796875,96.45429539208983,149.98457364453125,59084.74334363147,3250.2793134712624,4701.226518273564,5102.607996783035,5443.627722346343,6218.858864264014,6675.699188737796,7771.471278951551,5307.911071116217,7102.958162089103,7510.103227598402,288837.7318121231,822.4132225070841,6018.365327498001,10523.131821232,15521.399140384001,22053.4849536,28811.19094095,42124.433755136,32290.086641664002,59648.363473472,71024.86253568,1262.4933476372023,122.67932767553233,125.46531592651367,125.32712127081298,129.4281147803955,128.94512046923828,127.98933412158202,130.7406936171875,121.16825517187499,100.97990519000244,149.7701594140625
2042.0,50710.694464340464,2843.8923403803587,4087.5944998703203,4393.9987791633275,4726.553606922866,5349.528642402913,5742.801010073562,6578.587057096655,4537.014568451945,6059.20802076956,6391.51593920917,263286.4790432596,766.4057459236077,5586.928287142,9713.169180472001,14362.452166688001,20285.870465536,26526.407467962003,38304.584036352004,29499.997233152,53937.730751232004,64302.9337088,1248.4077243402285,124.30959652901029,125.07735416455077,124.41948336828612,128.24273727001952,126.72519913671874,125.1802232409668,127.30141297265624,119.9559266875,98.64981744708251,148.54597352343748,42838.770264722945,2304.6483962796506,3459.7231187118064,3767.218286129327,3982.9583584816046,4598.369287840981,4984.960609607618,5663.791707548303,3853.742719867891,5001.358001132792,5221.999779123102,230771.30426997112,680.9596453130713,5097.355634178,8882.076670592001,12900.336958880001,18333.165519488,24193.28694424,33783.297420288,26098.39388672,46009.152683904,54793.278906368,1309.5766177153014,133.5232638409729,132.00480699957274,131.1503750800781,135.04860593688963,132.3386973256836,131.24492161206055,131.51967275195312,126.558099875,100.50920677355957,155.67896751953126,35840.43663049383,1919.0182929768732,2912.061395139999,3185.029541805548,3314.580051229226,3858.405625437107,4202.154607368147,4771.624560609622,3237.4389642675756,4149.382450875162,4290.741140784637,207968.90724093484,621.03849450283,4673.143265516001,8142.8563966560005,11708.32264752,16657.309641408003,22099.291642916003,30591.339752448002,23679.783485440003,41052.937660832,48742.884253696,1362.2094327635716,145.10972557909298,139.1403963406677,137.59053593225096,141.50813918499756,136.26466299999998,134.9535700727539,132.34571860742187,132.504839515625,100.13598587060547,162.65585866015624,42546.45795904032,2090.4463101209462,3378.98491765373,3691.613687830807,3919.264619677646,4593.501204145838,5047.406100107569,5765.624971651086,3795.9366640067065,5057.804399073948,5205.87508477203,229869.7447657245,649.1925921344749,5026.859460146,8778.453129208001,12708.079260064002,18242.685873152,24238.258629996002,33809.770231808005,25559.894605824,46251.039811296,54605.511172096005,1276.4424672166356,134.23817399907588,129.21910932037352,127.62068160897826,131.8212185073242,128.40596217382813,129.46853200585937,127.12327893749999,122.802981703125,95.92620077697754,149.81632818359375,61108.6540845374,3402.044980866842,4879.611702874993,5294.702577410941,5645.8262155233515,6429.83849570093,6893.101175419971,8010.447141173613,5497.181879642264,7298.779721055413,7757.120194869051,299763.71210756456,857.7620209505515,6227.0335353400005,10890.699778104,16095.110523136002,22815.77923136,29754.605807570002,43661.965732864,33604.391616512,61930.856052448005,73925.50780928001,1264.4132444059728,122.842744603971,125.67533207720946,125.65635298071288,129.73661128326415,129.2753678251953,128.40771530029295,130.98092011328126,121.49484621875,100.70283441345214,149.64051958984373
2043.0,52096.903917135096,2956.8005250694578,4213.534125762763,4526.5406541110615,4869.058121912654,5491.812069760706,5886.602915906056,6732.031629757388,4666.141284167235,6190.608104519943,6563.774486168057,271035.6651278105,792.9808395045131,5736.563164672,9972.397662464,14778.013013824,20822.051602304,27180.293278194004,39376.536433664005,30439.660044288,55550.55242483201,66386.616664064,1249.5558130459042,124.53172241330527,125.24819408538818,124.68636204885864,128.4755861793823,126.92709117773437,125.4459488029785,127.37498350976561,120.21433474999999,98.28085227770995,148.37073780078126,43758.7805271459,2376.279122944859,3543.9827027219444,3858.241535966372,4077.6424381058314,4694.762656393977,5084.702419631796,5768.2840197444275,3940.072290235265,5086.497576489847,5328.315764911611,235610.83888507957,697.7966147476109,5196.141220904,9057.372662608,13169.254481376001,18682.255923712,24627.672508356,34451.398273024,26699.800154112003,46989.675376992,56039.47166924801,1313.337119001573,134.14688870842122,132.47432336303712,131.71351937139892,135.58090728186033,132.77898354541014,131.77892761157227,131.760710609375,127.1131325625,100.19079058081054,155.79893536718748,36251.44006118674,1956.763064261105,2952.978628984161,3230.545222125312,3357.526851547792,3900.8185627537946,4246.439621962768,4817.360025544309,3278.0530058581094,4180.172175510815,4330.782902638465,210603.06016424642,630.9206056004239,4727.767446304,8243.1338004,11853.270505184,16840.797324928,22330.911371590002,30959.395957760004,24030.297104384,41585.328757088006,49401.237291008,1368.8995537065869,146.32214166065788,139.98630441558836,138.51195750119018,142.40125571557616,136.93333313378906,135.72685232531737,132.6493835546875,133.41020553125,99.80243216540526,163.15568770312498,43363.2241792688,2140.293199601304,3450.551721211143,3768.788578951191,4001.8380231580795,4680.59088109353,5142.114284106396,5867.802534916456,3868.978559656913,5140.681931904538,5301.584464669279,234509.71672886147,662.1236074974759,5115.655627434,8938.517135888,12949.525899136,18572.333671552,24664.268815706,34467.052839936005,26081.849499648,47246.982833216,55811.406798848,1278.7607424559874,134.93223637008046,129.57085729345704,128.02485311752318,132.2094306779785,128.66072516845702,129.93617065551757,127.16831325585937,123.20181179687499,95.40225272570801,149.65409139453124,63212.597585822215,3561.6648798066667,5065.6939908240665,5495.0664349700055,5856.6019953950035,6649.020727185595,7118.572175185385,8257.612842549657,5694.4550364062225,7500.205222019744,8013.704281479905,310857.35965128307,894.7526807530833,6443.240414564,11270.102377536,16687.8407272,23598.256364160003,30722.419311582,45221.625884672,34958.04387328,64206.599833088,76854.478184448,1266.379718511853,123.00947632407855,125.88946759197998,125.99035554043579,130.05006079351807,129.61072155322265,128.83159247460938,131.22794648828125,121.82740265625,100.42937447619629,149.51332061328125
2044.0,53530.738136026026,3074.8611564773305,4344.202946907863,4664.075783672394,5016.822141982358,5638.875359475867,6034.93085722651,6889.8498688077125,4800.076919428868,6325.0961898186,6741.94691222865,278849.2872249972,820.6172317992163,5890.454032594001,10237.840459712,15204.38858416,21368.038344576,27845.219863004,40455.448711168,31401.334153216,57147.062479904,68478.883364864,1250.738108305758,124.75685184662103,125.4220885314331,124.95677558920288,128.71209145306395,127.13209939941406,125.71504534033203,127.45272465234375,120.47752571874999,97.91477330584716,148.19813246875,44703.94801263282,2450.4900249903462,3630.755217987619,3952.044557499803,4175.140033446733,4793.752371819809,5187.015152154443,5875.117454675903,4028.922649147688,5173.195774216311,5437.514776694119,240447.99532572407,715.1364705600738,5296.885246866001,9235.491810000001,13443.059397792002,19034.849303168,25066.422445498003,35117.296411648,27309.830184960003,47951.075909568004,57277.948145664006,1317.1562873211408,134.77756672674988,132.94957156176758,132.28324416384888,136.12004554992674,133.22457003027344,132.31948527124024,132.00710305664063,127.67640639062499,99.8747647536621,155.92352981640624,36670.40119937295,1995.4701864304532,2994.7637377911788,3277.089642406085,3401.3614406336947,3944.035053561503,4291.548911969293,4863.8007996452325,3319.4867553012896,4211.268957434735,4371.575714199441,213141.2218062132,640.8542667751539,4781.889780876,8342.187073616,11996.399013152,17019.690240896,22557.19811157,31313.197563904003,24375.789903872002,42085.211448352005,50028.8044032,1375.7100329045768,147.55162339078282,140.8449773125,139.44744750842284,143.30880857299803,137.61305333691405,136.51450715405272,132.96056836914062,134.33141631249998,99.47111053710937,163.66652041015624,44198.19319060954,2191.490121447923,3523.8521043711457,3847.819124765669,4086.3996390089915,4769.57839622244,5238.875208306097,5972.050045576347,3943.6661934309222,5225.010897498626,5399.45145998141,239106.6638334028,675.215662328803,5205.154636116,9099.296301240001,13192.425933312,18901.88171328,25090.952098038,35117.685256192,26603.07406848,48220.079776448,57000.898387968,1281.1685228504691,135.6402621034293,129.93189664349364,128.43823451473997,132.60750988897703,128.92261304003907,130.4143603280029,127.220961265625,123.612443234375,94.88244956225586,149.49779226953123,65400.23454181199,3729.581430718026,5259.847064227757,5704.1019426118555,6076.367774022407,6876.772761760528,7352.455613792259,8513.28927676552,5900.127468489523,7707.4064445261265,8280.284764898028,322140.0747779093,933.4936869493494,6667.457959194,11662.112884400001,17300.962166816,24402.456492544003,31716.474446438002,46806.234868736006,36354.272411648,66479.19700742401,79817.41285376,1268.3934141823793,123.17954383875131,126.10776583599853,126.32919251385498,130.36850782562254,129.9512406347656,129.2610108823242,131.48185915039062,122.16602574999999,100.15958817645263,149.38867957421874
2045.0,55014.17015821224,3198.334232546291,4479.807771513665,4806.826446274971,5170.0739175302415,5790.913640599013,6187.959902625309,7052.194680328653,4939.042861470785,6462.74948463552,6926.267220687682,286715.24818773766,849.3067944816247,6048.485774770001,10509.27322072,15641.220144768002,21923.232802432,28520.398769030002,41539.505174528,32384.122929152003,58723.618634432,70576.083943424,1251.9548911242828,124.98499749656676,125.59904980725096,125.23075440237426,128.95230408795166,127.34023512255858,125.98757067285156,127.53465691601562,120.7456225,97.55155898590087,148.0281411328125,45675.10694283478,2527.3840987197837,3720.127800744498,4048.727526332218,4275.549295587717,4895.423824805341,5291.9797721198975,5984.355379955313,4120.385166269477,5261.484338287126,5549.689740013406,245279.51857328595,732.9797846399358,5399.567198632,9416.397129456001,13721.690575136001,19390.809590144003,25509.344630606003,35780.455682048,27928.257167360003,48892.259050656,58507.757764608,1321.034803568435,135.41537563621472,133.43062274261473,132.8596274755554,136.6660777312622,133.6755175488281,132.86666416503905,132.25891647265624,128.248028546875,99.56115793688964,156.0528153125,37097.51413741361,2035.167042452576,3037.4389281080835,3324.6898242450625,3446.1060799857423,3988.073735881046,4337.502341438514,4910.961824707268,3361.7613907464392,4242.677551772249,4413.13541807662,215582.26859704082,650.8333923307881,4835.475076148,8439.950100656,12137.625726208002,17193.890531712,22777.969435682,31652.517343744003,24715.915067392,42552.516314848006,50625.57560832,1382.642558575354,148.79842275028085,141.71661898919677,140.39720350726319,144.23100830041503,138.3039222841797,137.31671805688475,133.2793683671875,135.268806609375,99.14202659729004,164.18846311328124,45051.82488688393,2244.076086221725,3598.93283396924,3928.756029497724,4173.002733378298,4860.51062582948,5337.738861949715,6078.41482390886,4020.04174054159,5310.817335556043,5499.533816031182,243653.95796107696,688.4527310809549,5295.248255372,9260.599706768,13436.475546496002,19230.913920512,25517.740373136003,35760.714458112,27122.726715392,49168.71717798401,58172.369076224,1283.6670955877914,136.3624601611557,130.30237733642576,128.8609854246826,133.01561099255372,129.19170196874998,130.90323130700682,127.28133744531249,124.035124265625,94.3667352253418,149.3475314609375,67675.39357282862,3906.2641802239223,5462.464016126424,5922.231266457203,6305.558215557697,7113.480245775399,7595.112803120743,8777.809309727803,6114.616306755793,7920.55133764904,8557.30589143467,333598.26201952936,973.9950081053231,6899.63266385,12066.571266096002,17934.285875392,25227.923934848,32736.053982086003,48413.640646656,37792.212197376,68743.89846560001,82810.04797952001,1270.4544084934973,123.35295201586675,126.33025485424804,126.67289112966918,130.69199585742186,130.29696414355467,129.69601274121092,131.74270478710937,122.51072587499999,99.89339276519775,149.26651432421875
2046.0,56251.61454282856,3308.9565117038364,4598.173181146904,4931.194349284379,5302.159446264918,5920.934330113552,6317.919406853706,7183.229616501417,5056.607582812112,6560.716049135409,7071.724069012376,294503.78685075947,878.7461506434555,6208.88003979,10783.425446768,16082.960735904,22480.230877952003,29196.622773782,42610.91885568,33374.40509952,60248.040688704,72639.55618201601,1251.5658216442598,125.03230206625699,125.61319741131591,125.3414737927246,129.02854946923827,127.3959139453125,126.10744019995117,127.45600027148437,120.847732484375,97.07287415203857,147.6703378515625,46540.49655239011,2600.134985175536,3802.889658040115,4137.986204463425,4367.50534795564,4987.828376369801,5386.549483815475,6078.456632354865,4202.717690851479,5331.059198062311,5645.368975301504,250052.54758362583,751.2259175818632,5503.528042018001,9598.805347608,14003.025739072002,19747.209883008,25952.565967618,36433.436305408,28549.826502656,49799.559877888,59713.364000768,1323.3889227128805,135.87623938149022,133.7552751989746,133.28239294955443,137.05537599328613,133.9815945961914,133.27133558557128,132.36109375976562,128.66933824999998,99.13828965429687,155.99798734375,37422.13952420597,2070.568276470876,3073.0087088423174,3363.715409323474,3482.326371416059,4022.437085820249,4372.413888208229,4943.360707668947,3394.4817885726075,4258.521686515426,4441.305601367765,217888.79621440978,660.7764168538008,4887.96105893,8535.297338848,12275.322647264,17361.146006848,22989.985154178,31971.893761536,25046.229716992002,42978.373990208005,51181.810122752,1388.5091780205278,149.93084606035328,142.4819648139038,141.23739971005247,145.0438446679077,138.88787765478514,138.01561483154296,133.48895563085938,136.09765546875,98.73152935424804,164.593489828125,45755.204535044475,2290.4081362996444,3663.888771858033,3997.897997960509,4247.280972891412,4937.650619310475,5421.031578362205,6163.505603292702,4082.8882244017996,5372.715045149087,5577.937585518567,248084.31566270386,701.708603421814,5385.018651220001,9420.677948904,13678.920383008,19555.566781824,25939.320360662,36386.518089728,27633.730166784,50075.959956128005,59306.894721024,1284.4938063871598,136.9181606033158,130.50666429632568,129.11452622024535,133.25308057598878,129.29726715478515,131.2392221989746,127.17119001953124,124.287768921875,93.71536040393066,148.9905659921875,69649.59293605482,4065.8801899046066,5644.304108798604,6117.685621902062,6509.5717116356,7324.661519862138,7811.752257523949,9004.179645671513,6302.229442452595,8084.490036258223,8784.838402045621,345055.1906595191,1015.8308410810113,7137.386764344001,12479.066663208001,18580.441904448002,26064.91588032,33768.88436183,50019.329198080006,39252.448272384005,70957.30283936001,85779.58393446401,1270.9905151544665,123.34723486198615,126.39881275482178,126.86220937957764,130.861303010437,130.50424907812499,129.99332009521484,131.85043956445313,122.69405384375,99.51817022625733,148.96072233984376
2047.0,57526.35597959123,3424.074756236756,4720.471281779756,5059.705126752524,5438.54219017379,6054.785604440645,6451.464329155857,7317.445630303887,5178.099923178128,6660.335298212508,7221.431839357298,302231.7075728327,908.9987051166644,6371.93656163,11060.79918184,16530.50600352,23040.099730688,29875.173935862003,43671.907816448,34374.345695232005,61723.981522016,74673.95842048,1251.2096502972806,125.08203129914236,125.63010806610107,125.45517705703735,129.10800979711914,127.45442973535155,126.23024933496093,127.38156830273437,120.954085609375,96.59827689624024,147.31571419921875,47427.901987786885,2675.356855288606,3887.961267170262,4229.794791880208,4462.016045106198,5082.544820611726,5483.38409835256,6174.452491739025,4287.334771884836,5401.6501590600965,5743.406686693336,254777.17724076018,769.9045708261176,5608.92486676,9783.011151584,14287.559626240001,20104.660169984003,26396.885169734003,37077.588163584005,29175.7146112,50675.33926144,60897.589649408,1325.7945072021294,136.34259208701707,134.08469870025635,133.7105938862915,137.45041095080566,134.2921065307617,133.68147293688963,132.46832160546873,129.0978770625,98.71882363745117,155.9476098046875,37752.92644258339,2106.821443711428,3109.2931167994993,3403.579308437443,3519.270808356062,4057.430060021586,4407.959456838616,4976.22885218034,3427.836983396741,4274.482822884546,4470.023589957118,220070.8665971992,670.7012282951933,4939.478030444,8628.483023176,12409.888315008,17522.03338592,23194.027686740003,32272.743418880003,25367.712595968,43365.417724672,51700.381188096006,1394.4888186696196,151.07862983661175,143.25906242132567,142.09052192718505,145.87015537011717,139.48211366723632,138.72812718505858,133.7057750859375,136.94137475,98.32389762145996,165.0091608046875,46472.00889008879,2337.8493113889467,3730.2214828864776,4068.479607074893,4323.122321609302,5016.246286134433,5505.8796908182985,6250.0189819826755,4146.944053278174,5435.4024701374465,5657.844684778174,252408.0692113807,715.0005800667066,5474.592498452001,9579.776878184,13920.144981024001,19876.3966592,26356.457304950003,36996.5887488,28137.072304128003,50944.527348224,60407.511908352004,1285.4113716213292,137.48710492934322,130.72008437591552,129.37689280728148,133.50015503430174,129.40983420703125,131.58539962719726,127.06923337890625,124.552097140625,93.06989564416503,148.64067447656248,71692.38144844785,4232.808038180153,5833.095805631654,6320.577239507663,6721.251744343379,7543.108701795991,8035.514146052017,9237.236939987763,6496.8871509210885,8252.019773532922,9019.88190849524,356533.8527386266,1059.104210196641,7381.182956928001,12900.353245256001,19240.798912608003,26915.016858112,34816.830153798,51626.335775744,40738.18554368,73123.811288768,88732.23379353601,1271.5733109550122,123.34450186577892,126.47144269836426,127.05594797521972,131.03528254803467,130.71656357666015,130.29593942114258,131.96504693164061,122.882865765625,99.14773078582763,148.65798938671875
2048.0,58839.805405774,3543.8951768239563,4846.858082131974,5192.524924884445,5579.391258146791,6192.607790703461,6588.7194789153855,7454.9440576235165,5303.686643832565,6761.635261678899,7375.542731033038,309915.4443726295,940.1304343395777,6537.96125102,11341.899444528,16984.760411712003,23603.899743616003,30557.334324118,44724.638516224004,35386.09598464,63154.975410720006,76683.74885171201,1250.8864102867387,125.13419676864194,125.64978735491943,125.57187468582153,129.1907044609375,127.51577849414062,126.35600090258788,127.31134625,121.06470014062499,96.12768777984618,146.96433344921874,48338.02244366493,2753.1442219026894,3975.4192239404915,4324.240688874252,4559.166819905221,5179.645986243148,5582.55203100984,6272.393299493184,4374.315725628227,5473.270381363245,5843.874065304575,259463.17327126814,789.0462637701306,5715.915879064,9969.308910888001,14575.786399648001,20463.769594624002,26843.087862442,37714.20952576,29807.106965504,51521.840450048,62063.101419520004,1328.251902605162,136.81448694045878,134.4189422137451,134.144293318573,137.8512510696411,134.60712088427735,134.09710205957032,132.5806693984375,129.533689609375,98.30266600170899,155.901681109375,38090.01682244803,2143.9494290801526,3146.3088523628153,3444.3023630955076,3556.9562773515518,4093.066387861585,4444.152815274969,5009.57641876686,3461.8410230577515,4290.5616417525625,4499.301613844283,222138.00073406327,680.6252734832683,4990.150744694,8719.752863952,12541.706805952,17677.101166848002,23390.837443358003,32556.402410496,25681.298190336,43716.170223296,52183.955611648,1400.5829074989208,152.24197804289673,144.04807517001342,142.95674855908203,146.710101045166,140.08675926318358,139.4544138980713,133.92992668359375,137.8001350625,97.91911849707031,165.43565127734374,47202.53536101897,2386.4279122103826,3797.963699797561,4140.534813005266,4400.564072147678,5096.329803193314,5592.317502505437,6337.982381953818,4212.237105876686,5498.891397995514,5739.286672333397,256634.9903940976,728.3455296296282,5564.093164142,9738.136345664001,14160.526655232,20193.945460352003,26769.884782566,37592.340699136,28633.698811904003,51776.953979328006,61477.064966144004,1286.4205992096952,138.06947166452932,130.94275700067138,129.6482279661865,133.75697181732178,129.52948033740233,131.94188192443846,126.97552172265624,124.828264453125,92.43030524523925,148.297717078125,73806.57579251399,4407.417691208402,6029.142145429184,6531.2287269883645,6940.929328237501,7769.113265532354,8266.670904401826,9477.213984478916,6698.907013942512,8423.225329508312,9262.727402786582,368057.2365549227,1103.9231404967506,7631.4999487860005,13331.204918896,19916.76521008,27779.832944640002,35881.781937752,53237.66411468801,42252.66905088,75247.77460518401,91674.12068352,1272.20297151441,123.34475974057578,126.548176538208,127.25415016018677,131.2139455342407,130.93397155126954,130.60390909301756,132.08659259960936,123.07719920312499,98.78206093792724,148.35820615625
2049.0,60193.44162402977,3668.6343344412994,4977.4970184687445,5329.828249197445,5724.883356832664,6334.5472251872025,6729.816299695168,7595.830492251015,5433.543033002372,6864.648130933216,7534.213484020527,317571.1599181177,972.2097900417044,6707.266469024001,11627.236428704,17446.643175520003,24172.698927104,31244.374711596003,45771.218085888,36411.853176832,64544.345975808006,78673.31317760001,1250.5961283891468,125.1887985193653,125.67224982189941,125.69159663790893,129.27664823742674,127.57995800488281,126.48472298583984,127.24533252148437,121.17958832812499,95.6610798986206,146.61615343359375,49271.592785642904,2833.59574122617,4065.3425729240244,4421.415135120015,4659.047007174014,5279.2059420754,5684.12389292022,6372.330409114622,4463.74643215727,5545.939700715302,5946.845952215872,264120.0864794495,808.6823235294939,5824.660237682,10157.993730512,14868.205199136,20825.137179008,27291.95303259,38344.558892032,30445.177511936003,52341.212220064,63212.506152960006,1330.761541143391,137.29197564601563,134.75804341491698,134.58355344384765,138.25795333380125,134.92663188720704,134.5182487290039,132.69814584374998,129.976896234375,97.88986209094237,155.86023051953126,38433.56260507899,2181.976355319669,3184.073618092039,3485.9062390820795,3595.400738686102,4129.360845018643,4481.0087969465885,5043.412420961657,3496.511539226876,4306.761009304848,4529.151042440489,224099.27271575626,690.5657632682278,5040.100399862,8809.343068296,12671.149969408001,17826.87754048,23581.130018506003,32824.15767552,25987.868950528,44032.960639584,52635.118690304,1406.7928601092628,153.42112492264795,144.8491523901367,143.83625542160033,147.56386050549315,140.70190501220702,140.19463834960936,134.16144641015623,138.674251109375,97.51720997631836,165.87301601171873,47947.09212853089,2436.172756358975,3867.148568751279,4214.098453431682,4479.6441869628425,5177.9338362890785,5680.37943183806,6427.425386139572,4278.795260032551,5563.191787224674,5822.302461502093,260774.44631032864,741.7600783985789,5653.64082444,9895.988702488,14400.426156160001,20508.726976,27180.312420778002,38175.136919552,29124.53255168,52575.6439792,62518.277701632,1287.5224014479709,138.66543526721526,131.1747905960083,129.9286493774109,134.02364241729737,129.6562805566406,132.3087787943115,126.89010206640624,125.11647709374999,91.79650474768066,147.96174053125,75995.12920580088,4590.099913274493,6232.7592044574785,6749.978024733711,7168.952561148375,8002.977862287942,8505.50683141655,9724.352090263528,6908.61823926351,8598.199204412893,9513.685274542393,379648.0186183788,1150.4009324927354,7888.8331312440005,13772.415400288,20609.790976448003,28661.003720448003,36965.657928146,54856.274430976,43799.235043328,77333.23170473601,94611.17535027201,1272.87972188415,123.34800364513634,126.62901802990721,127.45684917590332,131.39733367504883,131.1564809091797,130.9172941352539,132.21508398632812,123.2770505625,98.42119799926758,148.061409765625
2050.0,61588.80489378483,3798.5200465728994,5112.558515722714,5471.796799851233,5875.202114500088,6480.75828881887,6874.889879055343,7740.214184416762,5567.8519510760525,6969.408892367051,7697.604221403845,325191.1748934666,1005.2327190225634,6879.790232114,11916.678234168001,17915.954360544,24746.168734720002,31935.881994402003,46810.471896064,37451.036499968,65889.8378176,80640.122404864,1250.3387882335758,125.24584145977211,125.6974984847412,125.81435179193114,129.36583340863035,127.64699031396484,126.61639109814452,127.18353385546874,121.298776453125,95.19846256701659,146.27110880078124,50229.36446682956,2916.814149147093,4157.8137677980585,4521.412410594112,4761.747892753936,5381.302104721905,5788.173906443565,6474.316044101541,4555.714724083616,5619.671689448624,6052.3977777370355,268747.35085383593,828.8207146339679,5935.187256098,10349.118170672,15164.888485792,21188.828300032,27743.562601648002,38968.49845248,31090.047770624,53132.95628176,64345.442820096,1333.3237594100012,137.77511488076544,135.1020531060791,135.02842607037354,138.6705474246826,135.25069146386718,134.94496778356933,132.82077966796874,130.427648625,97.4803314423828,155.8231989453125,38783.70516285414,2220.9268980735483,3222.605173585758,3528.4128089711908,3634.6221660852416,4166.327479221844,4518.541125045558,5077.746470581371,3531.8636614700536,4323.07922189068,4559.580157928888,225956.96632114614,700.5254043301109,5089.355869504,8897.306951848,12798.304854624,17971.514412544002,23765.071660104,33076.283717632,26287.491547136,44316.458160320006,53054.653743104005,1413.1198605617165,154.61629519556664,145.66246359194946,144.72924720089722,148.43161625152587,141.32766221533203,140.94895276281738,134.400430671875,139.56387587499998,97.11808823034667,166.32122856640623,48705.99140008731,2487.1135379068887,3937.810289503561,4289.206448606957,4560.4020728336845,5261.091185169846,5770.101925213007,6518.375317166507,4346.647520996553,5628.316105222366,5906.926997467901,264823.68436917855,755.2371338985217,5743.195490674,10053.272342712,14639.71742224,20820.608713472,27587.553420710003,38744.599754752,29609.189482496004,53339.881823584,63530.428784640004,1288.7176593321199,139.27517642501545,131.4163003404541,130.2183021398926,134.3003114510498,129.7902684760742,132.68621094055175,126.813027984375,125.41692314062499,91.16846288720703,147.632675546875,78261.12378259518,4781.267168564973,6444.280539175646,6977.179309510675,7405.686434223562,8245.019133843838,8752.317242554085,9978.904576060286,7126.374134504619,8777.023932339813,9773.071311817768,391298.34173069755,1198.5527111815861,8153.190117504,14223.937258880002,21319.889758592002,29558.406598144004,38068.178287548006,56480.801671168,45377.423753216004,79377.322690624,97540.63888384,1273.6037403191003,123.35424730628299,126.7140052722168,127.6640776953125,131.585476956604,131.3841219243164,131.23612160180664,132.35057909374999,123.4824944375,98.06505212506103,147.76756390625
2051.0,62771.44036647094,3915.678636131363,5232.19233267654,5598.026295387807,6006.693355752835,6608.480623399764,7001.463677209901,7859.243436399183,5683.620838429784,7039.886278033793,7826.154893049933,332667.8164567142,1038.9018827921939,7053.95613665,12207.430505704,18387.834001216,25318.139564288,32624.439152848,47827.84126976,38491.7346304,67165.686781344,82551.85253171201,1248.67021860041,125.14839102796125,125.57932822766112,125.79192991088867,129.30762292492676,127.57837818017578,126.61512364941406,126.98126024023436,121.27059439062499,94.63873859930419,145.75885144921875,51108.11559518089,2996.7461372401185,4245.467551223528,4616.462265556236,4858.086960585478,5477.067582365284,5885.413342851294,6565.762016982608,4641.11563328748,5677.791864130002,6144.202240958835,273304.06423384184,849.3787235878266,6047.009017124001,10541.751023424,15464.215675392,21552.721565952,28195.217103594,39580.47361536,31737.695985664002,53886.286548000004,65449.314975744004,1334.4536923843932,138.0989223835387,135.2996831173706,135.32161646191406,138.92939569537353,135.43836473779297,135.23634836755372,132.81046824804687,130.7174113125,96.98141109936523,155.62007096093748,39069.99898113038,2257.1750632770327,3256.8476104115657,3565.8944518558924,3668.636054978476,4197.692657340142,4549.745790822174,5102.895258258973,3561.056631107464,4328.614141925901,4581.441321152803,227689.14178852623,710.453880052189,5137.608343844,8983.00351142,12922.26051584,18109.84319232,23940.933277530003,33309.5935488,26577.438588928002,44561.264847232,53436.742082560006,1418.2155564968643,155.66860988935088,146.34729023217773,145.48800492648314,149.16355903479004,141.83124586450194,141.58144547106932,134.53018913867186,140.319699203125,96.65412862731934,166.631384109375,49353.238684108874,2533.321659593297,4001.122477128367,4356.241174413345,4631.908831701371,5334.730537667419,5849.402226724898,6594.287405505727,4404.598971990158,5673.654809073355,5973.970590310898,268732.6544812625,768.6865073145162,5832.127904974001,10208.811519912,14876.418244,21126.957979264,27988.069917286,39293.779997696,30082.526871552003,54056.485647168,64498.78989209601,1288.2909556843886,139.70977999121237,131.49376765356445,130.33967504400636,134.40589789562986,129.76902215429686,132.91117910437012,126.5815046796875,125.54600703125,90.42714202099609,147.106980109375,80276.7308064361,4956.02788326875,6637.908975097284,7185.550856681673,7620.958003739735,8466.642789734278,8979.213763083199,10203.343110774227,7321.598836649354,8915.350933916015,9990.135653491492,402866.01551570976,1247.9648329657527,8422.484202282001,14682.055351608002,22040.716324864003,30464.094343936,39179.528550486,58091.667248128004,46970.596548608,81346.84243142401,100420.065681408,1272.9704513026843,123.20737113795042,126.66173028295898,127.7324253963623,131.63274400091552,131.48550715185547,131.43212950756836,132.34923731249998,123.54375848437499,97.61618240710449,147.30936562109375
2052.0,63986.97537534942,4037.1575690905943,5355.451082571369,5728.09132903297,6142.102505093742,6739.637906047721,7131.246250121005,7980.9061709311845,5803.022336380762,7111.256243630331,7958.103982449899,340020.3920709459,1073.285529883829,7230.093217884,12500.035867544,18863.276438368,25889.8003328,33311.46724325,48825.840618496004,39536.311148544,68376.365956544,84413.915717632,1247.036803274844,125.05332736062907,125.46405324578856,125.7723724737854,129.25260359808348,127.51266476708984,126.6167536303711,126.78355250585938,121.24653495312499,94.0842430369873,145.25069770312498,52008.58109471044,3079.290995069276,4335.479043187641,4714.132877099767,4957.012988872514,5575.14195903137,5984.909695900025,6658.9665160058175,4728.8651379279745,5736.6249733376635,6238.156908278364,277801.17747551104,870.3900859430487,6160.299964984,10736.211754336,15766.737577024001,21917.482346368,28647.78279764,40181.920880640006,32389.446500352,54603.793474528,66527.112093696,1335.6297853610915,138.42717950138092,135.5013681939697,135.6192522854309,139.19305535894776,135.6298697573242,135.53239474731444,132.805082046875,131.01327168749998,96.48684229406737,155.42146948828125,39362.04090915894,2294.2693968111066,3291.767517665133,3604.173571092646,3703.346122477746,4229.647969342877,4581.547265857909,5128.445651527667,3590.8482516807726,4334.207260466205,4603.787902236817,229305.64035160406,720.3695764020833,5184.987670590001,9066.687175192,13043.417904224001,18242.425606144003,24109.482638892,33525.480930816004,26858.713473024003,44769.940974272,53784.134402048,1423.4147942294157,156.73451814585877,147.04269079473877,146.2583292944336,149.90765810498047,142.34419941088868,142.22651214733887,134.66682805273436,141.08891465624998,96.19360188391113,166.95154173828124,50011.81094985762,2580.5438994749393,4065.6635421277792,4424.551945675169,4704.799725193495,5409.649093706345,5930.066474183815,6671.333926169698,4463.577907323205,5719.43842129156,6042.186014711548,272512.72478284535,782.1267009453256,5920.574367222001,10362.872104928001,15110.953638848001,21428.383191936002,28382.678169910003,39824.293344256,30545.649860608002,54728.511818528,65426.681585664,1287.9573016458044,140.1570372322607,131.58035579998779,130.4696443211975,134.52095883898926,129.75488774365235,133.14601729162598,126.35885179101562,125.68661471875,89.69344384582519,146.5894900625,82356.62355616988,5138.0151248839275,6838.287778167487,7401.1515312874,7843.646379432258,8695.273632137505,9212.996443841828,10433.834559791,7523.6027697356985,9056.191795763376,10213.623541129531,414376.4703016567,1298.7467061526938,8697.211741494,15147.57381868,22773.760087360002,31379.791954048003,40301.72234157,59692.183324672005,48582.164996096006,83247.01899008,103256.296341504,1272.387113823292,123.06362834926271,126.61382077374267,127.80522491818236,131.68471634698486,131.5921526118164,131.63361905126953,132.35517908984374,123.61038921875,97.17331930718994,146.85506415625
2053.0,65236.57462327481,4163.139063655829,5482.467810397588,5862.1348616151045,6281.5713144268975,6874.346222848643,7264.34243267792,8105.283213289112,5926.20077833872,7183.530990663187,8093.5579353620005,347267.493618275,1108.453787942874,7408.533771566001,12795.035935752001,19343.275697312,26462.324560768,33998.366333030004,49806.92099584,40587.099439104,69526.132145024,86231.35095193601,1245.438382145913,124.96064582389164,125.35165613201903,125.7557126776123,129.2007353735962,127.44985863232421,126.6212950102539,126.59043267773437,121.226561875,93.53491828723143,144.74656565625,52931.44208594916,3164.546029374801,4427.924319816175,4814.511673942437,5058.611244410236,5675.595515585715,6086.728731721589,6753.976238542535,4819.047052261641,5796.17882145204,6334.32245884202,282249.2755049214,891.8894623513552,6275.2362378200005,10932.820672688,16073.008623264,22283.77400384,29102.09265587,40774.231909376,33046.61745664,55287.888232448,67581.716250624,1336.85201086565,138.75990362154008,135.70712879504393,135.9213599446106,139.46156201275633,135.82523905175782,135.83308778686524,132.80462024609375,131.315255921875,95.99654655151367,155.22730693359375,39659.9648263036,2332.232384676603,3327.3808222772764,3643.2699065643246,3738.7691305939074,4262.206802275273,4613.958324476114,5154.406059284292,3621.2539246941587,4339.859626522131,4626.627844939497,230815.92050247043,730.2905056224205,5231.619731426001,9148.602832348,13162.163234464,18369.79866112,24271.451667154,33725.269514240004,27132.277391360003,44944.998706176004,54099.448258560005,1428.7186019380713,157.81418893758297,147.74879037704468,147.04036906369018,150.66406837152098,142.8666157739258,142.88426006445312,134.810406171875,141.87176198437498,95.7364923029785,167.28164889062498,50681.94361173962,2628.803392393227,4131.4599675306945,4494.165878534288,4779.104673977313,5485.872838465656,6012.121781868921,6749.535702838098,4523.607618000114,5765.6748024316785,6111.596955699685,276174.717408686,795.575836143953,6008.667822112,10515.710493408,15343.733253664,21725.469137024,28772.160966558004,40337.683083264004,30999.610138624,55358.846525056004,66317.26015283201,1287.7172262635015,140.6170679596076,131.67614509259033,130.6083241467285,134.64556623425293,129.74789165820312,133.39081488183592,126.14512546875,125.8389029375,88.9673269777832,146.08006090625,84503.2412774797,5327.562238239957,7045.68590490072,7624.267447245378,8074.047452871432,8931.167141326952,9453.908429599805,10670.576927129792,7732.669528569826,9199.599203025116,10443.757004570478,425854.6930751586,1351.0117088046409,8977.880506540001,15621.308596128001,23520.536535904,32307.233487744,41436.772727366006,61285.609590784006,50215.576354816,85082.836660192,106055.92690688,1271.8537136911893,122.92300421545076,126.57027793261719,127.88249192105101,131.7414094760132,131.70405983105468,131.84062898999022,132.36842912695312,123.682448859375,96.73642287774658,146.40454046093748
2054.0,66521.46834929266,4293.814606476374,5613.382613965892,6000.304468639473,6425.2506037931225,7012.726667785834,7400.859672765455,8232.458472664564,6053.310249589416,7256.728703735694,8232.63228987678,354427.13396491547,1144.4787414994678,7589.613286742,13092.970522352001,19828.830416928,27036.876092544,34686.507691570005,50773.42268313601,41646.44626432,70618.958297952,88009.029967872,1243.8749277241702,124.87034816951322,125.24214901141357,125.74193526028442,129.15205478302002,127.38994128955078,126.62872062426757,126.40186026171874,121.21071124999999,92.99075043377685,144.24645664062498,53877.41291036101,3252.6129932714325,4522.8825322785215,4917.68961176624,5162.969750660498,5778.500128864768,6190.940087250921,6850.838869708752,4911.747688345059,5856.465103845684,6432.766144368991,286658.6100338622,913.9122146822224,6391.994044182001,11131.898360320001,16383.580313920002,22652.244776192,29558.978278102,41358.726233088004,33710.510252032,55940.91487283201,68615.850688512,1338.1206692768358,139.09713591791868,135.916993265625,136.22796811209105,139.73494014770506,136.02447997509765,136.13846100183105,132.80911102343748,131.623404109375,95.51050731359862,155.03766841015624,39963.907311441675,2371.08714870616,3363.7035868442213,3683.2036115516553,3774.9220537736965,4295.382070285216,4646.993010471264,5180.7846888997565,3652.2886724899026,4345.570712472252,4649.971755947591,232228.8516928199,740.2343333418947,5277.625072148,9228.986768216,13278.868653728001,18492.475586432,24427.542803786,33910.20866304,27399.051771904,45088.705106336005,54385.15293388801,1434.1280520556631,158.90780214395045,148.46572277597045,147.8342599724121,151.43292636291503,143.39855797705079,143.55484042993163,134.96096845898438,142.668364859375,95.28276733288574,167.62184174218748,51363.87716003932,2678.1242376264045,4198.539150057739,4565.1121720643,4854.855166273516,5563.428516422423,6095.596483100437,6828.913926888337,4584.709953248561,5812.366015407586,6182.231538950003,279728.8812679308,809.0514341407966,6096.537167042,10667.573918208001,15575.156500768,22018.775211776003,29157.273774812,40835.404572672,31445.429297152,55950.18667993601,67173.492711424,1287.5712946490946,141.09000937049962,131.78122161480712,130.75580686288453,134.77981035998533,129.7480910576172,133.64562863366697,125.94033384570312,126.003046875,88.24865818908691,145.57868783984375,86719.13206813484,5525.02011836183,7260.38522061217,7855.197809508919,8312.470251166393,9174.591410942763,9702.198121122357,10913.771646141739,7949.097672911259,9345.627195462044,10680.772621904987,437325.22733964387,1404.8778789198625,9265.010193128,16104.085065976002,24282.58791776,33248.167515392,42586.696193556,62875.116148736,51874.297675776004,86859.02040377601,108825.368346624,1271.3703036769696,122.78549124734306,126.53111463208008,127.96425186828613,131.8028450022583,131.8212727680664,132.05317365234373,132.38899102539062,123.75995809375,96.30546268432617,145.957742703125
2055.0,67842.92205182083,4429.384391314687,5748.340260266404,6142.755189940399,6573.295641158994,7154.905356223043,7540.911126913508,8362.519723685873,6184.509907380069,7330.858734410245,8375.441720527582,361499.5982094364,1181.355796522374,7773.317183032001,13393.802129088,20319.945485376,27613.457208576,35375.898069274,51725.228772352006,42714.300858368006,71655.424278048,89746.86842880001,1242.3462966124905,124.78243084826946,125.13552163122559,125.73106873974609,129.1065531358032,127.3329248618164,126.63905252612304,126.21785590429687,121.19899296874999,92.4516292816162,143.75026671484375,54847.23326502084,3343.597454232649,4620.4358481079935,5023.761162305,5270.179924551498,5883.930921189455,6297.6151122104275,6949.604100357079,5007.058104162136,5917.497352772257,6533.553285132357,291033.1619585601,936.4698939961008,6510.641488862,11333.570004384,16698.676913888,23023.175512832,30018.794433622003,41935.875802112,34381.623771136,56563.894402432,69630.43973529601,1339.435864687045,139.43890021420574,136.1309917616577,136.53911158227538,140.01322151623535,136.22761295507811,136.44853109375,132.8185641015625,131.93774946874998,95.02873348571777,154.85244850781248,40274.008467967324,2410.8575426839398,3400.7524453243714,3723.9946355582,3811.8224309336692,4329.187352044052,4680.664190966332,5207.590769803977,3683.969386410974,4351.341502998832,4673.828211243021,233550.63634271343,750.2085906233845,5323.076959716001,9307.977022232,13393.770527648001,18610.808179328,24578.200231742,34081.109351424006,27659.562762240002,45202.930253888,54642.992463872004,1439.6442203936967,160.01553109831713,149.1935959128723,148.64012215338133,152.2143797418213,143.94012120507813,144.23836041027832,135.11856997460936,143.4789938125,94.83240983483886,167.97213625,52057.8593984541,2728.5310152875627,4266.929078240903,4637.419040106394,4932.08316307118,5642.343295182759,6180.518277621877,6909.487286970952,4646.908782821799,5859.522513812812,6254.116945337826,283178.24817129987,822.5508804239635,6184.194511196,10818.505612488001,15805.276626240002,22308.45285312,29538.21782316,41317.880218624,31883.256365056,56503.670828512004,67996.24245248,1287.5200788778652,141.57599604238558,131.89566753485107,130.91217095352172,134.92382027667236,129.75550829248047,133.91054634655762,125.74448633984375,126.179147,87.53743203295898,145.08530405859375,89006.96779419197,5730.757813546856,7482.68021914417,8094.255375828082,8559.238412214223,9425.82428850344,9958.128296321538,11163.634055461796,8173.198616180491,9494.330305686572,10924.920411304673,448790.29312757216,1460.3607511560133,9558.672878814,16595.992956848,25060.202024512,34202.908879616,43751.763428626,64460.71083008,53558.606069760004,88576.31313881601,111564.762169344,1270.937118857891,122.65109244886398,126.49634441790771,128.05053946902464,131.86904566485595,131.94380779248047,132.27130943896483,132.4169158046875,123.84294904687499,95.8803923796997,145.51472239453125
2056.0,69002.2396833967,4551.580328623541,5869.665318115464,6271.732517361986,6705.665203381272,7282.671678779062,7667.234990089955,8475.293030512023,6301.148471071112,7384.925522777534,8492.322622684747,368414.8937733995,1218.779004783484,7958.271229112001,13695.230755152,20812.687256544003,28187.469363712004,36061.127122592,52652.934379520004,43781.263138816,72622.87274608,91424.258777088,1239.5279352733583,124.55347209431172,124.89746888891601,125.58445327426146,128.92222951080322,127.15057991064452,126.5303008297119,125.91043963867187,121.05270470312499,91.83378631744384,143.09250010546873,55773.26631669815,3431.4373643616977,4714.573061142333,5126.738384571924,5373.351901726797,5985.963611920745,6400.864703946655,7043.295135902357,5098.755332951979,5971.867862716398,6626.4189574571465,295353.51156972535,959.4836961092852,6630.832368294001,11537.203418384,17017.249463232,23395.382690944003,30480.080347002004,42503.080137728,35057.560559616,57153.298014688,70619.34087372801,1339.4665815036817,139.63361716075562,136.211707510437,136.7104456192932,140.14939171026612,136.30690803759765,136.63869211206054,132.71668706835936,132.10674215625,94.48308592944335,154.50930419921875,40560.95329981602,2448.958265825178,3435.79164303693,3762.608838968519,3846.7392850394044,4360.909616951169,4711.9544271918085,5230.965912592774,3713.482763893357,4354.828990737506,4694.713555579416,234778.85872901708,760.1824896690429,5367.872725668,9385.33208378,13506.649058624002,18724.59715776,24723.060748812,34237.457935360006,27913.066160128,45288.14991008,54872.490459136,1444.061363779036,160.98610228443764,149.80178307791138,149.31739226745606,152.86977872711182,144.36888551416016,144.80854673449707,135.190642703125,144.164421875,94.35034747814942,168.20346311718748,52687.503081350056,2774.923097640201,4330.168197046341,4704.61711481029,5003.310230435821,5715.884708472211,6259.845354160449,6982.420093979156,4703.490219962016,5897.38031363859,6315.463751205022,286499.74268081953,836.0036145635154,6271.256377622,10967.8201166,16032.952185696002,22593.181744512003,29913.25484045,41781.909590016,32310.35572224,57014.537605792,68778.470883328,1285.9687436116533,141.89356301781177,131.85487323626708,130.90871685995484,134.90513938201903,129.618099671875,134.03175101782227,125.41308367773436,126.194921125,86.73870215441895,144.40989346875,91116.4042175485,5919.893611957879,7689.90427603169,8318.102539692787,8789.180259894907,9662.46767409908,10200.821948851702,11394.605871934056,8380.600823547926,9621.511531919743,11139.31567961886,460160.03833575256,1517.0412765465346,9857.069045864,17094.050593304,25848.318420096002,35165.660233984,44925.011724870004,66030.052301824,55255.65734912,90219.25064710401,114247.92674304,1269.2586623097986,122.37722458595228,126.33480862158203,128.00606664962768,131.80157314471435,131.94839902929687,132.37849055126952,132.323681953125,123.79447423437499,95.38047150860595,144.91347203125
2057.0,70191.58418767682,4677.856135141208,5994.3585701406055,6404.298555700429,6841.667416358454,7413.593902943069,7796.525749375951,8590.417671468422,6421.2296979057355,7439.608496915249,8612.02799172765,375192.53330323694,1256.8195340089958,8144.817146898001,13997.814050976001,21308.089971488,28760.128186752,36743.644393530005,53559.102993408,44849.731158016,73525.791832448,93046.59403571201,1236.7488088570972,124.32717402619504,124.66265754486083,125.4408957946472,128.74130779138184,126.97141994189452,126.42458028015136,125.60815504492187,120.91061574999999,91.22222719866943,142.439775484375,56721.652128146474,3522.0421698580285,4811.165152736154,5232.466920693836,5479.212439460043,6090.3800945934045,6506.450272284508,7138.755942483238,5192.953550905714,6026.868709009142,6721.356876122424,299630.10082028166,982.9908206516737,6752.751950094001,11743.128712536001,17339.876772096002,23769.537940352002,30943.677080840003,43061.681110016005,35739.671830528,57711.432382496,71585.35222067201,1339.5399491037297,139.83210458572435,136.2960658363037,136.88560158392335,140.28974396728515,136.3896712236328,136.83282481005858,132.619726546875,132.2810553125,93.94251319055175,154.170642046875,40853.71022262866,2487.925833042439,3471.5148439721615,3802.030505883622,3882.3712445557353,4393.227165157238,4743.851129908884,5254.736883784249,3743.6215004610085,4358.36977571314,4716.061340150123,235921.76968782017,770.1739917741662,5412.1307525600005,9461.284633928,13617.86203168,18834.326022016,24862.789515062002,34380.42639616,28160.479084544,45346.401792064,55075.895468032,1448.5718454975133,161.96859271574448,150.41938982617188,150.00491852877806,153.5360624019165,144.80606894165038,145.39005694006346,135.26915845117188,144.861705640625,93.87192103967284,168.44397101171873,53327.56805758949,2822.2575536614413,4394.557984403996,4773.013327924536,5075.828064451679,5790.634246551756,6340.466929433398,7056.388029172186,4761.032371125026,5935.581888758259,6377.807662107179,289704.09588974155,849.4285507075953,6357.858893644,11115.778537368,16258.602590464001,22873.546761088,30283.170979446,42229.00193792,32727.7899776,57485.637994304,69523.27966720001,1284.51321128279,142.22335075132656,131.8233157015381,130.91384245077515,134.89594213476562,129.48801605273437,134.16245194860838,125.09125925585937,126.22213115625,85.9490588074951,143.7438430234375,93288.62941735392,6116.122821309385,7903.798794593932,8549.126270183799,9026.48221054313,9906.099814645533,10450.439435721364,11631.466391982456,8594.747465286146,9750.864718287694,11359.481494800657,471459.8600624286,1575.0330535285284,10160.715579848,17599.09024116,26648.484499776,36138.194222336,46108.484639508,67586.45452595201,56968.941387776,91793.000861152,116881.461051392,1267.6348644177842,122.10690397955179,126.1781063699951,127.96630749987793,131.739076684021,131.95862648535154,132.49141059765626,132.23824806835938,123.75154946875,94.88760078375243,144.31703448046875
2058.0,71411.94500926849,4808.370392210503,6122.535368474227,6540.575494285561,6981.42484217852,7547.771072518618,7928.871583765705,8707.961948288508,6544.88145618211,7494.910356476647,8734.642494887992,381851.3408344605,1295.5495802905327,8333.297363284,14302.105174536,21807.174463648,29332.628437760002,37424.851841758005,54446.173372416,45922.097594368,74368.45888940801,94619.004116992,1234.0086633620347,124.1035335927782,124.43107844506835,125.30038935458373,128.5637640942993,126.79546035498046,126.32188251843262,125.31097256445312,120.77266210937499,90.61679487884521,141.79212544921873,57693.088245453524,3615.5122214980984,4910.289783342605,5341.035806320266,5587.848434004917,6197.2499041620795,6614.439434045609,7236.03299892546,5289.740482704182,6082.509319545783,6818.429860904753,303873.1299204848,1007.0294235927256,6876.585359804,11951.67702544,17667.135619712,24146.299824512,31410.42397536,43612.992346112005,36429.310664704004,58240.569463264,72531.10621798401,1339.6560990187168,140.0343835971775,136.38408205633544,137.06459858383178,140.4343110407715,136.4758943618164,137.03093787255858,132.5276689863281,132.460651796875,93.40697126989745,153.836599453125,41152.411831484955,2527.783045532066,3507.937908617554,3842.2788923706653,3918.7350161613253,4426.152517290645,4776.367374208953,5278.912077335595,3774.4021847192016,4361.965126313779,4737.877688935106,236987.2469804935,780.200622717473,5455.964984242,9536.056555132001,13727.756202592002,18940.45731456,24998.026344578,34511.12271616,28402.664071168,45379.664502528,55255.333666816005,1453.176261468378,162.96314139931678,151.04651409939575,150.70279223101807,154.2133052067871,145.2517266538086,145.98298056225585,135.35412816796875,145.571017796875,93.3971346673584,168.69352068359373,53978.2561552752,2870.5547167245863,4460.121601924349,4842.63205029501,5149.66311067418,5866.615098759073,6422.4068961034545,7131.408063899521,4819.5553921736555,5974.129827196675,6441.169397524744,292801.49655106966,862.8439758797026,6444.1326253980005,11262.631216616,16482.62873824,23150.108600576,30648.707447544002,42660.606399488,33136.596574208,57919.632887616004,70233.608085504,1283.1537640873216,142.56545530698727,131.8010334416504,130.92761849157714,134.89628553485107,129.36527376953126,134.3027056940918,124.77898783789063,126.26094204687499,85.16837506542969,143.0870868984375,95525.85000051197,6319.7444493917255,8124.608423827451,8787.588324144048,9271.415326489121,10156.955748949465,10707.20349237359,11874.399958536842,8815.900635835182,9882.434033153926,11585.599607810405,482714.7417954609,1634.4531571387345,10470.137825644,18111.953162224003,27462.267736064,37122.292048256,47304.220996790005,69133.157343232,58701.90023475201,93302.477493728,119471.88179763201,1266.0657053328418,121.84010544536018,126.02621922967529,127.93127747653197,131.68156048919678,131.97449656982423,132.6100940349121,132.1606710566406,123.71416293749999,94.40174040179443,143.72537769140624
2059.0,72664.3630455469,4943.288250082185,6254.315888292619,6680.6915023343945,7125.066373888589,7685.304355268315,8064.363604206928,8827.9955546142,6672.238719477704,7550.848020391783,8860.25077699013,388409.4571266153,1335.0430211272776,8524.055574816,14608.650959984001,22310.963558368003,29906.150550144,38106.130409472,55316.52013875201,47000.692146176,75154.910280608,96146.34048716801,1231.3074611713405,123.88253612525892,124.20273271759032,125.1629565001831,128.38959669079588,126.62267895458984,126.22219622473143,125.01885134960936,120.6388625625,90.01752532342529,141.14952472265625,58688.28358641698,3711.9518759164876,5012.02709774234,5452.537888535819,5699.348893453025,6306.644791300499,6724.90167306882,7335.174566220071,5389.20861468676,6138.796010172277,6917.692175320817,308092.3979312049,1031.638359118877,7002.519855282,12163.180574848,17999.604098272,24526.326138624,31881.139855972004,44158.273015808,37127.827226624,58742.72691584,73459.161890816,1339.815035108325,140.24047638783549,136.47577022338868,137.24744885403442,140.58311918725585,136.56559296484374,137.23304837719726,132.4405345488281,132.645634671875,92.8763721430664,153.50703775,41457.19599766557,2568.5532515756786,3545.0768997877367,3883.3741986260484,3955.848285252218,4459.698605683893,4809.517268834578,5303.500374126584,3805.841074226601,4365.615379282294,4760.170660269963,237982.75455691808,790.2796928900633,5499.48579892,9609.86496726,13836.664091616001,19043.434851584003,25129.378122552003,34630.610220544004,28640.460668928,45389.788991776004,55412.787150848,1457.8754522907109,163.96989563806198,151.68324985983276,151.41111977792357,154.90163057983398,145.70589628955076,146.58744839868163,135.44563305273437,146.292472328125,92.92596284252929,168.95214352343748,54639.78126510643,2919.835303593196,4526.8833222261865,4913.497464928431,5224.842951865207,5943.850004833082,6505.691312860475,7207.498442126188,4879.079074172981,6013.0323269818255,6505.571061518948,295801.68720294966,876.2677300456121,6530.205251942,11408.622035384,16705.419814816,23423.405126144,31010.580620074,43078.092065792,33537.762041856,58319.071560736,70912.26095616001,1281.8906706838568,142.91996557533645,131.78807972607422,130.95007172021485,134.90623910668944,129.24986945263672,134.45255827221678,124.4762821328125,126.3113765625,84.39661052600097,142.439617609375,97830.36139929667,6531.072819351315,8352.59032868339,9033.760831784028,9524.263265409993,10415.28030154618,10971.345381446232,12123.590332850583,9044.335433152834,10016.265745699497,11817.85695937244,493949.14790390735,1695.4221465193768,10785.86986403,18633.485627536,28291.249159488,38119.730463744,48514.24232355,70673.307900928,60458.05600768,94752.40398060801,122025.38042982401,1264.5510925926746,121.57682422530412,125.8791584592285,127.90097611004639,131.62903527307128,131.99603444335938,132.7345634309082,132.0909263535156,123.68234109375,93.9228434222412,143.13838978125
2060.0,73949.90108943656,5082.781994469295,6389.824476086097,6824.778148160795,7272.724547127972,7826.298079660125,8203.095346130267,8950.593535401471,6803.445166026805,7607.4250413128475,8988.93475506094,394867.5975211088,1375.2859689468592,8717.05229643,14917.380426776,22819.392967072003,30480.629111552003,38787.421739804005,56170.143223808,48085.348614144,75886.20401456,97628.739158016,1228.6449131270408,123.66416826281356,123.97760436608885,125.02857931271362,128.21880055505372,126.45305474707031,126.12550033471679,124.73179349218749,120.50927320312499,89.42428707983397,140.51185177343748,59707.987046373644,3811.4699664044565,5116.461050212687,5567.069035590968,5813.806526881368,6418.639694564511,6837.908213252481,7436.231140404156,5491.453988924012,6195.742581267903,7019.204848871018,312291.2027977643,1056.8279914942814,7130.615802308001,12377.74484144,18337.478532160003,24909.823782144,32356.11813465,44697.909588992006,37835.670085632,59218.847697312005,74370.16634163201,1340.0167514584289,140.4503957378478,136.5711494064331,137.4341721135254,140.73616478607178,136.65876935498045,137.4391356689453,132.35832112109375,132.835991109375,92.35074212890625,153.18191003125,41768.20737297146,2610.2601625699417,3582.948194847222,3925.336879955986,3993.7288420866744,4493.879539512512,4843.314581670707,5328.510409453851,3837.9559081471593,4369.320339628261,4782.952515099098,238913.7784909124,800.4194462144101,5542.768199028001,9682.84948122,13944.806370560002,19143.563706368,25257.28133949,34739.639499776,28874.433200128,45378.292928384006,55549.724319744004,1462.6703090872836,164.98898593493985,152.32968371310423,152.13001369418333,155.60115008465576,146.1686606010742,147.20353217810057,135.5436704921875,147.02624918749999,92.45836251794434,169.22000068359375,55312.343937470316,2970.1200039648566,4594.8675365339905,4985.635263581709,5301.3945497145605,6022.364352795685,6590.3446100566925,7284.676494521678,4939.624193471367,6052.286565492319,6571.030367337465,298706.2435816482,889.693370750242,6616.067144872,11553.752478656,16926.961012096002,23693.465037952003,31368.891036362,43481.714333696,33931.388813312005,58684.714362912004,71559.59599104,1280.7241182958255,143.2869783723941,131.78450506799317,130.9813036698303,134.92585172332764,129.1418600625,134.61206933239745,124.18311605273436,126.373592140625,83.63356120605468,141.80128066796874,100204.56001484081,6750.435647700127,8588.011555831707,9287.928208029816,9785.319804106255,10681.327559866002,11243.106725278953,12379.233690305755,9280.337969479564,10152.404898326542,12056.453955916304,505165.65885620564,1757.9448430196828,11107.956736886,19163.754470528,29135.645148864,39130.742485376,49738.77828458801,72207.049049088,62237.592485888,96143.97558825601,124542.21976371201,1263.091032764604,121.3170318238082,125.73691913116454,127.87542802172851,131.5814970565796,132.0232400078125,132.86485065063476,132.02904608984375,123.65606715624999,93.45083969396973,142.5561131328125
2061.0,75071.572856916,5206.737744987438,6511.09823579624,6953.873284821096,7403.713391936004,7952.155258818006,8328.301968438067,9056.321589428208,6919.782882191572,7647.3872126723445,9092.201287826978,401161.92625800835,1415.9349042663712,8910.843805432001,15225.969804960001,23328.368583936,31051.390822016,39463.366929302,56998.764646400006,49166.522630144005,76552.800778464,99047.96335308801,1224.8273348720206,123.32507565839767,123.63327261767577,124.76790460449219,127.91836517083739,126.16604294482421,125.92468220666504,124.3278323203125,120.26224632812499,88.77366288397216,139.72825013671874,60680.058461745866,3906.898775632358,5217.202646681543,5677.361367549133,5923.585568859071,6526.551060585472,6947.655913648264,7531.668157354733,5589.984034516886,6246.917237987094,7112.233698931302,316449.5442613126,1082.5060294685345,7260.49381188,12594.667993416,18679.568898880003,25295.407792768,32833.758192756,45229.421147136,38550.165635072,59665.730577664006,75257.824182272,1339.1376607328868,140.53405546945905,136.54926789385985,137.49618658111572,140.7641687451172,136.64288286767578,137.54707584924316,132.17575677734374,132.91244215625,91.78951347875976,152.72631091406248,42066.47230696207,2650.552492607629,3619.72152272409,3965.625417972173,4030.314683494389,4526.789171306275,4876.150619559293,5351.498536636682,3869.362296372506,4372.331874571256,4804.125691717744,239780.08134565593,810.595806607877,5585.767829202,9754.870744568001,14052.059907424002,19240.744747904002,25381.660544958002,34838.187024896004,29104.355033088003,45345.835149184,55666.004557824,1466.6463038319835,165.8879411672802,152.87718577804566,152.7437228114624,156.19973289941404,146.54602015844725,147.73841295544432,135.5771553984375,147.669756625,91.99758859313964,169.4087874453125,55910.601700137595,3015.322300948282,4656.986378020256,5051.179552461394,5370.699713083484,6094.13972218224,6668.885067203742,7352.964372355516,4994.471569281458,6081.886420427519,6624.066604173703,301490.1211703694,903.0391882813134,6701.28649216,11697.246509960001,17145.951176320003,23958.679533184,31721.743055072002,43868.171748352004,34314.720714752,59011.572605728004,72167.71014656,1278.239977218522,143.50807482908726,131.6399917979126,130.86459325717163,134.79632881298826,128.9029578930664,134.65197757922363,123.76513022656249,126.295205375,82.81120605688476,141.004511390625,102400.10729228245,6950.863909495541,8807.834388742083,9525.434464958595,10028.51182923807,10932.12794125223,11502.269329047518,12616.477254823516,9499.70921054236,10271.25704145555,12265.621922727023,516281.9177516935,1821.5548437295156,11434.516273224,19699.778878160003,29990.134605056002,40149.369855872,50970.975879620004,73723.486276608,64027.65307904001,97465.615498208,126998.832562176,1260.5002180217261,120.94492007861089,125.47912546142578,127.72635142950439,131.40709628149415,131.93564826855467,132.89453721362304,131.84539969140624,123.51472053124999,92.92176197210694,141.83065709375
2062.0,76220.20178265571,5334.419071637627,6635.4526065492155,7086.249441996916,7537.9987600514905,8080.850007042447,8456.200512277568,9164.146466946147,7039.3137246489405,7687.809509738442,9197.761681767002,407311.87102315435,1457.062883614366,9105.778970868001,15534.986712552001,23838.938070944,31619.661759488,40135.402406584006,57804.930965504005,50246.622445568006,77159.074912736,100409.41189529601,1221.0536508859182,122.98904878472185,123.29263169226074,124.51062584552001,127.62169144561767,125.88258485205077,125.7270448215332,123.92949926953125,120.019527890625,88.13005594030761,138.95094034375,61674.958373737856,4005.215046041427,5320.492987465577,5790.501739774397,6036.132757683404,6636.892293987507,7059.80600838482,7628.875299046074,5691.148051291981,6298.656806565599,7207.237383496959,320577.5472737674,1108.7132927114312,7392.348544212001,12814.294171928,19026.477427968002,25683.756497152,33314.906238484,45754.082402304004,39272.692752384006,60085.48117312,76124.794773504,1338.2993130323675,140.62106924534987,136.53080708746336,137.56168765866087,140.7960033099365,136.63021397314452,137.65849141015624,131.99805880078125,132.993724421875,91.23379105078125,152.27546607421874,42370.79753162969,2691.7473735049407,3657.2131942749793,4006.7536581992977,4067.653374664186,4560.3152479342425,4909.618112812733,5374.89829989161,3901.438734991936,4375.400704678691,4825.75883067699,240588.48328396858,820.8262096705693,5628.590891052,9826.139286684001,14158.743505536,19335.391031424002,25503.079433874,34927.212130816006,29331.01735936,45294.05573072,55763.427704832,1470.7065038221167,166.79744664319227,153.43315170462034,153.36666468023682,156.80806094433592,146.93099325512694,148.28362585839844,135.616595953125,148.32382856249998,91.5403371385498,169.60579908203124,56518.252313650395,3061.3726904697264,4720.169035432826,5117.8142419474025,5441.174712541294,6167.0224393308235,6748.631250338437,7422.184682751888,5050.215626761102,6111.752745116937,6677.914888960022,304163.71681733604,916.3250385519956,6786.00000598,11839.365494520001,17362.81081776,24219.626827392003,32069.890116332,44238.911246336,34688.820035584,59302.313168704,72739.65406617601,1275.8555242368773,143.74125900912475,131.505016784729,130.75672432681273,134.67651193237305,128.67176352880858,134.70132764770509,123.35728657617187,126.2282710625,81.9989600600586,140.21840330859374,104656.71371763645,7158.101341003395,9034.209901600258,9769.990435177442,10278.935340668068,11189.850842714191,11768.385550183126,12859.497105787601,9725.744919061708,10392.107761100306,12479.890520340556,527323.0323512717,1886.3684447076428,11766.080427036,20242.41969696,30856.302575552003,41177.414774272,52212.893358248,75225.897073664,65831.746060288,98722.225677632,129401.68426291201,1257.9673868146654,120.57669470211648,125.22646674353027,127.58215317138671,131.23790150146485,131.85385136572265,132.92996115893555,131.66985569140624,123.3789785625,92.40046511291503,141.1110588046875
2063.0,77396.5958575956,5465.95737521287,6762.983932268961,7222.008218703067,7675.683565753419,8212.461536941242,8586.862464291142,9274.125386623951,7162.150050132741,7728.695189190391,9305.668138477962,413335.97629055113,1498.7433171771422,9302.20477783,15844.990432440001,24352.132904736,32186.643597056,40804.926637504,58591.073196032004,51328.005423104005,77709.21623968,101718.039764992,1217.3234460979286,122.65606719827032,122.95565491497803,124.25672332489013,127.32877750402831,125.60265771484374,125.5325514489746,123.53675125195312,119.781121109375,87.49335953686523,138.17978209375,62693.36604057547,4106.5198450672915,5426.410739207352,5906.579330035866,6151.535067618906,6749.73100804615,7174.42544582735,7727.897851710971,5795.035827021905,6350.966708308153,7304.264217731584,324685.0238352443,1135.4913992182467,7526.376566322,13036.968104312,19378.810208288,26075.539344768,33800.387797232004,46273.141895168,40004.649656320005,60480.123951104004,76973.53491251201,1337.5013975065879,140.71143256283187,136.51577129541016,137.63066985189818,140.8316968685913,136.62074614892578,137.77337302478026,131.82519754882813,133.07982562499998,90.68348386547851,151.82920071484375,42681.32258325894,2733.86821010904,3695.440126682949,4048.74115388114,4105.763144301571,4594.471569633482,4943.730121799957,5398.718446909593,3934.2048471556204,4378.526995277365,4847.857967508184,241345.40626633,831.127792242019,5671.34000862,9896.856653228,14265.165903648001,19427.899536256,25622.074027568,35007.624118272004,29555.163930624003,45224.473310784,55843.680985088,1474.851615515491,167.7176163376956,153.99767652151488,153.99890568649292,157.42623294927978,147.32366381567383,148.83922880163573,135.66201834570313,148.988640078125,91.08660177624512,169.811031203125,57135.46647941285,3108.2878749004494,4784.435867254944,5185.559980305674,5512.841556331151,6241.0320444665385,6829.602941462334,7492.352738269078,5106.87247874171,6141.886027313365,6732.594970367571,306736.9103473876,929.5700994176308,6870.339830124,11980.361428432001,17577.941225184,24476.861430784,32414.055895558,44595.312218112005,35054.699249664,59559.505313664005,73278.263656448,1273.570761056468,143.98657369385813,131.379599296875,130.65771412561034,134.56643250006104,128.44826406884766,134.76013611206054,122.9595717265625,126.17287571874999,81.19666177087402,139.44293204296875,106976.35983362245,7372.40958685422,9267.36151283257,10021.833204259614,10536.836888908756,11454.71031086956,12041.661988908907,13108.46169821607,9958.685305617555,10514.997229472829,12699.402107682092,538313.729237659,1952.5043054970404,12103.183502052001,20792.536874336,31735.737373504002,42216.669348864,53466.566870014,76717.475479552,67653.375852544,99918.597121984,131757.08250931202,1255.4923690589903,120.21232519671631,124.97892870068358,127.44282983517455,131.07390809832762,131.77783333935545,132.97113156762694,131.50241057617188,123.24884937499999,91.88687406915282,140.39727830078124
2064.0,78601.61350600488,5601.490088959161,6893.793931412395,7361.25722804488,7816.873345892808,8347.072788602974,8720.36421615972,9386.31912821459,7288.408570578335,7770.0522476905,9415.981960449557,419252.2182209864,1541.0503505122765,9500.467869402,16156.535587872,24868.981063072002,32753.511484416,41473.301837232,59359.514326016004,52413.01991424,78207.070300096,102978.765488128,1213.6366025675777,122.32611527470064,122.62233554266356,124.006200165802,127.03957412609863,125.32625631689453,125.34121498608398,123.14958320117186,119.54704418749999,86.8635178213501,137.41476094531248,63736.00058467743,4210.918847713795,5535.037168368516,6025.687552185075,6269.881347665427,6865.138195397666,7291.583211659968,7828.7830895133,5901.743760151811,6403.85624122155,7403.371170800466,328781.57888466277,1162.8827219727755,7662.775326960001,13263.033473880001,19737.172426528003,26471.420371584,34291.02104105,46787.792169984,40747.431960576,60851.54415360001,77806.505238528,1336.744086487071,140.80515661991404,136.50416213995362,137.7031637381897,140.8712438470459,136.6144900859375,137.89172407043458,131.65714636328124,133.17079509375,90.1385614777832,151.38764305078124,42998.18949878469,2776.938832609206,3734.4187502732157,4091.608875349235,4144.662535867037,4629.271680926762,4978.501077940496,5422.968274897198,3967.6764312608566,4381.712151678968,4870.430887981615,242057.04509723803,841.5174491639862,5714.114898212,9967.219604888001,14371.626482144002,19518.649711616003,25739.161585582002,35080.280128000006,29777.546338304,45138.537078016,55908.391821312005,1479.0821528265976,168.64856038891458,154.57081460165404,154.6405559809265,158.05433970581055,147.72406482250975,149.40531755334473,135.7134409609375,149.66423404687498,90.6363592578125,170.0244655078125,57762.41772893752,3156.085243158911,4849.807988181724,5254.43789956186,5585.723183838624,6316.188815190649,6911.822510357269,7563.481725072608,5164.461029834028,6172.2908976206545,6788.118436121195,309219.0292091779,942.7928773199254,6954.433014872,12120.47641764,17791.73130944,24730.916297856,32754.928953266,44938.683229184004,35413.325348864004,59785.511386336,73786.23037440001,1271.3856652038282,144.2440897567458,131.26375476141357,130.5676310760498,134.46613193151856,128.23247687890625,134.8284293781738,122.57193484179687,126.12906421874999,80.40421198937987,138.67794037109374,109361.1130197261,7594.062853534649,9507.521599410758,10281.211195033231,10802.473407860936,11726.930715157208,12322.314336861164,13363.54309565897,10198.780953920943,10639.966466967437,12924.308395320844,549277.9100973695,2020.0838582713277,12446.370867372001,21350.997591824,32630.04709024,43268.925808384,54734.029466942,78201.29954099201,69495.98004838401,101059.225560128,134070.950264832,1253.075024912057,119.85179110721683,124.73650566473388,127.30840329055786,130.9151172561035,131.70761160009766,133.01807495996093,131.34303856640625,123.12428909375,91.38092298260497,139.68927039062498
2065.0,79836.12934974414,5741.159677608325,7027.986270013074,7504.105841114338,7961.679859324541,8484.768864569573,8856.781412361537,9500.787713612364,7418.207033015534,7811.886630982648,9528.766047142188,425059.8129548919,1583.9561449078228,9700.44074679,16469.40932044,25389.22842464,33319.970247424004,42140.168543874,60110.049292288,53501.155213312006,78653.795510176,104191.63951104,1209.9927140611358,121.99917163645314,122.29263760882567,123.75903463201904,126.75408744903564,125.05335740039062,125.15299190319824,122.76793185742187,119.3171923125,86.240440315979,136.6558689453125,64803.59812552377,4318.522042644755,5646.4568529114495,6147.922649304594,6391.26436579175,6983.186193595658,7411.350823531588,7931.581524208958,6011.37031071554,6457.332337517682,7504.611025301764,332869.1155887863,1190.8944678082603,7801.563572828,13492.518415616001,20101.663893952,26871.469110528,34786.891726966,47298.237722624006,41501.329039360004,61200.428363584004,78624.11927552,1336.0272710790562,140.90225830696153,136.49599229003906,137.77917326379395,140.91465162695312,136.61142873437498,138.01354084436034,131.49391855078125,133.26663446875,89.59895378991699,150.950719203125,43321.54269000424,2820.983812080078,3774.1663985036216,4135.37748669494,4184.370133661374,4664.728039444411,5013.944820493198,5447.657568355105,4001.8733859877284,4384.955071664805,4893.485973118942,242727.40459035442,852.002120674403,5756.955866852,10037.3084271,14478.262391776001,19607.813326336,25854.607528912,35145.745709056006,29998.643355648,45037.353314624,55958.712549376,1483.3986319384273,169.5903959925046,155.15264902584838,155.29167737997435,158.692448402771,148.13218981323243,149.98194477282715,135.7709227265625,150.350753234375,90.18955145751953,170.2460991328125,58399.28533530584,3204.782293893617,4916.3075238324,5324.469656542576,5659.842859034588,6392.513111525517,6995.312198172414,7635.588031538118,5222.999848850139,6202.9706837707035,6844.499128145679,311610.71286085923,955.9840837872408,7038.22487378,12259.632322368001,18004.077743264002,24981.674422784003,33092.416516956,45269.097895936,35764.72182784,59981.01647027201,74263.866703872,1269.3001781100593,144.51386924305487,131.15752128533936,130.4864984158325,134.3756421757202,128.02437287109373,134.9062390595703,122.1943431796875,126.096928765625,79.62148055944824,137.9232825546875,111813.11153775634,7823.3457920288065,9754.93126591698,10548.378621544914,11076.110049540946,12006.741931556044,12610.565511833758,13624.921004771599,10446.295006576156,10767.064254345567,13154.758099641569,560215.9109019464,2089.0916735383385,12795.573707492002,21917.697220848,33539.174211968006,44334.112891904006,56015.110147236,79677.241527296,71359.31491942401,102145.29503052801,136343.299571712,1250.7152392468147,119.4950614927864,124.4991835258789,127.17885895959472,130.76151705413818,131.64317942285155,133.07081584472655,131.19173907421873,123.00533753124999,90.88258900933837,138.98695733203124
2066.0,80873.3782280791,5862.296709338424,7143.926378754991,7627.803434704393,8086.098156886167,8603.025716598118,8974.854722914099,9594.929440803287,7529.4131886874675,7836.451550681631,9614.578928710373,430693.5523629032,1627.0644755471026,9900.350779546001,16780.797636224,25908.102068992,33880.621853056,42799.22918285,60834.133807104,54582.076620800006,79041.389035232,105339.78690355201,1205.1767950038727,121.5571016900301,121.8468811991577,123.3875459725952,126.34085388549803,124.66071412060546,124.84730015368652,122.270331546875,118.96128093749999,85.55214151745605,135.75264398046875,65800.2977908603,4420.865525441802,5751.852350187457,6263.443421310058,6505.647267850659,7094.109576598347,7524.14097854977,8026.039556875131,6114.626151264412,6503.662835448748,7595.910127334044,336924.617000542,1219.4120448339806,7942.166068348,13724.387459232,20470.660881344,27273.76486912,35285.647975648004,47801.479862272005,42263.040966656,61523.82932185601,79420.227551232,1334.2983076755734,140.8878773684139,136.38383881750488,137.74306673849486,140.84503990740967,136.50610714208983,138.0313856397705,131.233523765625,133.25040871874998,89.0198307611084,150.39722881640625,43620.87092040246,2863.5304192541994,3811.6013212164376,4176.43880164392,4221.604900731617,4697.102257199202,5046.0192974404945,5469.1350219354845,4034.247240049836,4386.452428805842,4914.739232125507,243354.51672899118,862.5553532971463,5799.719736186001,10106.822413608,14584.741417984002,19694.972668928,25967.930893836,35203.71375104,30218.182508544003,44921.390243104004,55994.487742464,1487.0832017793773,170.4473105744214,155.66420573861694,155.86379997354126,159.25032006140137,148.47257468579102,150.48944310510254,135.77904529492187,150.95907690625,89.7488825213623,170.40854291796873,58937.278417809284,3247.506887561906,4974.537386223231,5385.4787815865375,5724.283477572613,6458.6575913776605,7068.460962253925,7695.676345587135,5273.577954985588,6222.275700458957,6886.823330201754,313884.99277779285,969.0519538047987,7121.118849996001,12396.772431048,18213.377106944,25227.040980096,33423.998902176005,45582.792436736,36105.966067712005,60141.304530688,74703.569518592,1265.9541046257982,144.65839063373278,130.9240303366089,130.26591357965088,134.14439115185547,127.6894125180664,134.86635319018555,121.69504465234374,125.91448279687499,78.77773324694824,137.01835251953125,114041.51699002336,8029.621993589537,9981.56050322885,10793.736258830993,11326.966897821168,12265.957445216733,12880.344398385016,13863.362798755787,10672.348332040641,10875.313572180305,13352.304789974469,571040.8899978292,2158.97904530106,13148.45121214,22488.993485736002,34456.747574016,45405.141645824006,57301.609056892004,81133.725442048,73229.383139328,103166.60171872,138551.257677824,1247.1882830355482,119.03233864724254,124.14920387945556,126.92718277557373,130.48182904919432,131.45958201660156,133.0057272001953,130.91739775585935,122.759632375,90.31487522314453,138.14051411328126
2067.0,81933.69725574626,5986.683053976114,7262.5272372688705,7754.338834597743,8213.361531378385,8723.691797406182,9095.244678507106,9690.856789343345,7643.470441682627,7861.369812322698,9702.153079263224,436172.7002984744,1670.4501329883165,10100.559878690001,17091.293782664,26426.671438880003,34436.710922112004,43451.944517124,61534.296981504005,55658.245046272,79374.038943392,106428.48865484801,1200.4111770051384,121.1186214631462,121.40540150048828,123.01996124450683,125.9319711505127,124.27221377880859,124.5452563687744,121.77903088281249,118.61017115624999,84.87159213562012,134.85695732421874,66819.64360458673,4526.175097316665,5859.807259776523,6381.821074584607,6622.80092888019,7207.420927730979,7639.315868846362,8122.202645171412,6220.587043786819,6550.470720492812,7689.042038000301,340958.0058388717,1248.4797111516903,8084.792551932001,13959.003066144001,20844.797596192002,27679.005919616,35788.148017004,48298.766563328005,43034.013687808,61823.647137856,80197.35158784,1332.6089049256268,140.87653113601493,136.27497715441893,137.71024033605957,140.77905720440674,136.40385723583984,138.0523993494873,130.97793295898438,133.23864928125,88.44645348010253,149.84880678906248,43926.47638764958,2907.021323276321,3849.7742731693643,4218.361135963829,4259.6220234881985,4730.107362816236,5078.748214050986,5491.038986861441,4067.343746798862,4388.008528124317,4936.4507930999425,243944.10797439952,873.1944718115461,5842.508925958,10175.964324352,14691.364160544,19780.506938112,26079.635871606002,35254.987897344,30436.870004736003,44791.886573280004,56017.188806656006,1490.8447597442473,171.31374283198548,156.1834621385498,156.44427651467896,159.81699230664063,148.81997457202147,151.00667406542968,135.79267461132812,151.5768226875,89.31159904345702,170.57854097265624,59483.29603707209,3290.9729739862923,5033.6920959468,5447.419716745941,5789.727953575812,6525.7462663859815,7142.662725808744,7756.551936025812,5324.964489000086,6241.773562230695,6929.784317365949,316052.1413002759,982.0176773498737,7203.259971492001,12532.169669168,18420.063186976,25467.61329216,33750.446399994005,45881.196136448,36438.135971840005,60268.94373264,75108.295262208,1262.7128021361027,144.81509923555944,130.70051389495848,130.05454598709105,133.92320337091064,127.36268447265624,134.83628866064453,121.20647076757812,125.74358851562499,77.94489638342284,136.12551084765624,116327.50126421406,8242.202015666726,10214.388186316231,11045.784950498546,11584.70487599972,12531.813644262304,13156.902140731372,14107.333938829464,10904.80153259383,10985.39711088114,13554.172868434442,581777.7782257969,2229.864165440816,13505.549547344,23065.776643752,35384.376070080005,46483.842491648,58595.610764428005,82574.01322496,75109.68141414401,104127.90162918401,140701.16227481602,1243.7239700389118,118.57392675006294,123.80477746868895,126.680702750885,130.20776917767333,131.2820895415039,132.946623890625,130.65152999414062,122.51986078124999,89.75555679736328,137.30113288671873
2068.0,83017.72903305423,6114.422569907001,7383.865726273096,7883.793165466406,8343.550302793197,8846.82840110373,9218.007512214617,9788.615624798407,7760.470966332395,7886.644818391051,9791.529945774266,441515.66085901647,1714.1875525885755,10301.423965400001,17401.474165976,26945.983853056,34989.456942208,44099.739758412004,62212.957021184004,56732.017147904,79655.713448896,107462.707003392,1195.6955030770698,120.68370175593328,120.96816766369628,122.65625750021361,125.52739390045166,123.88783201953125,124.2468426772461,121.29397565820312,118.26382418749999,84.19870617913818,133.96880153515625,67862.28713465523,4634.551531258998,5970.397768755752,6503.140808032905,6742.8077540883605,7323.184345922716,7756.940475880335,8220.113698600824,6329.345494957438,6597.761165371444,7784.044091786446,344978.8388347594,1278.1425282914086,8229.653749770001,14196.730495264,21224.709775232,28087.887790592,36295.246025914,48791.288931328,43815.700226048,62101.683083200005,80957.79622912001,1330.958663797986,140.86822217854024,136.16939112005613,137.68065888153075,140.71667343341065,136.3046738359375,138.0766024822998,130.72710591015624,133.2313703125,87.87874730761719,149.3052183359375,44238.49816689913,2951.4803295540805,3888.7022222798073,4261.164356058656,4298.439649926671,4763.75618691018,5112.144792461393,5513.378137885144,4101.182413852072,4389.623666594273,4958.626411376881,244501.5927487984,883.9365003353222,5885.422156882,10244.926860176001,14798.419616704,19864.772518912003,26190.206915853003,35300.327386624005,30655.392768,44650.025362912005,56028.162662400006,1494.6837224876565,172.1897754160013,156.7104794189453,157.03314234606933,160.39251124365234,149.1743992272949,151.53370841625977,135.8118231171875,152.20415275,88.87769102490233,170.75603952734375,60037.47910821923,3335.194418807265,5093.789027814518,5510.308591153692,5856.1947830847075,6593.795178754561,7217.93551860413,7818.226212721476,5377.175094967297,6261.466536008036,6973.39374630359,318121.8668845678,994.9017006377097,7284.787248576001,12666.08826568,18624.55719504,25703.965217408,34072.497644522,46165.650898944004,36762.238951424006,60366.334032544,75480.84572979201,1259.5759846602616,144.98400869657755,130.48696501538086,129.85239206585692,133.71208418481444,127.0441679946289,134.8160725159912,120.728540375,125.58423303125,77.12283493310547,135.24468584765626,118672.78906165018,8461.306336907977,10453.60839078924,11304.732019753108,11849.537278888502,12804.500395158226,13440.424295924618,14356.986086208344,11143.864171283516,11097.35653412149,13760.4735526152,592450.8970477671,2301.8663600151062,13867.418591928,23648.936036904,36323.674584320004,47572.027934976,59899.19303882401,84001.28682496,77003.72514406401,105033.70200198401,142799.066529792,1240.3219927224445,118.11979936139106,123.46587396917724,126.43941266708373,129.93929101550293,131.1106826459961,132.89349089892576,130.39411449804686,122.285956875,89.20458588897705,136.46878490234374
2069.0,84126.14121278656,6245.623812394909,7508.021700576052,8016.250489317794,8476.749601412866,8972.497583055123,9343.2026329002,9888.252915909301,7880.509360752889,7912.282508707476,9882.750607759943,446740.06231453427,1758.350997534274,10503.294780924001,17711.905885776003,27467.070533312002,35540.036013696,44743.98540918,62872.409517056,57805.745520640005,79890.121711072,108447.141945344,1191.0294789575823,120.25231997366524,120.53514930181885,122.2964146803894,125.12711814782715,123.5075236484375,123.95203516210937,120.81513051171875,117.922208796875,83.53340662145996,133.08817211328125,68928.9244860894,4746.099753099574,6083.703893858897,6627.494291912274,6865.755113432007,7441.466371664267,7877.081737498279,8319.81979457051,6440.996530220572,6645.540249400854,7880.966750432083,348996.5062947818,1308.446229213858,8376.960498624001,14437.930705608002,21611.036988544,28501.092457984003,36807.781536024006,49280.212212736005,44609.548132352,62359.659821312,81703.837712384,1329.3477016040085,140.86295993274402,136.06709641485594,137.6543646484375,140.65791257598877,136.20853907763671,138.10397059606933,130.48105597070312,133.22856640625,87.31665234069824,148.766583640625,44557.08993364878,2996.9324563032624,3928.4023976989697,4304.869082823808,4338.076913937265,4798.062718055326,5146.224679251973,5536.162721421525,4135.782798913324,4391.299006363247,4981.277158880062,245032.16670737168,894.7982517266698,5928.555993824,10313.899409296,14906.191099232,19948.121228544,26300.110301133,35340.447601664004,30874.391896064,44496.939596096,56028.711329792,1498.6005677640346,173.07551302270173,157.24531111495972,157.63045191937255,160.97694825643921,149.53588329248046,152.0706232446289,135.83651049023436,152.84105549999998,88.44713676696777,170.94113415625,60599.96237895128,3380.185484583967,5154.845615257575,5574.162281279529,5923.700537429113,6662.820191940607,7294.296386747373,7880.7108570853325,5430.226096952633,6281.358758946474,7017.656168728578,320103.36711373006,1007.7237692400635,7365.834242664,12798.780486408,18827.25885536,25936.644965376003,34390.862753466005,46437.435940864,37079.244480512,60435.752152704,75823.829467136,1256.5433580251297,145.16516143757485,130.2833821741333,129.65948488668823,133.5110138868408,126.7338470908203,134.80568460742188,120.26120237890625,125.436506421875,76.31143448461914,134.37564065625,121079.18027924273,8687.163785513583,10699.42312586946,11570.792287662964,12121.690616043097,13084.215516729551,13731.10624565328,14612.478433508086,11389.762950248141,11211.227357578717,13971.319960435658,603083.9005605563,2375.106343068127,14234.606690592002,24239.356733120003,37276.252309888005,48671.49511424,61214.388564528,85418.60103168001,78915.012263936,105888.28611238401,144850.79539712,1236.9821751584834,117.66991868201255,123.13247357000732,126.20329242739868,129.6764075861206,130.9453759477539,132.846341203125,130.14514527148438,122.05790915624999,88.66185399401856,135.6434573203125
2070.0,85259.60882567639,6380.398552777273,7635.077816027708,8151.798085857869,8613.045840374307,9100.764521907193,9470.88777689958,9989.81620772482,8003.685071853582,7938.287672565053,9975.847279688916,451844.5937537163,1802.9086888243492,10706.017620872,18022.339614200002,27989.597863936,36088.090873984,45384.236958076006,63512.442084352006,58878.82747904,80078.2855632,109381.847007232,1186.4126003640579,119.82444709687661,120.10632574035644,121.94042288619994,124.73110251220703,123.13127405761718,123.66079509436035,120.34243015820311,117.585292640625,82.8756162244873,132.214893953125,70020.26090491666,4860.927729439091,6199.80718588683,6754.972913458926,6991.732321588299,7562.335718281022,7999.807153690243,8421.367859613483,6555.640114877819,6693.816890905273,7979.853017175645,353011.9657802631,1339.3976182111608,8526.71262681,14682.59447632,22003.826239552,28918.615341696,37325.750184138,49765.595599872,45415.780483072005,62597.997012960004,82435.696197632,1327.7757770312971,140.86072786042928,135.96807488415527,137.63133347067262,140.60276019311522,136.11545287792967,138.13449035437012,130.23974715039063,133.23025746874998,86.76016095117187,148.2327718203125,44882.39154925077,3043.4024304757645,3968.8922247561813,4349.497127665104,4378.553482141239,4833.040161951262,5181.000799683875,5559.401084408433,4171.164431956242,4393.033189450232,5004.406616762493,245538.7441394184,905.7863846173981,5971.93795045,10382.937695228,15014.784104096001,20030.660516224,26409.537807395,35375.748548608004,31094.319677440002,44333.387186816006,56019.644268544005,1502.5954673738927,173.9710264530859,157.78799932257078,158.23628919418334,161.57035046154783,149.90444463793943,152.61744821264648,135.86671981835937,153.487647125,88.01987808215331,171.13366406640625,61170.899161336056,3425.961040642961,5216.880142949397,5638.997989688238,5992.264466470488,6732.837999167538,7371.764599108412,7944.017992139482,5484.133587525078,6301.452418830822,7062.588924813684,321996.8724261542,1020.4766153341346,7446.339933722001,12930.15489016,19028.054339680002,26165.508066944003,34705.422959034004,46696.570521600006,37389.208625152,60477.683955104,76137.452519424,1253.6147371276559,145.35858994146824,130.08975549005126,129.47583234982298,133.32001524414062,126.43169654052734,134.80515887158202,119.80438878125,125.30038478124999,75.51054388146973,133.51837124609375,123548.50386612237,8920.013393189669,10952.041296903764,11844.18838964705,12401.39484689313,13371.160220542675,14029.144774258284,14873.970019628729,11642.72891587818,11327.04854254754,14186.81346663331,613676.1126192166,2449.5627665404463,14607.013535524002,24836.89087976,38241.946358144,49782.054824448,62540.923555664005,86825.750464512,80843.19153356801,106692.67627238401,146856.10242867202,1233.704028984333,117.22425709740067,122.8045514710083,125.97233386117553,129.41908463104247,130.78613692626953,132.80517389697266,129.90457325,121.83570806249999,88.12728721374512,134.82492257421873
2071.0,86186.2129400608,6496.2002772570795,7742.552257040831,8266.841086272674,8727.806955122966,9208.466233189089,9578.841513758282,10070.04942881338,8107.061085865975,7946.881310445049,10041.512792295614,456766.3583934226,1847.460916090601,10907.757370332001,18329.913632072003,28508.671769472003,36628.161659264006,46014.09277976,64124.876612608,59941.164941312,80212.886307776,110251.372404736,1180.678596536569,119.28331119632864,119.564050125,121.46353849435424,124.21125663323974,122.63989248193359,123.2559063071289,119.7617916484375,117.12815003125,82.16078089624023,131.20991872265625,71028.09835172832,4970.186127238339,6308.6237791250305,6874.3833671238,7109.397094951791,7674.668896416099,8114.00528680626,8512.984119996792,6662.65583719697,6733.760578237437,8067.433264636096,356999.4886121649,1370.8717845888928,8678.238257974,14929.522190968,22401.184809376,29338.251877376002,37846.416524938,50244.157899776,46230.732324864,62813.248802016,83146.864140288,1325.2533090585168,140.75408098884535,135.77088436499022,137.50214242971802,140.4399316913452,135.92628510546874,138.0675023416748,129.908083296875,133.124536875,86.1691317692871,147.5907301953125,45180.16618619985,3088.673005343628,4006.802568757333,4391.280408642793,4416.291502563155,4864.422705390157,5211.818746170737,5578.733938470709,4204.591010567029,4392.382063062604,5025.1702372317,246017.93718017836,916.8754721663737,6015.399262528001,10451.71652852,15123.808945728,20111.863623552003,26517.863925060003,35405.728585216006,31314.968420352,44159.293773088,56000.418643968005,1506.1571296871223,174.7970408452339,158.2823564573059,158.78814866378784,162.10743406918334,150.22526434594727,153.1117397828369,135.86572534765625,154.08604984375,87.60353906188965,171.28983126953125,61636.489370954936,3466.0461367628577,5269.93110675243,5694.173551899711,6050.479706773083,6791.749654821401,7437.886882866051,7994.252209502154,5529.86079566231,6309.3876930455945,7092.721632869336,323776.08927808865,1033.0764666306063,7525.691478590001,13059.131014608001,19225.341076896002,26388.4164032,35013.642249044,46939.368167424,37689.548242944,60487.43403385601,76414.440144896,1249.5643771831787,145.43888236607074,129.78224101922606,129.1690385366516,133.00395644995118,126.0149702055664,134.69704175170898,119.23864183984375,125.038865453125,74.6534973852539,132.52724217578125,125782.48201998128,9129.533748044072,11182.25567016091,12094.182892587263,12656.882916879435,13636.14376621378,14307.096160085981,15111.517972588177,11872.914840123121,11423.469818618634,14368.484234679896,624142.7557594823,2524.680082258174,14982.205884608002,25437.806035336,39214.129162432,50896.406333440005,63870.37154076801,88211.64435660801,82774.60333363201,107437.24028313601,148793.66874726402,1229.3299879423846,116.67535202786445,122.36838552307128,125.62446525735473,129.04121218603515,130.51447722998046,132.65277073095703,129.55129411523436,121.49370356249999,87.5325801453247,133.8757471640625
2072.0,87132.30834507605,6614.780085123487,7852.269451917928,8384.282693834148,8844.972248512177,9318.17094423802,9688.73730588984,10151.80965503507,8212.950588147312,7955.808882165026,10108.526490212993,461524.65220726706,1892.0835357070755,11108.888623046001,18635.242533776,29025.382212416003,37161.530168704005,46635.057601586006,64712.272139264,60995.230121984,80297.994537216,111060.97073356801,1175.0024125917143,118.74644893576955,119.02678869677734,120.99124420928955,123.6964769243164,122.15336109960937,122.8552439691162,119.18817816601562,116.676394625,81.45431425097657,130.21396171484375,72058.16428718998,5082.480581374457,6419.976705719577,6996.619295005709,7229.798333891517,7789.316296800957,8230.533433602532,8606.226783882645,6772.42155901785,6774.100996025073,8156.690301869667,360968.94819200813,1402.9162490021095,8831.762362478,15179.100502136002,22803.779210336,29760.733341568,38370.678405880004,50717.124526080006,47055.942467584005,63007.176785312,83839.734341632,1322.7698056986108,140.65025825171136,135.57693465100098,137.376083791687,140.28060966802977,135.74013531591797,138.00350505334472,129.58122771875,133.0230156875,85.58402654895019,146.95400901171874,45484.53242648467,3134.941090039114,4045.4791440899776,4433.956862309656,4454.851021710946,4896.459031629336,5243.321606962718,5598.521728139302,4238.807651882416,4391.795863460988,5046.398426260219,246474.714673459,928.0825861249907,6059.04074955,10520.43082822,15233.555045152001,20192.085702528002,26625.559156764,35431.082005504,31536.982384640003,43975.667324352005,55972.22889062401,1509.790496471156,175.63168309429454,158.78386331277466,159.3477839149475,162.65263969784544,150.55262055322265,153.61534679089354,135.8699462734375,154.693218,87.19043519702149,171.45295963671873,62109.009857328725,3506.791777788996,5323.781571371915,5750.137468368245,6109.551532368048,6851.458329640116,7504.929272545959,8045.160727859958,5576.341709596883,6317.492102292238,7123.3653654963555,325451.21557947574,1045.545583229751,7604.042111516001,13185.996780304,19419.571585984002,26605.993062784,35316.320607466005,47167.242173440005,37981.3320704,60467.477506944,76657.694097408,1245.6255970087193,145.5315171111059,129.48531086865233,128.8721610536804,132.69857649200438,125.60718517138672,134.59924981701658,118.68430318164062,124.789478953125,73.80815539526367,131.54965896484376,128070.58632977733,9344.837447177246,11418.274745870272,12350.47678113031,12918.868821092778,13907.471640446627,14591.610472366443,15354.397718437256,12109.220701568975,11521.647946156252,14553.780055531272,634508.8816218555,2600.5771466793954,15360.747580968002,26043.026313680002,40194.438667200004,52016.406881792005,65204.868788976004,89579.566158848,84712.853602304,108126.63102144,150669.765459968,1225.0243595931538,116.13134653999232,121.93833285565185,125.2822878927002,128.66951491455077,130.2493892939453,132.50668865625,129.20699675,121.15805925,86.94676560021972,132.93497783984375
2073.0,88098.37933942724,6736.218009734445,7964.28943554738,8504.184547666071,8964.605134159821,9429.922296617626,9800.617387896293,10235.131717124636,8321.428330008559,7965.07306954802,10176.909411124308,466137.6900902754,1936.8514265053727,11309.775230912,18938.925607192003,29540.783103552003,37689.430630656,47248.574561474,65277.048101888,62043.455176704,80337.327355264,111815.51889612801,1169.3835387918443,118.21382823291492,118.49451564141845,120.52349678372192,123.18674297515868,121.67161620849609,122.45877826501464,118.62152618164062,116.230005015625,80.75611224957275,129.22691723828123,73111.08699841415,5197.909769001825,6533.939174727516,7121.7640920228705,7353.014579100089,7906.338739637338,8349.452009668314,8701.13716064601,6885.026835461343,6814.8461102353795,8247.658527913572,364929.98636484495,1435.5790704989229,8987.509186594001,15431.710952160001,23212.281104640002,30186.777005184,38899.422078568,51185.682661376006,47892.893761536005,63181.512353440005,84516.618190848,1320.3250262950414,140.54924626208256,135.38621285742187,137.25317595336912,140.1247673428955,135.556994546875,137.94247517541504,129.25915018945312,132.92567825,85.00483376831055,146.32249194921874,45795.63600097655,3182.231260584551,4084.9391594759154,4477.546913417819,4494.250829405676,4929.162433889629,5275.523130173424,5618.773687439038,4273.837088681043,4391.273197445334,5068.098300464135,246913.87067408088,939.424688304871,6102.960681314001,10589.270947536,15344.302654464002,20271.671277824,26733.07576563,35452.467488768,31760.975331328,43783.478200640006,55936.243638272004,1513.4958802547405,176.47501293778515,159.29255088778686,159.9152192111206,163.20600768862914,150.88653698046875,154.12827611572266,135.8793765,155.30932737499998,86.78051797229004,171.6230545859375,62588.58052540814,3548.210314668733,5378.447457579077,5806.903122851124,6169.494283171377,6911.976832594879,7572.908073169755,8096.755360880604,5623.590820978964,6325.76558482357,7154.528674690172,327031.99079653603,1057.9054514820339,7681.540055016,13311.02783624,19611.181946944,26818.837352704002,35614.228569126004,47381.540220928,38265.565724672,60420.159460480005,76870.004178944,1241.7979559820633,145.6364924874649,129.1989584290161,128.58516600717164,132.40385216168212,125.2082789033203,134.51178775830078,118.14134415429687,124.55219212499999,72.97434028393555,130.585543671875,130414.31564718996,9566.107800772486,11660.267988968333,12613.251264407516,13187.541436527166,14185.31066271852,14882.85991705713,15602.750434841737,12351.838992180805,11621.613459172899,14742.773690543532,644798.615908372,2677.372597600006,15743.198490264002,26653.469696088003,41184.502241856004,53143.891431168006,66546.517648452,90932.70471577601,86661.45908326401,108765.15449094401,152490.34551296002,1220.7867453460035,115.59220184167003,121.51438065704345,124.94579084197997,128.30397508843993,129.99083734765625,132.36696199804686,128.87166364648436,120.82874481249999,86.36970785046387,132.00248126171874
2074.0,89084.93097467755,6860.598150406434,8078.673173381561,8626.6134673292,9086.769873667408,9543.767837745361,9914.525118234773,10320.05199423021,8432.573953648352,7974.672756821424,10246.68464921293,470623.0243516543,1981.8383210803274,11510.775881828,19241.543156232,30055.913257792003,38213.051289472,47856.037907394006,65821.500450816,63088.130392064006,80334.59354905601,112519.64014592001,1163.8214917046528,117.68541894555854,117.96717644665527,120.06029323596191,122.68201090838623,121.19463723046874,122.06648095593262,118.06177230078124,115.78898099999999,80.06603928637695,128.24868139453125,74187.51931960533,5316.576342384675,6650.587608019443,7249.902487843838,7479.1288238652,8025.797549729309,8470.823734137584,8797.75832772976,7000.566801376171,6855.997160216834,8340.380484302616,368891.9743133415,1468.9087505494283,9145.70462738,15687.736090544002,23627.357867648003,30617.098170496003,39433.512849796,51650.983325696005,48743.123386368,63337.868255680005,85179.68098918401,1317.9188589054465,140.4510415688071,135.19871130346678,137.13339349661254,139.97241402435301,135.37685301367188,137.8843971291504,128.94181945507813,132.832532875,84.43144331665039,145.69625272265625,46113.62497126934,3230.56908043818,4125.200172731637,4522.071728359352,4534.510346461713,4962.546529639577,5308.437210621294,5639.500167603147,4309.6985976303495,4390.814635776861,5090.276502007281,247339.85721113923,950.9184206381975,6147.254571308001,10658.420223964,15456.326219232002,20350.947274112,26840.846911037002,35470.499561472,31987.555631104,43583.603452864,55893.484945408,1517.2735632291092,177.32710926304483,159.80846056283568,160.49050792913818,163.76756150985716,151.22703793505858,154.65060596118164,135.8940386640625,155.93439675,86.3737650875244,171.80007956640625,63075.31269786351,3590.3140397409143,5433.943287674351,5864.483937446797,6230.322289179683,6973.317294620402,7641.836887958312,8149.0429369330695,5671.624447119054,6334.2118353313,7186.215741859557,328527.57567328785,1070.176665435776,7758.326114654001,13434.48964284,19800.592324608002,27027.517365760003,35908.096287318,47583.523685376,38543.22089984,60347.65968316801,77053.97300428801,1238.0808551866417,145.75382149718857,128.9231438616333,128.3080613305664,132.119753642395,124.81819047607421,134.43461177270507,117.60963506445312,124.327105234375,72.15191660412597,129.634615703125,132815.24259127933,9793.535250049712,11908.409002150822,12882.694846178856,13463.095587611357,14469.837127986078,15181.016046562141,15856.719037172414,12600.969514242688,11723.413381519664,14935.552797805749,655035.4291558695,2755.1857017133652,16130.113944644001,27270.036154240002,42185.936438464,54280.669979904,67897.375726792,92274.09045504,88623.95934310401,109356.93432588801,154261.12708608,1216.616913831004,115.0578757455244,121.09648258917235,124.61496023538207,127.94455834252929,129.73882857714844,132.2335603911133,128.54524833203124,120.50577028125,85.80138850482177,131.07824083203124
2075.0,90092.48110063793,6988.005936574716,8195.484495472516,8751.634910497629,9211.533921969773,9659.755934496263,10030.504597722509,10406.607047180772,8546.464241795864,7984.616078908474,10317.87393601929,474984.3400709596,2027.0223800075707,11711.813224686,19542.989120640003,30570.652555392004,38732.340810752,48457.402406170004,66346.135151104,64129.174978560004,80291.88922707201,113174.920216576,1158.3157493715562,117.1611838385973,117.4447390314331,119.60157993835449,122.18225919659423,120.7223897758789,121.67831605664063,117.50884156445312,115.353217234375,79.38405977429198,127.2791629609375,75288.13873472685,5438.587121339484,6770.000723298634,7381.123579679897,7608.225328555117,8147.756035489164,8594.71518600485,8896.13478143036,7119.140555921851,6897.562672471476,8434.892750536083,372857.1842284053,1502.9111870192953,9306.362313194,15947.186745456002,24049.09296496,31051.769203072003,39973.045587024004,52113.310514176,49606.903431168,63477.071527264,85829.530755072,1315.5511542083939,140.35564877885912,135.01442388671873,137.01675916574095,139.8235151916504,135.19968376464843,137.82928508483886,128.62922234765625,132.743608625,83.8638415234375,145.07516583984375,46438.66139121212,3279.981032528482,4166.280174045172,4567.553322801221,4575.650654036063,4996.625292919899,5342.078849891032,5660.712507061144,4346.415008192892,4390.422683443814,5112.941866292416,247755.5170884278,962.5672976647575,6191.94865627,10727.937510716001,15569.723426912002,20430.049201728,26949.068793601,35485.577672192005,32217.090121728,43376.826263744006,55844.728143872,1521.1240226009263,178.1880602922411,160.3316408439636,161.07369720101929,164.3373954021301,151.57412623559568,155.18237264941405,135.91397072460936,156.5684968125,85.97019943164062,171.9840630078125,63569.330519685755,3633.1157208565223,5490.285007806645,5922.893567137355,6292.050811155428,7035.493806149417,7711.734144495767,8202.035474329543,5720.457697161941,6342.827495187712,7218.436795405582,329941.47997077665,1082.3565402106512,7834.39109246,13556.382858496001,19987.82756592,27232.116146176002,36198.071828378,47773.663797248,38814.665359360006,60251.322619328006,77210.6821632,1234.473867298533,145.88351150477075,128.6578532197876,128.04083020446777,131.84627263366698,124.43691210546875,134.36777323791503,117.08911719726562,124.11408987499999,71.34066322644043,128.69684409375,135274.94306825884,10027.316454353626,12162.876338749238,13158.997964416778,13745.731846871826,14761.226513961768,15486.257215318676,16116.449842488802,12856.81644321138,11827.078994941032,15132.191453945632,665224.9652851521,2834.0067467760236,16521.480136804003,27892.731080472,43198.809660224004,55426.859420672,69257.608774668,93604.466629632,90600.609939456,109904.627048384,155983.765848064,1212.5142309184855,114.52832667835807,120.68459618682861,124.28975196571349,127.59123369976805,129.49331695849608,132.10648377490233,128.2276953828125,120.1890605,85.24166368957519,130.16210208203125
2076.0,90948.13484817643,7098.953843004721,8296.680347980035,8860.092944017772,9319.405856343146,9760.16935829422,10131.843260920286,10478.794038592016,8645.183036743952,7986.361999790015,10370.650162490663,479183.4972890235,2072.061222371432,11911.429645794,19841.092862072,31081.200085184002,39243.344063616,49048.18946989,66846.192397312,65158.78658048,80207.878984448,113773.321977856,1151.714991911074,116.52847660217523,116.8116976539917,119.02611789807128,121.56258021228027,120.1360380234375,121.17516428442383,116.84532322851562,114.799520875,78.64443694177245,126.18563619140625,76319.1648876647,5554.778489010081,6882.82844544665,7504.784035048726,7729.813587747894,8262.458556286734,8711.550295449633,8987.032710827794,7231.064397417219,6934.451597147431,8520.402773282693,376806.58711085113,1537.454195007192,9468.854312656,16208.965136320001,24475.71361056,31488.903843840002,40515.678897716,52570.394023936,50480.724164608,63598.048138368,86461.85078784001,1312.3120445032287,140.16653705355213,134.74169020062254,136.80516243435667,139.57548137939452,134.9336025493164,137.6825953470459,128.23502844531248,132.5562313125,83.26184492565918,144.35387085546876,46743.87428851271,3327.7741006577694,4205.189556171936,4610.636374700632,4614.53984861302,5028.17571963101,5373.09668325384,5679.456337614281,4381.724611620188,4389.41697851962,5133.864077730401,248159.2584409116,974.3371096145623,6236.887344216,10797.543674604001,15684.117455872001,20508.59594528,27057.278743613002,35497.505388544,32449.303699456003,43163.860475808004,55789.828603904,1524.6647771090775,178.99965672727203,160.81887071694945,161.61278050839232,164.8595023588562,151.88607341503905,155.67459175415038,135.91740376562498,157.15532996874998,85.59063407373047,172.1499338203125,63996.34385079133,3671.3485523266504,5540.248561494899,5974.430662642639,6346.570182831233,7090.434155246028,7774.48081447798,8247.317790492838,5764.512175906463,6345.78416381253,7241.216791559971,331262.00312644744,1094.3804806435164,7909.329121282,13676.01809148,20171.87527504,27431.414890624,36482.719594706,47950.329403392,39078.67947008,60130.29207241601,77336.964726784,1229.821478583588,145.9136014573674,128.28761526861572,127.65813620983886,131.4555293139038,123.9502871142578,134.2029400748291,116.46424884179687,123.77501401562499,70.47453495532227,127.63957133203124,137563.51547142694,10241.407369630197,12399.379794178432,13416.31181360857,14009.182676508646,15035.70920015217,15776.2443094525,16360.408382073163,13095.513649389824,11922.759778062127,15306.598498371179,675314.7507315207,2913.360686116584,16915.328450408,28518.619979392002,44217.795403008,56576.860705024,70621.073913012,94917.16280115201,92580.90610688001,110406.556332096,157647.08635443202,1207.351416972847,113.90086882820891,120.16856836828613,123.85315313871764,127.12261094122314,129.13805556982422,131.86879912915037,127.79651732421874,119.7561038125,84.62289293103026,129.1238469296875
2077.0,91820.67704369145,7212.309656316631,8399.815023614616,8970.62289676765,9429.357298906376,9862.293513378057,10234.86314883168,10552.335538321082,8746.15182994664,7988.441581415183,10424.486556193582,483237.92021786567,2117.030499129658,12109.993895692001,20136.461521288,31588.615526016,39747.286814592,49629.83845686,67323.968999936,66179.32007014401,80085.8928904,114319.51154380801,1145.180855179127,115.9008823785901,116.18455828277587,118.45608275268555,120.9488734107666,119.55534151318359,120.67690281445311,116.18960417578124,114.25204545312499,77.91386381573486,125.10270058203125,77372.08386941109,5674.056175535851,6998.174218924415,7631.233735728098,7854.1013420204945,8379.413438013564,8830.674756937888,9079.508157823466,7345.761952422294,6971.701558672946,8607.45853333208,380749.5706485912,1572.5879141531905,9633.414248772,16473.465787984,24907.904675232003,31929.235787520003,41062.32008389,53023.392695296,51366.099730432004,63702.314254976,87078.83547033601,1309.1126184067734,139.98012794357777,134.4722421916504,136.59672479522703,139.330948888916,134.67058905908203,137.53879073937986,127.84571401757812,132.3729868125,82.66602806433104,143.63846589453124,47055.788469319334,3376.593487728874,4244.875770518545,4654.622870708556,4654.265477557398,5060.382087202332,5404.809321378076,5698.665881895102,4417.862664916149,4388.475099339926,5155.235808074279,248555.22117302608,986.2450249800243,6282.167438988,10867.42277578,15799.779853920001,20586.908993408,27165.894862494002,35506.861986816,32684.75723776,42945.431106912,55729.751891968,1528.2713721792754,179.81910133277893,161.31265528399658,162.15895083010864,165.388987841156,152.20410558374022,156.17570527111815,135.92566680078124,157.750135,85.2139933605957,172.32207087499998,64429.68968293667,3710.1872059158895,5590.938651813457,6026.667933933277,6401.851988260844,7146.088249482253,7838.085910342649,8293.228011054907,5809.310155192253,6348.904328578309,7264.42724836294,332498.1762556141,1106.2707928540283,7983.2901756480005,13793.672204544,20353.167152128,27626.000566912,36762.794029928,48114.772443136004,39336.231632896,59986.63647395201,77435.340783616,1225.2870776539773,145.95619692643834,127.9285418291626,127.28591159802245,131.07601945648193,123.4732934477539,134.04902795690919,115.85144983789063,123.4484120625,69.6208660036621,126.59735853515625,139904.2941967968,10460.915360097128,12641.44894370263,13679.685169083852,14278.900447676986,15316.385218092151,16072.72179128679,16609.66096968083,13340.184607501471,12020.22818828328,15484.163501391708,685327.8066021381,2993.3655562059316,17312.22222552,29148.627650032002,45244.510300480004,57732.487492352004,71989.858897036,96215.220588544,94568.32851148801,110866.52156224001,159256.66381824002,1202.2639126602583,113.27902554146861,119.65935847515868,123.42289266908264,126.66089088543701,128.7899250908203,131.63785286938477,127.37487330859375,119.33008212499999,84.01357506640625,128.09543662890624
2078.0,92710.48257807014,7328.137497647755,8504.93554496063,9083.273686068133,9541.43724478214,9966.164413121085,10339.597390804149,10627.260498141786,8849.426490889286,7990.858118418846,10479.391693236275,487164.20726150984,2162.0039786298803,12307.863889428001,20429.679645256,32093.908519424003,40245.337967744,50203.727278212005,67781.6738816,67193.06660249601,79929.126571616,114817.818927104,1138.7125332840876,115.27835948757887,115.56325574475098,117.89141007159424,120.34108052459716,118.98026105273436,120.18350203710936,115.54161769140624,113.71065359375,77.1922413227539,124.03015175781249,78447.4802694453,5796.5161766256115,7116.108124500912,7760.549547760072,7981.162899812169,8498.676581845335,8952.146635972307,9173.600399896897,7463.31852396572,7009.316538420872,8696.084840645542,384695.21931622934,1608.3626545193658,9800.275429556,16741.080065184,25346.345145408002,32373.483281024,41613.85615081,53473.417549824,52264.550907904006,63791.292318112006,87682.555813888,1305.9523805901526,139.79640875870132,134.2060684194946,136.39142120816038,139.08989589801024,134.41062483593748,137.39786884667967,127.46124116015625,132.193811125,82.07632075598144,142.92871958203125,47374.54449401837,3426.4638473567006,4285.35601002485,4699.533266916687,4694.846172219157,5093.256876993996,5437.229111276333,5718.3495175954395,4454.8489032226025,4387.597409320845,5177.063379091772,248947.33937059113,998.3078609440948,6327.882667658,10937.753719024,15916.973276096001,20665.299427008,27275.320988341,35514.17817344,32924.006481920005,42722.210988000006,55665.40578816,1531.9438912956653,180.64644641392087,161.81302862646484,162.71223664364624,165.9258535585327,152.5282135915527,156.68578999401853,135.93872829492187,158.35287175,84.84027231323242,172.50045010937498,64869.4593032549,3749.6421787250783,5642.368138159926,6079.6159076347185,6457.907458234814,7202.466099526023,7902.565102919848,8339.773188399862,5854.862724096868,6352.189833530384,7288.0686720274125,333658.6590228079,1118.0487198679396,8056.417975088,13909.610747528,20532.118028384,27816.433273984003,37039.028261092004,48268.178034688004,39588.236623872006,59822.290490464,77508.29686784,1220.8696609109215,146.01127309019708,127.58055847058105,126.9241063124237,130.70767417822265,123.00582153564453,133.90602077941895,115.25061707226563,123.1341124375,68.77947517138672,125.57000186328125,142298.64797033658,10685.997864298848,12889.233022462864,13949.278751406813,14555.052853558143,15603.40671965632,16375.847424504665,16864.339098948407,13591.008581599997,12119.526760730816,15664.95689316946,695286.4351234173,3074.138454381201,17712.71506202,29783.661822880003,46280.542374976,58895.510356736006,73366.003150088,97501.56351488,96566.320447488,111288.181443712,160817.798496256,1197.2512485693703,112.66274413206862,119.1569061204834,122.9989123516693,126.20601122265624,128.44887182421874,131.41362396533202,126.96269346289061,118.9109943125,83.41363878302002,127.07685239453124
2079.0,93617.95879762253,7446.502848581535,8612.091518076322,9198.098046985793,9655.69834966943,10071.817000641418,10446.079850523132,10703.600105520873,8955.073984384217,7993.610594410976,10535.386498828679,490978.21558483166,2207.054221889719,12505.388906518001,20721.31753788,32598.076363712004,40738.628691328006,50771.17691780801,68221.393014272,68202.241540096,79740.558458656,115272.379932672,1132.3095431427942,114.66086062970209,114.94775202581786,117.3320841614685,119.73916624591064,118.41073236376953,119.6949058071289,114.90130252929687,113.175343578125,76.47943100079345,122.96796480078125,79545.9747210337,5922.258360161817,7236.703574955049,7892.812847257802,8111.076244856563,8620.3058969392,9076.024490742528,9269.350582695839,7583.826327890454,7047.29949644706,8786.31689908757,388652.41351032304,1644.8294085489977,9969.670945062,17012.195611760002,25791.716121152003,32822.363050240005,42171.154110168005,53921.536544768,53177.586778112,63866.374825440005,88274.98611507201,1302.8312318147778,139.6153692319226,133.94316637164306,136.18925888528443,138.8523106121826,134.1537036689453,137.25980279321288,127.08158580664062,132.01872740625,81.49264639416504,142.22466064453124,47700.29550985759,3477.410627262071,4326.64788251642,4745.388314780167,4736.301977693355,5126.813774386455,5470.371383852974,5738.517933507864,4492.705329205731,4386.7839813702585,5199.35430528232,249339.4054614132,1010.5422356831634,6374.124784306,11008.70953822,16035.956076256001,20744.063105152,27385.949793540003,35519.968769024,33167.588294656,42494.88269792,55597.620166656,1535.6826711617537,181.48176614332104,162.32002014025878,163.27269594995116,166.47016194628907,152.8584279465332,157.20486279296875,135.95659403515626,158.963646375,84.46943765258789,172.6850581796875,65315.76554572614,3789.7246745977322,5694.5508653995885,6133.286649121183,6514.749535284946,7259.579064780663,7967.931621497312,8386.963513369983,5901.187489338204,6355.642508298413,7312.149624038139,334751.5858698762,1129.7348039682622,8128.850708394,14024.088025296001,20709.126004256002,28003.247248768002,37312.114547322,48411.680474112,39835.574771712,59639.09386128,77558.075424768,1216.568711772333,146.07880678606605,127.2436208514099,126.5726911963806,130.35044894311523,122.54783083398436,133.77386299780272,114.66164873828124,122.83222928125,67.95019752685546,124.55737461718749,144747.99548429245,10916.818245663413,13142.888195142274,14225.262439774448,14837.8173657384,15896.935121989436,16685.782789547633,17124.581919412183,13848.168892054005,12220.697938552747,15849.042576417922,705212.2517399947,3155.79623655483,18117.360250052003,30424.620761848,47327.47113747201,60067.676054016,74751.51319445201,98779.02825676801,98578.25882112,111675.016385024,162335.51064268802,1192.3130622430429,112.05197613209629,118.66117085620117,122.58120368821716,125.75796153521728,128.11489028222655,131.19609947973632,126.55995082617187,118.49881921875,82.82300559942627,126.067984625
2080.0,94543.51174866653,7567.473697457145,8721.333061397048,9315.147358536155,9772.191882041287,10179.288503152678,10554.34435060186,10781.38277869334,9063.157856205202,7996.705530734121,10592.486729847891,494681.0054701054,2252.153421013378,12702.462514704,21011.222913736,33100.888354560004,41226.967974784005,51331.995839596006,68643.294765568,69206.423830528,79521.559911168,115684.03594444801,1125.9712730040135,114.04834968923997,114.33798851025391,116.778036167984,119.14307032171631,117.84671296728516,119.21107790905761,114.26856801171874,112.64604978125,75.77536532519531,121.9160543203125,80668.20442714459,6051.3860260524825,7360.0347327587215,8028.105347771841,8243.921908323504,8744.358976057552,9202.370052810922,9366.801237412556,7707.379274315393,7085.659223532238,8878.187648109417,392622.03266801033,1681.992037994309,10141.603209282,17286.803931704002,26244.041424544,33275.876297088005,42734.219030886,54367.8360064,54105.30246656,63927.994632960006,88856.36363059201,1299.7489266933082,139.43700595145654,133.68350581036376,135.9902033201599,138.61819915771483,133.89978447167968,137.12458502001954,126.70671957812499,131.84773690625,80.91498739160156,141.5261990859375,48033.19401679177,3529.4602765579043,4368.769374107533,4792.209471980425,4778.652598178416,5161.0663219560865,5504.249665191203,5759.1812564290685,4531.454345717685,4386.0358616031435,5222.114845070238,249732.91298823734,1022.9493524213299,6420.905583250001,11080.32287544,16156.778858144002,20823.264927232,27497.873388102,35524.454898688,33415.713193984004,42263.835018944,55526.814892032,1539.4879297651628,182.32512570266294,162.83366879653929,163.84033878500367,167.02193039953613,153.19474535864256,157.7329807697754,135.97928895117187,159.58248453125,84.1014888729248,172.87587759765626,65768.7071270724,3830.446350825552,5747.50140612198,6187.691943642965,6572.390233482434,7317.438310521999,8034.201328138463,8434.807308328593,5948.298279362985,6359.259324904445,7336.672641742926,335778.848798325,1141.3263766730315,8200.570557566001,14137.087014080002,20884.182834816,28186.463256576,37582.108416182,48545.497520128,40078.44265984,59437.827190560005,77585.342971904,1212.3834312674317,146.1588078432069,126.91769364285278,126.23164052117919,130.00429926641846,122.09925016992187,133.65254737365723,114.0844282265625,122.54269759374999,67.13280573144532,123.5592608984375,147253.74988140803,11153.544604412788,13402.573992818243,14507.808557073155,15127.37091426719,16197.129404753048,17002.693440185714,17390.526884104267,14111.851196417476,12323.778192337702,16036.47269503837,715107.3506384578,3238.319013553659,18526.096981604,31071.438342584002,48385.200750016,61248.901499904,76146.34559409201,100047.87590553601,100603.96661964801,112028.60782233601,163810.598109184,1187.4485945272827,111.446672407547,118.17210319165038,122.16971872581482,125.31666803027343,127.78791624072265,130.98525973779297,126.16657209570312,118.09348696875,82.24155748840332,125.068639640625
2081.0,95306.8874964387,7671.638451711299,8814.477681575741,9415.151980241893,9871.007695547185,10270.297705622075,10646.73012443683,10843.075083938824,9154.463838058426,7989.845186998822,10630.199748307588,498231.4341291635,2296.954598349537,12897.591014192001,21297.217421328,33598.428258624,41706.252108544,51881.601538462004,69042.272494592,70197.466497024,79269.491918368,116044.15827968,1118.5167046808142,113.33173899813603,113.61493392114258,116.10583847265625,118.42386288409423,117.16357501074218,118.60943993347168,113.52125907617187,111.999371078125,75.00777400158691,120.73891130468749,81711.33308750561,6174.206403771535,7476.289627816117,8155.299686337122,8368.491143228131,8860.3770569183,9320.488977043828,9455.344353065808,7822.887632219953,7117.946628435185,8960.001578669493,396581.8340072943,1719.7067749383134,10315.391560904001,17563.748010512,26701.368136096,33731.954901888,43300.482101484005,54809.667357696,55043.619602432,63974.200618112,89421.69494323201,1295.8882284863776,139.1746039130745,133.34480307055662,135.70558012524413,138.2927436691284,133.5647292084961,136.90626107421875,126.26256323242187,131.587553375,80.3113054979248,140.7380853203125,48340.357908449245,3579.5223793581276,4408.402846549597,4836.371326710276,4818.357183592545,5192.355937479819,5534.802896830591,5776.657122431137,4568.049141823284,4383.444775958717,5242.3942977151055,250123.75706451316,1035.4885880861361,6468.034834134,11152.271602284001,16278.953262208,20902.387364096,27610.400802729,35527.144418304,33667.758628864,42029.039173024,55452.278390784006,1543.1014153503709,183.1269533803086,163.32194467755127,164.3780076549072,167.53599635647583,153.50224365820313,158.22305848132322,136.00411209179686,160.17461724999998,83.77370131933593,173.06078048046874,66148.58378525045,3866.76412194421,5793.999806145196,6235.155965736067,6622.547136913128,7367.533817106622,8092.321959466852,8473.481694233242,5989.647293584471,6355.875346282358,7351.256643838258,336726.4337279042,1152.762575398213,8271.168632798,14247.915189488001,21056.24423824,28364.772274432,37847.388748204,48667.614187520005,40315.311136768,59216.798579808004,77586.45816524801,1207.3006790880313,146.14822951980923,126.50266469381714,125.79563875532531,129.55700876654052,121.55631172167968,133.43923497045898,113.419022875,122.15346098437499,66.27017452758788,122.4589322734375,149569.70157223486,11369.921501070585,13643.274144213425,14770.399765083783,15396.168020061079,16478.700377399287,17302.113724246115,17637.861635159923,14355.901882180877,12415.733761655116,16199.626761164503,724913.0580656963,3321.2154219765066,18936.865456052,31721.062510872,49448.065742912004,62433.174365184,77543.97827206,101300.73205452801,102632.289009664,112345.1004848,165230.574747648,1181.499522340412,110.74793739151382,117.57601521496582,121.64498098924255,124.75661897851562,127.3454006088867,130.65985591430663,125.65472922460937,117.57242049999999,81.59561812774658,123.945945390625
2082.0,96084.76181991125,7777.84553816127,8909.268332838594,9516.917430200812,9971.598227057875,10362.748230527666,10740.551720875299,10905.968126280715,9247.745474892185,7983.353294360694,10668.765444716259,501645.8879011795,2341.5331321374047,13091.140126362001,21579.899664,34091.71902304,42177.665346176,52421.400760408,69420.49081548801,71177.681502208,78987.27263408,116357.08489728,1111.1397446693807,112.62121441156816,112.89888090295409,115.44010626623535,117.71179745080566,116.48715226123046,118.01356850097656,112.7828171796875,111.35987756249999,74.25008939904785,119.574240734375,82775.8657677671,6300.138448284988,7595.030130040738,8285.229209401992,8495.704486888422,8978.573891253083,9440.842350648954,9545.405697182883,7941.156832962926,7150.559573344702,9043.2251477584,400541.0756892288,1758.0257675707555,10491.27762805,17843.433097224002,27164.396867712003,34191.339216,43870.859425184004,55248.158393344005,55994.108166144004,64006.397432640006,89973.07969536001,1292.0678147515143,138.91483787303542,133.00944727478026,135.42412840179443,137.9708452557373,133.23283368603515,136.69079786279298,125.8233350234375,131.33143496875,79.71387840515136,139.956276,48654.265879750004,3630.6237982069015,4448.818327155868,4881.441055392867,4858.905374475802,5224.2969898158835,5566.055848372745,5794.610176783792,4605.5005523168775,4380.914886172589,5263.09887105658,250515.61403421868,1048.177146120639,6515.6064648500005,11224.731203832001,16402.740411104,20981.728482624003,27723.930743160003,35528.54352384,33924.254867456,41791.074351168005,55374.826840064,1546.7752025539187,183.9359354061222,163.8163102658386,164.92229064575196,168.05679523937988,153.81539346752928,158.72161381726073,136.03341203320312,160.77402321875,83.44841011242676,173.25101834765624,66534.3049734715,3903.640843562649,5841.1612525994315,6283.244208055246,6673.385554732303,7418.267613675879,8151.248574204568,8512.739523622313,6031.723899596836,6352.6721573103805,7366.221346111734,337602.7445708447,1164.0655047146788,8340.792000250001,14356.843294648,21225.731907936002,28538.742335872,38108.698990272,48779.190185984,40547.089309696,58977.815655872,77563.7753856,1202.341382351353,146.1501755692029,126.0992627444763,125.3707089304962,129.1214629033203,121.02357608984374,133.2373320229492,112.76623112695312,121.777139828125,65.42054324926758,121.37494988671874,151935.70612773325,11591.313777824083,13889.265629663614,15038.781486071377,15670.970081972102,16766.284956826134,17607.906158017617,17890.41439953694,14605.72176155797,12509.517137417064,16365.530738846282,734651.4053783284,3404.6024749924327,19350.22731604,32374.419558312,50517.677744832006,63622.284822528,78946.493874744,102540.51818291201,104666.60568268801,112627.988555584,166600.58716569602,1175.6343750453138,110.0556211535139,116.98756864440918,121.1273475627594,124.20437458496093,126.91069116992188,130.34167595996092,125.15317305078125,117.05913246875,80.95987978619384,122.83491066406249
2083.0,96877.41408934504,7886.143873435781,9005.740840774584,9620.482155952619,10073.999601246993,10456.666569025776,10835.832848534905,10970.08150823583,9343.050324113816,7977.232131395298,10708.184236629759,504939.9683554097,2385.9622840015545,13283.465436932001,21859.852126608002,34581.765577856,42642.352041984006,52952.732530076006,69780.041586176,72149.273624576,78677.681063872,116626.84208332801,1103.8394128343887,111.91672404802704,112.18974855792236,114.78078266661072,117.00677630340576,115.81738106103515,117.42339617150878,112.05312240039062,110.72748056249999,73.50219925830078,118.42180180468749,83862.35246530709,6429.274497252522,7716.322467926533,8417.966780775332,8625.63124215474,9099.001381706372,9563.485731253404,9637.019487866224,8062.267759345596,7183.502831364729,9127.880285661742,404508.58268597216,1797.001495778157,10669.502897064001,18126.257449840003,27633.816249152,34654.755851776004,44446.257968122,55684.375687168,56958.265294848,64025.88004656001,90512.469745664,1288.2872872789287,138.65768963253592,132.67742064819336,135.1458519182434,137.65246986340333,132.90408298339844,136.47820866699217,125.38896584179687,131.0793293125,79.12266054858398,139.18060786328124,48975.065378769184,3682.788378550671,4490.032226050117,4927.4382162335605,4900.316046085641,5256.901597583518,5598.020860672736,5813.047666858513,4643.831139771733,4378.449317723254,5284.239929239481,250911.92120990416,1061.0318502201717,6563.712458268001,11297.872861708001,16528.39321456,21061.576928512,27838.838102012003,35529.112702464,34185.711722496,41550.463159232,55295.20821043201,1550.5098088301115,184.75211763568402,164.31677173571777,165.47321306161498,168.58437147143553,154.13419149145508,159.22867078930662,136.0671473984375,161.3808365,83.12565949645996,173.44682924999998,66925.96389430597,3941.0867323766893,5888.997680317356,6331.966806525149,6724.91576313652,7469.6503244009355,8210.993461232152,8552.589235209192,6074.541977683698,6349.64941189704,7381.572501527344,338415.7093469192,1175.2561556292462,8409.582317172,14464.128726136001,21393.046482336,28708.91140864,38366.753073454005,48881.322872832,40774.636904448,58722.56894739201,77519.50245888,1197.504550716081,146.16462015748738,125.70740461547851,124.95677534542845,128.69759036672974,120.50098010058593,133.0467933922119,112.12593844921875,121.413608046875,64.58369176159668,120.30714848046874,154352.97952532594,11817.854646849983,14140.682493896571,15313.097206867506,15951.927305328403,17060.022299575943,17920.21696842125,18148.30659359219,14861.470881894755,12605.167729517709,16534.233399381614,744343.5719793328,3488.5955371447926,19766.73610578,33032.41679312,51595.603338624,64817.972095232006,80355.907385656,103770.013989888,106710.272212992,112880.48423123201,167925.570289664,1169.8524536410646,109.36966111150836,116.40670497296142,120.61674804573059,123.6598645189209,126.48372981249999,130.0306824650879,124.66181849218749,116.55358556249999,80.33424072607421,121.73541793359374
2084.0,97685.15309642206,7996.583568529179,9103.934165050134,9725.885371589742,10178.252549042421,10552.078277542849,10932.599908512197,11035.44082079682,9440.430241246422,7971.479974502494,10748.468219609646,508128.57769060263,2430.3132858526724,13474.910124838001,22137.632591272002,35069.529427168,43101.40968832,53476.885713568,70122.8567424,73114.437861376,78343.356740032,116857.24551577601,1096.6149465271358,111.21820631128502,111.48748065045166,114.12779307382202,116.30874591687011,115.15417388330077,116.83887312841796,111.33209503320312,110.1021253125,72.7639431118164,117.28151010546874,84971.3703960033,6561.710358950485,7840.235239211143,8553.587588473627,8758.344822657129,9221.712163767941,9688.474619865949,9730.224563140599,8186.30383663987,7216.779269183953,9213.99793411257,408493.03684290464,1836.6866386386316,10850.306803544001,18412.618282376003,28110.324264192,35122.927197056,45027.558338634,56119.348458496,57937.64784537601,64033.868228544,91041.75078604801,1284.5464148325004,138.40315673902512,132.34870138580322,134.87073297854613,137.33761988134765,132.578457703125,136.2684656972656,124.9594307890625,130.83117981249998,78.53756188879395,138.41110795703125,49302.90089650201,3736.0410888555825,4532.061939290429,4974.384071389588,4942.6079170346475,5290.182880769565,5630.71280424516,5831.981660549846,4683.062764247066,4376.045932949593,5305.819837170655,251316.0317732278,1074.0693807628024,6612.442180104001,11371.863982212,16656.16205056,21142.212517824002,27955.491344261,35529.291895808004,34452.642807808,41307.735661504004,55214.119952384004,1554.3053073924368,185.57555275437545,164.82336549349975,166.03083976171874,169.11872241238402,154.458665486084,159.74428882531737,136.10537577734374,161.99509581249998,82.80537829968262,173.64802276953125,67323.64938634328,3979.1117711334796,5937.521879815693,6381.333466044693,6777.148626806783,7521.6898258979545,8271.573263146112,8593.037954864903,6118.11439746911,6346.807442829774,7397.310758334835,339172.8678349696,1186.3548490015562,8477.675292834001,14570.018278352001,21558.574184128,28875.793487872,38622.234634814005,48975.054364672,40998.790930432006,58452.669256192006,77455.70255667201,1192.789130409026,146.19151543223475,125.32702910592651,124.55377938420105,128.28530879537962,119.98841639746094,132.86757353930665,111.49799741015624,121.06283896875,63.75941596936035,119.25525540625,156822.7684808011,12049.683420427351,14397.661850923958,15593.49640627981,16239.196857022924,17360.057172405006,18239.192199534256,18411.66872670359,15123.306226014394,12702.724804049667,16705.780817440478,754010.3884725838,3573.3088694399426,20186.939326268002,33695.949383728,52683.40424352,66021.966913536,81774.216086556,104991.929791488,108766.70535270401,113105.65414656,169210.314358784,1164.1529930707034,108.69000543921851,115.83336008477782,120.1131319577179,123.12303635253906,126.0644725546875,129.72682899072265,124.18060136523437,116.05567318749999,79.71857940393066,120.647303734375
2085.0,98508.2851459387,8109.216129039407,9203.886268759607,9833.168211829086,10284.39771221436,10649.011492316882,11030.87933303227,11102.066224580574,9539.93571159454,7966.099497676185,10789.624564895841,511213.19416048826,2474.555972326179,13665.367877164,22413.105512272003,35554.778061632,43554.678496128,53993.709904838004,70449.251118592,74072.7431168,77985.744216192,117049.25988454401,1089.46559245857,110.52560863421392,110.79200366839599,113.4810942317047,115.61764694317627,114.49748098095702,116.2599520222168,110.61961975390625,109.48374745312499,72.03521551306152,116.1532232578125,86103.5161627369,6697.545146491349,7966.839561197538,8692.16893929773,8893.918792969964,9346.760677994975,9815.866366390243,9825.062180167723,8313.35404260735,7250.394530103713,9301.605925516167,412496.03338237363,1877.0849087816898,11033.702170252001,18702.523626392,28593.959352128,35595.895870976005,45614.827398868,56553.287645184006,58932.378632192005,64031.027008704004,91561.34676889601,1280.8449055349597,138.15122047258185,132.02327272021483,134.59875775622558,137.0262523165283,132.2559275810547,136.06153674499512,124.53470666210937,130.5869879375,77.95853895703125,137.64770438671874,49637.919206168524,3790.4071799835287,4574.924864667721,5022.299103420177,4985.8006769696485,5324.152289335522,5664.144256168794,5851.422176303252,4723.216063100934,4373.70473630083,5327.847859918136,251730.0491287577,1087.2935880366763,6661.826553598001,11446.766672988,16786.133041920002,21223.757182208003,28074.048645239003,35529.386756096,34725.286477824004,41063.418170144,55132.132040704004,1558.16172216019,186.40629126120328,165.33612509262085,166.59517692248534,169.6598868694763,154.78876934472655,160.26847940551758,136.14808063476562,162.61675159375,82.48753910595703,173.85462192968748,67727.45371477607,4017.7262670105697,5986.746142632275,6431.3547257587215,6830.094281064868,7574.3967625270925,8333.000196878455,8634.093057832277,6162.456592422257,6344.145191945419,7413.440496704051,339877.2487443849,1197.3631491129033,8545.082668482,14674.543432296,21722.377109216002,29039.496174080003,38875.308138078006,49060.763203584,41219.806232576004,58169.140529952005,77373.368107008,1188.1943029006866,146.23083371535347,124.95805318081665,124.1616899861145,127.88457261410522,119.48582750585938,132.69963154296875,110.88230144140624,120.72476029687499,62.947513988281244,118.21911862890624,159346.36882570427,12286.94064331575,14660.344122983044,15880.131813129212,16532.937386730948,17666.53545697222,18564.988217257465,18680.62922337924,15391.408153296838,12802.228287302903,16880.225521336684,763654.2203235555,3658.717111215472,20610.770576276,34364.952075312,53780.946922368006,67234.18795392,83201.38209976001,106206.687282176,110835.643973632,113305.239410112,170455.692918784,1158.53538335176,108.01658496662807,115.26746704846191,119.61644233703613,122.59382288378906,125.65284872265624,129.43009835559081,123.70943515429687,115.565427828125,79.11277606689453,119.57047998828125
2086.0,99184.61663754638,8205.298417154856,9288.619931376103,9924.452922879012,10373.835231770649,10730.984229133031,11114.858578108802,11155.031626036985,9623.818526712485,7953.710347552841,10814.006826821922,514159.4704106944,2518.350820254337,13853.422298156001,22684.27271864,36033.83656896,43998.454083072,54499.1133715,70755.211576832,75016.82760089601,77603.643941856,117196.337430528,1081.2756083195852,109.73295226469945,109.98547493072509,112.72028237696838,114.8085493574829,113.72944466601562,115.57159023486328,109.79902667382812,108.762304078125,71.24972793609619,114.91625580078124,87166.88743010625,6826.909136596119,8087.014535189272,8823.343599044356,9021.988143898274,9464.745107136094,9936.057933455286,9912.5001971528,8433.107432875475,7280.089294741427,9381.132050017177,416499.655614969,1918.0478779429266,11219.038662912,18994.915444784,29082.859143488004,36071.786512128005,46205.762503666,56984.208742400006,59938.669166592,64016.607113568,92067.760447488,1276.5379946950393,137.8285331370864,131.63523078686524,134.2579590833435,136.6420251397705,131.86791333447266,135.78110456933592,124.05698205078124,130.27064540625,77.37128960900878,136.826311578125,49960.66338602034,3843.3780309198796,4616.503289405461,5068.712770249266,5027.576818220618,5356.641612052722,5695.840594825569,5869.327006608119,4762.164438599858,4371.469216431973,5349.049608706874,252153.19048330258,1100.6737724185923,6711.749946094001,11522.389389584001,16917.979345120002,21305.962334080003,28194.129665030003,35529.397861376005,35003.255332864,40818.243964288005,55049.408872448,1561.8572707074288,187.19430709149265,165.8237453642578,167.12840210073853,170.16643736724853,155.0963624814453,160.75542022058104,136.19474714453125,163.20675734374998,82.22029345666503,174.07079813671874,68078.41670560381,4052.7786074051096,6031.116996499461,6476.115182841051,6877.452026286301,7621.366636948945,8388.45481334859,8668.488855195306,6202.443835035194,6337.4233704043545,7422.776381639279,340520.9975932688,1208.2374062968292,8611.518109706001,14777.22914228,21883.733938240002,29199.151952512002,39124.898457738,49137.32279808,41436.612313088,57871.648821248,77270.64465408001,1182.8209351003827,146.1872246238661,124.50925186849975,123.68337298182678,127.39291570993042,118.90162084667968,132.4476114592285,110.19197957421875,120.28928742187499,62.10966621191406,117.10800440234374,161693.94224014427,12503.89919860209,14904.701309713422,16147.563124213752,16806.53176350735,17955.69911838921,18874.627823146704,18933.34113714077,15640.60184872163,12893.867120779529,17033.109795930242,773224.0484875758,3744.3281680998175,21036.235215848003,35036.53248632,54882.7451488,68448.986170624,84631.365550108,107408.23338803201,112906.61257216001,113477.344932544,171651.66485504,1151.89827852641,107.2537162728548,114.59599162408446,119.00941545240784,121.95013834790039,125.13185475830078,129.02484365588379,123.12467888281249,114.972980234375,78.44867263372802,118.3859866640625
2087.0,99873.27239520666,8303.076973926029,9374.73333361646,10017.217939158649,10464.76674244054,10814.164681755155,11200.059722453347,11209.06583397285,9709.417793752911,7941.71011415574,10839.05925997476,516982.41543750634,2561.7725448603264,14039.435202080002,22951.723128096,36507.701884512004,44433.878950912,54994.439925478,71042.723421696,75948.88142848,77199.52424982401,117302.334701568,1073.1748409189854,108.94747076156044,109.18724929541015,111.96716019831848,114.0078950081787,112.96928065478515,114.88995777734374,108.98847934179688,108.04905448437499,70.47488173706054,113.69341166015624,88251.2546600837,6959.391886009736,8209.648018166781,8957.206969143414,9152.65133993122,9584.848601077807,10058.446761059633,10001.413459629493,8555.6017898466,7310.08682912812,9461.959006090596,420512.56259937113,1959.6293148251057,11406.560779528001,19290.199564848,29577.723160192003,36551.33487872,46801.282025482,57413.154299904,60958.062985216005,63991.772016384006,92562.843574272,1272.2708128240504,137.5084298227992,131.2505006130371,133.9203065003357,136.26133698187255,131.48309122998046,135.5035196151123,123.5840405859375,129.95813203125,76.79002115075683,136.01143429296874,50290.261936959214,3897.4099088694816,4658.879257567889,5116.0470440604295,5070.210022206237,5389.78536889331,5728.249778535728,5887.720788701388,4801.9958369220685,4369.297981973317,5370.665949229357,252588.392896277,1114.226654274958,6762.299469372,11598.893315108,17051.938235744,21389.090548672,28316.08278277,35529.709852672,35287.011983360004,40572.565597472,54966.574456832,1565.6074984973382,187.9887829970026,166.3169065913391,167.66768162734985,170.67905109634398,155.40917566918944,161.25033893469237,136.24546973828123,163.80325840625,81.95514124548339,174.29169219140624,68434.90544548979,4088.359688310063,6076.1091904372115,6521.448064708049,6925.43664299253,7668.9257068254365,8444.693551139502,8703.442794464916,6243.145796428214,6330.885654513762,7432.458355670021,341111.394815915,1218.9984663089488,8677.120212992,14878.325565408,22043.033245888,29355.274318208,39371.689106950005,49205.744973824,41650.019663872,57561.650172032,77149.53909043201,1177.572221394223,146.1559547441225,124.07215252285766,123.21629962171936,126.91316131192016,118.32796276171875,132.20721278564451,109.51438753710937,119.8665391875,61.28468564038086,116.01386528124999,164089.6054853851,12725.463821612415,15154.090973440854,16420.53106356257,17085.87633900173,18250.734584519076,19190.56082628287,19191.234405676136,15895.358389660674,12987.378955246302,17188.37612638266,782740.6561570241,3830.2582614680045,21463.892042164,35711.610139984004,55990.382873856004,69668.123523072,86066.205483008,108599.30018816,114982.91534233601,113624.89427136001,172803.074031616,1145.3546040205517,106.49817701385307,113.93319440731811,118.41042582740783,121.31530279876708,124.61947522802734,128.6274071953125,122.55114447460937,114.38922928125,77.7953911182251,117.21485667578125
2088.0,100574.47464704895,8402.588640434007,9462.254648953367,10111.494672274022,10557.22141495575,10898.573479764429,11286.502902472477,11264.184849316416,9796.771172122932,7930.097303331614,10864.785563423886,519696.3114848464,2604.894094494406,14223.753957092002,23216.022904232002,36977.341589216005,44862.046903040005,55480.978499364006,71313.680559616,76871.05722777601,76775.67894156801,117370.856808448,1065.1623007851795,108.16909896588945,108.39723952612304,111.22167069667053,113.21559198083496,112.21691760791015,114.21500836169433,108.18784933789063,107.34389184375,69.710514987854,112.4845174765625,89357.12644032967,7095.081440220161,8334.80219690303,9093.82528149267,9285.9718414304,9707.117879016629,10183.081747918517,10091.836700332442,8680.915222965981,7340.393835741359,9544.100294308562,424543.1291165118,2001.8828753837247,11596.513126764,19588.773276584,30079.246054208,37035.257394944005,47402.284436276,57841.108909056005,61992.074870784,63957.606666976004,93048.381505536,1268.0429017993754,137.19089957418632,130.86905891455078,133.5857653041687,135.88414331225584,131.10143646484374,135.22873982214355,123.11584191210937,129.64943843749998,76.21470519433593,135.20287286328124,50626.856933616466,3952.526781625444,4702.069302216464,5164.3216360597135,5113.717910524357,5423.596201407698,5761.384981991886,5906.610825051611,4842.7313879935355,4367.191134834498,5392.7067719111665,253038.51592578363,1127.9685612936598,6813.559756734,11676.433124732,17188.245849856,21473.394547968,28440.248041232,35530.702872576,35577.037119488,40326.760329792,54884.165722112004,1569.412710116498,188.7897669305849,166.81563196405028,168.21304373486328,171.19773043695068,155.7272396923828,161.75328623901368,136.30021988476562,164.40634040625,81.69206253076172,174.517388296875,68797.00578526614,4124.47859529905,6121.733751376505,6567.362705915641,6974.057113258817,7717.082615121052,8501.731347666713,8738.961081198866,6284.575173236916,6324.534331927369,7442.489070265009,341655.40897784586,1229.6663512738462,8742.02086115,14978.071360680002,22200.646512736002,29508.355930624002,39616.353747910005,49266.97248768,41860.815896576,57240.541876064,77011.96395315201,1172.4471636473575,146.13697293268154,123.64666999252319,122.76040363456725,126.44521882525635,117.76475811816405,131.97839241748045,108.84937147070312,119.45650278125,60.47238271301269,114.93649076171874,166534.44507694858,12951.746318853915,15408.63179140953,16699.16574930924,17371.10967290342,18551.772921735726,19512.922498333268,19454.430223927513,16155.8123759076,13082.799962248559,17346.053562319175,792223.944445793,3916.621108468907,21894.291489260002,36391.0818728,57105.406912704006,70893.31070336001,87507.901733088,109782.506196992,117067.86660352,113750.64635040001,173914.3114752,1138.9033442594298,105.74989507031249,113.27900114434814,117.8194060724182,120.6892561899414,124.11564492187499,128.23772304553222,121.98875257226562,113.814015046875,77.15277344976806,116.05687674609375
2089.0,101288.45231658182,8503.87125503554,9551.213006334288,10207.312864946321,10651.229720882075,10984.23011127678,11374.206731698952,11320.407095571893,9885.918741517668,7918.872363019892,10891.19042629834,522314.7748737997,2647.7855104596947,14406.71415476,23477.715585248003,37443.684530848004,45284.005639552,55959.967284548,71569.851854848,77785.42444544,76334.282582848,117405.343285248,1057.2369789449697,107.39776574268389,107.61535942352295,110.48372744502258,112.43155398095702,111.4722638178711,113.54664959558104,107.39702475,106.646743359375,68.9564844510498,111.28940637890625,90485.04335284604,7234.068861611816,8462.542067332904,9233.270504102431,9422.018303906401,9831.60192184485,10310.016852375278,10183.804884025627,8809.131829743623,7371.006178914547,9627.581948988503,428599.4953929465,2044.862602200504,11789.138884662001,19891.03392828,30588.1122976,37524.25830336,48009.650171308,58269.042825216005,63042.204254208,63915.14933008001,93526.04279603201,1263.854028469623,136.8759324597659,130.4908892732544,133.25435368008422,135.51044966638182,130.72292168310545,134.95673684851073,122.65234764648437,129.344610875,75.64519281359863,134.4005935234375,50970.582773927905,4008.752616289423,4746.089914381313,5213.555236212,5158.119740903328,5458.085869892346,5795.259056444615,5926.007048281641,4884.390585451604,4365.148359211518,5415.174346860107,253506.2979367062,1141.9156740581525,6865.614133236,11755.163294164,17327.130328224,21559.116100736002,28566.950151856003,35532.723917824005,35873.790885888004,40081.156716512,54802.736734208,1573.272805721498,189.5972953541274,167.31994304067993,168.76448526852417,171.72252466235352,156.05055258447265,162.2642550281372,136.3590219609375,165.01593696875,81.43103796679686,174.74775288671873,69164.80675734607,4161.144967152574,6168.002768230289,6613.867641065658,7023.322448706194,7765.846112250495,8559.583720682804,8775.052828887532,6326.745981878407,6318.3675186080745,7452.872769884076,342159.55633832887,1240.2603400028731,8806.347322608,15076.693990072,22356.928382144,29658.86420096,39859.534886638,49321.922678784,42069.732589568004,56909.623210272,76859.64873728,1167.4445426586012,146.13021702505637,123.23272058728027,122.31559026699829,125.98896492233276,117.21190867236328,131.76110918029784,108.19682342578125,119.0589966875,59.67253800427246,113.87567388671874,169029.58800875867,13182.863834921354,15668.444206855494,16983.602440283623,17662.369193262533,18858.94542393762,19841.85440621041,19723.04772513051,16422.11072166897,13180.16622077039,17506.18383571801,801693.2892450505,4003.5288164384274,22327.973251556003,37075.840773952004,58229.35134841601,72126.22667392,88958.397111264,110960.37287014401,119164.738306048,113857.1881696,174989.671923712,1132.5435728889217,105.00880413933372,112.63331284124756,117.23629599000549,120.07189697857666,123.62028093261718,127.85574617004394,121.43738735156249,113.247272140625,76.52066954022216,114.91190680468749
2090.0,102015.43256663452,8606.962053940451,9641.63731190643,10304.70313261005,10746.82169208082,11071.154490711435,11463.190467057504,11377.750198360165,9976.899470327286,7908.033532533835,10918.280217106641,524838.6594438361,2690.417198734058,14588.210726048,23736.669339736003,37906.48310512,45699.582009344005,56431.214452086,71811.482886144,78691.520462848,75876.460017184,117406.619246592,1049.3978759339975,106.6333932287364,106.84152006481933,109.75324853344726,111.65569131591796,110.7352340625,112.88481778442382,106.615885109375,105.95750709375,68.21262867462158,110.10795006640625,91635.56044245852,7376.447373086496,8592.934104860005,9375.612744743548,9560.85879950986,9958.35110379181,10439.305927517034,10277.357284723841,8940.329930950342,7401.934010613212,9712.42916266252,432682.98190470354,2088.569988591462,11984.444418536,20196.975881288003,31104.341637632002,38018.361455488004,48623.425399712,58697.152030720004,64108.498731008,63864.99390361601,93996.21845811201,1259.7039527950744,136.5635053184204,130.11596864135743,132.92603538674925,135.1402147295532,130.3475309448242,134.68751147802735,122.19354917578124,129.04356637499998,75.08149831958008,133.60457242578124,51321.593783056655,4066.1124324592743,4790.958216654588,5263.76842229587,5203.4339617276955,5493.266613095413,5829.887113853806,5945.920007915729,4926.997568174707,4363.171310404351,5438.078136475204,253993.5378559432,1156.0728190731763,6918.496436478001,11835.145920608,17468.674727968002,21646.371301056002,28696.34085204,35536.057917440005,36177.468489728,39836.166513344004,54722.742878208,1577.1880629173436,190.4114138527379,167.82984658279418,169.3220219277649,172.25342177389527,156.3790955925293,162.783324475708,136.4218515859375,165.63217721875,81.17206879785157,174.982841109375,69538.39114478658,4198.367897939803,6214.9275309650875,6660.971186327868,7073.2422375512615,7815.224626573532,8618.26519698204,8811.722892513977,6369.671397308778,6312.386901913232,7463.611276710976,342626.6180826657,1250.7840466016144,8870.121020736,15174.234062888001,22511.956693344,29806.9177696,40101.41658412,49370.952891392,42277.008113664,56569.739693920004,76693.48720640001,1162.5633134197187,146.1356422254133,122.83021685290527,121.88178258651733,125.54431845581054,116.6693300336914,131.55527772387694,107.55655563281249,118.674012953125,58.88496085400391,112.83121610156249,171576.20271080994,13418.933724315042,15933.653863000123,17273.975203631908,17959.79813351073,19172.38823081186,20177.49722992091,19997.211884980643,16694.40920227489,13279.525501759697,17668.809736604693,811150.0912829458,4090.9534200097382,22764.867308944,37765.809361104,59362.042827008,73366.76398617601,90417.639065016,112133.214896128,121273.17531033601,113945.79721702401,176029.82789120002,1126.2744890042381,104.27482672796249,111.99606054403687,116.66100418243407,119.4631486640625,123.13331375781249,127.48141054785155,120.89695230664061,112.68895473437499,75.89898594921874,113.77983158984374
2091.0,102601.63687012732,8693.981708027572,9717.391171862973,10386.656901237224,10826.292327052799,11143.81534732888,11538.508727086555,11422.08614565236,10052.551636580438,7890.548519746398,10929.804385552125,527235.9846011029,2732.4673405168724,14766.906793772001,23991.028022056,38362.239365056004,46105.32600768,56890.900039222004,72034.906630656,79582.456184832,75400.89269334401,117368.86152396801,1040.6030133202714,105.78012553918933,105.97061097680664,108.92269437593077,110.77444817932128,109.89789334960938,112.11929538232421,105.73088333203124,105.170204375,67.40859571240235,108.82826209765625,92719.7787700577,7512.104508156595,8716.973273740132,9510.439406729924,9692.286092020193,10078.29835046291,10561.764432911792,10364.210969746728,9063.963073016483,7429.802731434181,9789.935931838701,436776.6379289273,2132.8494428532463,12181.770950384001,20505.536941992003,31625.998461824,38515.695159808005,49241.330731298,59123.701634048004,65187.034103808,63806.738693248,94455.98180966401,1255.089526385161,136.19468410870218,129.6922828341675,132.54291102267456,134.71020101678465,129.9179763125,134.35708033740235,121.69774999414062,128.68815675,74.52245825097656,132.76602575781249,51664.77622041103,4122.370141923937,4835.012757997448,5312.853316014153,5247.768007705948,5527.493885730585,5863.426434125544,5964.968877589458,4968.640596290394,4361.656529469574,5460.585673563992,254500.03191914596,1170.4146664369557,6972.118925684001,11916.231664252,17612.586307232003,21734.976057984,28828.121209717003,35540.829605888,36487.694819328004,39592.543682784,54644.51497984,1580.989564816267,191.19162846317863,168.32377226400757,169.8578944512329,172.75607193130492,156.6879493359375,163.26660366210936,136.49045476171875,166.22975134375,80.95944910302734,175.2259895,69868.04580290403,4232.54256164214,6257.810980712232,6703.470313588145,7118.49569722658,7859.777712196864,8672.04539385995,8842.92307406438,6408.694701422921,6303.418274377254,7468.8670938136065,343050.83101378096,1261.20486984495,8933.120114128,15270.313593648001,22665.1583824,29951.832904064002,40341.135889696,49413.246972928006,42481.618993152006,56220.907281888,76512.292012032,1157.0784108007622,146.0717736802635,122.36630455230713,121.38116126100158,125.02641035772704,116.05963462158202,131.2773758125,106.85924619335937,118.216616125,58.086316099365234,111.73357209765625,173950.38915087035,13635.081322463655,16181.000914706954,17545.54686332627,18237.458041847032,19469.14268641049,20497.52779136188,20255.460077050357,16947.464470041014,13370.922485608435,17810.784498053716,820545.5782898546,4178.421511134383,23203.070475912,38458.262656256,60498.135369472,74609.539981312,91879.805247384,113295.38242560001,123383.04548864001,114014.324952256,177025.59018188802,1119.0584977829617,103.46233441009807,111.26633432183837,115.98808424407959,118.7517644541626,122.54655736523436,127.00230717468261,120.24492792578124,112.031695171875,75.2143652581787,112.55012745703125
2092.0,103198.33077182867,8782.389426655443,9794.293208571638,10469.850477475842,10907.015006433152,11217.491121408897,11614.871766436396,11467.382314939527,10129.685449835033,7873.473824414319,10941.878175658296,529520.6638788913,2774.011484209177,14943.159271392002,24241.371003688,38811.935508896,46502.338172544005,57340.316673170004,72241.96720742401,80460.36446412801,74909.668331776,117295.53176166401,1031.9094094122008,104.93510394926452,105.10922532550049,108.10102885032653,109.90295336688231,109.0696180727539,111.36158982983397,104.85717010742187,104.39215759375,66.61612273052978,107.56443958593749,93824.49601014602,7650.86843003585,8843.433579725295,9647.891942232438,9826.241900968538,10200.300576279165,10686.379022475183,10452.503752110408,9190.296600876532,7457.949550860419,9868.630654582219,440888.50244126277,2177.755646996741,12381.366183928001,20817.116741624002,32153.778476416002,39016.97170816,49864.279798378004,59549.63144704,66279.318142976,63741.342028352,94906.942267392,1250.5137087685523,135.82841992980718,129.2718538428955,132.16292056329345,134.28370251226806,129.49162424365232,134.0294311472168,121.20655157617188,128.336508125,73.96884960559082,131.93384722265625,52014.946091180995,4179.717706271495,4879.885509336724,5362.875064273098,5292.9739475090355,5562.383243235278,5897.69637197024,5984.516101987016,5011.189251761678,4360.204753231707,5483.504141604825,255028.11016018852,1184.9572610125076,7026.561459088,11998.565232772,17759.086356256,21825.157228992,28962.60157266,35547.339250176,36804.917092352,39350.47482272,54568.44988416,1584.8416980218976,191.97778069148396,168.82289046029663,170.39945057070923,173.26430813735962,157.00177627197266,163.75748289093016,136.56281457617186,166.83329196875,80.74860002062988,175.47330243359374,70203.00463951398,4267.227869215529,6301.287600866152,6746.502008594118,7164.334371685816,7904.88425282108,8726.609500320632,8874.667019571985,6448.418065988783,6294.63208188948,7474.441868560377,343438.44832246285,1271.542293884813,8995.471592612,15365.159426208002,22816.885524064,30094.071799552003,40579.341020190004,49449.662748672,42684.308455424005,55864.27710345601,76317.72835840001,1151.7175647086801,146.01996179303075,121.91404788079834,120.89190956246948,124.52041110519409,115.46067429296875,131.0112449732666,106.17453096484374,117.771803609375,57.299973124389645,110.65300740234375,176370.99820229804,13855.443926773984,16433.15110027628,17822.435192657173,18520.646314980127,19771.676153762368,20823.819661130543,20518.893024479657,17205.864049445874,13464.247529566164,17954.821249226243,829899.353318382,4266.047642885917,23643.1400084,39154.111142576,61639.210960704004,75856.280376832,93346.939682664,114449.45211392001,125497.54644070401,114065.30710880001,177981.31784089602,1111.945640089755,102.65805527514934,110.54624227008055,115.3241249357605,118.05028397625732,121.96926420068358,126.53167801757812,119.60515410156249,111.38395874999999,74.54140944158935,111.33546912109375
2093.0,103805.67963156196,8872.21205794911,9872.365038881719,10554.306140653964,10989.012328317916,11292.19738571256,11692.293972083446,11513.65444495498,10208.328024284512,7856.809270068544,10954.500968654735,531705.9065340003,2815.1211574462627,15117.308792272,24488.247523280002,39256.504899072,46891.667972864,57780.698205578,72434.38740736,81327.277195264,74404.712729344,117189.98065152,1023.3158079573974,104.09824202770996,104.25725773358154,107.28814929547119,109.04109751422119,108.25030603955078,110.61161469458007,103.9946233671875,103.62321942187499,65.83504220697021,106.31625565625,94950.20733526957,7792.822355856795,8972.373312737855,9788.03209666737,9962.78683131008,10324.401367845248,10813.199305643091,10542.266287453009,9319.401177435417,7486.381487011884,9948.543113308739,445026.44045432005,2223.3430130439347,12583.472468836,21132.111137400003,32688.372964992002,39522.893493376,50493.157394304006,59975.871794176004,67386.83609088001,63669.680648096,95350.70144921601,1245.9763229046048,135.46469362001324,128.85465201049803,131.78602187016295,133.8607091488037,129.06845372998046,133.70455631542967,120.71989625976562,127.98855453124999,73.42065312573241,131.10813229296875,52372.24022918438,4238.178403275291,4925.592284589977,5413.852469514704,5339.069927994048,5597.946337675322,5932.708426955584,6004.570776914015,5054.664514326026,4358.816436348806,5506.840651590811,255580.07993538486,1199.7163223088764,7081.9018376760005,12082.289175240001,17908.386868,21917.132167168,29100.077516384,35555.871671296,37129.54179584,39110.169837024005,54494.992744448005,1588.7448574880975,192.76990815167187,169.3272129993286,170.9467336071167,173.77817341052244,157.32057884765624,164.25597690649414,136.63896257617188,167.4428986875,80.53952114538573,175.72489115624998,70543.35058758061,4302.43251666184,6345.368443145401,6790.07387697691,7210.767864382791,7950.551644888008,8781.971599477547,8906.958616997004,6488.8542629694475,6286.030351209361,7480.341410872392,343795.37703503226,1281.814884254189,9057.297157986,15458.989672992,22967.477475328,30234.074756736,40816.645577144,49481.021673472,42885.770346496,55500.922574272,76111.36291635201,1146.4795467588845,145.98012835562514,121.47337005468749,120.41390841473388,124.02622163110351,114.87233879833984,130.75677076940917,105.502258546875,117.33947765625,56.5257487232666,109.58932380859375,178839.03010517015,14080.116801780337,16690.210134032473,18104.757205846206,18809.489286049586,20080.110293911675,21156.5073427725,20787.623378271783,17469.736186115362,13559.525307906317,18100.954168483473,839230.3956060933,4353.944210953399,24085.621489904002,39854.248248368,62786.79719808001,77108.68043596801,94821.00100669201,115597.883244544,127619.97456179201,114101.12140051201,178901.12380928002,1104.9347683510264,101.86190965377617,109.83567654537963,114.66902840003966,117.35861987255859,121.4013293461914,126.06947595056151,118.9774936875,110.74565979687499,73.87988036376953,110.135694734375
2094.0,104423.84265007272,8963.476406163176,9951.628541179924,10640.046511007673,11072.305627479558,11367.946158635066,11770.788969915446,11560.912095984868,10288.510768703161,7840.554349916432,10967.673221087523,533804.086584952,2855.8656114739056,15289.683942408,24732.185086448,39696.847833504005,47274.320141312004,58213.22922139,72613.79251814401,82185.185787904,73887.812583424,117055.16385894401,1014.8209581803136,103.26944802575731,103.41460594934081,106.48395510621643,108.1887616453247,107.43983416503906,109.86927536608886,103.14306472070312,102.8633178125,65.06518845965576,105.0835069296875,96097.39204072449,7938.051914131705,9103.853031667879,9930.922817044682,10101.98062433328,10450.645496087272,10942.275573854547,10633.532526192084,9451.352827344352,7515.099469092536,10029.677760976117,449198.07553933817,2269.6663855240777,12788.334620700001,21450.912953888,33230.457786816005,40034.152628736,51128.838285466,60403.295639552,68511.080546304,63592.58653248,95788.75015987201,1241.476926710811,135.103498537868,128.44066939001465,131.4121963189392,133.4411765029297,128.64844095605469,133.38244633459473,120.23776100585937,127.64432703125,72.87779775439452,130.28861287890624,52736.796206919105,4297.776173148558,4972.149510105063,5465.804054443221,5386.073244826095,5634.194610764329,5968.476208740572,6025.142790492844,5099.087018882117,4357.493102926901,5530.599492589374,256158.16682183207,1214.7073955780943,7138.2158886120005,12167.540651076,18060.699930496,22011.115069632,29240.843171558,35566.701469184,37462.005243904,38871.840792448005,54424.497209344,1592.6989066638325,193.56803793275355,169.83675920394896,171.49972136032105,174.2976531239624,157.6443480151367,164.76208358032227,136.71884701171874,168.05858531249999,80.33221940051268,175.98065172265623,70889.16191685885,4338.165251816633,6390.063721905138,6834.194032015686,7257.804121649442,7996.788125139227,8838.148448570957,8939.806627796414,6530.015809367558,6277.61238163678,7486.563396960876,344127.13616857264,1292.0406022526433,9118.713658522001,15552.012241496,23117.256787488,30372.262255488004,41053.64516115,49508.079369216,43086.667333632,55131.838214304,75894.62054502401,1141.363139563617,145.95220722121,121.04414638900757,119.94709989495848,123.54374150326538,114.29452212158202,130.51390409020996,104.84228038671874,116.9195489375,55.76344339416504,108.54224562499999,181355.51598334196,14309.196575566706,16952.285151422235,18392.631456568564,19104.11336588074,20394.570677336073,21495.72178978246,21061.76908097123,17739.21000449473,13656.804311366974,18249.213569952128,848556.9913789916,4442.221104055602,24531.04754508,40559.546302400006,63942.403126080004,78368.37416524801,96303.92731296,116743.07447296001,129753.498845184,114123.99856262401,179788.89994240002,1098.0247428540868,101.07380495514583,109.13452286672972,114.02268967362976,116.67666879699706,120.84266677880859,125.61560541894531,118.36182218554687,110.11666653124999,73.22967316265868,108.95062248437499
2095.0,105052.99502574935,9056.210407426983,10032.103851364978,10727.095153358554,11156.918671346202,11444.755235135848,11850.372765244336,11609.170925414803,10370.263729846343,7824.707190852799,10981.397095758473,535813.5853349965,2896.204922222382,15460.117769816,24972.94185752,40132.554255584,47649.938002304,58637.500518910005,72780.039735296,83033.311182848,73359.512181696,116891.4649088,1006.4236586448454,102.44864097478627,102.58114083288574,105.68835294764709,107.34584333215332,106.63812147705077,109.1344909177246,102.30236213867187,102.11232528125,64.30638084814453,103.86599989453124,97266.57310845089,8086.64480104162,9237.935224028037,10076.632449198767,10243.889017160485,10579.07887985907,11073.657091132172,10726.334591556973,9586.226006221941,7544.110225610621,10112.064822641383,453403.71992655576,2316.721582763812,12995.927159888,21773.460009328002,33779.95013984,40550.67355072,51771.253541296006,60832.014391296005,69651.896123392,63510.544908736,96221.278519296,1237.0153783007736,134.74480875165557,128.02988572857666,131.04145484675598,133.02511074087525,128.23156244628905,133.06305321704102,119.76009381640624,127.30377287499999,72.34026432739257,129.47537155078123,53108.757517383616,4358.535604127524,5019.573821032719,5518.750301314237,5434.002484543787,5671.14008506233,6005.013618700275,6046.241350977479,5144.477734369982,4356.234734333175,5554.78778292212,256763.74822518814,1229.9354764831583,7195.525537028,12254.357001844,18216.07637008,22107.169072256,29384.989515433,35580.05110784,37802.46614016,38635.784333920004,54357.393670144,1596.7040062297824,194.37221372673082,170.35153037023926,172.0584539363098,174.82275855709838,157.97307167724608,165.27584516955565,136.80250801171874,168.68037671874998,80.12667106604003,176.24057699609375,71240.52246899315,4374.435601633362,6435.385122034921,6878.871085117958,7305.45165177729,8043.600947385233,8895.156805696086,8973.216449223211,6571.915246963762,6269.377310198482,7493.112248962872,344434.8571901159,1302.2196809178397,9179.703008876,15644.193855336001,23266.207728448,30508.609107968,41290.36442905,49530.966750208005,43287.03778816,54757.527653952005,75668.0271872,1136.3672900392755,145.93614586666823,120.62630389031982,119.4913942915039,123.07286964288329,113.72711445507812,130.28261483850096,104.19446291796875,116.511928671875,55.01286264416504,107.5115928203125,183921.50094694726,14542.78163990701,17219.48738385172,18686.18302938137,19404.645354162298,20715.184252983807,21841.60113316619,21341.448298012856,18014.41966496785,13756.123153156055,18399.627037357925,857876.9871211797,4530.831124795528,24979.26620328,41269.796804576,65105.605663488,79635.040970752,97795.369013168,117884.850895872,131897.220759552,114134.48144070401,180644.524244992,1091.2144102075433,100.29365822579288,108.44268163668822,113.38503462057494,116.0043109510498,120.29318142480469,125.17000099877929,117.75800070312499,109.496890671875,72.59061244360352,107.78003853125
2096.0,105523.01009329046,9131.353317760904,10095.919764998154,10796.455005173504,11223.532398806574,11505.374419575675,11914.311445111458,11642.299765741775,10434.702373877364,7800.638211448259,10978.42339079693,537698.1176644916,2935.798116211518,15627.143664848001,25208.44914832,40559.807050144,48014.728475776006,59049.184529352,72928.85722624,83864.114495488,72817.58904502401,116692.44591308801,997.0918111055245,101.54496168453454,101.65196828057861,104.7936331528015,106.40317000793456,105.73934708886718,108.2966623581543,101.35751536132813,101.26889053125,63.47881906976318,102.5568435703125,98362.8869511077,8227.67201967218,9364.724010294922,10213.722817231144,10377.374707203608,10699.869048598035,11197.503587002258,10812.368821216023,9712.445055238175,7570.271514535922,10186.935370115389,457624.73499299004,2364.33489240598,13205.499212120001,22098.543519464,34334.659002304004,41070.344156416,52417.834623592,61260.21557248,70804.787331072,63423.182126464,96645.33455667201,1232.1807687626324,134.3395370947399,127.57957316125487,130.62558708226013,132.56308980328367,127.77114387402344,132.68957111413573,119.249128921875,126.920473125,71.80489139855956,128.6377731875,53472.317857141075,4418.506653838224,5066.042247199793,5570.29082324138,5480.746296482904,5706.781797402891,6040.052812638403,6066.463026408782,5188.776026439798,4355.572908789855,5579.085264699065,257396.57141133992,1245.3789556939128,7253.728954752,12342.550107256,18374.198425824,22205.054284992002,29532.143539558,35596.066564096,38150.527033344006,38402.755518688005,54294.168027136,1600.5276245181158,195.13981420320485,170.84388940771484,172.58818068634034,175.31545177389526,158.2769616706543,165.7520356148071,136.88121775195313,169.27587946875,79.95715511657714,176.49703882421875,71534.12037275713,4407.2411809678715,6475.29995949025,6917.352486253818,7346.945903010965,8083.7367355995175,8945.334701259131,8999.470797845284,6608.616633485438,6256.898068270407,7493.223906574504,344709.62200998195,1312.3135266519455,9239.951980344,15734.988095592002,23413.564651968,30642.115442432,41525.55232765,49548.425086464005,43485.478813696005,54377.382677696005,75429.849407488,1130.821466844006,145.85701788906525,120.1502080192871,118.97179923722838,122.53575306512451,113.0984938046875,129.98600254260253,103.49414548632812,116.03665229687499,54.252111815307615,106.4392826875,186288.9495650124,14753.616436846785,17466.001241783317,18957.703668721908,19682.812103629807,21017.03627693441,22170.07293507717,21602.381032152876,18267.182878762076,13845.18772205165,18526.955269052403,867133.7570146875,4619.25424381554,25428.168535200002,41981.933889456006,66270.47618291201,80902.76415872,99288.80780644,119016.443452416,134039.538466816,114128.8796544,181457.49062451202,1083.4752300390835,99.4407945287838,107.65976862145996,112.65051403147888,115.23498938128661,119.64718721679687,124.62018542333983,117.04169878515624,108.78286471874999,71.8790409609375,106.51818637109375
2097.0,106001.83847610345,9207.584438336671,10160.660700843735,10866.818786413149,11291.168238707249,11566.828650528441,11979.123286685312,11676.297825606693,10500.388263543244,7777.032309534405,10975.93597590474,539471.1073798342,2974.7218150361214,15791.125377168,25439.287202120002,40979.589802176,48369.791401216,59449.587737702,73061.996855808,84679.728840704,72263.878955648,116461.399392256,987.874859856844,100.65064551957893,100.73373198278809,103.90917020188904,105.47164759381103,104.85096881347656,107.46792174291991,100.42546127050781,100.435821578125,62.664140388122554,101.265350765625,99478.9144474067,8371.75629360777,9493.861074856342,10353.33445460853,10513.281115423157,10822.62115667438,11323.4406104324,10899.788150697643,9841.27385413651,7596.684893362555,10262.87284360733,461868.79295363184,2412.561587723772,13417.300598288,22426.566016008,34895.269694272,41593.865848448004,53069.489402556006,61688.784995328,71971.24924211201,63331.27327603201,97062.432292864,1227.3837360399527,133.93681029947425,127.13246290447998,130.21282061199952,132.1045454230957,127.31394987646483,132.31886973168946,118.74259340039062,126.54080537499999,71.2744806439209,127.8063977734375,53843.069658356275,4479.607698877366,5113.354932421582,5622.790652272362,5528.3825738376145,5743.102155817482,6075.848576086098,6087.202195844759,5234.007586643348,4354.976383234708,5603.796903320949,258058.53569508626,1261.0532330192163,7312.901483796,12432.255820024,18535.26851248,22304.972964800003,29682.595355399,35614.971558912,38506.588372992,38172.819001280004,54235.109392384,1604.398757818574,195.91286995770383,171.34110387890624,173.123293407135,175.81336064343262,158.58562754492186,166.23550416259764,136.9635021640625,169.87690490625,79.78928068481444,176.75731046874998,71832.7618754231,4440.545359712243,6515.772476789147,6956.318893103631,7388.977259605118,8124.376496084214,8996.287931115401,9026.247362417795,6645.998500402174,6244.600236511243,7493.6373596820695,344957.1403431013,1322.341056611241,9299.583942728,15824.61440344,23559.66418192,30773.219702272003,41759.843953282005,49561.234505728,43682.672689152,53992.382982144,75181.58292582401,1125.3979733833241,145.78953927501726,119.68562379394531,118.46357397799682,122.010470668396,112.48069628173828,129.7012512623291,102.8062197421875,115.57364979687499,53.503062643432614,105.38388594140625,188701.12276997126,14968.214052645042,17717.058161379227,19234.282715960122,19966.272488088274,21324.58701453222,22504.80296840079,21868.5320783393,18525.022644895223,13936.272178162759,18656.07846756851,876346.6836690169,4707.606994768675,25878.323240944002,42696.881423216,67438.60983424001,82173.29794892801,100786.32131748,120140.38557388801,136183.795810304,114109.5491264,182231.912398848,1075.8507868432168,98.59707381868076,106.88763791311645,111.92607565963745,114.476758737854,119.01166570703124,124.07976478112792,116.33896490234375,108.07930639062499,71.18032895233154,105.27320998046875
2098.0,106489.57138073705,9284.921001381588,10226.341319736042,10938.200623222247,11359.841716740371,11629.126809504112,12044.818911181146,11711.171766773356,10567.338372092192,7753.886223471923,10973.924636634161,541145.0867905009,3013.049325840925,15952.408390324,25666.010875376003,41392.83603584,48716.165090688,59839.94555512,73181.097772544,85482.147414016,71700.080413824,116201.34591692801,978.771049377213,99.76557555432176,99.826292210083,103.0348184535675,104.5511294703369,103.97284373974608,106.64815489648437,99.50600235449218,99.6129464375,61.86211879193115,99.99116746874999,100615.11122008332,8518.975396437054,9625.401100942758,10495.523954744292,10651.665669072012,10947.373693390426,11451.513199151439,10988.623207893015,9972.778550097994,7623.355237183025,10339.90121117136,466143.2041494089,2461.4574127867477,13631.576583088001,22757.921894408002,35462.469314368005,42121.93260416,53727.101619958004,62118.562359296004,73152.74670080001,63235.532691712004,97473.902968832,1222.6242564003192,133.5366257349291,126.6885481329956,129.80314461238098,131.64950505429076,126.85994353955077,131.95093140625,118.24046559765624,126.16477474999999,70.74899720117187,126.98132037109374,54221.14624812439,4541.861885382668,5161.527505410749,5676.2668196194345,5576.927425069672,5780.112895799528,6112.414667000998,6108.46805103184,5280.192370425595,4354.444960765343,5628.929667618606,258751.45983738467,1276.97344050466,7373.115653232,12523.606426420001,18699.488088416,22407.121732928,29836.611325804002,35636.982872576,38871.039623168,37946.05695184,54180.463722496,1608.3173678114874,196.69140273082948,171.84318164959717,173.66374240322875,176.31644102154542,158.89906391625976,166.72625622528076,137.0493526484375,170.4835016875,79.62302139599609,177.02140413281248,72136.51641480545,4474.356554243941,6556.812198154672,6995.777144256768,7431.553663147979,8165.52758308045,9048.031958395395,9053.549449881495,6684.068571039546,6232.481845653245,7494.357446951937,345182.58799233835,1332.3200933423655,9358.718017746001,15913.285115,23704.8309688,30902.340323328,41993.832171466005,49570.10904832,43879.295451136,53603.353582976,74924.50322022401,1120.0954467876459,145.73363155902337,119.23243865206909,117.96659591163635,121.49691989648437,111.87360956396483,129.42828487194825,102.130509015625,115.122747828125,52.76551664501953,104.34519284375,191158.94538192762,15186.652189182161,17972.75338911712,19516.02412205275,20255.13839509543,21637.953179851655,22845.91775607834,22140.01322615632,18788.057557031232,14029.41867949035,18787.016887872625,885534.511428565,4796.001909556834,26330.289482256,43415.546327408,68611.542909696,83448.35521459201,102289.915996832,121259.14629632,138333.165944832,114078.74397760001,182971.803369472,1068.3397045649356,97.76239971145057,106.12616254284667,111.21159422445679,113.72949097045898,118.38650501708983,123.54864603137206,115.64962971093749,107.386118765625,70.49428941101074,104.0448681796875
2099.0,106986.34159119095,9363.382651270176,10292.976817702482,11010.618615636156,11429.570037922542,11692.279282471782,12111.409260563063,11746.934211885571,10635.577253822737,7731.198300298555,10972.395159617832,542732.1527453224,3050.8510028024552,16111.326373868002,25889.144637704,41800.445058528,49054.850940544005,60221.434924388006,73287.74730752001,86273.341784064,71127.82111564801,115915.18960025601,969.7790858408479,98.88965609364033,98.92951229797363,102.17047324153137,103.641493737854,103.10484285205078,105.83726380761718,98.59898889648437,98.80017062499999,61.07255453869629,98.73412975,101771.90989875654,8669.407513605693,9759.399325290937,10640.348117249441,10792.58163821804,11074.16667372425,11581.767622782621,11078.903828862898,10107.02051298209,7650.282994561402,10418.031671479379,470455.1669601294,2511.077172171383,13848.570043064,23092.995989848,36036.93236928,42655.219698048,54391.53821571801,62550.358260736,74350.782742528,63136.611046912,97881.08142182401,1217.9018207870683,133.13895185730456,126.24780813653564,129.39652952626037,131.19791357189942,126.40910101171875,131.58573705236816,117.74272073242187,125.79226056249999,70.22838725793457,126.16241107812499,54606.6863935802,4605.293394029544,5210.576518230809,5730.738984693854,5626.399513204145,5817.825119858258,6149.764134306693,6130.269311653303,5327.351926549147,4353.978450677376,5654.489040377033,259477.2090589265,1293.1546829314927,7434.444118536,12616.730630188002,18867.055962016002,22511.689967424,29994.463597191003,35662.307010560005,39244.287279104,37722.554583712,54130.521227264006,1612.2836958420767,197.4754483603568,172.3501445718994,174.2095918430786,176.824752999176,159.2172576357422,167.2243270046997,137.13878351367188,171.095731125,79.4583658548584,177.28929293359374,72445.46108148432,4508.683166326125,6598.429318651307,7035.734732600603,7474.681508549922,8207.195772857389,9100.582405874326,9081.385833150738,6722.842817168692,6220.544431983445,7495.381094321722,345391.02524172154,1342.2681462434878,9417.46719098,16001.202098656,23849.372854272002,31029.870562048003,42228.105726098,49575.745846272,44075.958288384005,53211.133621248,74659.90090752,1114.9126343654532,145.6892135779624,118.79054499996948,117.48079764683533,120.9949625906372,111.27710491259765,129.16698932373046,101.46687122070313,114.683920125,52.03930277270508,103.3229271953125,193663.3235125558,15409.008128339177,18233.18152626682,19803.033230378962,20549.52425362272,21957.2494398015,23193.544162195867,22416.931972965765,19056.395885297847,14124.658920511987,18919.795993175037,894715.2230933051,4884.549260309258,26784.606025600002,44138.818422416,69790.798407744,84729.574357248,103801.561306132,122375.09352960001,140490.83736064,114038.494117056,183680.89030656,1060.9403857692346,96.93666351633549,105.37519991622925,110.50693700415039,112.99305280352783,117.77156484960938,123.02671435656738,114.97350160156249,106.703134140625,69.82068309234619,102.83293448828124
2100.0,107492.2564819801,9442.98805908033,10360.581935055938,11084.087025894523,11500.367613685872,11756.295806987391,12178.903071406921,11783.592643861735,10705.129281543484,7708.968861029491,10971.342183434313,544243.6088576688,3088.193968522766,16268.195389952001,26109.198577744002,42203.278765792005,49386.788341888,60595.17107489,73383.407724544,87055.180152832,70548.56660524801,115605.62825625601,960.8973945392289,98.02277929243326,98.04324955578613,101.31599088031005,102.74258542373657,102.24683448828125,105.03512557641601,97.70423193847655,97.997382828125,60.29526247363281,97.49395208203124,102949.78554681808,8823.13513598143,9895.911670172984,10787.866438696501,10936.085862912361,11203.042305119476,11714.25080496418,11170.661176521913,10244.072871903541,7677.4762488059705,10497.283031739777,474811.75199207745,2561.4761000714443,14068.523193412,23432.180813632003,36619.326834304,43194.395155712,55063.64807869001,62984.979616768,75566.803320832,63035.14021190401,98285.27866675201,1213.2163601695065,132.74379439666413,125.81021716967773,128.99296714192198,130.74975248760987,125.96141476416015,131.2232670078125,117.24931531835936,125.423329875,69.71264751611328,125.3496544921875,54999.825440966764,4669.926537866969,5260.51845482574,5786.225823434514,5676.81571898244,5856.250895365889,6187.911074180659,6152.615828986023,5375.505438659769,4353.576050243819,5680.479618420972,260237.50512797115,1309.6118784641012,7496.957423154,12711.756425084,19038.165867072003,22618.866987136,30156.411345973003,35691.145457664,39626.729897984005,37502.363578688004,54085.496266752,1616.2975365055804,198.26503389446592,172.86199206143186,174.76082668600463,177.33825005130004,159.54020340649413,167.72972488391113,137.23178322265625,171.71355934375,79.2952711508789,177.5608918046875,72759.67106883465,4543.534782021862,6640.63430394543,7076.1991826726935,7518.369737726872,8249.388681692806,9153.956064867221,9109.75989339948,6762.331006126134,6208.786657178314,7496.710759203823,345587.15164574655,1352.2017674004865,9475.940813444,16088.554522336,23993.585648192002,31156.191520896,42463.23434743,49578.777906176,44273.270030336,52816.467421312,74388.927668224,1109.8483651832737,145.65621054907274,118.35984529910277,117.00606659407043,120.5045059767456,110.69108469091796,128.9173410439453,100.81513910351562,114.25705834374999,51.32423129309082,102.31688228906249,196215.2448107788,15635.36310262317,18498.443479546964,20095.42503710324,20849.546301608494,22282.59792817931,23547.815320027745,22699.405312792307,19330.1637684056,14222.042344089326,19054.44221640281,903906.0904376681,4973.356011492264,27241.801780624002,44867.557377888006,70977.843049664,86018.574984704,105323.16955144,123490.469330944,142659.847716864,113990.793115712,184362.67751833602,1053.6515599059744,96.11976523728848,104.63462921600342,109.81201471025085,112.26730410723876,117.16672787646483,122.5138837845459,114.3104184140625,106.030274484375,69.15935852886963,101.637183546875
2101.0,107963.24495890841,9518.330411696563,10424.246760422197,11153.584580292345,11567.043172644891,11816.534395855444,12242.734723178206,11817.185253644519,10771.11638739861,7685.455995288139,10967.013278487633,545724.8358477679,3124.7900749286705,16421.927025714318,26324.851438983194,42598.05579891072,49712.0869952051,60961.432502381955,73477.15493322753,87821.38175422464,69980.89718505599,115302.25813913597,952.193337063642,97.17324002725043,97.17471206844259,100.47859816631318,101.86165527590144,101.40598629178712,104.24903010983884,96.82737011962885,97.21065078718748,59.5335162498706,96.27857796742185,104093.28100176455,8972.810683352047,10028.668681244077,10931.479225205823,11075.641702437348,11328.242349638807,11843.188602637432,11259.50347566039,10377.6209618652,7703.029121508246,10573.096198214995,479081.20532338606,2610.8670494135035,14284.07728075303,23764.581940940316,37190.073410027515,43722.78710422274,55722.31574440256,63410.908545679325,76758.50348756996,62935.698793596166,98681.39196678148,1208.6246087642949,132.35654008523653,125.381378022157,128.59747600527027,130.31055462500606,125.52268224155269,130.86804636414786,116.76577801257808,125.06177780124999,69.2072225691284,124.55315303796876,55386.37506612515,4733.654133694909,5309.641445248003,5840.82059760883,5726.413614267614,5893.943794916277,6225.3913120886045,6174.528516606094,5422.9862650498535,4353.05018515168,5705.9452014933,260982.59527563443,1325.7399300860582,7558.220461679647,12804.88170408209,19205.853574026867,22723.900466453775,30315.12013977937,35719.407135825924,40001.5236644864,37286.57639376449,54041.371805450246,1620.231100355815,199.03882771789281,173.3636026011737,175.30103683207224,177.84147716238166,159.85669026183112,168.22501480553834,137.32292293746093,172.31903099812502,79.13543834097902,177.82705869835945,73050.535949275,4576.619023711796,6680.401016533422,7114.237012605236,7559.332746012705,8288.898364255978,9204.581233655661,9135.656616786453,6799.918426921197,6195.4430214564845,7495.44848733587,345779.35552169057,1361.936716134346,9533.244963458723,16174.159897542417,24134.914186233607,31279.98606056703,42693.66039633538,49581.74932488193,44466.635537448965,52429.69454537473,74123.37389371394,1104.8853813847363,145.62386758076113,117.93775959225346,116.54083016236086,120.0238584951319,110.11678487367179,128.67268572975587,100.17644162867187,113.83873379812498,50.62346124306884,101.33095828093745,198667.94788019502,15851.50844810555,18753.454651084478,20377.255573722865,21138.490098706334,22597.298616886845,23891.4915830187,22972.040827442626,19594.133020314603,14313.690020686963,19178.5850402263,912913.1404351427,5060.38662765161,27689.853620547477,45581.7215542506,72141.14679874563,87281.79559961084,106814.34563184188,124583.5376162611,144785.47786596353,113944.04613439487,185030.8289858765,1046.5085105599803,95.31920492382233,103.90886992978237,109.13099086222935,111.55607038487551,116.57398764278324,122.01130982396484,113.66059689031248,105.37087202125001,68.5112604566626,100.46534762429687
2102.0,108400.81054416127,9589.571584696941,10484.128153779484,11219.262884142034,11629.760718756537,11873.146419085495,12303.044354231839,11847.853414176563,10833.670321770614,7660.764431271942,10959.608262249712,547175.8337156203,3160.6393220201717,16572.521281154983,26536.103221421596,42984.77615788417,50030.7469004953,61320.21920686391,73568.98893357054,88571.94658824193,69424.812855072,115005.07924889603,943.666913414088,96.34103829809136,96.32389983594256,99.65829509954078,100.99870329434874,100.58229826256841,103.47897740788572,95.96840343994135,96.43997450218751,58.78731586740965,95.08800740617188,105203.05218360494,9118.493399508965,10157.732484983793,11071.244365777928,11211.3145083491,11449.833357236668,11968.635301915367,11345.496174858168,10507.711038732608,7727.0080682111075,10645.5834840311,483263.52695405623,2659.250020197561,14495.232305087118,24090.199371772953,37749.17209645057,44240.39554358016,56367.54121285569,63828.145047470076,77925.88324274178,62838.28679198849,99069.4213219123,1204.1265665714357,131.97718892302174,124.96129069397338,128.21005611630548,129.8803199840882,125.09290344389653,130.52007512137448,116.29210881507814,124.70760434124998,68.71211241697998,123.77290671546875,55766.25809579971,4796.452720006235,5357.93458691829,5894.510114961741,5775.181683082574,5930.901658536518,6262.199015495287,6196.006580535698,5469.776806657479,4352.408825865642,5730.88610374012,261712.479501918,1341.5388377973618,7618.233234112924,12896.106467182248,19370.119082880625,22826.790405377305,30470.589978610093,35747.09204504576,40368.6685786112,37075.19302894144,53998.147843358725,1624.0843873927784,199.79682983063745,173.854976191125,175.8302222812813,178.33443433242076,160.16671820175296,168.71019676958127,137.41220265808593,172.91214608812496,78.9788674251587,178.08779361460947,73319.08971717821,4608.000760589364,6717.826072960762,7149.946242467229,7597.68274288062,8325.836297401176,9252.559792059325,9159.191752139352,6835.672413152881,6180.623889449034,7491.749754078621,345967.63686955534,1371.4729924450644,9589.379641024143,16258.018224275202,24273.358468396815,31401.254181061115,42919.38387281409,49584.660102389775,44656.05480972288,52050.814993436165,73863.23958398977,1100.0236829698447,145.59218467302702,117.52428787942145,116.0850883517066,119.55302014579593,109.55420546085927,128.43302338116214,99.55077879617188,113.42894648812499,49.93699262263916,100.36515517093747,201024.35270885561,16057.788560502388,18998.514770738497,20648.810502902765,21416.66339097253,22901.602465312193,24224.78564642231,23235.092356818535,19848.565657602834,14399.831530820535,19292.69782676306,921736.3730857304,5145.64110878729,28128.761545370562,46281.31095150365,73280.70965498885,88519.23620196861,108275.08954733754,125654.29838555133,146867.72780793862,113898.25317310463,185685.34470918146,1039.5112377312494,94.53498257593715,103.1979220575654,108.46386546008583,110.85935163643796,115.9933441485645,121.51899247482416,113.02403703031254,104.72492675125001,67.8763888757251,99.31742672054686
2103.0,108806.4260757962,9656.870150076284,10540.37977388193,11281.270448770118,11688.680908958184,11926.280157503197,12359.969242956246,11875.735613238445,10892.920146258668,7634.996759868172,10949.322874284888,548596.6024612255,3195.7417097972602,16719.978156273886,26742.953925059195,43363.43984271234,50342.76805775873,61671.53118833577,73658.90972557313,89306.87465488385,68880.313615296,114714.091585536,935.3181235905636,95.52617410495691,95.49081285828606,98.85508167999265,100.15372947907841,99.7757704006249,102.72496747055663,95.12733189941405,95.68535397312498,58.05666132625,93.92224039828122,106279.741626226,9260.24131918662,10283.16393998446,11207.2185680052,11343.168298498429,11567.880519705155,12090.64408103115,11428.703387009786,10634.388414374045,7749.478188221849,10714.85491020954,487358.7168840898,2706.6250124236226,14701.988266414224,24409.03310612992,38296.62289357313,44747.22047378433,56999.32448404938,64236.68912214015,79068.94258634752,62742.90420708096,99449.36673214464,1199.7222335909285,131.60574091001953,124.54995518512708,127.83070747502744,129.459048564856,124.67207837119135,130.17935327949223,115.82830772585943,124.36080949499997,68.22731705966797,123.0089155246875,56139.39893169856,4858.299314100129,5405.38719975884,5947.281452467867,5823.108644470107,5967.1223703347805,6298.328470896804,6217.049243000646,5515.859823585251,4351.659780187843,5755.302632896395,262427.15780681936,1357.0086015980123,7676.995740453837,12985.430714384482,19530.962393633294,22927.53680390655,30622.82086246517,35774.200185323534,40728.16464035841,36868.21348421887,53955.82438047743,1627.8573976164703,200.53904023269968,174.33611283128545,176.3483830336315,178.81712156141725,160.47028722625976,169.18527077604003,137.49962238453128,173.49290461375,78.82555840341796,178.34309655343753,73566.34526499266,4637.743537986935,6753.004118006679,7183.422891918071,7633.529647814553,8360.311682944834,9297.991540717885,9180.478686064884,6869.658924265075,6164.437373447634,7485.766861826277,346151.99568933866,1380.8105963326425,9644.344846140342,16340.129502534406,24408.918494681588,31519.995882378233,43140.40477686615,49587.51023869951,44841.527847157755,51679.82876549633,73608.52473905151,1095.2632699385983,145.56116182587044,117.11943016060671,115.6388411621077,119.09199092873783,109.0033464524805,128.19835399816407,98.93815060601558,113.02769641374996,49.26482543180175,99.41947295906246,203287.31969321816,16254.540807045849,19233.91745143237,20910.369657457482,21684.367643931637,23195.75531122318,24547.905864772743,23488.808560415648,20093.71834957116,14480.69176968905,19397.244277679267,930375.7883894331,5229.119454899318,28558.525555093143,46966.3255696474,74396.53161839361,89730.89679177728,109705.401297927,126702.7516388147,148906.59754278912,113853.4142318413,186326.2246882509,1032.6597414197854,93.76709819363298,102.50178559935298,107.81063850382019,110.17714786192619,115.42479739380855,121.03693173712402,112.40073883406251,104.09243867437497,67.25474378605713,98.19342083562498
2104.0,109181.53370774564,9720.381376246154,10593.152078259614,11339.752691517084,11743.961053167679,11976.080802750328,12413.643807773491,11900.967453448633,10948.99223367865,7608.253434653965,10936.348776249917,549987.1420845848,3230.0972382599434,16864.29765107121,26945.403549896004,43734.046853395215,50648.1504669952,62015.36844679761,73746.91730923517,90026.1659541504,68347.399465728,114429.29514905601,927.1469675930749,94.72864744784663,94.67545113547361,98.06895790766904,99.32673383009032,98.98640270595705,101.98700029785154,94.30415549804687,94.9467892,57.341552626391604,92.78127694374999,107323.97847739245,9398.111268062363,10405.022636950922,11339.457358071842,11471.265757031022,11682.447670674022,12209.267010338077,11509.187889324476,10757.69745666054,7770.503224612217,10781.01820566713,491366.7751134793,2752.9920260916765,14904.345164734406,24721.08314401119,38832.42580139519,45243.261894835225,57617.66555798362,64636.54076968961,80187.6815183872,62649.55103887361,99821.22819747841,1195.4116098227737,131.24219604623033,124.14737149561766,127.45943008143617,129.04674036730952,124.26020702343754,129.84588083850096,115.3743747449219,124.02139326249998,67.75283649719238,122.26117946562496,56505.723550495495,4919.17141208199,5451.988826193586,5999.121956331567,5870.183452492998,6002.603858500324,6333.774083820571,6237.655742430378,5561.218435100313,4350.810693257874,5779.195090285936,263126.6301903407,1372.1492214880127,7734.507980702402,13072.854445688807,19688.383506284787,23026.139662041594,30771.812791344608,35800.73155665919,41080.01184972801,36665.63775959681,53914.4014168064,1631.5501310268967,201.26545892408066,174.8070125216555,176.85551908912353,179.28953884937118,160.76739733535157,169.65023682491457,137.5851821167968,174.061306575,78.67551127575683,178.5929675148437,73793.29438323966,4665.909577375755,6786.02782468418,7214.76098020759,7666.981090309193,8392.431447665547,9340.974201091034,9199.628442948777,6901.942545546604,6146.989333404543,7477.648940006497,346332.4319810418,1389.9495277970811,9698.140578807188,16420.493732319992,24541.59426508802,31636.211164518416,43356.7231084916,49590.29973381121,45023.0546497536,51316.73586155519,73359.2293588992,1090.6041422909884,145.53079903929194,116.72318643580938,115.20208859356372,118.64077084395748,108.46420784853534,127.96867758076164,98.33855705820314,112.63498357499999,48.60695967055664,98.4939116453125,205459.64963814896,16442.09552648399,19459.95018915349,21162.207040351263,21941.89804257631,23479.99787076759,24861.056251884667,23733.432917323487,20329.842418243345,14556.490947174863,19492.67843418974,938831.3863462459,5310.821665987685,28979.14564971522,47636.76540868164,75488.61268895997,90916.77736903692,111105.28088361042,127728.89737605122,150902.0870705152,113809.5293106048,186953.46892308482,1025.9540216255868,93.0155517769099,101.82046055514526,107.17130999343257,109.50945906134037,114.86834737851565,120.56512761086427,111.79070230156245,103.473407790625,66.64632518765869,97.09332996953123
2105.0,109527.54490981551,9780.257228034929,10642.592323218625,11394.85193573748,11795.755114283349,12022.690457284836,12464.199607139171,11923.68165226349,11002.0102680631,7580.6327718963,10920.87355189395,551347.4525856966,3263.705907408233,17005.479765546792,27143.452095931996,44096.59718993279,50946.8941282048,62351.73098224939,73833.01168455683,90729.82048604159,67826.07040636799,114150.689939456,919.153445421621,93.94845832675982,93.87781466750494,97.29992378256988,98.51771634738466,98.21419517856442,101.26507588977051,93.49887423583984,94.22428018281248,56.64198976783447,91.66511704257813,108336.37849874534,9532.158862756694,10523.366898700808,11468.015080753814,11595.668234387264,11793.59728561068,12324.555052309584,11587.011123326163,10877.681589465858,7790.145564218372,10844.178807216103,495287.70164223417,2798.35106120173,15102.303000047592,25026.349485416817,39356.58081991682,45728.519806732795,58222.564434658394,65027.699990118395,81282.10003886081,62558.227287366404,100185.0057179136,1191.1946952669643,130.88655433165425,123.75353962544553,127.0962239355316,128.643395391449,123.85728940063471,129.51965779840089,114.9303098722656,123.68935564374999,67.28867072955322,121.52969853828128,56865.15950382761,4979.046988863557,5497.729231147989,6050.019241986852,5916.395296233943,6037.344095303482,6368.530378825352,6257.82533345796,5605.83611963433,4349.869047552787,5802.563770821415,263810.89665248065,1386.9606974673607,7790.769954858599,13158.377661095194,19842.382420835216,23122.598979782408,30917.5657652484,35826.68615905281,41424.210206719996,36467.4658550752,53873.87895234561,1635.162587624045,201.97608590477864,175.26767526223423,177.35163044775692,179.75168619628312,161.0580485290283,170.10509491620482,137.66888185488287,174.61735197187494,78.52872604217528,178.83740649882816,74000.90776051472,4692.559776366025,6816.987894240013,7244.052526176041,7698.142409869969,8422.300243304044,9381.603415458454,9216.7496849558,6932.586488131206,6128.383376932611,7467.541945080402,346508.9457446638,1398.8897868383795,9750.766839024813,16499.11091363201,24671.385779615983,31749.90002748159,43568.3388676904,49593.028587724795,45200.63521751041,50961.53628161281,73115.35344353282,1086.0463000270336,145.50109631329144,116.33555670502923,114.77483064607556,118.1993598914551,107.93678964902325,127.74399412895514,97.75199815273434,112.25080797187502,47.96339533890381,97.5884712296875,207544.08375691896,16620.77602908097,19676.89436295337,21404.59082469805,22189.54349136755,23754.565738472927,25164.436480853234,23969.20372622535,20557.183838366083,14627.444587843676,19579.444677057887,947103.1669561763,5390.747742052392,29390.621829236785,48292.63046860636,76556.95286668804,92076.87793374706,112474.72830438758,128732.7355972608,152854.1963911168,113766.5984093952,187567.0774136832,1019.3940783486494,92.28034332576746,101.153946924942,106.54587992892309,108.85628523468013,114.3239941026855,120.10358009604491,111.19392743281252,102.8678341,66.05113308052978,96.01715412226565
2106.0,109845.84046768514,9836.646366687766,10688.844563840945,11446.707410799869,11844.213708183996,12066.248134380767,12511.765339542475,11944.008041977302,11052.095244661252,7552.230950552007,10903.080707058567,552677.5339645622,3296.567717242099,17143.524499700736,27337.09956316721,44451.090852325106,51238.99904138748,62680.61879469115,73917.19285153794,91417.83825055744,67316.32643721599,113878.27595673602,911.3375570761925,93.18560674169782,93.09790345437995,96.54797930469512,97.72667703096135,97.45914781844728,100.55919424631342,92.71148811279296,93.51782692156247,55.95797275057861,90.57376069476561,109317.54406580329,9662.4385108331,10638.253780164312,11592.94489941897,11716.435747302332,11901.390481820206,12436.558061539257,11662.23319485348,10994.383292666513,7808.466237640907,10904.439859564063,499121.4964703474,2842.7021177537845,15295.861772353865,25324.83213034674,39869.08794913788,46202.99420947711,58814.021114073774,65410.16678342657,82352.19814776833,62468.932952559364,100540.69929345023,1187.0714899235143,130.5388157662904,123.36845957461053,126.74108903731381,128.24901363727423,123.46332550278318,129.2006841591919,114.49611310789064,123.36469663874998,66.83481975675048,120.8144727426562,57217.63591829702,5037.904498162742,5542.598402049214,6099.961194097448,5961.733599795604,6071.341097095681,6402.591999501221,6277.557286920087,5649.6967147835,4348.842162887082,5825.408963004357,264479.95719324,1401.4430295360557,7845.781662922438,13242.000360603692,19992.959137284488,23216.914757128958,31060.079784176563,35852.063992504336,41760.759711334395,36273.697770654086,53834.25698709504,1638.6947674079292,202.67092117479496,175.71810105302293,177.83671710953172,180.20356360215223,161.3422408072901,170.54984504991089,137.75072159878906,175.16104080437498,78.38520270267334,179.07641350539063,74190.13498348686,4717.753708706821,6845.973056154726,7271.387548254134,7727.116656013096,8450.020446563254,9419.972746919853,9231.948712029756,6961.652588997537,6108.720859305276,7455.588660542552,346681.53698020667,1407.6313734565383,9802.223626793128,16575.981046470384,24798.293038265594,31861.062471267847,43775.25205446256,49595.6968004403,45374.269550428166,50614.23002566913,72876.89699295232,1081.5897431467122,145.4720536478684,115.95654096826665,114.35706731964228,117.76775807123046,107.4210918539453,127.52430364274409,97.17847388960935,111.87516960437502,47.33413243684326,96.70315171218749,209543.30367120853,16790.898596616895,19885.02523494763,21637.783353761486,22427.586614234515,24019.68938724658,25458.24188405427,24196.3541053984,20775.983237408935,14693.763530944554,19657.97772659575,955191.1302192134,5468.897683093436,29792.954093657954,48933.92074942178,77601.55215157763,93211.19848590846,113813.74356025863,129714.2663024435,154762.9255045939,113724.62152821249,188167.05016004606,1012.9799115889814,91.5614728402061,100.50224470874325,105.9343483102915,108.21762638194576,113.79173756631843,119.65228919266609,110.61041422781248,102.2757176025,65.4691674646704,94.96489329382811
2107.0,110137.7704829082,9889.694149866555,10732.049653984584,11495.45525208687,11889.484103728892,12106.889758128314,12556.466843506176,11962.073569722248,11099.365469939026,7523.142012267756,10883.149669677727,553977.3862211788,3328.68266776157,17278.43185353298,27526.345951601594,44797.52784057216,51524.4652065433,63002.03188412292,73999.46081017854,92090.21924769791,66818.16755827199,113612.05320089603,903.6993025568019,92.44009269265956,92.33571749609884,95.8131244740449,96.9536158808203,96.72126062560551,99.86935536748045,91.94199712890621,92.82742941625,55.289501574624005,89.50720790031251,110268.06416796235,9789.003410798176,10749.739068384395,11714.298796027007,11833.626978806198,12005.887018445364,12545.324784740804,11734.912874059768,11107.844102141764,7825.524919244858,10961.902215313998,502868.1595978225,2886.0451957478335,15485.021481653117,25616.531078800966,40369.94718905858,46666.68510306815,59392.03559622968,65783.94114961408,83397.97584510979,62381.66803445249,100888.3089240883,1183.041993792407,130.19898035013978,122.99213134311275,126.39402538678277,127.86359510478523,123.07831532988286,128.88895992087402,114.07178445179689,123.0474162475,66.39128357878418,120.11550207875,57563.08349546981,5095.722872503816,5586.586548825989,6148.935966556767,6006.188022300549,6104.592924309399,6435.953708469604,6296.85088985709,5692.784417308549,4347.737196412722,5847.730948925144,265133.8118126188,1415.5962176941,7899.543104893925,13323.722544214243,20140.11365563263,23309.086994081306,31199.354848129096,35876.86505701376,42089.660363571194,36084.33350633344,53795.53552105472,1642.1466703785447,203.34996473412846,176.15828989402115,178.3107790744484,180.64517106697886,161.61997417013677,170.98448722603268,137.83070134851562,175.69237307249995,78.24494125725097,179.30998853453136,74361.90453690055,4741.549624286114,6873.070068142612,7296.85406446298,7754.004588265491,8475.692159108234,9456.17367939493,9245.329461893454,6989.2013109691825,6088.100883456567,7441.928696920976,346850.20568766777,1416.1742876515577,9852.510942112149,16651.1041308352,24922.316041036815,31969.69849587712,43977.4626688081,49598.304371957776,45543.95764850688,50274.81709372417,72643.86000715777,1077.234471650038,145.44367104302358,115.58613922552131,113.94879861426459,117.34596538328373,106.91711446330069,127.30960612212894,96.61798426882814,111.50806847249999,46.719170964375,95.83795309281247,211459.93141110532,16952.772482387816,20084.611950316,21862.041140954912,22656.30375457473,24275.594168375777,25742.663453144014,24415.11199271365,20986.47589556436,14755.653930409919,19728.702642664008,963095.276135364,5545.271489110823,30186.142442978555,49560.636251127675,78622.41054362887,94319.73902552061,115122.32665122353,130673.48949159934,156628.27441094661,113683.59866705663,188753.38716217346,1006.7115213465788,90.85894032022564,99.86535390654916,105.33671513753791,107.59348250313718,113.27157776941412,119.21125490072748,110.04016268656255,101.69705829812501,64.90042834008055,93.93654748421872
2108.0,110404.65437291184,9939.542631650012,10772.345246283394,11541.228500995117,11931.710222757747,12144.74816343379,12598.42709758659,11978.002297468423,11143.936561579014,7493.457861380077,10861.255789777837,555247.0093555507,3360.0507589666304,17410.201827043522,27711.191261235206,45135.9081546739,51803.292623672314,63315.97025054455,74079.81556047872,92746.96347746304,66331.59376953598,113352.02167193602,896.2386818634394,91.71191617964597,91.59125679266107,95.09535929061902,96.19853289696168,96.000533600039,99.19555925327143,91.1904012841797,92.153087666875,54.636576239970694,88.46545865921875,111188.51440849603,9911.905552101412,10857.877282516556,11832.127571129355,11947.299278223585,12107.14529646655,12650.902860748121,11805.107595413025,11218.10460977361,7841.379927159681,11016.664434964281,506527.69102465996,2928.3802951838925,15669.782127945447,25901.44633077955,40859.158539678705,47119.5924875059,59956.607881126176,66149.02308868097,84419.43313088514,62296.43253304577,101227.83460982781,1179.1062068736567,129.86704808320167,122.62455493095226,126.0550329839387,127.48713979398204,122.70225888193356,128.58448508344725,113.6573239039844,122.73751447,65.95806219565429,119.43278654656248,57901.43451187655,5152.481523217277,5629.684103908684,6196.931982487926,6049.748457891331,6137.097681458222,6468.610387383255,6315.705445512927,5735.083783134728,4346.561142619118,5869.530004263005,265772.46051061637,1429.4202619414914,7952.054280773034,13403.544211926877,20283.845975879685,23399.115690639377,31335.390957105978,35901.08935258113,42410.91216343041,35899.373062113285,53757.71455422464,1645.518296535883,204.01321658278067,176.58824178522846,178.773816342506,181.0765085907629,161.8912486175685,171.4090214445703,137.90882110406253,176.21134877624993,78.10794170590819,179.53813158624993,74517.12380357248,4764.004449130847,6898.3637161517645,7320.538092414126,7778.904676164859,8499.413207566198,9490.29561762341,9256.993510048738,7015.29174271463,6066.620299981113,7426.698491777151,347014.9518670484,1424.5185294234348,9901.628784981915,16724.48016672641,25043.454787929608,32075.808101309452,44174.97071072696,49600.85130227712,45709.69951174655,49943.29748577792,72416.24248614915,1072.980485537009,145.415948498756,115.22435147679317,113.55002452994214,116.93398182761473,106.42485747708989,127.09990156710937,96.07052929039062,111.14950457624998,46.11851092149902,94.99287537156249,213296.52941510177,17106.699911205946,20275.917537302204,22077.614869841393,22875.964975253868,24522.500311527583,26017.887839059276,24625.700145635925,21188.891745747722,14813.317254855534,19792.034824671944,970815.6047046296,5619.869160104539,30570.186877198717,50172.77697372416,79619.52804284162,95402.49955258364,116400.47757728229,131610.40516472832,158450.24311017475,113643.52982592766,189326.08842006532,1000.5889076214382,90.1727457658263,99.24327451835937,104.75298041066236,106.98385359825436,112.76351471197268,118.78047722022944,109.48317280906252,101.13185618687498,64.34491570676025,92.93211669343748
2109.0,110647.78087099775,9986.330562533589,10809.865792147302,11584.157104935282,11971.032640090802,12179.953096019646,12637.766220373609,11991.91540202381,11185.92144848051,7463.268264915336,10837.570339477681,556486.4033676733,3390.67199085729,17538.834420232408,27891.635492068002,45466.23179463039,52075.48129277443,63622.43389395622,74158.2571024384,93388.07093985281,65856.60507100799,113098.18136985599,888.9556949961155,91.00107720265586,90.8645213440673,94.39468375441743,95.46142807938537,95.2969667417481,98.53780590368652,90.45670057861327,91.49480167343751,53.99919674661866,87.4485129714844,112079.45700455557,10031.195715135482,10962.721673829037,11946.480843869356,12057.508661174017,12205.22235870185,12753.338820515208,11872.873457695983,11325.204463446804,7856.088223279269,11068.822786908688,510100.0907508566,2969.7074160619372,15850.143711230816,26179.577886282375,41336.7220009984,47561.71636279041,60507.73796876318,66505.4126006272,85416.57000509439,62213.2264483392,101559.2763506688,1175.264129167255,129.5430189654767,122.26573033812863,125.72411182878116,127.11964770486443,122.33515615893552,128.28725964691162,113.25273146445312,122.43499130625,65.53515560736084,118.76632614609377,58232.62281901247,5208.160340439865,5671.881722229296,6243.937934243735,6092.40503573039,6168.853517136804,6500.557036926238,6334.120273335172,5776.579727351824,4345.320833333142,5890.806398286039,266395.9032872325,1442.915162278228,8003.315190559812,13481.465363741587,20424.156098025593,23487.00084680319,31468.188111107193,35924.73687920639,42724.515110912,35718.8164379936,53720.7940866048,1648.8096458799603,204.66067672074982,177.00795672664495,179.2258289137056,181.4975761735047,162.1560641495849,171.82344770552365,137.98508086542967,176.717967915625,77.97420404864499,179.76084266054684,74656.67906439528,4785.173785406809,6921.936814363975,7342.523649309564,7801.913099259646,8521.279143526523,9522.425887164994,9267.040069776484,7039.981598747295,6044.373707134113,7410.031309705998,347175.7755183487,1432.6640987721755,9949.577155402385,16796.109154143982,25161.709278944018,32179.3912875648,44367.77618021919,49603.33759139842,45871.4951401472,49619.6712018304,72194.0444299264,1068.8277848076193,145.38888601506662,114.87117772208258,113.16074506667479,116.53180740422368,105.94432089531244,126.89518997768548,95.53610895429688,110.79947791562502,45.532152308215345,94.16791854843751,215055.6005300976,17252.97607939931,20459.198907214217,22284.749394133563,23086.83405860587,24760.622924748823,26284.09735201748,24828.33614122394,21383.455373597302,14866.950287580532,19848.380011577457,978352.1159270102,5692.690696074617,30945.08739631845,50770.34291721114,80592.90464921597,96459.48006709767,117648.19633843478,132525.01332183037,160228.83160227843,113604.41500482561,189885.1539337216,994.6120704135643,89.50288917700779,98.63600654417422,104.18314412966457,106.38873966729737,112.26754839399408,118.3599561511719,108.93944459531247,100.58011126874999,63.80262956470948,91.95160092148437
2110.0,110868.4080263397,10030.19338942953,10844.742541762102,11624.36791733207,12007.588583528706,12212.631212424496,12674.601470490741,12003.931175034313,11225.43037075947,7432.660852589757,10812.260512988469,557695.5682575516,3420.546363433531,17664.329633099595,28067.67864409999,45788.49876044163,52341.03121384959,63921.422814357786,74234.78543605762,94013.54163486722,65393.201462688,112850.532294656,881.8503419548181,90.30757576169056,90.15551115031745,93.71109786544032,94.74230142809144,94.61056005073236,97.89609531872559,89.74089501220705,90.85257143593748,53.377363094567876,86.45637083710936,112941.44078716918,10146.923471235952,11064.32422570274,12057.407051982162,12164.309809571738,12300.173889806996,12852.678087116206,11938.265224006054,11429.182367048825,7869.7054132619405,11118.47124743636,513585.35877641547,3010.0265583819883,16026.106231509184,26450.925745309625,41802.63757301761,47993.0567289216,61045.42585914083,66853.10968545282,86389.38646773761,62132.0497803328,101882.63414661119,1171.5157606732073,129.22689299696424,121.91565756464234,125.40126192131038,126.76111883743292,121.97700716088868,127.99728361126706,112.85800713320312,122.13984675625,65.12256381390381,118.11612087734372,58556.58384333726,5262.739693114652,5713.170281221415,6289.942783406689,6134.148120000163,6199.858624020881,6531.788776813971,6352.094708975045,5817.257524214143,4344.022937719119,5911.560393851185,267004.14014246804,1456.0809187043167,8053.325834254189,13557.485999658411,20561.04402207041,23572.742462572816,31597.74631013281,35947.807636889615,43030.469206016,35542.6636339744,53684.7741181952,1652.0207184107626,205.292345148037,177.41743471827084,179.66681678804608,181.9083738152038,162.4144207661866,172.2277660088928,138.0594806326172,177.21223049062493,77.84372828546144,179.9781217574219,74781.43549833383,4805.1119114187295,6943.870205194849,7362.892751941681,7823.123747109048,8541.38324354076,9552.649734399423,9275.565992136582,7063.3272194255105,6021.453450831373,7392.05724233591,347332.6766415693,1440.6109956977723,9996.356053373614,16865.991093088018,25277.079514079986,32280.448054643206,44555.879077284815,49605.76323932159,46029.344533708805,49303.938241881595,71977.26583848962,1064.7763694618775,145.3624835919547,114.52661796138909,112.78096022446287,116.13944211311029,105.4755047179688,126.69547135385749,95.01472326054686,110.45798849062497,44.9600951245239,93.36308262343748,216739.58801140412,17391.889154812,20634.706854424,22483.683737693966,23289.168506432863,24990.171994466382,26541.469961516494,25023.232376130185,21570.38601747425,14916.745126567388,19898.134281887087,985704.8098024977,5763.736097021012,31310.844000337554,51353.33408158887,81542.54036275204,97490.68056906234,118865.48293468123,133417.31396290564,161964.0398872576,113566.2542037504,190430.58370314242,988.78100972296,88.84937055376994,98.0435499839935,103.62720629454502,105.80814071026609,111.78367881547855,117.94969169355466,108.40897804531252,100.04182354374998,63.27356991392821,90.99500016835935
2111.0,111067.76320398667,10071.26325566685,10877.103544089636,11661.984697624212,12041.511933852644,12242.90608000303,12709.047246595026,12014.165022983741,11262.570879748553,7401.721116809413,10785.489426613816,558874.5040251815,3449.6738766953713,17786.687465645107,28239.3207173312,46102.70905210753,52599.94238689791,64212.93701174932,74309.40056133637,94623.37556250623,64941.38294457599,112609.07444633597,874.9226227395555,89.63141185674893,89.46422621141112,93.04460162368777,94.04115294307981,93.94131352699209,97.27042749838866,89.0429845849609,90.22639695437499,52.77107528381836,85.48903225609372,113775.00120124176,10259.137182681525,11162.735653631209,12164.953451794723,12267.756071625823,12392.05421627542,12948.96497574541,12001.336321755363,11530.076080469917,7882.285746530452,11165.701500731842,516983.49510133395,3049.337722144036,16197.669688780648,26715.48990786115,42256.9052557363,48413.61358589953,61569.67155225896,67192.11434315775,87337.88251881473,62052.90252902655,102197.90799765504,1167.8611013915083,128.91867017766478,121.57433661049302,125.08648326152645,126.41155319168705,121.62781188779297,127.71455697651368,112.47315091023431,121.85208082,64.7202868152832,117.4821707403125,58873.25458627454,5316.200428990887,5753.540880820275,6334.935760788984,6174.9683099029835,6230.111238867249,6562.300845793205,6369.628104287384,5857.1028071405335,4342.673962278831,5931.792247404243,267597.17107632296,1468.917531219752,8102.086211856242,13631.606119677279,20694.509748014094,23656.34053794817,31724.065554182773,35970.30162563073,43328.774448742406,35370.91465005568,53649.65464899586,1655.151514128295,205.90822186464254,177.81667576010634,180.09677996552844,182.30890151586053,162.66631846737295,172.62197635467774,138.13202040562496,177.69413650125006,77.71651441635744,180.18996887687496,74892.23718242787,4823.871781610233,6964.242759293754,7381.725416693328,7842.62821928301,8559.816509122587,9581.050326526427,9282.665765967977,7085.383570952527,5997.94962464928,7372.903208328723,347485.6552367086,1448.3592202002314,10041.965478895529,16934.125983558402,25389.56549333759,32378.978402544642,44739.27940192376,49608.12824604671,46183.24769243136,48996.098605931526,71765.90671183873,1060.8262394997764,145.33674122942082,114.19067219471309,112.41067000330627,115.75688595427482,105.01840894505852,126.500745695625,94.5063722091406,110.12503630124999,44.402339370424805,92.57836759656249,218350.87552273535,17523.720276804095,20802.68605636772,22674.65109453464,23483.21954000532,25211.352385486658,26790.179296334747,25210.596066601058,21749.897568462642,14962.889184481934,19941.684053655983,992873.6863311037,5833.00536294376,31667.456689256305,51921.750466857025,82468.4351834496,98496.101058478,120052.33736602141,134287.30708795396,163655.86796511232,113529.0474227021,190962.3777283277,983.0957255496162,88.21218989611324,97.46590483781742,103.0851669053033,105.24205672716072,111.31190597642578,117.54968384737798,107.89177315906247,99.51699301187499,62.75773675441649,90.06231443406251
2112.0,111247.04308486177,10109.669000991329,10907.07364686756,11697.128111264456,12072.933224824219,12270.898176926095,12741.21508737709,12022.729467193787,11297.447837997088,7370.5324126702135,10757.41611874975,560023.2106705642,3478.0545306428144,17905.90791786899,28406.561711761595,46408.86266962817,52852.21481191931,64496.976486130916,74382.10247827454,95217.57272276992,64501.14951667199,112373.80782489602,868.1725373503252,88.97258548783132,88.79066652734875,92.3951950291597,93.35798262435057,93.28922717052737,96.66080244267575,88.36296929687497,89.61627822875,52.1803333143701,84.5464972284375,114580.66030555674,10367.884002693889,11258.00540522062,12269.16611822584,12367.899461840076,12480.916306438156,13042.242693717268,12062.13884267071,11627.922419603052,7893.882116271987,11210.60293887505,520294.49972561473,3087.6409073480777,16364.83408304512,26973.27037393697,42699.52504915458,48823.38693372414,62080.47504811768,67522.4265737421,88262.05815832579,61975.78469442049,102505.09790380027,1164.3001513221595,128.61835050757807,121.24176747568113,124.77977584942927,126.07095076762702,121.28757033964848,127.43907974265132,112.09816279554688,121.57169349749998,64.32832461149903,116.86447573500001,59182.573624212666,5368.523874624186,5792.984843462725,6378.906366432518,6214.856439661155,6259.609642513816,6592.088601642006,6386.7198273306685,5896.101568714364,4341.280250851516,5951.502208979869,268174.99608879717,1481.4249998245332,8149.596323365924,13703.825723798242,20824.553275856633,23737.795072929308,31847.145843257105,35992.21884542976,43619.4308390912,35203.56948623744,53615.435679006725,1658.2020330325593,206.50830687056492,178.20567985215098,180.5157184461525,182.69915927547493,162.91175725314454,173.0060787428784,138.20270018445314,178.1636859474999,77.592562441333,180.39638401890636,74989.90709179098,4841.505026563866,6983.131375543838,7399.099659537771,7860.515825362225,8576.667666747871,9607.708751565739,9288.431517888608,7106.204245376521,5973.950069824823,7352.692953379727,347634.71130376763,1455.9087722795518,10086.40543196815,17000.5138255552,25499.167216716814,32474.98233126912,44917.9771541361,49610.43261157378,46333.204616314884,48696.152293980165,71559.96704997377,1056.9773949213202,145.31165892746492,113.86334042205448,112.04987440320502,115.38413892771734,104.57303357658195,126.31101300298832,94.01105580007814,109.80062134749997,43.858885045917965,91.81377346781247,219891.7871362114,17648.74355625177,20963.375073545463,22857.878828817502,23669.232100061836,25424.363840996153,27030.394644531287,25390.629248476725,21922.19857036942,15005.56518867336,19979.406084487902,999858.7455128164,5900.498493842844,32014.925463074556,52475.59207301565,83370.58911130886,99475.74153534461,121208.75963245555,135134.9926969753,165304.3158358426,113492.79466168063,191480.53600927745,977.5562178935376,87.59134720403763,96.90307110564585,102.55702596193976,104.6904877179809,110.85222987683599,117.15993261264154,107.38782993656254,99.00561967312501,62.25513008617431,89.15354371859372
2113.0,111407.41366575996,10145.53616156558,10934.774496609676,11729.915729719598,12101.979643185534,12296.724892180704,12771.213671561143,12029.734143824073,11330.163419271097,7339.175957957929,10728.195549884706,561141.6881937011,3505.688325275838,18021.99098977111,28569.401627391202,46706.95961300352,53097.84848891391,64773.54123750232,74452.89118687237,95796.13311565825,64072.50117897599,112144.73243033598,861.6000857871269,88.33109665493832,88.13483209812983,91.76287808185577,92.69279047190368,92.6543009813378,96.0672201515869,87.70084914794919,89.02221525906249,51.605137186223146,83.62876575414062,115358.92677277453,10473.209875437815,11350.181660189903,12370.0899447861,12464.790661013134,12566.811770463977,13132.553340466367,12120.723542793605,11722.757256343959,7904.546059438158,11253.262661841303,523518.37264925614,3124.936113994128,16527.599414302647,27224.267143537145,43130.4969532723,49222.37677239553,62577.836346716955,67844.04637720574,89161.91338627072,61900.69627651455,102804.20386504703,1160.8329104651657,128.32593398670414,120.91795016020616,124.4811396850189,125.7393115652527,120.95628251645508,127.17085190968018,111.73304278914057,121.29868478875001,63.94667720255127,116.26303586140625,59484.48110850462,5419.691835376353,5831.493714087213,6421.844369608881,6253.803578516909,6288.352159879564,6621.147521169778,6403.3692623669895,5934.240160683528,4339.847984613863,5970.690522201575,268737.6151798897,1493.603324518665,8195.856168783243,13774.144812021279,20951.174605598095,23817.106067516164,31966.987177355768,36013.55929628673,43902.43837706241,35040.62814251968,53582.11720822786,1661.1722751235507,207.09260016580623,178.5844469944051,180.92363222991753,183.07914709404656,163.15073712350087,173.38007317349488,138.2715199691015,178.62087882937504,77.4718723603882,180.5973671835156,75075.24709961088,4858.061953001077,7000.610981061957,7415.091496038703,7876.873584938161,8592.023167854604,9632.704018357106,9292.953012295453,7125.841460590575,5949.540375255565,7331.547050217673,347779.844842746,1463.259651935729,10129.675912591529,17065.154619078403,25605.884684217595,32568.459840816646,45091.97233392176,49612.67633590272,46479.215305359365,48404.09930602753,71359.44685289473,1053.2298357265074,145.28723668608635,113.54462264341304,111.69857342415892,115.02120103343742,104.13937861253899,126.12627327594727,93.52877403335934,109.48474362937499,43.32973215100342,91.06930023718749,221364.5873323642,17767.226075547045,21117.006349521555,23033.588474854,23847.444846809314,25629.40098256105,27262.280953445552,25563.528777191295,22087.492219724456,15044.951181174209,20011.667471535264,1006659.987347648,5966.215489718272,32353.2503217923,53014.85890006501,84249.00214632961,100429.601999662,122334.7497339834,135960.37078996995,166909.38349944833,113457.4959206861,191985.0585459917,972.1624867547253,86.98684247754275,96.3550487874787,102.04278346445398,104.15343368272714,110.40465051670898,116.78043798934576,106.89714837781247,98.50770352749998,61.76574990920165,88.26868802195315
2114.0,111550.01025935212,10178.986969968864,10960.32453860555,11760.4620304705,12128.775028659136,12320.500525569925,12799.148817904934,12035.285803872113,11360.817108553287,7307.730833148168,10697.978602599524,562229.9365945907,3532.575260594464,18134.93668135159,28727.84046421999,46996.99988223363,53336.84341788157,65042.63126586378,74521.76668712961,96359.05674117121,63655.43793148799,111921.848262656,855.2052680499612,87.70694535806936,87.49672292375493,91.14765078177639,92.04557648573912,92.03653495942378,95.48968062512209,87.05662413818362,88.44420804531248,51.04548689937745,82.73583783320312,116110.29588943247,10575.159536020992,11439.311330370525,12467.768643578027,12558.479016238318,12649.790860359266,13219.937907547406,12177.139842480266,11814.615518591103,7914.327756745018,11293.76547750129,526655.1138722599,3161.2233420821717,16685.965682553182,27468.480216661625,43549.820968089596,49610.583101913595,63061.75544805682,68156.97375354881,90037.44820264961,61827.6372753088,103095.22588139519,1157.4593788205218,128.04142061504294,120.60288466406864,124.19057476829524,125.41663558456425,120.63394841821291,126.90987347760007,111.37779089101561,121.03305469374999,63.57534458843994,115.67785111953123,59778.918765467155,5469.6865954155155,5869.059260133848,6463.739808819351,6291.801030732435,6316.337159964526,6649.473200217264,6419.575809862081,5971.505293960459,4338.383182080021,5989.357424281725,269285.0283496019,1505.4525053021412,8240.865748108186,13842.56338434641,21074.373737238413,23894.273521708827,32083.58955647881,36034.32297820161,44177.797062656005,34882.0906189024,53549.69923665919,1664.0622404012731,207.66110175036434,178.95297718686828,181.3205213168242,183.4488649715759,163.38325807844242,173.74395964652706,138.3384797595703,179.06571514687494,77.35444417352295,180.79291837070315,75149.0379771494,4873.591543782218,7016.754531198804,7429.774941350248,7891.786227613007,8605.967188842966,9656.11305656028,9296.317651364529,7144.346060332697,5924.803877499676,7309.582898604759,347921.05585364427,1470.4118591687677,10171.776920765615,17128.04836412802,25709.71789583999,32659.41093118721,45261.26494128081,49614.859419033586,46621.27975956481,48119.939642073594,71164.3461206016,1049.583561915339,145.26347450528567,113.23451885878896,111.3567670661682,114.66807227143549,103.71744405292972,125.94652651450201,93.05952690898435,109.17740314687498,42.81488068568114,90.34494790468747,222771.481000129,17879.427888598013,21263.8062109244,23201.995737105397,24018.09015992291,25826.653310127454,27485.998829697633,25729.486327772614,22245.976365780494,15081.220518700375,20038.82565149906,1013277.4118355868,6030.156350570031,32682.431265409552,53539.55094800487,85103.67428851206,101357.68245143034,123430.30767060522,136763.44136693765,168471.0709559296,113423.1511997184,192475.94533847042,966.914532133179,86.39867571662892,95.82183788331602,101.5424394128464,103.63089462139892,109.96916789604497,116.41119997749021,106.41972848281252,98.02324457499998,61.28959622349853,87.4077473441406
2115.0,111675.93749418139,10210.140355197329,10983.83901692083,11788.878397011998,12153.439873948082,12342.336287713048,12825.123485199838,12039.488313173335,11389.505702043027,7276.273981406397,10666.912081567465,563287.9558732318,3558.7153365986887,18244.744992610413,28881.878222248015,47278.98347731838,53569.19959882243,65304.24657121523,74588.7289790464,96906.34359930882,63249.959774207986,111705.15532185599,848.9880841388301,87.10013159722403,86.8763390042236,90.54951312892153,91.41634066585692,91.4359291047852,94.92818386328122,86.43029426757809,87.8822565875,50.50138245383301,81.86771346562502,116835.24955594543,10673.776510494316,11525.440059706705,12562.244745295793,12649.012540903812,12729.90246996808,13304.436278635265,12231.435826401588,11903.531190245687,7923.27603267304,11332.193901621102,529704.7233946223,3196.5025916122127,16839.93288779682,27705.909593310378,43957.4970936064,49988.00592227841,63532.23235213719,68461.2087027712,90888.66260746238,61756.6076908032,103378.1639528448,1154.1795563882267,127.76481039259478,120.29657098726804,123.90808109925845,125.10292282556146,120.32056804492186,126.65614444641115,111.03240710117187,120.7748032125,63.214326769165034,115.10892150937505,60065.829896381954,5518.490917716024,5905.673471544309,6504.582991794906,6328.840335589832,6343.563055849848,6677.061353656534,6435.338886485296,6007.884038622115,4336.891699101594,6007.503146021539,269817.2355979332,1516.9725421749667,8284.625061340814,13909.08144077359,21194.15067077759,23969.29743550718,32196.952980626193,36054.50989117439,44445.50689587199,34727.9569153856,53518.1817643008,1666.8719288657267,208.2138116242408,179.31127042954105,181.70638570687265,183.8083129080628,163.60932011796868,174.09773816197512,138.40357955585935,179.4981949,77.24027788073727,180.9830375804687,75212.03939374158,4888.141457906575,7031.6330095387875,7443.222010216959,7905.336192999713,8618.581631075283,9678.010716655032,9298.610475050858,7161.767514185813,5899.821660775902,7286.914725336642,348058.34433646116,1477.3653939786693,10212.708456490387,17189.19506070398,25810.666851584014,32747.835602380797,45425.85497621319,49616.981860966414,46759.3979789312,47843.673302118405,70974.6648530944,1046.038573487812,145.24037238506318,112.93302906818246,111.02445532923278,114.32475264171146,103.30722989775386,125.77177271865227,92.60331442695315,108.87859990000001,42.314330649951174,89.64071647031251,224114.6134368493,17985.60202082883,21403.994867446512,23363.31049018255,24181.394138545995,26016.305202021253,27701.704539188177,25888.68839484241,22397.843510513205,15114.541872651107,20061.228400628937,1019711.0189766436,6092.321076398141,33002.46829392645,54049.66821683515,85934.60553785594,102259.98289064967,124495.43344232078,137544.20442787837,169989.37820528643,113389.76049877761,192953.1963867136,961.812354028893,85.82684692129617,95.30343839315798,101.05599380711664,103.12287053399658,109.5457820148437,116.05221857707522,105.95557025156248,97.55224281562501,60.826669029064945,86.57072168515626
2116.0,111786.26931466567,10239.111942663876,11005.429974397048,11815.27311885298,12176.09132473588,12362.34030004543,12849.23777227077,12042.44265240107,11416.323307156401,7244.880208587925,10635.138713554188,564315.7460296281,3584.108553288495,18351.415923547513,29031.5149014752,47552.9103982579,53794.9170317363,65558.38715355656,74653.77806262272,97437.99369007103,62856.06670713598,111494.65360793602,842.948534053725,86.51065537240352,86.27368033953604,89.9684651232911,90.80508301225713,90.85248341742181,94.38272986606438,85.82185953613282,87.336360885625,49.97282384958983,81.02439265140626,117534.25628660595,10769.103115851547,11608.61222425532,12653.55959922552,12736.43791469254,12807.194134972182,13386.087229524961,12283.65824354316,11989.537311211669,7931.4383554671385,11368.628157862211,532667.2012163487,3230.7738625842594,16989.50103003345,27936.55527348354,44353.52532982271,50354.6452334899,63989.267058958176,68756.75122487298,91715.55660070914,61687.60752299775,103653.01807939581,1150.9934431682852,127.49610331935908,119.9990091298048,123.63365867790841,124.79817328824474,120.016141396582,126.40966481611328,110.6968914196094,120.523930345,62.86362374472656,114.55624703093748,60345.1593774949,5566.088044058545,5941.328560761938,6544.364495496205,6364.913267391171,6370.02830469773,6703.907815390984,6450.657925109629,6043.363823909975,4335.379228867639,6025.127911811088,270334.2369248842,1528.1634351371422,8327.134108481034,13973.698981302874,21310.505406215692,24042.177808911383,32307.07744979798,36074.12003520514,44705.56787671041,34578.22703196929,53487.56479115265,1669.6013405169049,208.75072978743538,179.65932672242337,182.0812254000621,184.15749090350704,163.8289232420802,174.44140871983885,138.46681935796877,179.91831808874997,77.12937348203124,181.16772481281245,75264.98991679757,4901.758030512293,7045.315427900104,7455.50271697381,7917.603630721994,8629.946120876024,9698.469769941112,9299.91416108851,7178.153917577775,5874.672556963584,7263.653584242426,348191.71029119816,1484.120256365426,10252.470519765917,17248.59470880641,25908.73155144961,32833.73385439746,45585.74243871895,49619.04366170112,46893.56996345855,47575.30028616192,70790.40305037313,1042.5948704439322,145.21793032541797,112.64015327159295,110.70163821335278,113.99124214426513,102.90873614701177,125.60201188839844,92.16013658726563,108.58833388874999,41.82808204381348,88.95660593406251,225396.0703482763,18085.994469179546,21537.786411844438,23517.736778846083,24337.57660129007,26198.535914948177,27909.550007098227,26041.31629261628,22543.280808621126,15145.079229109006,20079.21383472315,1025960.8087708087,6152.709667202574,33313.36140734272,54545.21070655614,86741.7958943616,103136.50331731963,125530.12704913029,138302.6599727923,171464.30524751876,113357.32381786367,193416.8116907213,956.8559524418771,85.2713560915443,94.79985031700443,100.58344664726509,102.62936142051998,109.13449287310549,115.70349378810053,105.50467368406251,97.09469824937499,60.376968325900876,85.75761104499998
2117.0,111882.04898109601,10266.01405419818,11025.20625265177,11839.75139151636,12196.843179686475,12380.617594818568,12871.588917976207,12044.24691706653,11441.361342526165,7213.622183237913,10602.797147417768,565313.3070637762,3608.7549106639017,18454.949474162986,29176.750501901595,47818.78064505217,54013.99571662331,65805.05301288792,74716.91393785854,97954.00701345791,62473.758730271984,111290.34312089602,837.0866177946584,85.93851668360662,85.68874692969241,89.40450676488507,90.21180352493961,90.28619789733399,93.85331863347163,85.23131994384761,86.8065209396875,49.45981108664793,80.20587539054688,118207.77120958427,10861.180460029596,11688.870932185815,12741.753373245172,12820.800483582167,12881.712032890937,13464.92842813163,12333.852507205289,12072.66597739576,7938.8608371366445,11403.146177781467,535542.5473374331,3264.0371549982933,17134.67010926312,28160.417257180965,44737.90567673857,50710.50103554815,64432.85956851968,69043.60131985409,92518.13018238978,61620.63677189249,103919.7882610483,1147.901039160693,127.23529939533657,119.71019909167842,123.36730750424493,124.50238697261359,119.72066847319341,126.17043458670649,110.37124384632813,120.28043609125,62.52323551512451,114.01982768421874,60616.85366001625,5612.461695029954,5976.016962731668,6583.075166113641,6400.011835458432,6395.731407751477,6730.00853835534,6465.532374811686,6077.932438230066,4333.851301904671,6042.231939629306,270836.0323304534,1539.025184188662,8368.392889528923,14036.416005934241,21423.437943552635,24112.914641921303,32413.962963994105,36093.15341029376,44957.9800051712,34432.90096865344,53457.848317214724,1672.250475354822,209.27185623994683,179.99714606551464,182.44504039639358,184.49639895790904,164.0420674507764,174.7749713201184,138.52819916589843,180.32608471312494,77.02173097740479,181.34698006773448,75308.6070118009,4914.486272876495,7057.868826334732,7466.6850755462265,7928.6664004143,8640.138009531838,9717.560908538311,9300.309024990562,7193.551991781339,5849.433145602657,7239.907356184679,348321.1537178552,1490.676446329047,10291.063110592151,17306.247308435202,26003.911995436814,32917.10568723712,45740.92732879809,49621.044821237774,47023.79571314689,47314.82059420417,70611.56071243779,1039.2524527836918,145.19614832635114,112.35589146902103,110.38831571852789,113.66754077909673,102.52196280070305,125.43724402374028,91.72999338992189,108.30660511312499,41.35613486726807,88.29261629593748,226617.87784856785,18180.84420210618,21665.38881993885,23665.47281800636,24486.851086235136,26373.51958399387,28109.682817889552,26187.546154903604,22682.470067525723,15172.991888840043,20093.110409128574,1032026.7812180871,6211.322122983366,33615.11060565856,55026.178417167655,87525.24535802889,103987.24373144061,126534.38849103353,139038.8080016793,172895.8520826266,113325.84115697663,193866.79125049344,952.0453273721276,84.73220322737309,94.3110736548554,100.12479793329138,102.15036728096918,108.73530047083014,115.36502561056635,105.06703878031253,96.65061087625001,59.940494114006334,84.96841542367186
2118.0,111964.28906963748,10290.955708046602,11043.273492078444,11862.415316539127,12215.805890444375,12397.270115100138,12892.271301208242,12044.996317518873,11464.70853800174,7182.5704365913625,10570.021954108688,566280.638975679,3632.6544087249013,18555.345644456735,29317.5850235272,48076.59421770109,54226.43565348348,66044.24414920916,74778.13660475395,98454.38356946944,62103.035843616,111092.22386073602,831.4023353616229,85.3837155308342,85.1215387746924,88.85763805370328,89.63650220390446,89.7370725445215,93.3399501655029,84.65867549072267,86.29273674968748,48.96234416500732,79.41216168304686,118856.23606692725,10950.048441908333,11766.258023780434,12826.86505382446,12902.144259845189,12953.500983081414,13540.996434490564,12382.062695002978,12152.948340707393,7945.588233455335,11435.823600831107,538330.7617578804,3296.2924688543353,17275.440125485853,28377.495544402755,45110.638134353925,51055.573328453094,64863.009880821766,69321.75898771457,93296.38335250433,61555.69543748736,104178.47449780224,1144.902344365458,126.98239862052657,119.43014087288934,123.10902757826842,124.21556387866829,119.43414927475584,125.9384537581909,110.05546438132814,120.04432045124999,62.19316208035888,113.49966346921872,60880.860770120744,5657.596070023425,6009.73133490006,6620.706119067253,6434.128284133582,6420.67091033545,6755.359594515673,6479.961700871717,6111.578029152921,4332.31328607666,6058.81544104398,271322.62181464134,1549.5577893295324,8408.40140448444,14097.23251466769,21532.948282788493,24181.507934536967,32517.60952321457,36111.61001644034,45202.74328125439,34291.978725438086,53429.03234248704,1674.8193333794613,209.7771909817771,180.32472845881526,182.79783069586585,184.82503707126838,164.24875274405773,175.0984259628137,138.58771897964843,180.72149477312502,76.91735036685793,181.52080334523438,75343.58704230974,4926.3698724151545,7069.358273128367,7476.835099450044,7938.600071721831,8649.232373291527,9735.352745386388,9299.873020049134,7208.007083914191,5824.177753893645,7215.780749059416,348446.6746164316,1497.0339638695252,10328.48622896913,17362.152859590384,26096.208183545583,32997.951100899845,45891.409646450564,49622.9853395763,47150.07522799617,47062.23422624513,70438.13783928833,1036.0113205070961,145.1750263878615,112.08024366046632,110.08448784475824,113.35364854620603,102.1469098588281,125.27746912467768,91.31288483492185,108.03341357312502,40.89848912031494,87.6487475559375,227782.0024602889,18270.38315958089,21787.00395061454,23806.710992723365,24629.42485092924,26541.425222623708,28302.24621530431,26327.548935107658,22815.587747371355,15198.434467293517,20103.236918740717,1037908.9363184811,6268.158443740488,33907.71588887393,55492.57134866979,88284.95392885763,104812.20413301248,127508.21776803065,139752.64851453953,174284.0187106099,113295.31251611648,194303.13506603005,947.3804788196395,84.20938832878302,93.83710840671081,99.68004766519566,101.68588811534423,108.34820480801763,115.03681404447273,104.64266554031249,96.21998069625,59.51724639338134,84.20313482117187
2119.0,112033.97147232955,10314.042618872409,11059.734131846471,11883.363901472223,12233.086561634469,12412.396714773879,12911.376440892513,12044.783178945132,11486.450934649265,7151.793362573135,10536.943626669843,567217.7417653325,3655.8070474714973,18652.604434428784,29454.018466352012,48326.35111620481,54432.2368423168,66275.96056252041,74837.44606330883,98939.12335810559,61743.89804716799,110900.29582745601,825.895686754619,84.84625191408573,84.57205587453612,88.32785898974609,89.07917904915165,89.20510735898435,92.84262446215823,84.1039261767578,85.795008315625,48.48042308466796,78.64325152890625,119480.0792145586,11035.745751310706,11840.814071434015,12908.932446024974,12980.51192204882,13022.604446738336,13614.326700757216,12428.331548865903,12230.414609058751,7951.663943961415,11466.733774358785,541031.8444776888,3327.539804152371,17411.8110787016,28587.790135148818,45471.72270266881,51389.862112204806,65279.7179958644,69591.22422845439,94050.3161110528,61492.7835197824,104429.0767896576,1141.9973587825648,126.73740099492974,119.1588344734375,122.85881889997862,123.93770400640872,119.15658380126949,125.71372233056638,109.74955302460934,119.81558342499999,61.87340344042968,112.99575438593749,61137.13030894746,5701.475847238433,6042.464557215281,6657.248739006825,6467.2550927784805,6444.845401855098,6779.957174869378,6493.945384773597,6144.289103413614,4330.770386585028,6074.8786212117475,271794.00537744904,1559.76125055975,8447.1596533476,14156.148507503187,21639.03642392321,24247.957686758404,32618.0171274594,36129.489853644816,45439.857704959984,34155.460302323205,53401.116866969605,1677.3079145908334,210.26673401292445,180.6420739023252,183.13959629848017,185.1434052435854,164.44897912192377,175.41177264792478,138.6453787992188,181.10454826874997,76.8162316503906,181.68919464531254,75370.605269955,4937.451192683182,7079.846864800519,7486.016801791531,7947.4779243005605,8657.302013366041,9751.911814245143,9298.681737335362,7221.563166938932,5798.978456697656,7191.375297796104,348568.2729869262,1503.1928089868647,10364.73987489681,17416.311362272005,26185.62011577599,33076.27009538559,46037.18939167641,49624.86521671679,47272.40850800641,46817.54118228481,70270.13443092482,1032.8714736141483,145.15456450995006,111.8132098459289,109.79015459204419,113.0495654455933,101.78357732138656,125.12268719121101,90.90881092226562,107.76875926875,40.45514480295411,87.02499971406247,228890.35111441198,18354.836253091693,21902.827545820393,23941.63785820677,24765.49887238867,26702.41672268293,28487.379102365292,26461.490406225534,22942.80496102525,15221.556894602101,20109.90249800369,1043607.274071988,6323.2186294739595,34191.17725698879,55944.38950106233,89020.921606848,105611.38452203505,128451.61488012163,140444.1815113728,175628.8051314688,113265.7378952832,194725.8431373312,942.861406784417,83.70291139577385,93.37795457257083,99.24919584297795,101.23592392364495,107.97320588466796,114.71885908981933,104.23155396406254,95.80280770937499,59.10722516402588,83.46176923750004
2120.0,112092.0473970838,10335.377197755635,11074.687409901291,11902.693059880696,12248.788950862134,12426.093158539717,12928.992995988221,12043.696941370268,11506.67188475153,7121.357217797926,10503.688580236532,568124.6154327408,3678.212826903678,18746.72584407922,29586.05083037599,48568.0513405632,54631.399283123195,66500.2022528216,74894.84231352317,99408.22637936642,61396.345340928005,110714.559021056,820.5666719736478,84.32612583336174,84.04029822922365,87.8151695730133,88.5398340606811,88.69030234072268,92.36134152343747,83.56707200195314,85.3133356375,48.01404784562988,77.899144928125,120079.71562228142,11118.309869002693,11912.57837965397,12987.992173500088,13055.9448150551,13089.064526894104,13684.953571207141,12472.700475038464,12305.094046364777,7957.130011957513,11495.9477536075,543645.795496856,3357.77916089241,17543.7829689104,28791.301029419184,45821.15938168318,51713.367386803206,65682.98391364762,69851.99704207362,94779.92845803523,61431.90101877761,104671.59513661441,1139.1860824120315,126.50030651854519,118.89627989332273,122.61668146937562,123.66880735583493,118.8879720527344,125.49624030383302,109.4535097761719,119.59422501249998,61.56395959533691,112.50810043437498,61385.61345260003,5744.086183680668,6074.209732127149,6692.694679811793,6499.384975774971,6468.253515796968,6803.797589445178,6507.482924204826,6176.054526911753,4329.227645968659,6090.421678878102,272250.183018876,1569.635567879313,8484.667636118402,14213.163984440816,21741.70236695679,24312.2638985856,32715.185776728602,36146.79292190719,45669.32327628801,34023.3456993088,53374.1018906624,1679.7162189889405,210.74048533338998,180.94918239604513,183.47033720423588,185.4515034748594,164.64274658437503,175.71501137545167,138.7011786246093,181.4752452,76.71837482800292,181.8521539679687,75390.31585444267,4947.771273374393,7089.39572610442,7494.292195267381,7955.370947817183,8664.417455928486,9767.302569694366,9296.808405699427,7234.2628396630835,5773.905076536395,7166.789364357673,348685.9488293419,1509.1529816810626,10399.824048375192,17468.72281648,26272.147792128013,33152.06267069442,46178.2665644756,49626.68445265922,47390.795553177595,46580.741462323196,70107.5504873472,1029.8329121048362,145.13476269261608,111.55479002540899,109.505315960385,112.75529147725824,101.43196518837905,124.97289822333977,90.51777165195313,107.51264219999999,40.02610191518555,86.42137277031249,229944.7711503157,18434.421365642782,22013.049230569348,24070.434139815967,24895.26784709796,26856.652854396627,28665.216041375745,26589.531160848164,23064.287474077562,15242.504415581818,20113.406620910235,1049121.794478602,6376.502680183749,34465.494710003215,56381.632874345676,89733.14839199999,106384.78489850898,129364.57982730638,141113.4069921792,176930.2113452032,113237.1172944768,195134.91546439682,938.4881112664634,83.2127724283457,92.93361215243526,98.83224246663815,100.80047470587165,107.61030370078124,114.41116074660643,103.83370405156246,95.39909191562501,58.71043042593995,82.7443186726562
2121.0,112139.43736768769,10355.05855219292,11088.229362964199,11920.495611343595,12263.013468713252,12438.45212191368,12945.206765488161,12041.824159657108,11525.452051808028,7091.326121570294,10470.379152036474,569001.2599779001,3699.8717470214606,18837.709873407886,29713.68211559918,48801.69489077634,54823.92297590271,66716.96922011278,74950.32535539712,99861.69263325185,61060.377724895996,110535.01344153601,815.4152910187056,83.82333728866148,83.5262658387549,87.31956980350489,88.01846723849302,88.19265748973628,91.89610134934085,83.04811296630862,84.84771871531248,47.563218447893064,77.17984188070312,120655.54687377393,11197.777066693254,11981.58898506057,13064.07967849505,13128.482950020803,13152.921968418761,13752.910282236076,12515.209544079744,12377.014972543135,7962.027124510696,11523.534301715654,546172.6148153886,3387.010539074445,17671.355796112213,28988.02822721391,46158.948171397125,52026.08915224833,66072.8076341714,70104.07742857214,95485.22039345151,61373.047934472954,104906.02953867265,1136.4685152538445,126.27111519137371,118.64247713254528,122.38261528645936,123.40887392694705,118.62831402915035,125.28600767799077,109.16733463601568,119.38024521374997,61.264830545080564,112.03670161453125,61626.26295214625,5785.412715162092,6104.960184587074,6727.035864591297,6530.5108825248035,6490.89392972865,6826.877267303129,6520.573833056536,6206.8635247114635,4327.689944103886,6105.444806377398,272691.1547389216,1579.1807412882272,8520.925352796843,14268.27894548048,21840.946111889294,24374.42657001856,32809.11547102217,36163.519221227536,45891.1399952384,33895.63491639488,53347.98741356544,1682.0442465737694,211.1984449431728,181.24605393997396,183.79005341313282,185.74933176509163,164.83005513141117,176.0081421453943,138.75511845582034,181.833585566875,76.62377989969481,182.00968131320312,75403.35185355289,4957.369830321503,7098.064010027108,7501.721292164728,7962.347841949172,8670.64695211414,9781.58738713385,9294.323891770508,7246.147326739079,5749.02518359216,7142.118137740499,348799.70214367635,1514.9144819521216,10433.738749404332,17519.38722221441,26355.79121260159,33225.328826826226,46314.641164848166,49628.4430474035,47505.23636350975,46351.835066360334,69950.38600855552,1026.8956359791762,145.11562093586008,111.30498419890627,109.22997194978163,112.47082664120117,101.09207345980472,124.82810222106446,90.13976702398433,107.26506236687496,39.61136045700928,85.83786672468746,230947.0503157876,18509.349351754085,22117.852512938527,24193.274733060087,25018.92019101004,27004.287266369734,28835.88725391956,26711.82661116031,23180.19570484135,15261.417589732042,20114.03910100171,1054452.4975383321,6428.010595869896,34730.66824791716,56804.301468519385,90421.63428431368,107132.40526243323,130247.11260958499,141760.32495695874,178188.23735181315,113209.4507136973,195530.3520472269,934.260592265771,82.7389714264983,92.50408114630434,98.42918753617651,100.37954046202388,107.25949825635738,114.11371901483399,103.44911580281251,95.00883331499999,58.32686217912353,82.0507831266406
2122.0,112177.031223801,10373.182486097907,11100.452826532533,11936.861281454,12275.857178754157,12449.563191227953,12960.100688418717,12039.248503506431,11542.869410534939,7061.762055884639,10437.133601389784,569847.6754008151,3720.7838078248337,18925.556522414983,29836.912322021595,49027.281766844164,55009.80792065531,66926.26146439393,75003.89518893053,100299.52211976192,60735.99519907198,110361.65908889602,810.441543889802,83.33788627998553,83.02995870312989,86.84105968122113,87.51507858258734,87.7121728060254,91.44690393986812,82.54704906982415,84.3981575490625,47.12793489145751,76.48534238664062,121207.96116659262,11274.182407034477,12047.882656386571,13137.22922184688,13198.165004397499,13214.216158020055,13818.22896235989,12555.897490863508,12446.204763514255,7966.394612452463,11549.559889717042,548612.3024332771,3415.2339386984777,17794.52956030711,29177.971728532964,46485.08907181057,52328.02740854015,66449.18915743567,70347.46538795008,96166.19191730178,61316.224266868485,105132.3799958323,1133.8446573080078,126.04982701341528,118.39742619110469,122.15662035122979,123.15790371974497,118.37760973051762,125.08302445303951,108.89102760414063,119.17364402874998,60.976016289660635,111.58155792640625,61859.033133618505,5825.441556300957,6134.709462048103,6760.264485684197,6560.625997449688,6512.765365298853,6849.19275653462,6533.217641423486,6236.705681041411,4326.161998204503,6119.9481896328325,273116.92053758714,1588.3967707864867,8555.932803382922,14321.493390622243,21936.767658720633,24434.445701057306,32899.8062103401,36179.66875160576,46105.3078618112,33772.327953581436,53322.77343567872,1684.2919973453331,211.64061284227418,181.53268853411205,184.09874492517167,186.0368901142811,165.01090476303224,176.29116495775267,138.80719829285155,182.17956936937495,76.53244686546633,182.1617766810157,75410.32522313867,4966.285255496162,7105.908897789384,7508.362104361137,7968.475016384733,8676.056478020428,9794.826562783408,9291.296699956836,7257.2564786642815,5724.404095707829,7117.453633974415,348909.53292993014,1520.4773098000423,10466.48397798415,17568.304579475203,26436.550377196818,33296.06856378112,46446.31319279409,49630.14100094978,47615.73093900288,46130.82199439617,69798.64099454977,1024.059645237153,145.09713923968218,111.06379236642094,108.96412256023324,112.19617093742193,100.763902135664,124.6882991843848,89.77479703835938,107.02601976937498,39.210920428425304,85.27448157718747,231898.91676701917,18579.824037461753,22217.414784069064,24310.328703597927,25136.638039545862,27145.468485587022,28999.518620861065,26828.526988940604,23290.684724352537,15278.432291235493,20112.080091368123,1059599.383251177,6477.742376532382,34986.69787073057,57212.39528358365,91086.37928378889,107854.24561380864,131099.21322695754,142384.93540571132,179402.8831512986,113182.73815294464,195912.15288582144,930.1788497823467,82.28150839023212,92.08936155417787,98.04003105159273,99.973121192102,106.92078955139654,113.82653389450189,103.07778921781252,94.63203190749998,57.95652042357665,81.3811625994531
2123.0,112205.68812095765,10389.841499800852,11111.44743487949,11951.876701819006,12287.41379753165,12459.512863630824,12973.754843839786,12036.050757456893,11558.999246865105,7032.724865425204,10404.06610970899,570663.8617014829,3740.949009313803,19010.265791100308,29955.741449643192,49244.81196876673,55189.05411738106,67128.07898566498,75055.55181412354,100721.71483889665,60423.197763455995,110194.49596313598,805.6454305869272,82.86977280733386,82.55137682234874,86.37963920616153,87.02966809296389,87.24884828958982,91.0137492950195,82.06388031249996,83.96465213874998,46.70819717632324,75.81564644593746,121737.33331217166,11347.559743621421,12111.494894477462,13207.473882984477,13265.028321931513,13272.98512424333,13880.94063221458,12594.801714578265,12512.689851201294,7970.270450378735,11574.088696540843,550964.8583505293,3442.4493597645123,17913.304261495017,29361.13153337634,46799.582082923494,52619.18215567873,66812.12848344057,70582.16092020735,96822.84302958596,61261.430015964164,105350.64650809347,1131.3145085745257,125.8364419846694,118.16112706900144,121.938696663687,122.91589673422848,118.13585915683588,124.88729062897941,108.62458868054684,118.97442145749999,60.697516829077145,111.14266936999996,62083.87989801378,5864.159300521783,6163.451334464887,6792.373004659012,6589.723739991265,6533.866588237328,6870.740724262369,6545.413895604068,6265.570939294776,4324.648362821757,6133.932008156476,273527.4804148705,1597.2836563740955,8589.689987876643,14372.80731986609,22029.167007450877,24492.321291701785,32987.257994682375,36195.24151304192,46311.826876006395,33653.42481086848,53298.45995700225,1686.4594713036256,212.06698903069315,181.80908617845938,184.3964117403517,186.31417852242805,165.1852954792383,176.5640798125269,138.8574181357031,182.51319660750002,76.4443757253174,182.30844007140632,75411.8268171282,4974.5546170089065,7112.9855988458,7514.270643324577,7973.816590822819,8680.709734706938,9807.07831368285,9287.792972445652,7267.628771780963,5700.104878386874,7092.884696122709,349015.44118810294,1525.8414652248214,10498.059734114717,17615.474888262415,26514.42528591361,33364.281881559036,46573.282648313376,49631.77831329794,47722.27927965697,45917.70224643073,69652.31544532994,1021.3249398787768,145.07931760408178,110.83121452795294,108.70776779174012,111.93132436592046,100.44745121595695,124.55348911330078,89.42286169507814,106.79551440749998,38.824781829433604,84.73121732781247,232802.03906861195,18646.042220317806,22311.90731816628,24421.75928723789,25248.597247594727,27280.339917413054,29156.23168234517,26939.77734556147,23395.904256369984,15293.679708958267,20107.800084648046,1064562.4516171333,6525.698022171198,35233.58357844349,57605.91431953855,91727.38339042565,108550.30595263482,131920.88167942388,142987.23833843708,180574.14874365955,113156.97961221887,196280.3179801805,926.2428838161871,81.8403833195468,91.68945337605611,97.66477301288701,99.581216896106,106.59417758589849,113.54960538561035,102.71972429656248,94.268687693125,57.599405159299316,80.73545709109374
2124.0,112226.23653056583,10405.124790048874,11121.299621054306,11965.625410059776,12297.773694573018,12468.384547086747,12986.246450844923,12032.308820885051,11573.914157948077,7004.272257566086,10371.28678049904,571449.8188799022,3760.367351488365,19091.837679464003,30070.169498464,49454.285496544006,55361.66156608,67322.42178392601,75105.295230976,101128.27079065601,60121.985418047996,110033.52406425601,801.026951110086,82.41899687070608,82.09052019641113,85.93530837832641,86.5622357696228,86.80268394042969,90.59663741479491,81.59860669433593,83.54720248437499,46.30400530249023,75.17075405859374,122244.02473582291,11417.941720992121,12172.459932291373,13274.845559928544,13329.108912663967,13329.265537471649,13941.075204556288,12631.958278727172,12576.495723530163,7973.691256649877,11597.182609011614,553230.2825671426,3468.6568022725432,18027.679899676,29537.507641744003,47102.42720473601,52899.553393664006,67161.625612186,70808.164025344,97455.173730304,61208.66518176001,105560.829075456,1128.8780690533938,125.6309601051364,117.93357976623534,121.72884422383117,122.68285297039795,117.90306230810546,124.69880620581054,108.36801786523436,118.78257749999999,60.42933216333007,110.72003594531249,62300.760721292565,5901.553020055328,6191.179794293702,6823.354152313998,6617.797764611136,6554.196408354935,6891.517956640438,6557.162158100304,6293.449602029282,4323.153429844346,6147.396435049237,273922.8343707741,1605.8413980510522,8622.196906278,14422.220733212002,22118.144158080002,24548.053341952,33071.470824049,36210.237505536,46510.697037824,33538.925488256005,53275.046977536,1688.546668448646,212.47757350843,182.07524687301634,184.68305385867308,186.58119698953246,165.3532272800293,176.8268867097168,138.905777984375,182.83446728125,76.35956647924804,182.449671484375,75408.42638752292,4982.2136591091785,7119.34735088464,7519.500920113479,7978.434394973174,8684.66814819542,9818.398777691993,9283.876489203234,7277.301308276321,5676.188344793364,7068.496994282122,349117.42691819655,1531.00694822646,10528.466017796001,17660.898148576,26589.415938752,33429.96878016,46695.549531406,49633.354984448,47824.88138547201,45712.475822464,69511.40936089601,1018.6915199040436,145.06215602905894,110.60725068350219,108.46090764430237,111.67628692669678,100.14272070068358,124.4236720078125,89.08396099414063,106.57354628124999,38.45294466003418,84.2080739765625,233658.02619357515,18708.193669390428,22401.495272499476,24527.723889938286,25354.967389514157,27409.03984559229,29306.143637797355,27045.717551989248,23495.99867737543,15307.286346449791,20101.459913028735,1069341.7026362026,6571.87753278637,35471.325371056,57984.858576384,92344.646604224,109220.586278912,132712.11796698402,143567.233755136,181702.03412889602,113132.17509152001,196634.847330304,922.4526943672895,81.41559621444225,91.30435661193847,97.3034134200592,99.20382757403564,106.27966235986328,113.28293348815917,102.3749210390625,93.91880067187499,57.255516386291504,80.1136666015625
2125.0,112239.474239907,10419.118250005813,11130.092616882148,11978.187849811471,12307.02389238601,12476.258560376269,12997.649868561191,12028.097708005385,11587.684052150067,6976.459802371235,10338.901639357287,572205.5469360756,3779.0388343485206,19170.272187506,30180.196468484002,49655.702350176005,55527.63026675201,67509.289859177,75153.12543948801,101519.18997504,59832.358162847995,109878.743392256,796.5861054592764,81.98555847010255,81.64738882531738,85.50806719771576,86.11278161256408,86.37367975854492,90.19556829919433,81.15122821533203,83.1458085859375,45.91535926995849,74.55066522460938,122728.38347673387,11485.359774627797,12230.810734899176,13339.374969291606,13390.441452930747,13383.09270992574,13998.661484261322,12667.401911128114,12637.646924429515,7976.6922933906735,11618.901221849306,555408.5750831167,3493.8562662225736,18137.656474850002,29707.100053636,47393.624437248,53169.141122496,67497.680543672,71025.47470336,98063.184019456,61157.929764256005,105762.92769792001,1126.5353387446128,125.43338137481618,117.71478428280639,121.52706303166198,122.45877242825317,117.67921918432617,124.51757118353271,108.12131515820312,118.59811215625,60.17146229241943,110.31365765234375,62509.63465438124,5937.610265938663,6217.889056492434,6853.200928677073,6644.841960790821,6573.753679543594,6911.521358854194,6568.462007617831,6320.332330967176,4321.681428498431,6160.3416370008845,274302.98240529635,1614.0699958173566,8653.453558587,14469.733630660001,22203.699110608002,24601.641851808003,33152.444698440006,36224.656729088005,46701.918347264,33428.829985744,53252.53449728,1690.5535887803978,212.87236627548455,182.3311706177826,184.9586712801361,186.83794551559447,165.51470016540526,177.0795856493225,138.9522778388672,183.143381390625,76.2780191272583,182.58547091992187,75400.67258439853,4989.296802185334,7125.04541982803,7524.104945376675,7982.3879685562315,8687.99086946976,9828.842013490674,9279.608667974884,7286.309816182469,5652.71305575195,7044.373025582848,349215.49012020894,1535.9737588049593,10557.702829028001,17704.574360416,26661.522335712,33493.129259584,46813.113842072,49634.8710144,47923.537256448006,45515.142722496006,69375.92274124801,1016.1593853129539,145.04565451461409,110.39190083306885,108.22354211791992,111.43105861975097,99.84971058984375,124.29884786791992,88.75809493554686,106.360115390625,38.09540892022705,83.70505152343749,234468.42752332176,18766.46112526347,22486.337687402167,24628.374087806915,25455.911759129976,27531.701432249018,29449.367345923623,27146.48229878406,23591.1070165735,15319.374021942871,20093.310748246015,1073937.1363083841,6616.280908377872,35699.923248568004,58349.22805412,92938.168925184,109865.08659264,133472.922089638,144124.92165580802,182786.539307008,113108.324590848,196975.740936192,918.8082814356594,81.00714707491875,90.93407126182555,96.95595227310943,98.84095322589111,105.97724387329102,113.02651820214844,102.0433794453125,93.58237084375,56.92485410455322,79.51579113085937
2126.0,112246.16835213613,10431.904469252304,11137.906452964111,11989.641370723311,12315.24806645883,12483.212133096069,13008.036596149232,12023.48954787027,11600.376149053995,6949.340932594439,10307.012633973485,572931.0458700022,3796.9634578942682,19245.569315226312,30285.822359703194,49849.06252966274,55686.960219397064,67688.68321141797,75199.04243965953,101894.47239204864,59554.31599785599,109730.15394713597,792.3228936344984,81.56945760552324,81.22198270906748,85.09791566432955,85.68130562178773,85.96183574393551,89.81054194821773,80.72174487548823,82.7604704434375,45.54225907872802,73.95537994398434,123190.74418797129,11549.844130952535,12286.57899948426,13401.091646278008,13449.059285362498,13434.500595663965,14053.727168326106,12701.166003913666,12696.167053830743,7979.307466490348,11639.301837669262,557499.7358984514,3518.047751614603,18243.233987017025,29869.90876905234,47673.173780459496,53427.94534217473,67820.29327789857,71234.09295425535,98646.87389704197,61109.223763452166,105956.94237548548,1124.2863176481824,125.24370579370876,117.50474061871456,121.33335308717943,122.24365510779418,117.464329785498,124.34358556214592,107.88448055945308,118.42102542625,59.923907216345214,109.92353449109372,62710.46232316883,5972.319068015085,6243.573558520627,6881.9066030058575,6670.850453031792,6592.537299776329,6930.747955120366,6579.31303906593,6346.210146995231,4320.236425347627,6172.767774290047,274667.9245184374,1621.969449673008,8683.459944803644,14515.34601221009,22285.831865034874,24653.08682126978,33230.17961785538,36238.49918369792,46885.49080432639,33323.13830333248,53230.92251623425,1692.4802322988808,213.25136733185684,182.57685741275807,185.22326400474074,187.0844241006141,165.6697141353662,177.32217663134404,138.99691769917968,183.439938935625,76.19973366934816,182.71583837804695,75389.09295590586,4995.837142764659,7130.129099831796,7528.132729353439,7985.734561303225,8690.734774476032,9838.460000578712,9275.048564284933,7294.688649376438,5629.735319747878,7020.592114188536,349309.63079414045,1540.741896960319,10585.770167810717,17746.503523782416,26730.74447679361,33553.763319831036,46925.97558031137,49636.326403153944,48018.246892584975,45325.702946526726,69245.85558638594,1013.7285361055079,145.0298130607473,110.18516497665287,107.9956712125928,111.19563944508307,99.56842088343743,124.17901669362304,88.4452635192969,106.15522173562498,37.75217461001222,83.22214996843748,235234.7328476743,18821.02030003717,22566.587486271837,24723.855627101377,25551.58736973615,27648.45271788728,29586.011324710416,27242.201096099892,23681.362955891764,15330.05986835364,20083.594101584375,1078348.752633678,6658.908148945707,35919.37721097947,58699.02275274654,93507.95035330563,110483.80689381882,134203.2940473859,144660.30204045307,183827.66427799553,113085.42811020286,197302.99879784448,915.3096450212962,80.61503590097632,90.57859732571734,96.62238957203769,98.4925938516724,105.6869221261817,112.78035952757814,101.7250995153125,93.25939820875,56.60741831408448,78.94183067898435
2127.0,112247.05528628253,10443.562733785768,11144.817958677322,12000.060228458542,12322.526545260193,12489.319405659044,13017.47527280331,12018.553584369998,11612.054979459439,6922.966943679339,10275.717634129796,573626.315681681,3814.141222125611,19317.729062624985,30387.047172121594,50034.36603500417,55839.651424015305,67860.60184064893,75243.04623149053,102254.11804168193,59287.85892307199,109587.75572889602,788.2373156357543,81.17069427696786,80.81430184766113,84.70485377816782,85.26780779729373,85.56715189660156,89.44155836186519,80.31015667480463,82.39118805687498,45.18470472879881,73.38489821671872,123631.42813647845,11611.423807333591,12339.795155342823,13460.023944683942,13504.994418884653,13483.521790582388,14106.298845867232,12733.282613531073,12752.078767667988,7981.569325602554,11658.439466982185,559503.7650131474,3541.2312584486313,18344.412436177103,30025.93378799296,47941.075234370575,53675.96605270014,68129.46381486568,71434.01877803009,99206.24336306179,61062.54717934849,106142.8731081523,1122.1310057641026,125.06193336181421,117.30344877395991,121.14771439038385,122.03750100902107,117.25839411162113,124.17684934165035,107.65751406898438,118.25131730999998,59.68666693510742,109.54966646156248,62903.205928510295,6005.667934934187,6268.227960339418,6909.464713787664,6695.817600855457,6610.54621110722,6949.194888686985,6589.714863557513,6371.074430164757,4318.822324292997,6184.675000784204,275017.66071019875,1629.5397596180082,8712.216064927925,14559.057877862244,22364.542421360635,24702.388250337302,33304.6755822951,36251.76486936576,47061.414409011195,33221.85044102144,53210.21103439872,1694.3265990040918,213.61457667754703,182.81230725794322,185.47683203248673,187.32063274459117,165.81826918991214,177.55465965578122,139.0396975653125,183.72413991624995,76.1247101055176,182.84077385875008,75374.19394826719,5001.86645351331,7134.645713285572,7531.6322818734825,7988.529132956129,8692.954464122446,9847.302639275955,9270.252871436736,7302.470787580178,5607.309192926983,6997.230411296289,349399.8489399926,1545.3113626925388,10612.668034144153,17786.685638675204,26797.082361996818,33611.87096090112,47034.13474612409,49637.721150709775,48109.010293882886,45144.15649455617,69121.20789630977,1011.3989722817041,145.01463166745805,109.98704311425419,107.77729492832098,110.97002940269293,99.29885158146477,124.06417848492191,88.14546674539065,105.95886531624997,37.42324172938965,82.75936931156248,235958.37236486105,18872.039877327505,22642.391475570188,24814.30842422894,25642.144954094925,27759.41662139103,29716.179751424883,27332.99827368455,23766.894829980625,15339.456333281603,20072.54182387689,1082576.5516120843,6699.759254489897,36129.68725829057,59034.24267226365,94053.99088858889,111076.74718244864,134903.23384022756,145173.3749090713,184825.4090418586,113063.48564958465,197616.62091526145,911.9567851241961,80.23926269261455,90.23793480361327,96.30272531684389,98.15874945137932,105.40869711853522,112.54445746444817,101.42008124906253,92.94988276687498,56.30320901488523,78.39178524593748
2128.0,112242.84077724972,10454.169026020332,11150.900762174717,12009.51558469441,12328.93631023924,12494.651429294086,13026.0316777512,12013.356176232744,11622.782385382676,6897.38699375943,10245.110431700814,574291.3563711123,3830.5721270425493,19386.751429701897,30483.870905739182,50211.61286620036,55985.70388060671,68025.04574686977,75285.13681498112,102598.12692393985,59032.986938496,109451.54873753601,784.3293714630393,80.78926848443673,80.42434624109868,84.3288815392303,84.87228813908203,85.18962821654293,89.08861754013675,79.91646361328127,82.03796142624998,44.8426962201709,72.8392200428125,124050.74320307562,11670.126612081192,12390.488363883589,13516.199036897417,13558.277528717406,13530.187532414713,14156.401998121391,12763.782460742332,12805.403777878148,7983.50906414537,11676.36682819421,561420.6624272069,3563.406786724658,18441.191822330224,30175.175110457916,48197.32879898114,53913.20325407232,68425.19215457341,71625.25217468412,99741.29241751552,61017.900011944956,106320.71989592064,1120.069403092378,124.8880640791322,117.11090874854257,120.97014694127499,121.84031013193359,117.06141216269526,124.01736252204594,107.44041568679692,118.08898780749998,59.45974144870605,109.19205356375001,63087.829246224275,6037.645854151794,6291.8471444115075,6935.869068739518,6719.737998803173,6627.779399671422,6966.859421833443,6599.667108409103,6394.916919691578,4317.44286657307,6196.063463939691,275352.19098057767,1636.7809256523562,8739.721918959842,14600.869227616482,22439.8307795853,24749.546139010556,33375.93259175917,36264.45378609154,47229.6891613184,33124.96639881088,53190.40005177344,1696.0926888960325,213.96199431255468,183.0375201533376,185.71937536337396,187.5465714475257,165.960365329043,177.77703472263428,139.08061743726566,183.9959843325,76.0529484357666,182.96027736203123,75356.4609057809,5007.415183236395,7138.640610812734,7534.649612356917,7990.824353267642,8694.702264279389,9855.417750722248,9265.275920512668,7309.687836360562,5585.486479095686,6974.360895136667,349486.1445577638,1549.6821560016162,10638.39642802833,17825.120705094407,26860.53599132159,33667.45218279423,47137.59133951017,49639.055257067506,48195.82746034175,44970.50336658433,69001.97967101952,1009.1706938415488,145.0001103347463,109.79753524587282,107.5684132651045,110.75422849258057,99.04100268392581,123.95433324181641,87.8587046138281,105.77104613249995,37.10861027835938,82.31670955281245,236640.7166815196,18919.681512266598,22713.89034482302,24899.866565746594,25727.728964436763,27864.710940024084,29839.972462614583,27418.992980879684,23847.825626213442,15347.67117900961,20060.376105505282,1086620.5332436024,6738.834225010414,36330.85339050112,59354.887812671404,94576.29053103368,111643.90745852925,135572.741468163,145664.14026166275,185779.77359859712,113042.4972089933,197916.6072884429,908.74970174436,79.87982744983378,89.91208369551396,95.99695950752812,97.83942002501216,105.14256885035154,112.31881201275878,101.12832464656252,92.65382451812499,56.01222620695557,77.86565483171873
2129.0,112234.19987581368,10463.796024787029,11156.22529038535,12018.075507122241,12334.550995825606,12499.27616604633,13033.768730254307,12007.960797024596,11632.617520056674,6872.648103658045,10215.28074065352,574926.1679382991,3846.2561726450767,19452.636416457215,30576.293560555983,50380.803023251196,56125.1175891712,68182.01493008058,75325.31419013118,102926.49903882241,58789.700044128,109321.532973056,780.5990611163619,80.42518022792993,80.0521158893799,83.96999894751741,84.4947466471527,84.82926470375979,88.7517194830322,79.54066569091796,81.7007905515625,44.51623355284424,72.31834542226562,124448.98388246178,11725.97914444863,12438.686518628028,13569.642913898231,13608.937956375778,13574.527700732291,14204.06099844547,12792.69493062408,12856.162852400821,7985.156519301314,11693.134347606816,563250.4281406223,3584.5743364426844,18533.5721454764,30317.63273644719,48441.9344742912,54139.656946291194,68707.47829702162,71807.79314421762,100252.02106040322,60975.282261241606,106490.48273879041,1118.1015096330034,124.72209794566324,116.92712054246213,120.80065073985293,121.65208247653194,116.87338393872072,123.86512510333252,107.23318541289065,117.93403691874998,59.24313075714111,108.85069579765623,63264.297627093925,6068.242291930035,6314.426215701335,6961.113744808116,6742.606476436235,6644.235895685205,6983.738935870442,6609.169417140866,6417.729713956066,4316.101630763826,6206.933304801695,275671.5153295768,1643.6929477760505,8765.9775068994,14640.780061472815,22511.6969397088,24794.5604872896,33443.950646247606,36276.56593387519,47390.31506124801,33032.4861767008,53171.4895683584,1697.7785019747066,214.2936202368809,183.25249609894126,185.950893997403,187.7622402094175,166.09600255275888,177.9893018319031,139.11967731503898,184.25547218437498,75.98444866009521,183.07434888789058,75336.35807081895,5012.512456877912,7142.1571712704435,7537.22872981433,7992.670602001256,8696.02822577936,9862.85107687744,9260.169680374147,7316.370027129376,5564.316729721004,6952.053370973677,349568.51764745434,1553.8542768875566,10662.955349463195,17861.80872304,26921.105364768013,33720.506985510416,47236.3453604696,49640.32872222721,48278.698391961596,44804.7435626112,68888.1709105152,1007.0437007850298,144.98624906261256,109.61664137150888,107.36902622294298,110.54823671474604,98.79487419082047,123.8494809643066,87.58497712460937,105.59176418437498,36.808280256921385,81.89417069218749,237283.07681269222,18964.099831502404,22781.21866662011,24980.65830836102,25808.47757246044,27964.44834943002,29957.484954107666,27500.29918662082,23924.27298468643,15354.807482503877,20047.30947639988,1090480.6975282356,6776.133060507276,36522.875607611204,59660.95817396968,95074.84928064,112185.28772206097,136211.81693119238,146132.5980982272,186690.75794821122,113022.4627884288,198202.95791738882,905.6883948817924,79.53673017263414,89.60104400141907,95.70509214409024,97.53460557257087,104.88853732163086,112.10342317250975,100.84982970781248,92.37122346249998,55.734469890295415,77.36343943632808
2130.0,112221.77694862524,10472.513105333532,11160.858769014138,12025.804969447368,12339.440889429397,12503.258488776992,13040.746489607574,12002.428035149562,11641.616847931069,6848.795156888375,10186.314197047313,575530.7503832371,3861.193358933209,19515.384022890787,30664.31513657202,50541.93650615681,56257.892549708806,68331.50939028144,75363.57835694084,103239.23438632958,58557.99823996799,109197.708435456,777.0463845957146,80.07842950744691,79.69761079250486,83.62820600302884,84.13518332150575,84.48606135825193,88.43086419055176,79.18276290771485,81.37967543281249,44.20531672681884,71.82227435507814,124826.43128321077,11779.006794632116,12484.41624521025,13620.380385258077,13657.003709669483,13616.570816944188,14249.299112316456,12820.048072567688,12904.375815178413,7986.540172017329,11708.790159416889,564993.0621534033,3604.733907602707,18621.553405615603,30453.306665960816,48674.89226030081,54355.32712935682,68976.3222422104,71981.64168663039,100738.42929172481,60934.693927238404,106652.16163676158,1116.2273253859753,124.56403496140739,116.752084155719,120.63922578611752,121.47281804281617,116.69430943969724,123.72013708551023,107.03582324726558,117.78646464375,59.0368348604126,108.52559316328124,63432.57799686648,6097.447193337298,6335.96050167485,6985.19308816988,6764.418098335872,6659.91477344588,6999.830931140021,6618.221449476608,6439.505270503111,4314.802032778697,6217.2846580042615,275975.63375719433,1650.275825989096,8790.9828287466,14678.790379431184,22580.140901731203,24837.4312951744,33508.7297457604,36288.10131271681,47543.292108799986,32944.40977469121,53153.4795841536,1699.3840382401036,214.60945445052468,183.4572350947538,186.17138793457332,187.96763903026752,166.22518086105947,178.1914609835876,139.15687719863286,184.50260347187498,75.9192107785034,183.18298843632817,75314.32858382713,5017.186075520749,7145.236801749595,7539.411642846704,7994.115968931184,8696.980124417069,9869.646280521398,9254.98375766161,7322.5462171433255,5543.847243930543,6930.3744711047875,349646.9682090636,1557.8277253503563,10686.344798448807,17896.749692512,26978.79048233599,33771.03536904959,47330.39680900241,49641.54154618879,48357.62308874241,44646.877082636805,68779.78161479683,1005.0179931121601,144.97304785105698,109.44436149116201,107.1791338018373,110.35205406918949,98.56046610214827,123.74962165239265,87.32428427773438,105.42101947187501,36.522251665075686,81.49175272968748,237886.70418183113,19005.442433199103,22844.504896615435,25056.806078928534,25884.522669332873,28058.73640363227,30068.808381012863,27577.025679437305,23996.349198218744,15360.963635413958,20033.54480603963,1094157.0444659845,6811.655760980492,36705.7539096208,59952.45375615833,95549.66713740799,112700.88797304305,136820.46022931562,146578.74841876482,187558.3620907008,113003.3823878912,198475.6728020992,902.7728645364854,79.2099708610153,89.30481572132872,95.4271232265305,97.24430609405509,104.64660253237304,111.89829094370117,100.58459643281252,92.1020796,55.46994006490478,76.88513905976566
2131.0,112206.18567820844,10480.386339324408,11164.865222541966,12032.765851389151,12343.672931441188,12506.660181163417,13047.022155139519,11996.81559384954,11649.834144672175,6825.870899653447,10158.292359034005,576105.1037059299,3875.383685906922,19574.99424900274,30747.935633787205,50695.0133149171,56384.02876221948,68473.52912747217,75399.92931540994,103536.33296646144,58337.881526016004,109080.07512473602,773.671341901099,79.74901632298828,79.36083095047364,83.30350270576477,83.79359816214111,84.16001818001955,88.12605166269529,78.84275526367188,81.07461606999999,43.90994574209473,71.35100684124998,125183.353127777,11829.23374377109,12527.702901377033,13668.435079140409,13702.501462703025,13656.344044297093,14292.13849733153,12845.868600279213,12950.061546156021,7987.687147004792,11723.3801057167,566648.5644655429,3623.8855002047303,18705.135602747858,30582.196898998754,48896.20215700994,54560.213803269115,69231.72399013976,72146.79780192256,101200.51711148034,60896.135009935366,106805.75658983424,1114.4468503513065,124.41387512636376,116.58579958831291,120.48587208006896,121.30251683078619,116.52418866562498,123.58239846857909,106.84832918992188,117.64627098249998,58.8408537585205,108.21674566062497,63592.63885625428,6125.250982248241,6356.445552299695,7008.101714230887,6785.1681641032665,6674.81515133186,7015.133027015554,6626.82288134373,6460.236406042129,4313.547325868576,6227.117651770292,276264.5462634314,1656.529560291486,8814.737884501443,14714.900181491688,22645.162665652493,24878.158562664965,33570.269890297575,36299.05992261634,47688.62030397439,32860.737192782086,53136.37009915904,1700.909297692235,214.90949695348635,183.65173714077633,186.38085717488505,188.16276791007454,166.3479002539454,178.38351217768798,139.19221708804687,184.737378195,75.85723479099121,183.28619600734376,75290.79448332482,5021.4625163867395,7147.918937574901,7541.238359645433,7995.2062538424025,8697.603460949364,9875.844945253979,9249.765396794513,7328.24388950404,5524.123068512499,6909.387654860917,349721.4962425942,1561.602501390016,10708.564774985136,17929.943613510386,27033.591344025583,33819.03733341184,47419.745685108566,49642.6937289523,48432.601550684165,44496.90392666112,68676.81178386432,1003.0935708229297,144.96050670007872,109.28069560483279,106.99873600178645,110.16568055591061,98.33777841791016,123.65475530607418,87.0766260732031,105.25881199500002,36.250524502822266,81.10945566531251,238452.79062079132,19043.8498870366,22903.8713735271,25128.426474455253,25955.989865689317,28147.677535034167,30174.02955771932,27649.276067452298,24064.161212352392,15366.233344072776,20019.27530345212,1097649.5740568407,6845.402326430022,36879.488296529926,60229.37455923778,96000.74410133758,113190.70821147648,137398.67136253265,147002.59122327555,188382.58602606592,112985.25600738048,198734.75194257405,900.0031107084478,78.8995495149774,89.02339885524299,95.16305275484864,96.9685215894653,104.41676448257819,111.70341532633309,100.33262482156248,91.846392930625,55.218636730783686,76.43075370203125
2132.0,112188.00906296236,10487.478494840916,11168.305474225666,12039.016938680988,12347.310715232057,12509.539937699123,13052.650066212258,11991.17829120433,11657.320497163015,6803.915940846149,10131.292706857806,576649.2279063737,3888.827153566234,19631.467094792984,30827.155052201597,50840.033449532166,56503.5262267033,68608.07414165292,75434.36706553854,103817.79477921792,58129.34990227198,108968.63304089602,770.4739330325161,79.43694067455377,79.04177636328613,82.9958890557252,83.46999116905886,83.85113516906249,87.83728189946285,78.52064275878901,80.78561246312499,43.630120598671866,70.90454288078126,125520.00375248941,11876.68296394784,12568.57057698787,13713.829442300575,13745.456555875784,13693.873187875388,14332.60020320794,12870.181891779415,12993.237981281516,7988.623212739512,11736.947736493905,568216.9350770441,3642.0291142487526,18784.31873687309,30704.303435560956,49105.864164418585,54754.31696802814,69473.68354080968,72303.2614900941,101638.28451966979,60859.60550933249,106951.26759800827,1112.7600845289785,124.27161844053333,116.42826684024409,120.3405896217071,121.14117884044197,116.36302161650394,123.45190925253905,106.67070324085938,117.513455935,58.65518745146483,107.92415328968748,63744.45028093347,6151.644561343766,6375.877140045081,7029.834507626951,6804.852208359537,6688.936191802632,7029.642961901739,6634.973404873287,6479.916296447072,4312.340600621807,6236.432407911548,276538.2528482879,1662.454150683225,8837.242674163925,14749.109467654242,22706.762231472636,24916.742289761307,33628.5710798591,36309.44176357376,47826.2996467712,32781.46843097344,53120.16111337472,1702.3542803310993,215.19374774576525,183.8360022370082,186.57930171833877,188.3476268488392,166.46416073141603,178.56545541420408,139.22569698328124,184.95979635374997,75.79852069755859,183.3839716009376,75266.1567059062,5025.36693283661,7150.241042304755,7542.746887992387,7995.98496653064,8697.941461095257,9881.486575495068,9244.559479971354,7333.4891531580615,5505.186997915657,6889.153208606435,349792.10174804257,1565.178605006536,10729.61527907215,17961.3904860352,27085.507949836818,33864.51287859712,47504.39198878809,49643.78527051778,48503.63377778688,44354.82409468417,68579.26141771779,1001.2704339173449,144.94862560967871,109.12564371252078,106.8278328227912,109.98911617490973,98.12681113810538,123.5648819253516,86.84200251101564,105.10514175375,35.99309877016113,80.74727949906247,238982.46836983896,19079.45573421103,22959.43431913712,25195.63026209688,26022.998491633152,28231.369054418796,30273.230957896863,27717.148778382845,24127.81062535232,15370.705629496602,20004.684517213544,1100958.2863008103,6877.37275685591,37044.078768338564,60491.72058320766,96428.08017242892,113654.74843736064,137946.45033084354,147404.1265117593,189163.4297543066,112968.08364689663,198980.19533881344,897.3791333976757,78.60546613452053,88.7567934031616,94.9128807290448,96.7072520588012,104.19902317224614,111.51879632040522,100.09391487406253,91.60416345437498,54.98055988793212,76.00028336312498
2133.0,112167.7994171577,10493.849036381082,11171.237146098078,12044.613923070301,12350.414487153474,12511.953363693701,13057.68170222145,11985.568060131653,11664.124303503277,6782.9687520492125,10105.388642855354,577163.122984572,3901.5237619111385,19684.8025602615,30901.973391815187,50976.99691000191,56616.3849431603,68735.14443282357,75466.8916073267,104083.61982459904,57932.40336873598,108863.38218393602,767.4541579899636,79.1422025621435,78.74044703094225,82.70536505290993,83.16436234225891,83.5594123253808,87.56455490085445,78.2164253930664,80.51266461218749,43.365841296550286,70.48288247367188,125836.62410755671,11921.376218187812,12607.042094014745,13756.584740085678,13785.892995881768,13729.18269460108,14370.704171783138,12893.011989403733,13033.922112505501,7989.372781461729,11749.534309631541,569698.1739879077,3659.1647497347776,18859.102807991432,30819.626275647537,49303.87828252674,54937.636623633894,69702.20089422018,72451.03275114497,102051.73151629315,60825.105425429756,107088.69466128382,1111.1670279190096,124.13726490391542,116.27948591151255,120.20337841103219,120.98880407178352,116.21080829233392,123.32866943739013,106.50294540007816,117.38801950125,58.4798359392456,107.64781605046873,63887.983921544794,6176.6193121110755,6394.251259881863,7050.38662222354,6823.466000745731,6702.277101398761,7043.358593234613,6642.67272839997,6498.538476756418,4311.184784964194,6245.229041828626,276796.75351176335,1668.0495971643127,8858.497197734037,14781.418237918871,22764.939599191686,24953.182476463382,33683.63331444498,36319.24683558913,47956.3301371904,32706.603489265286,53104.852626800646,1703.718986156687,215.46220682736288,184.0100303834494,186.7667215649334,188.52221584656127,166.57396229347177,178.73729069313598,139.25731688433598,185.16985794812493,75.74306849820556,183.47631521710932,75240.79508623909,5028.923154369964,7152.23860773142,7543.973235259843,7996.493326802368,8698.0350755359,9886.608596484528,9239.408527169635,7338.306742896853,5487.079574249393,6869.728245739177,349858.7847254107,1568.5560361999133,10749.496310709917,17991.090310086413,27134.54029976961,33907.46200460546,47584.33572004096,49644.81617088512,48570.71977005055,44220.63758670592,68487.13051635712,999.5485823954068,144.93740457985598,108.97920581422609,106.6664242648512,109.8223609261865,97.92756426273444,123.48000151022461,86.6204135911719,104.96000874812499,35.74997446709228,80.4052242309375,239476.81007764596,19112.38648743446,23011.30383829186,25258.522379158923,26085.661596736154,28309.9031509491,30366.490714495743,27780.7370595398,24187.393688206343,15374.464827385054,19989.946335448716,1104083.1811978945,6907.567052258122,37199.52532504671,60739.49182806817,96831.67535068166,114093.00865069566,138463.79713424828,147783.35428421627,189900.89327542277,112951.86530643966,199212.00299081733,894.9009326041645,78.32772071964469,88.50499936508484,94.67660714911896,96.46049750206296,103.99337860137697,111.34443392591795,99.8684665903125,91.37539117124999,54.75570953635009,75.59372804304685
2134.0,112146.07837094046,10499.554124859764,11173.71465896798,12049.609402318565,12353.041146537444,12513.952975272956,13062.165682596353,11980.033948387116,11670.291273009341,6763.065667535215,10080.649491455679,577646.7889405217,3913.473510941642,19735.000645408403,30972.390652628004,51105.903696326386,56722.604911590424,68854.74000098422,75497.5029407744,104333.80810260482,57747.04192540799,108764.322553856,764.6120167734488,78.86480198575694,78.45684295344233,82.43193069731906,82.87671168174137,83.28484964897466,87.30787066687009,77.93010316650388,80.25577251718752,43.11710783572998,70.08602561992188,126133.44175706268,11963.334060459416,12643.139006542475,13796.7210564347,13823.833455709839,13762.295653233881,14406.469237014711,12914.38159980233,13072.129987781322,7989.958909176111,11761.178790908036,571092.2811981286,3675.2924066627907,18929.487816102814,30928.16541925837,49490.244511334415,55110.1727700864,69917.27605037119,72590.1115850752,102440.85810135039,60792.6347582272,107218.03777966081,1109.6676805213888,124.01081451651068,116.13945680211789,120.07423844804383,120.84539252481073,116.06754869311521,123.21267902313234,106.34505566757812,117.26996168125,58.31479922186279,107.3877339429688,64023.21300369349,6200.167094843581,6411.5641292825,7069.753481115865,6841.005545922849,6714.83713074189,7056.277897481544,6649.920576462073,6516.096841173177,4310.082644158992,6253.507662511001,277040.04825385706,1673.315899734747,8878.501455211812,14811.826492285592,22819.694768809582,24987.479122771183,33735.45659405519,36328.47513866239,48078.711775232005,32636.1423676576,53090.4446394368,1705.0034151690109,215.71487419827744,184.17382158009957,186.94311671466994,188.686534903241,166.67730494011224,178.89901801448366,139.28707679121092,185.367562978125,75.69087819293209,183.56322685585934,75215.06835706519,5032.1536866253755,7153.945153880875,7544.9514084104985,7996.770264474815,8697.922979914603,9891.246354282268,9234.352696145917,7342.7200193568,5469.839087283672,6851.166706690413,349921.54517469864,1571.7347949701557,10768.207869898397,18019.043085663987,27180.688393824017,33947.88471143679,47659.57687886719,49645.78643005442,48633.8595274752,44094.34440272641,68400.4190797824,997.9280162571074,144.92684361061146,108.84138190994882,106.5145103279663,109.66541480974124,97.74003779179682,123.40011406069328,86.4118593136719,104.82341297812502,35.52115159361573,80.08328986093751,239936.82880129153,19142.761630934834,23059.583918901633,25317.201933096556,26144.085950038174,28383.366892167876,30453.882619746837,27840.128977827862,24243.00130462519,15377.590588121124,19975.22498583107,1107024.2587480925,6935.985212636699,37345.82796665445,60972.68829381916,97211.52963609595,114505.48885148171,138950.7117727468,148140.27454064638,190594.9765894144,112936.60098600961,199430.1748985856,892.56850832792,78.06631327034953,88.26801674101247,94.45423201507109,96.2282579192505,103.79983076997064,111.1803281428711,99.65627997031248,91.16007608125001,54.5440856760376,75.21108774179687
2135.0,112123.33687032983,10504.646617608565,11175.789232419995,12054.052880201272,12355.24424569645,12515.588199378702,13066.14776679978,11974.622118564246,11675.864426214266,6744.240884266582,10057.140499180223,578100.2257742267,3924.6764006577323,19782.061350233595,31038.406834639994,51226.75380850562,56822.18613199357,68966.86084613478,75526.20106588161,104568.35961323521,57573.265572287986,108671.454150656,761.9475093829611,78.60473894539514,78.1909641307862,82.17558598895259,82.60703918750607,83.02744713984369,87.06722919750979,77.66167607910157,80.01493617812496,42.883920216210946,69.71397231953124,126410.67087896992,12002.575835674113,12676.881600768509,13834.257293878389,13859.299274643601,13793.233794371165,14439.913124980347,12934.312093940038,13107.876711065079,7990.4032956517585,11771.917853997216,572399.2567077153,3690.412085032814,18995.473761207188,31029.920866393637,49664.962850841584,55271.92540738561,70118.90900926282,72720.49799188481,102805.66427484163,60762.1935077248,107339.2969531392,1108.2620423361232,123.89226727831846,116.00817951206056,119.9531697327423,120.71094419952396,115.93324281884766,123.1039380097656,106.19703404335937,117.15928247499998,58.160077299316406,107.14390696718748,64150.11232794917,6222.280248641064,6427.812188221117,7087.93077662877,6857.467083571856,6726.615574534757,7068.398970141228,6656.71668980154,6532.585643064882,4309.036780806913,6261.268372536988,277268.13707457023,1678.2530583945286,8897.25544659719,14840.334230754408,22871.02774032642,25019.632228684823,33784.0409186898,36337.12667279361,48193.444560896,32570.085066150405,53076.93715128319,1706.207567368062,215.95174985851006,184.32737582695913,187.10848716754745,188.84058401887813,166.77418867133792,179.05063737824705,139.31497670390624,185.55291144374993,75.64194978173828,183.64470651718753,75189.31414920028,5035.079711380298,7155.392229012826,7545.713413997488,7996.852419375957,8697.641574836856,9895.433115768152,9229.42978243576,7346.750969019203,5453.501574449052,6833.519358924887,349980.3830959069,1574.714881317252,10785.749956637603,18045.248812768015,27223.952231999985,33985.780999091214,47730.11546526681,49646.69604802559,48693.05305006081,43975.944542745594,68319.12710799361,996.4087355024548,144.91694270194432,108.71217199968862,106.37209101213682,109.51827782557368,97.56423172529301,123.32521957675787,86.21633967851562,104.69535444374998,35.30663014973145,79.78147638906248,240363.47800625974,19170.693620456288,23104.37243194085,25371.76220151453,26198.372040047372,28451.842223997788,30535.476125161487,27895.407419745577,24294.7190310425,15380.157876771133,19960.675035582684,1109781.5189513979,6962.627237991589,37482.98669316156,61191.30998046085,97567.64302867207,114892.18903971832,139407.1942463392,148474.88728104963,191245.67969628164,112922.2906856064,199634.7110621184,890.3818605689468,77.82124378663536,88.04584553094493,94.24575532690123,96.01053331036375,103.6183796780274,111.02647897126464,99.4573550140625,90.95821818437499,54.345688306994624,74.85236245937497
2136.0,112100.03517721972,10509.176068375846,11177.508884814868,12057.99076650792,12357.0739899234,12516.90537376904,13069.670854328135,11969.375848094469,11680.884094867795,6726.526461895588,10034.92283464285,578523.4334856836,3935.132431059416,19825.984674737112,31100.021937851194,51339.547246539514,56915.12860436989,69071.50696827532,75552.98598264836,104787.27435649023,57411.07430937599,108584.77697433598,759.4606358185081,78.36201344105719,77.94281056297362,81.93633092781062,82.35534485955324,82.78720479798824,86.84263049277341,77.41114413085934,79.790155595,42.666278437993164,69.36672257249998,126668.51226511835,12039.119679686446,12708.28889500289,13869.211173539388,13892.31045826148,13822.017490447954,14471.052453877937,12952.823507096407,13141.1764423156,7990.726284422205,11781.785880468266,573619.1005166585,3704.523784844829,19057.06064330466,31124.892617053156,49828.03330104827,55422.89453553154,70307.09977089496,72842.19197157375,103146.15003676673,60733.78167392255,107452.47218171903,1106.950113363206,123.78162318933917,115.8856540413402,119.84017226512753,120.58545909592286,115.80789066953126,123.00244639729003,106.0588805274218,117.0559818825,58.01567017160645,106.91633512312498,64268.65826984551,6242.95159140946,6442.992099173412,7104.914470316854,6872.847088393606,6737.611771561154,7079.72002574369,6663.060825363934,6547.999494963604,4308.049634846127,6268.511268073766,277481.01997390285,1682.8610731436604,8914.759171890239,14866.941453325275,22918.938513742098,25049.641794204166,33829.386288348775,36345.20143798273,48300.52849418241,32508.431584743685,53064.330162339844,1707.331442753843,216.17283380806106,184.47069312402834,187.26283292356686,188.9843631934728,166.86461348714832,179.19214878442622,139.3410166224218,185.72590334500006,75.59628326462403,183.72075420109368,75163.84899153466,5037.721086551078,7156.609409620834,7546.289258164382,7996.774141344525,8697.2249858703,9899.200068642103,9224.675219353763,7350.420204210272,5438.100820836676,6816.833796940786,350035.2984890336,1577.4962952412113,10802.122570927539,18069.707491398403,27264.3318142976,34021.15086756865,47795.95147923976,49647.54502479872,48748.30033780736,43865.43800676352,68243.25460099072,994.9907401314433,144.90770185385534,108.591576083446,106.23916631736269,109.38094997368404,97.40014606322259,123.25531805841796,86.0338546857031,104.57583314499999,35.106410135439454,79.4997838153125,240757.6515664459,19196.28788325879,23145.761131448056,25422.290632167515,26248.614074740217,28515.40597074126,30611.33634153166,27946.65009138536,24342.627076614775,15382.236973084775,19946.441391474207,1112354.9618078226,6987.493128322836,37611.00150456832,61395.35688799299,97900.01552840955,115253.10921540599,139833.24455502542,148787.19250542598,191853.00259602425,112908.9344052301,199825.6114814157,888.3409893272318,77.59251226850223,87.83848573488171,94.05117708460936,95.8073236754029,103.44902532554688,110.88288641109865,99.27169172156249,90.76981748062498,54.16051742922118,74.51755219578126
2137.0,112076.6028693773,10513.1887273268,11178.918433289273,12061.466377042114,12358.57723749171,12517.947747018057,13072.774984711383,11964.335529247115,11685.38792193635,6709.952322764367,10014.05358854982,578916.4120748929,3944.8416021467,19866.770618918978,31157.2359622616,51444.284010428164,57001.432328719304,69168.67836740593,75577.85769107453,104990.55233236993,57260.46813667199,108504.29102489603,757.1513960800874,78.13662547274312,77.71238225000488,81.71416551389324,82.12162869788273,82.5641226234082,86.6340745526611,77.17850732177732,79.58143076781249,42.46418250107665,69.04427637882813,126907.15332122485,12072.982519293875,12737.378639668335,13901.599235132133,13922.885678436638,13848.665755736934,14499.902734025463,12969.934538865671,13172.042397494477,7990.946862785417,11790.814959785786,574751.8126249663,3717.627506098844,19114.248462395095,31213.080671236956,49979.45586195457,55563.08015452414,70481.84833526767,72955.1935241421,103462.31538712578,60707.399256820485,107557.56346540028,1105.7318936026356,123.6788822495727,115.77188038995723,119.73524604519952,120.46893721400764,115.69149224516606,122.90820418570556,105.93059511976564,116.96005990374998,57.8815778387329,106.70501841078125,64378.828779881274,6262.174419861044,6457.100747116676,7120.700792964374,6887.142270108944,6747.825104685953,7090.239397850296,6668.95275629845,6562.333368565931,4307.123483552256,6275.236438877363,277678.69695185486,1687.1399439821378,8931.012631090924,14891.64815999824,22963.427089056637,25077.507819329305,33871.4927030321,36352.69943422976,48399.9635750912,32451.181923437445,53052.62367260672,1708.3750413263547,216.37812604692897,184.60377347130688,187.40615398272783,189.11787242702522,166.94857938754396,179.32355223302122,139.3651965467578,185.88653868187495,75.55387864158935,183.79136990757823,75138.96831103193,5040.096346192987,7157.624300432115,7546.706946645172,7996.567490230017,8696.705063544718,9902.576321424018,9220.122077993547,7353.746963101155,5423.668359198286,6801.154442269753,350086.29135408,1580.0790367420336,10817.32571276815,18092.419121555202,27301.827140716818,34053.99431686911,47857.08492078609,49648.33336037378,48799.60139071489,43762.824794780165,68172.80155877378,993.6740301440761,144.89912106634426,108.47959416122075,106.11573624364387,109.25343125407232,97.24778080558585,123.19040950567387,85.86440433523438,104.46484908187497,34.92049155073974,79.23821213968748,241120.1837641504,19219.64281811842,23183.83565452585,25468.868842959677,26294.899981561288,28574.12983508058,30681.52403892974,27993.92951843341,24386.800303221455,15383.893471495083,19932.659299824976,1114744.587317355,7010.582883630419,37729.87240087456,61584.82901641567,98208.6471353089,115588.24937854466,140228.86269880552,149077.1902137753,192416.9452886426,112896.53214488064,200002.87615647746,886.4458946027847,77.38011871595002,87.64593735282288,93.87049728819548,95.61862901436763,103.29176771252936,110.74955046237298,99.09929009281254,90.59487396999998,53.98857304271728,74.2066569510156
2138.0,112053.43884044189,10516.72754104332,11180.059493755678,12064.51993362141,12359.797499655253,12518.755478516066,13075.497337513058,11959.538669129413,11689.410861603057,6694.546251904883,9994.58577369981,579279.1615418567,3953.803913919571,19904.41918277911,31210.048907871194,51540.96410017151,57081.09730504188,69258.37504352632,75600.81619116037,105178.19354087424,57121.44705417599,108429.99630233597,755.0197901676986,77.92857504045368,77.49967919187986,81.50908974719997,81.90589070249455,82.35820061610346,86.44156137717282,76.96376565185544,79.3887616965625,42.27763240546143,68.74663373851561,127126.76806688325,12104.180072237075,12764.167317300284,13931.436836962861,13951.04227333698,13873.19624634846,14526.478367861078,12985.662553156779,13200.486848566035,7991.0826618037845,11799.03488930975,575797.3930326324,3729.72324879486,19167.037218478665,31294.485028945153,50119.23053356027,55692.482264363534,70643.15470238097,73059.50264958972,103754.16032591872,60683.04625641855,107654.57080418302,1104.6073830544253,123.58404445901895,115.66685855791124,119.63839107295834,120.3613785537781,115.58404754575197,122.8212113750122,105.81217782039056,116.87151653875,57.757800300695806,106.50995683015623,64480.6033835191,6279.942509514357,6470.135239529901,7135.286244585312,6900.349573458617,6757.255000855149,7099.9555390537325,6674.392271957917,6575.582594732989,4306.260441538381,6281.443968292663,277861.16800842516,1691.089670909965,8946.015824199238,14914.454350773274,23004.4934662701,25103.230304060166,33910.36016273977,36359.620661534726,48491.749803622406,32398.336082231686,53041.81768208385,1709.338363085595,216.5676265751156,184.7266168687946,187.53845034502987,189.2411117195348,167.02608637252428,179.44484772403194,139.387516476914,186.03481745437506,75.5147359126343,183.85655363664057,75114.9464327296,5042.22270050021,7158.462534407775,7546.992484764269,7996.2622358926465,8696.111383352058,9905.588903453812,9215.801067227778,7356.749109707906,5410.233469946207,6786.522543476887,350133.361691046,1582.4631058197103,10831.359382159539,18113.3837032384,27336.4382112576,34084.311346992654,47913.51578990576,49649.06105475072,48846.95620878336,43668.10490679552,68107.76798134272,992.4586055403539,144.8912003394105,108.37622623301266,106.00180079098024,109.13572166673823,97.10713595238276,123.13049391852537,85.70798862710936,104.36240225437498,34.74887439563233,78.9967613621875,241451.84929007976,19240.849795327173,23218.675521341032,25511.572621945004,26337.311407423505,28628.08039807791,30746.09564670877,28037.313046169802,24427.308225464854,15385.188281118468,19919.454346502913,1116950.395480004,7031.8965039143395,37839.59938208032,61759.726365728995,98493.53784936955,115897.60952913399,140594.0486776794,149344.88040609797,192937.50777413626,112885.0839045581,200166.5050873037,884.6965763956016,77.18406312897874,87.46820038476879,93.7037159376596,95.44444932725837,103.14660683897463,110.62647112508792,98.9401501278125,90.43338765249999,53.8298551474829,73.91967672507813
2139.0,112030.91129992927,10519.83215252415,11180.970480902657,12067.188564077434,12360.774940648353,12519.365638469479,13077.872232330288,11955.019889686515,11692.985179267695,6680.333897038957,9976.568324983906,579611.6818865731,3962.0193663780433,19938.930366317592,31258.460774679996,51629.58751576962,57154.12353333757,69340.59699663677,75621.86148290562,105350.19798200321,56994.011061887984,108361.892806656,753.0658180813422,77.73786214418809,77.30470138859867,81.32110362773129,81.70813087338864,82.16943877607416,86.2650909663086,76.76691912109376,79.21214838124997,42.10662815114746,68.47379465156251,127327.5171355654,12132.726847199556,12788.670142546804,13958.738155929714,13976.796247425267,13895.625260230561,14550.792649943081,13000.02357819336,13226.521123497338,7991.149956304136,11806.473174295521,576755.8417396632,3740.811012932875,19215.426911555187,31369.10569017764,50247.35731586558,55811.10086504961,70791.01887223481,73155.1193479168,104021.68485314563,60660.7226727168,107743.4941980672,1103.5765817185613,123.497109817678,115.57058854520265,119.54960734840391,120.26278311523441,115.48555657128905,122.74146796520994,105.70362862929686,116.79035178749999,57.64433755749511,106.33115038124997,64573.96318118604,6296.250114694166,6482.0929063936455,7148.667594423315,6912.466178203331,6765.900931095773,7108.867020978025,6679.379177898777,6587.742863490431,4305.462460755034,6287.133933253408,278028.4331436148,1694.710253927137,8959.768751215192,14935.360025650407,23042.137645382423,25126.80924839682,33945.9886674718,36365.96511989761,48575.887179776,32349.894061126404,53031.91219077119,1710.2214080315655,216.74133539261916,184.83922331649157,187.65972201047347,189.35408107100216,167.09713444208987,179.55603525745846,139.4079764128906,186.17073966249993,75.47885507775878,183.91630538828127,75092.03657974004,5044.116035805834,7159.147772742576,7547.169877436535,7995.885858203395,8695.471245746441,9908.262764891411,9211.740533708115,7359.4431338915,5397.823181153356,6772.976176160738,350176.5094999318,1584.6485024742503,10844.223579101605,18132.60123644802,27368.165025919985,34112.101957939216,47965.24408659882,49649.728107929586,48890.364792012806,43581.27834280959,68048.15386869761,991.3444663202753,144.88393967305467,108.28147229882194,105.89735995937194,109.02782121168208,96.97821150361332,123.07557129697271,85.56460756132813,104.26849266249998,34.59155867011719,78.77543148281248,241753.36324334747,19259.99315669306,23250.3541351244,25550.47192732706,26375.923718707963,28677.319119175198,30805.103253502275,28076.862839468442,24464.215010670174,15386.177625754666,19906.942456924546,1118972.3862957607,7051.4339891745985,37940.18244818555,61920.04893593286,98754.68767059206,116181.1896671743,140928.8024916472,149590.2630823936,193414.69005250564,112874.58968426239,200316.49827389442,883.0930347056863,77.0043455075884,87.30527483071909,93.55083303300171,95.28478461407468,103.01354270488288,110.51364839924315,98.79427182656251,90.28535852812499,53.68436374351806,73.65661151796873
2140.0,112009.35777322801,10522.53890118471,11181.68660819469,12069.506302255839,12361.54637768586,12519.812207900846,13079.931128793756,11950.810927701474,11696.140451546753,6667.338768578259,9960.046099385607,579913.9731090413,3969.487959522108,19970.304169534415,31302.471562688006,51710.154257222384,57220.51101360643,69415.34422673723,75640.9935663104,105506.56565575681,56878.16015980799,108299.980537856,751.2894798210201,77.56448678394636,77.12744884016108,81.15020715548708,81.52834921056521,81.99783710332036,86.10466332006833,76.58796772949215,79.05159082187502,41.95116973813477,68.22575911796875,127509.54777462079,12158.636143807942,12810.901062168594,13983.516187522555,14000.162271458972,13915.967737168921,14572.85776694989,13013.03230651373,13250.155606258204,7991.163664877729,11813.15502789383,577627.1587460507,3750.890798512882,19259.41754162481,31436.94265493437,50363.83620887042,55918.935956582405,70925.4408448292,73242.04361912321,104264.88896880638,60640.4285057152,107824.3336470528,1102.6394895950461,123.41807832555004,115.48307035183103,119.46889487153626,120.17315089837642,115.39601932177735,122.66897395629884,105.60494754648438,116.71656565,57.54118960913085,106.16859906406255,64658.89084827345,6311.091968531523,6492.971300190091,7160.841880951731,6923.489499123749,6773.762410515937,7116.972534278527,6683.913295881117,6598.810224028439,4304.7313304902045,6292.30640428219,278180.49235742405,1698.0016930336599,8972.271412138809,14954.365184629594,23076.35962639358,25148.24465233918,33978.3782172282,36371.73280931839,48652.375703552,32305.8558601216,53022.9071986688,1711.0241761642665,216.8992524994411,184.94159281439832,187.76996897905897,189.45678048142705,167.16172359624017,179.6571148333008,139.42657635468748,186.29430530625,75.44623613696285,183.97062516249994,75070.47087324897,5045.790914581883,7159.70170486512,7547.261129167265,7995.46354704402,8694.809676144128,9910.62077671673,9207.96646186527,7361.844151357826,5386.462268553239,6760.550242953311,350215.73478073603,1586.6352267056536,10855.918303594397,18150.07172118398,27397.007584704017,34137.36614970879,48012.26981086519,49650.334519910415,48929.8271404032,43502.34510282241,67993.9592208384,990.3316124838381,144.87733906727698,108.19533235864877,105.80241374881898,108.92972988890384,96.8610074592773,123.02564164101555,85.43426113789063,104.18312030625002,34.448544374194334,78.57422250156252,242025.38113147728,19277.150215540212,23278.93878217088,25585.63088745923,26410.80600126405,28721.902336194304,30858.594607224313,28112.63588279711,24497.579478885564,15386.913043886792,19895.229896055032,1120810.559764637,7069.195339411206,38031.62159919045,62065.796727027155,98992.09659897596,116438.98979266571,141233.12414070882,149813.3382426624,193848.49212375042,112865.04948399361,200452.85571624964,881.6352695330296,76.84096585177896,87.15716069067373,93.4118485742218,95.1396348748169,102.89257531025382,110.41108228483888,98.66165518906249,90.15078659687501,53.55209883082276,73.4174613296875
2141.0,111989.08510159937,10524.880822857323,11182.23988787228,12071.504088016318,12362.145280963034,12520.126078648827,13081.702626567738,11946.940634795212,11698.903566273391,6655.58223962431,9945.059875980805,580186.0352092646,3976.2096933517605,19998.540592429486,31342.081271895186,51782.66432452991,57280.2597458483,69482.61673382757,75658.21244137471,105647.29656213504,56773.89434793598,108244.25949593603,749.6907753867252,77.4084489597293,76.96792154656724,80.9964003304673,81.36654571402403,81.8433955978417,85.96027843845212,76.42691147705078,78.90708901843749,41.81125716642333,68.00252713773438,127672.9938452748,12181.920052631982,12830.87275503903,14005.782745823177,14021.153682490356,13934.237258786892,14592.684797680087,13024.70209497094,13271.39973682119,7991.137349880251,11819.103371150832,578411.3440518039,3759.9626055348995,19299.009108687434,31497.995923215538,50468.66721257474,56015.9875389619,71046.4206201642,73320.27546320898,104483.77267290115,60622.163755413756,107897.08915113982,1101.7961066838866,123.34694998263457,115.40430397779672,119.39625364235543,120.09248190320442,115.31543579721674,122.6037293482788,105.51613457195316,116.65015812624999,57.448356455603026,106.02230287859373,64735.37063513776,6324.463282963794,6502.768195903038,7171.806411873611,6933.417186020444,6780.838998304859,7124.270888641927,6687.994463868651,6608.78108470172,4304.06867736934,6296.961445490462,278317.3456498526,1700.9639882295296,8983.523806970035,14971.469827710873,23107.159409303687,25167.536515887383,34007.52881200897,36376.923729797134,48721.2153749504,32266.221479217285,53014.802705776645,1711.7466674836942,217.04137789558118,185.0337253625143,187.86919125078543,189.5492099508093,167.21985383497568,179.74808645155883,139.44331630230474,186.40551438562494,75.41687909024657,184.0195129592968,75050.46033251613,5047.260575439208,7160.14404843773,7547.286244052148,7995.018202306985,8694.149424923527,9912.683730729712,9204.502473908971,7363.965903657711,5376.173255539956,6749.276473520069,350251.03753346077,1588.42327851391,10866.443555637918,18165.79515744641,27422.96588760961,34160.10392230146,48054.592962704955,49650.88029069312,48965.34325395455,43431.30518683392,67945.18403776512,989.4200440310484,144.87139852207665,108.1178064124927,105.71696215932141,108.84144769840331,96.75552381937506,122.9807049506543,85.3169493567969,104.106285185625,34.31983150786377,78.39313441843753,242268.4988703975,19292.391256708594,23304.49063183948,25617.107800844522,26442.021060409355,28761.881265336775,30906.613115069515,28144.683980217353,24527.455102882013,15387.441388681294,19884.41326840819,1122464.9158866205,7085.180554624134,38113.916835094686,62196.969739012166,99205.76463452165,116671.0099056077,141507.01362486425,150014.10588690426,194238.91398787076,112856.46330375166,200575.57741436933,880.3232808776439,76.69392416155065,87.02385796463324,93.2867625613199,95.00900010948483,102.78370465508792,110.31877278187498,98.5423002153125,90.02967185874998,53.433060409396965,73.20222616023437
2142.0,111970.36944217932,10526.887649790966,11182.659130951773,12073.20976723254,12362.601773655677,12520.335053368264,13083.212465350036,11943.434977426607,11701.298722497466,6645.083545968469,9931.64635593782,580427.8681872392,3982.1845678670106,20023.639635002975,31377.289902301596,51847.11771769217,57333.3697300633,69542.41451790792,75673.51810809853,105772.39070113792,56681.21362627198,108194.72968089602,748.2697047784682,77.26974867153601,76.82611950781737,80.85968315267189,81.22272038376528,81.70611425963868,85.83193632145993,76.2837503637695,78.77864297093748,41.686890436013165,67.80409871085938,127817.9758226321,12202.58945518433,12848.596632144214,14025.548463505082,14039.782483866466,13950.446048545502,14610.283713052384,13035.044964732695,13290.2620111616,7991.08321743182,11824.338833008043,579108.3976569145,3768.026433998905,19334.201612743094,31552.265495020958,50561.85032697857,56102.255612188135,71153.95819823968,73389.8148801741,104678.33596542978,60605.92842181249,107961.76071032828,1101.0464329850738,123.28372478893226,115.33428942309932,119.33168366086115,120.02077612971809,115.24380599760747,122.5457341411499,105.43718970570313,116.59112921625,57.36583809691162,105.89226182484373,64803.38836709919,6336.359748734517,6511.481591017928,7181.5587641217035,6942.247123713946,6787.130297732818,7130.761012786237,6691.622536028716,6617.652213029517,4303.47596535534,6301.099114578532,278438.9930208994,1703.5971395147462,8993.525935708923,14986.67395489424,23134.536994112634,25184.684839041307,34033.4404518141,36381.53788133376,48782.40619397119,32230.990918413445,53007.598712094725,1712.3888819898586,217.16771158103805,185.11562096083935,187.95738882565385,189.63136947914927,167.27152515829593,179.82895011223266,139.4581962557422,186.50436690062494,75.39078393760987,184.06296877867197,75032.19487487551,5048.536933127695,7160.492549356541,7547.263225777314,7994.570433895541,8693.510967425238,9914.470339550286,9201.369829827989,7365.8207581868755,5366.976413168191,6739.183424559922,350282.4177581051,1590.012657899032,10875.799335232152,18179.7715452352,27446.039934636818,34180.31527571711,48092.21354211809,49651.365420277776,48996.91313266689,43368.158594844164,67901.82831947779,988.6097609618969,144.86611803745456,108.04889446035403,105.64100519087896,108.76297464018072,96.66176058390616,122.9407612258887,85.21267221804689,104.037987300625,34.20542007112549,78.23216723343748,242483.2527844429,19305.779536554153,23327.064736553315,25644.95513613575,26469.62542092976,28797.302001184165,30949.197843513033,28173.05375538465,24553.89000815345,15387.804827987995,19874.579518046397,1123935.4546617179,7099.389634813425,38187.06815589854,62313.56797188766,99395.6917772289,116877.25000600064,141750.47094411353,150192.5660151193,194585.9556448666,112848.83114353663,200684.66336825344,879.1570687395246,76.56322043690302,86.90536665259705,93.17557499429596,94.89288031807854,102.68693073938482,110.2367198903515,98.43620690531253,89.92201431374998,53.327248479240716,73.01090600960937
2143.0,111953.45626797882,10528.585810651468,11182.969947225572,12074.648091792307,12362.942631919954,12520.463845530077,13084.48352487211,11940.317036892413,11703.347430485483,6635.859786091952,9919.83816251738,580639.472042969,3987.412583067855,20045.601297254718,31408.0974539072,51903.5144367091,57379.840966251475,69594.73757897817,75686.91056648194,105881.84807276544,56600.117994816006,108151.39109273603,747.026267996242,77.1483859193671,76.70204272391115,80.74005562210083,81.09687321978882,81.58599308871095,85.71963696909177,76.15848438964844,78.66625267937499,41.5780695469043,67.63047383734373,127944.60079567354,12220.654023920715,12864.082836582822,14042.82279183372,14056.059345229089,13964.604971743413,14625.663376105638,13044.071601281446,13306.749981257486,7991.012117416991,11828.879750302365,579718.319561387,3775.0822839049138,19364.995053791852,31599.75137035075,50643.38555208195,56177.740176261104,71248.05357905575,73450.66187001855,104848.57884639234,60591.72250491136,108018.34832461824,1100.390468498621,123.22840274444248,115.27302668773919,119.27518492705381,119.9580335779175,115.18112992294917,122.4949883349121,105.36811294773437,116.53947891999998,57.29363453305664,105.77847590281246,64862.93144444243,6346.7775353936,6519.1097055217815,7190.096783858448,6949.977432044734,6792.635956151174,7136.441954460808,6694.797382732275,6625.420735695593,4302.95449574856,6304.719462835552,278545.43447056523,1705.9011468893111,9002.277798355442,14999.977566179687,23158.49238082049,25199.689621800975,34056.113136643566,36385.57526392833,48835.948160614396,32200.16417771009,53001.29521762303,1712.9508196827455,217.27825355581376,185.18727960937375,188.03456170366314,189.7032590664466,167.31673756620125,179.89970581532225,139.471216215,186.59086285125,75.36795067905274,184.10099262062502,75015.84331573521,5049.630578536011,7160.762981751384,7547.2080776193425,7994.138561723675,8692.912503951999,9915.997236618412,9198.587427390095,7367.419708185969,5358.889760153231,6730.296479805239,350309.8754546693,1591.4033648610114,10883.985642377134,18192.00088455039,27466.229725785586,34198.00020995585,48125.13154910457,49651.7899086643,49024.53677654017,43312.90532685312,67863.89206597632,987.9007632763913,144.86149761340974,107.98859650223271,105.57454284349176,108.69431071423581,96.57971775287108,122.90581046671869,85.1214297216406,103.97822665125001,34.105310063979495,78.0913209465625,242670.11960635675,19317.371282948978,23346.710031799645,25669.219532135237,26493.66932707927,28828.205516697708,30986.38351831053,28197.78665154824,24576.926972916663,15388.040844340054,19865.805928580707,1125222.1760899299,7111.822579979041,38251.0755616019,62415.59142565378,99561.87802709755,117057.7100938445,141963.4960984567,150348.71862730753,194889.6170947379,112842.15300334847,200780.11357790208,878.1366331186676,76.44885467783634,86.80168675456552,93.07828587315005,94.79127550059813,102.60225356314459,110.16492361026862,98.34337525906248,89.82781396187501,53.23466304035399,72.8435008778125
2144.0,111938.56036787972,10529.998430521375,11183.194745261964,12075.840719597369,12363.191284892615,12520.534079421333,13085.535824898914,11937.607009327294,11705.068511720681,6627.9259211658255,9909.663841072615,580820.8467764492,3991.8937389542975,20064.425579184794,31434.503926712023,51951.854481580805,57419.67345441282,69639.58591703842,75698.38981652484,105975.66867701759,56530.60745356799,108114.24373145601,745.9604650400483,77.04436070322215,76.59569119484861,80.63751773875423,80.98900422209478,81.48303208505855,85.62338038134766,76.05111355468749,78.56991814374999,41.48479449909667,67.4816525171875,128052.96246725763,12236.122222239856,12877.340243566226,14057.614000666292,14069.993602514829,13976.723535516961,14638.831541998854,13051.791354414278,13320.87025508963,7990.933543484742,11832.742167766093,580241.1097652217,3781.130155252922,19391.389431833602,31640.45354920481,50713.272887884785,56242.44123118083,71328.70676261238,73502.8164327424,104994.5013157888,60579.5460047104,108066.85199400959,1099.8282132245092,123.18098384916588,115.22051577171634,119.2267574409332,119.90425424780273,115.12740757324215,122.45149192956542,105.30890429804684,116.4952072375,57.23174576403808,105.6809451125,64913.98884241674,6355.713291297138,6525.650981903293,7197.418586475984,6956.606465873218,6797.355664992377,7141.312880446325,6697.518890553937,6632.0841385482545,4302.5054071868135,6307.822535139541,278636.66999885056,1707.876010353225,9009.779394909607,15011.380661567184,23179.025569427202,25212.5508641664,34075.546866497396,36389.03587758081,48881.84127487999,32173.741257107205,52995.8922223616,1713.4324805623662,217.37300381990656,185.24870130811743,188.1007098848144,189.7648787127016,167.35549105869129,179.96035356082763,139.48237618007818,186.66500223749998,75.34837931457518,184.1335844851563,75001.55336857722,5050.550778691831,7160.969147985932,7547.134802445235,7993.738615716128,8692.3699597687,9917.278976194038,9196.171802142106,7368.772372740564,5351.929062870935,6722.637850021843,350333.4106231511,1592.5953993998514,10891.002477072809,18202.483175392,27483.53526105599,34213.158725017594,48153.34698366441,49652.15375585279,49048.21418557441,43265.54538286081,67831.37527726083,987.2930509745324,144.8575372499432,107.93691253812855,105.51757511716018,108.63545592056889,96.50939532626938,122.8758526731446,85.04322186757814,103.9270032375,34.01950148642579,77.97059555781249,242829.5164772903,19327.215695281047,23363.46933612981,25689.941797795134,26514.196742580272,28854.627663218682,31018.200524498243,28218.918931551252,24596.6034281114,15388.182234953994,19858.16012317077,1126325.080171255,7122.479390121012,38305.939052204805,62503.04010031034,99704.32338412797,117212.39016913905,142146.0890878936,150482.56372346883,195149.8983374848,112836.4288831872,200861.9280433152,877.2619740150744,76.35082688435068,86.71281827053829,92.99489519788214,94.7041856570434,102.52967312636719,110.10338394162595,98.26380527656252,89.74707080312498,53.15530409273681,72.70001076484377
2145.0,111925.8658466405,10531.14533090006,11183.352732405188,12076.806214563563,12363.367814690806,12520.56429014527,13086.386525228996,11935.32220570383,11706.478098902939,6621.294775050995,9901.14785904906,580971.9923876843,3995.6280355263207,20080.112480793206,31456.50932071598,51992.13785230719,57452.867194547194,69676.95953208859,75707.95585822717,106053.85251389441,56472.682002528,108083.28759705601,745.0722959098854,76.9576730231017,76.5070649206299,80.55206950263218,80.89911339068294,81.39723124868169,85.54316655822754,75.96163785888672,78.4896393640625,41.40706529259034,67.35763475039062,128143.14115412002,12249.001304483672,12888.37646041844,14069.92917845184,14081.593257955043,13986.809888840215,14649.794858011162,13058.212238243055,13332.628496641575,7990.855633048486,11835.93983802691,580676.7682684143,3786.170048042927,19413.3847468684,31674.372031583192,50771.51233438722,56296.358776947185,71395.91774890963,73546.2785683456,105116.10337361922,60569.398921209606,108107.27171850238,1099.3596671627556,123.14146810310152,115.17675667503046,119.18640120249941,119.85943813937378,115.08263894848635,122.41524492510986,105.25956375664066,116.45831416874998,57.18017178985596,105.59966945390623,64956.551111235865,6363.164143607535,6531.104085152711,7203.522556596134,6962.132815079759,6801.289159769944,7145.3730765547925,6699.786962271917,6637.640266600318,4302.129675645365,6310.408369957371,278712.6996057552,1709.5217299064846,9016.030725371395,15020.883241056817,23196.136559932806,25223.2685661376,34091.74164137561,36391.91972229119,48920.08553676801,32151.722156604803,52991.3897263104,1713.8338646287214,217.45196237331737,185.29988605707115,188.15583336910709,189.8162284179136,167.38778563576668,180.01089334874877,139.49167615097647,186.72678505937498,75.33206984417724,184.16074437226558,74989.45164495725,5051.305476761661,7161.122878657575,7547.0554027124035,7993.384335808394,8691.896985102388,9918.328033357115,9194.13712740986,7369.886996781152,5346.107835357767,6716.226573009006,350353.0232635543,1593.5887615155505,10896.849839319191,18211.218417760003,27497.956540448013,34225.79082090241,48176.8598457976,49652.456961843214,49067.9453597696,43226.0787628672,67804.2779533312,986.7866240563117,144.85423694705395,107.89384256804209,105.47010201188338,108.58641025917963,96.45079330410171,122.85088784516594,84.97804865585937,103.884317059375,33.947994338464355,77.86999106718748,242961.80094680062,19335.354944454502,23377.379351159136,25707.15691221728,26531.24535062331,28876.599170467944,31044.674906392942,28236.481677830627,24612.951457400246,15388.257111729692,19851.70006452484,1127244.1669056877,7131.360065239301,38351.6586277072,62575.91399585767,99823.02784832002,117341.29023188497,142298.24991242442,150594.1013036032,195366.79937310723,112831.6587830528,200930.1067644928,876.5330914287512,76.26913705644614,86.63876120051577,92.92540296849204,94.63161078741462,102.46918942905273,110.05210088442385,98.19749695781248,89.67978483749998,53.08917163638916,72.5804356707031
2146.0,111915.52612489187,10532.043029703726,11183.459914775534,12077.560046620694,12363.488956412195,12520.5699236212,13087.049925694506,11933.477051832479,11707.58963594885,6615.9770342982165,9894.31060598468,581092.9088766706,3998.6154727839485,20092.662002079902,31474.113635919184,52024.364548888356,57479.42218665471,69706.85842412878,75715.60869158912,106116.39958339585,56426.341641695995,108058.52268953601,744.3617606057542,76.888322879005,76.43616390125491,80.48371091373438,80.82720072555358,81.32859057958005,85.47899549973147,75.89005730224612,78.42541634031248,41.34488192738525,67.25842053695311,128215.2037868749,12259.297315936903,12897.19782657619,14079.774232231224,14090.864980075849,13994.870822524777,14658.558863541874,13063.340931194241,13342.029425899591,7990.785167286069,11838.484221607883,581025.2950709725,3790.201962274935,19430.980998896237,31701.50681748591,50818.103891589126,56339.492813560326,71449.68653794739,73581.04827682814,105213.38501988353,60561.281254408954,108139.60749809665,1098.9848303133504,123.10985550625026,115.14174939768198,119.1541162117523,119.82358525263062,115.04682404868159,122.38624732154545,105.22009132351567,116.42879971374997,57.138912610510246,105.53464892703126,64990.61037607745,6369.127698293461,6535.4679027619895,7208.407348070425,6966.55530456462,6804.436220078467,7148.621947629551,6701.601516868072,6642.087324029142,4301.828114436939,6312.476999344762,278773.5232912784,1710.8383055490935,9021.03178974084,15028.485304648482,23209.8253523373,25231.84272771456,34104.69746127817,36394.226798059535,48950.6809462784,32134.106876202884,52987.78772946944,1714.154971881799,217.5151292160457,185.3408338562337,188.19993215654108,189.8573081820838,167.41362129742677,180.05132517908567,139.49911612769534,186.776211316875,75.31902226785887,184.18247228195312,74979.64365450563,5051.901292050982,7161.234032597487,7546.979880468724,7993.087171946714,8691.504955142296,9919.15480400761,9192.495214298227,7370.770451083131,5341.437339310773,6711.078513599462,350368.7133758765,1594.3834512081094,10901.52772911633,18218.206611654412,27509.49356396159,34235.896497610236,48195.670135504166,49652.69952663549,49083.73029912575,43194.50546687233,67782.60009418752,986.3814825217406,144.8515967047429,107.8593865919727,105.43212352766251,108.54717373006837,96.40391168636725,122.83091598278321,84.92591008648434,103.85016811687495,33.89078862009522,77.78950747468747,243067.2709728511,19341.82417288923,23388.47066156721,25720.89402465318,26544.846553867166,28894.145646546407,31065.828367591934,28250.500792417173,24625.99779716871,15388.288901250373,19846.474054899827,1127979.4362932371,7138.464605333939,38388.23428810913,62634.2131122954,99917.99141967365,117444.41028208124,142419.978572049,150683.33136771072,195540.32020160515,112827.8427029453,200984.6497414349,875.9499853596888,76.20378519412222,86.57951554449768,92.86980918498021,94.57355089171138,102.42080247120113,110.01107443866212,98.14445030281253,89.625956065,53.036265671311035,72.48477559539062
2147.0,111907.6639391388,10532.70474126512,11183.529097269111,12078.114591712663,12363.568098134905,12520.563336584626,13087.537466161146,11932.08308836164,11708.41387799168,6611.981248148106,9889.16839350982,581183.5962434126,4000.856050727166,20102.07414304497,31487.316872321597,52048.53457132417,57499.3384307353,69729.28259315893,75721.34831661053,106163.30988552193,56391.58637107198,108039.94900889602,743.8288591276587,76.8363102709325,76.38298813672363,80.43244197206121,80.77326622670657,81.2771100777539,85.43086720585934,75.8363718847656,78.37724907249999,41.298244403481426,67.184009876875,128269.20391001094,12267.01509282745,12903.809413588842,14087.153887637147,14097.814103698174,14000.911769220042,14665.127990110404,13067.182776009078,13349.076818852714,7990.727571139764,11840.384486927469,581286.6901728887,3793.225897948935,19444.178187917096,31721.85790691296,50853.04755949057,56371.843341020154,71490.01312972567,73607.12555819009,105286.34625458179,60555.19300430849,108163.85933279227,1098.703702676293,123.08614605861206,115.11549393967037,119.12990246869195,119.79669558757331,115.01996287382816,122.36449911887206,105.19048699867189,116.40666387249998,57.10796822600097,105.48588353187498,65016.1603370839,6373.602040129848,6538.741544724596,7212.071883980072,6969.872994248071,6806.796669593645,7151.059017545278,6702.962489527894,6645.423874176612,4301.601374211715,6314.028448946302,278819.14105542185,1711.8257372810501,9024.782588017924,15034.186852342242,23220.091946640634,25238.273348897303,34114.4143262051,36395.95710488576,48973.62750341119,32120.89541590144,52985.08623183872,1714.3958023216103,217.5625043480926,185.3715447056056,188.2330062471169,189.88811800521128,167.4329980436719,180.08164905183835,139.50469611023436,186.81328100999994,75.30923658562013,184.19876821421886,74972.21380492544,5052.343520004154,7161.3104968705975,7546.916237352463,7992.856284088086,8691.202970039772,9919.76760486551,9191.255511691093,7371.4282322668305,5337.926584087592,6707.206363659393,350380.4809601176,1594.9794684775313,10905.036146464152,18223.4477570752,27518.146331596818,34243.47575514112,48209.777852784086,49652.881450229776,49095.569003642886,43170.82549487617,67766.34169982978,986.077626370807,144.84961652300973,107.8335446099207,105.40363966449651,108.51774633323491,96.36875047306631,122.81593708599613,84.88680615945313,103.82455640999997,33.84788433131836,77.72914478031248,243146.16492181458,19346.651494521215,23396.76773509758,25731.176454504035,26555.025474438906,28907.287577934643,31081.678270973072,28260.996996935548,24635.763836525206,15388.296344782628,19842.52073610124,1128530.8883338987,7143.793010404928,38415.66603341054,62677.93744962366,99989.21409818888,117521.75031972864,142511.2750667675,150750.25391579128,195670.4608229786,112824.98064286464,201025.55697414145,875.5126558078945,76.15477129737953,86.53508130248414,92.82811384734619,94.53000596993401,102.38451225281254,109.98030460434076,98.10466531156253,89.58558448562498,52.99658619750243,72.41303053890624
2148.0,111902.3713417598,10533.140376334033,11183.569883558097,12078.479131797358,12363.615280917482,12520.55379658712,13087.857726528195,11931.148970777578,11708.958891381368,6609.3138285311115,9885.733455347272,581244.0544879069,4002.3497693559775,20108.348903688322,31496.11902992319,52064.64791961475,57512.61592678907,69744.23203917897,75725.17473329154,106194.58342027264,56368.416190656,108027.56655513597,743.4735914755933,76.80163519888434,76.34753762703617,80.39826267761234,80.73730989414182,81.2427897432031,85.3987816766113,75.80058160644529,78.34513756062498,41.26715272087891,67.13440277015623,128305.18168189784,12272.158262326191,12908.215025118347,14092.071688894148,14102.444629937665,14004.936803412986,14669.505561356336,13069.741779743454,13353.773507492699,7990.686913316279,11841.647510299501,581460.9535741664,3795.241855064939,19452.976313931023,31735.425299864342,50876.343338091494,56393.41035932672,71516.89752424457,73624.51041243137,105334.98707771394,60551.13417090817,108180.02722258946,1098.5162842515922,123.07033976018641,115.0979903009961,119.11375997331835,119.77876914420163,115.00205542392574,122.35000031708977,105.17075078210934,116.39190664499999,57.08733863632812,105.45337326843747,65033.19626936238,6376.585732697875,6540.924343535711,7214.515356635995,6972.085179070273,6808.370376072221,7152.683929207985,6703.869831640485,6647.64883954914,4301.449942957325,6315.06273799542,278849.5528981828,1712.4840251023545,9027.283120202648,15037.987884138083,23226.936342842877,25242.56042968578,34120.89223615637,36397.11064276992,48988.925208166394,32112.087775700482,52983.285233418246,1714.5563559481507,217.59408776945682,185.39201860518665,188.25505564083392,189.90865788729624,167.44591587450194,180.1018649670069,139.50841609859373,186.83799413875002,75.30271279746096,184.2096321690626,74967.22540199572,5052.6361322044595,7161.3581867756175,7546.870474592343,7992.698542200259,8690.997854908353,9920.172673470792,9190.425106251385,7371.8644627974945,5335.582326706456,6704.619642088438,350388.3260162779,1595.3768133238104,10907.375091362714,18226.941854022407,27523.91484335361,34248.52859349503,48219.18299763738,49653.002732625944,49103.461473320975,43155.03884687873,67755.50277025794,985.8750556035209,144.84829640185418,107.81631662188603,105.38465042238585,108.49812806867925,96.34530966419914,122.8059511548047,84.86073687476565,103.80748193874997,33.81928147213379,77.68890298406248,243198.66156846803,19349.857994802584,23402.288922558044,25738.021691320784,26561.800953933787,28916.04032949322,31092.237638694725,28267.98583260416,24642.265617301036,15388.293498276384,19839.869089483225,1128898.523027674,7147.345280452238,38433.9538636115,62707.08700784255,100036.69588386561,117573.31034482682,142572.13939657985,150794.86894784504,195757.22123722752,112823.07260281086,201052.8284626125,875.2211027733651,76.12209536621776,86.50545847447528,92.80031695559019,94.50097602208257,102.36031877388677,109.95979138145998,98.07814198406248,89.55867009937501,52.97013321496338,72.36520050124997
2149.0,111899.70970100707,10533.356542076875,11183.588676090556,12078.659854846717,12363.637198799,12520.54748199644,13088.016426728513,11930.680469404515,11709.230053684556,6607.979050067538,9884.013947312202,581274.2836101534,4003.096628670387,20111.48628401,31500.520108724002,52072.704593760005,57519.254674816,69751.706762189,75727.08794163201,106210.22018764801,56356.831100448,108021.375328256,743.2959576495621,76.78429766286015,76.32981237219238,80.38117303038787,80.7193317278595,81.22562957592773,85.3827389119873,75.78268646728516,78.32908180468749,41.251606879577636,67.10959921679687,128323.16387477952,12274.729242547088,12910.417196939443,14094.529998818572,14104.759226204818,14006.948641428287,14671.69379303937,13071.020613767996,13356.121379814062,7990.665906286752,11842.277875933216,581548.085274805,3796.2498336229396,19457.375376938002,31742.208996340003,50887.991227392005,56404.193868480004,71530.339721504,73633.202839552,105359.30748928,60549.104754208005,108188.11116748801,1098.422575039242,123.06243661097359,115.08923848165892,119.10568872563171,119.76980592251586,114.9931016989746,122.34275091619872,105.16088267382813,116.38452803125,57.077023841491695,105.43711813671875,65041.715022984,6378.077818385023,6542.015854192065,7215.7372275788075,6973.191388991346,6809.157251352058,7153.496444555005,6704.3235107986,6648.76150181767,4301.374145998857,6315.579879314405,278864.758819564,1712.813169013007,9028.533386295001,15039.888400036001,23230.358540944002,25244.70397008,34124.131191132,36397.687411712,48996.574060544,32107.6839556,52982.384734208004,1714.6366327614196,217.60987948013926,185.40225555497742,188.26608033769224,189.9189278283386,167.45237478991697,180.11197292459104,139.51027609277344,186.850350703125,75.29945090338134,184.21506414648437,74964.72064956767,5052.781776374069,7161.381045845015,7546.846593007492,7992.618526261713,8690.894159823722,9920.374168183436,9190.008722421044,7372.081890985288,5334.409071846183,6703.324694819686,350392.24854435906,1595.5754857469506,10908.544563812,18228.688902496,27526.799099232,34251.055012672005,48223.885570064005,49653.06337382401,49107.407708160004,43147.145522880004,67750.083305472,985.7737702198772,144.84763634127617,107.80770262786865,105.37515580133056,108.48831893640136,96.33358925976562,122.80095818920898,84.84770223242187,103.798944703125,33.8049800425415,77.6687820859375,243224.88009599826,19351.457730701266,23405.046457820208,25741.441394803976,26565.185553415355,28920.414144462404,31097.51515219582,28271.47766023542,24645.513834050395,15388.289732364943,19838.538435948514,1129082.340374562,7149.121415475907,38443.097778712,62721.661786952005,100060.43677670401,117599.090357376,142602.571561486,150817.17646387202,195800.601444352,112822.11858278401,201066.464206848,875.0753262560978,76.10575740063668,86.49064706047058,92.78641850971222,94.48646104815674,102.34822203442383,109.94953477001953,98.0648803203125,89.54521290625,52.95690672369385,72.34128548242187
2150.0,111899.70970100707,10533.356542076875,11183.588676090556,12078.659854846717,12363.637198799,12520.54748199644,13088.016426728513,11930.680469404515,11709.230053684556,6607.979050067538,9884.013947312202,581274.2836101534,4003.096628670387,20111.48628401,31500.520108724002,52072.704593760005,57519.254674816,69751.706762189,75727.08794163201,106210.22018764801,56356.831100448,108021.375328256,743.2959576495621,76.78429766286015,76.32981237219238,80.38117303038787,80.7193317278595,81.22562957592773,85.3827389119873,75.78268646728516,78.32908180468749,41.251606879577636,67.10959921679687,128323.16387477952,12274.729242547088,12910.417196939443,14094.529998818572,14104.759226204818,14006.948641428287,14671.69379303937,13071.020613767996,13356.121379814062,7990.665906286752,11842.277875933216,581548.085274805,3796.2498336229396,19457.375376938002,31742.208996340003,50887.991227392005,56404.193868480004,71530.339721504,73633.202839552,105359.30748928,60549.104754208005,108188.11116748801,1098.422575039242,123.06243661097359,115.08923848165892,119.10568872563171,119.76980592251586,114.9931016989746,122.34275091619872,105.16088267382813,116.38452803125,57.077023841491695,105.43711813671875,65041.715022984,6378.077818385023,6542.015854192065,7215.7372275788075,6973.191388991346,6809.157251352058,7153.496444555005,6704.3235107986,6648.76150181767,4301.374145998857,6315.579879314405,278864.758819564,1712.813169013007,9028.533386295001,15039.888400036001,23230.358540944002,25244.70397008,34124.131191132,36397.687411712,48996.574060544,32107.6839556,52982.384734208004,1714.6366327614196,217.60987948013926,185.40225555497742,188.26608033769224,189.9189278283386,167.45237478991697,180.11197292459104,139.51027609277344,186.850350703125,75.29945090338134,184.21506414648437,74964.72064956767,5052.781776374069,7161.381045845015,7546.846593007492,7992.618526261713,8690.894159823722,9920.374168183436,9190.008722421044,7372.081890985288,5334.409071846183,6703.324694819686,350392.24854435906,1595.5754857469506,10908.544563812,18228.688902496,27526.799099232,34251.055012672005,48223.885570064005,49653.06337382401,49107.407708160004,43147.145522880004,67750.083305472,985.7737702198772,144.84763634127617,107.80770262786865,105.37515580133056,108.48831893640136,96.33358925976562,122.80095818920898,84.84770223242187,103.798944703125,33.8049800425415,77.6687820859375,243224.88009599826,19351.457730701266,23405.046457820208,25741.441394803976,26565.185553415355,28920.414144462404,31097.51515219582,28271.47766023542,24645.513834050395,15388.289732364943,19838.538435948514,1129082.340374562,7149.121415475907,38443.097778712,62721.661786952005,100060.43677670401,117599.090357376,142602.571561486,150817.17646387202,195800.601444352,112822.11858278401,201066.464206848,875.0753262560978,76.10575740063668,86.49064706047058,92.78641850971222,94.48646104815674,102.34822203442383,109.94953477001953,98.0648803203125,89.54521290625,52.95690672369385,72.34128548242187
2151.0,111899.70970100707,10533.356542076875,11183.588676090556,12078.659854846717,12363.637198799,12520.54748199644,13088.016426728513,11930.680469404515,11709.230053684556,6607.979050067538,9884.013947312202,581274.2836101534,4003.096628670387,20111.48628401,31500.520108724002,52072.704593760005,57519.254674816,69751.706762189,75727.08794163201,106210.22018764801,56356.831100448,108021.375328256,743.2959576495621,76.78429766286015,76.32981237219238,80.38117303038787,80.7193317278595,81.22562957592773,85.3827389119873,75.78268646728516,78.32908180468749,41.251606879577636,67.10959921679687,128323.16387477952,12274.729242547088,12910.417196939443,14094.529998818572,14104.759226204818,14006.948641428287,14671.69379303937,13071.020613767996,13356.121379814062,7990.665906286752,11842.277875933216,581548.085274805,3796.2498336229396,19457.375376938002,31742.208996340003,50887.991227392005,56404.193868480004,71530.339721504,73633.202839552,105359.30748928,60549.104754208005,108188.11116748801,1098.422575039242,123.06243661097359,115.08923848165892,119.10568872563171,119.76980592251586,114.9931016989746,122.34275091619872,105.16088267382813,116.38452803125,57.077023841491695,105.43711813671875,65041.715022984,6378.077818385023,6542.015854192065,7215.7372275788075,6973.191388991346,6809.157251352058,7153.496444555005,6704.3235107986,6648.76150181767,4301.374145998857,6315.579879314405,278864.758819564,1712.813169013007,9028.533386295001,15039.888400036001,23230.358540944002,25244.70397008,34124.131191132,36397.687411712,48996.574060544,32107.6839556,52982.384734208004,1714.6366327614196,217.60987948013926,185.40225555497742,188.26608033769224,189.9189278283386,167.45237478991697,180.11197292459104,139.51027609277344,186.850350703125,75.29945090338134,184.21506414648437,74964.72064956767,5052.781776374069,7161.381045845015,7546.846593007492,7992.618526261713,8690.894159823722,9920.374168183436,9190.008722421044,7372.081890985288,5334.409071846183,6703.324694819686,350392.24854435906,1595.5754857469506,10908.544563812,18228.688902496,27526.799099232,34251.055012672005,48223.885570064005,49653.06337382401,49107.407708160004,43147.145522880004,67750.083305472,985.7737702198772,144.84763634127617,107.80770262786865,105.37515580133056,108.48831893640136,96.33358925976562,122.80095818920898,84.84770223242187,103.798944703125,33.8049800425415,77.6687820859375,243224.88009599826,19351.457730701266,23405.046457820208,25741.441394803976,26565.185553415355,28920.414144462404,31097.51515219582,28271.47766023542,24645.513834050395,15388.289732364943,19838.538435948514,1129082.340374562,7149.121415475907,38443.097778712,62721.661786952005,100060.43677670401,117599.090357376,142602.571561486,150817.17646387202,195800.601444352,112822.11858278401,201066.464206848,875.0753262560978,76.10575740063668,86.49064706047058,92.78641850971222,94.48646104815674,102.34822203442383,109.94953477001953,98.0648803203125,89.54521290625,52.95690672369385,72.34128548242187
2152.0,111899.70970100707,10533.356542076875,11183.588676090556,12078.659854846717,12363.637198799,12520.54748199644,13088.016426728513,11930.680469404515,11709.230053684556,6607.979050067538,9884.013947312202,581274.2836101534,4003.096628670387,20111.48628401,31500.520108724002,52072.704593760005,57519.254674816,69751.706762189,75727.08794163201,106210.22018764801,56356.831100448,108021.375328256,743.2959576495621,76.78429766286015,76.32981237219238,80.38117303038787,80.7193317278595,81.22562957592773,85.3827389119873,75.78268646728516,78.32908180468749,41.251606879577636,67.10959921679687,128323.16387477952,12274.729242547088,12910.417196939443,14094.529998818572,14104.759226204818,14006.948641428287,14671.69379303937,13071.020613767996,13356.121379814062,7990.665906286752,11842.277875933216,581548.085274805,3796.2498336229396,19457.375376938002,31742.208996340003,50887.991227392005,56404.193868480004,71530.339721504,73633.202839552,105359.30748928,60549.104754208005,108188.11116748801,1098.422575039242,123.06243661097359,115.08923848165892,119.10568872563171,119.76980592251586,114.9931016989746,122.34275091619872,105.16088267382813,116.38452803125,57.077023841491695,105.43711813671875,65041.715022984,6378.077818385023,6542.015854192065,7215.7372275788075,6973.191388991346,6809.157251352058,7153.496444555005,6704.3235107986,6648.76150181767,4301.374145998857,6315.579879314405,278864.758819564,1712.813169013007,9028.533386295001,15039.888400036001,23230.358540944002,25244.70397008,34124.131191132,36397.687411712,48996.574060544,32107.6839556,52982.384734208004,1714.6366327614196,217.60987948013926,185.40225555497742,188.26608033769224,189.9189278283386,167.45237478991697,180.11197292459104,139.51027609277344,186.850350703125,75.29945090338134,184.21506414648437,74964.72064956767,5052.781776374069,7161.381045845015,7546.846593007492,7992.618526261713,8690.894159823722,9920.374168183436,9190.008722421044,7372.081890985288,5334.409071846183,6703.324694819686,350392.24854435906,1595.5754857469506,10908.544563812,18228.688902496,27526.799099232,34251.055012672005,48223.885570064005,49653.06337382401,49107.407708160004,43147.145522880004,67750.083305472,985.7737702198772,144.84763634127617,107.80770262786865,105.37515580133056,108.48831893640136,96.33358925976562,122.80095818920898,84.84770223242187,103.798944703125,33.8049800425415,77.6687820859375,243224.88009599826,19351.457730701266,23405.046457820208,25741.441394803976,26565.185553415355,28920.414144462404,31097.51515219582,28271.47766023542,24645.513834050395,15388.289732364943,19838.538435948514,1129082.340374562,7149.121415475907,38443.097778712,62721.661786952005,100060.43677670401,117599.090357376,142602.571561486,150817.17646387202,195800.601444352,112822.11858278401,201066.464206848,875.0753262560978,76.10575740063668,86.49064706047058,92.78641850971222,94.48646104815674,102.34822203442383,109.94953477001953,98.0648803203125,89.54521290625,52.95690672369385,72.34128548242187
2153.0,111899.70970100707,10533.356542076875,11183.588676090556,12078.659854846717,12363.637198799,12520.54748199644,13088.016426728513,11930.680469404515,11709.230053684556,6607.979050067538,9884.013947312202,581274.2836101534,4003.096628670387,20111.48628401,31500.520108724002,52072.704593760005,57519.254674816,69751.706762189,75727.08794163201,106210.22018764801,56356.831100448,108021.375328256,743.2959576495621,76.78429766286015,76.32981237219238,80.38117303038787,80.7193317278595,81.22562957592773,85.3827389119873,75.78268646728516,78.32908180468749,41.251606879577636,67.10959921679687,128323.16387477952,12274.729242547088,12910.417196939443,14094.529998818572,14104.759226204818,14006.948641428287,14671.69379303937,13071.020613767996,13356.121379814062,7990.665906286752,11842.277875933216,581548.085274805,3796.2498336229396,19457.375376938002,31742.208996340003,50887.991227392005,56404.193868480004,71530.339721504,73633.202839552,105359.30748928,60549.104754208005,108188.11116748801,1098.422575039242,123.06243661097359,115.08923848165892,119.10568872563171,119.76980592251586,114.9931016989746,122.34275091619872,105.16088267382813,116.38452803125,57.077023841491695,105.43711813671875,65041.715022984,6378.077818385023,6542.015854192065,7215.7372275788075,6973.191388991346,6809.157251352058,7153.496444555005,6704.3235107986,6648.76150181767,4301.374145998857,6315.579879314405,278864.758819564,1712.813169013007,9028.533386295001,15039.888400036001,23230.358540944002,25244.70397008,34124.131191132,36397.687411712,48996.574060544,32107.6839556,52982.384734208004,1714.6366327614196,217.60987948013926,185.40225555497742,188.26608033769224,189.9189278283386,167.45237478991697,180.11197292459104,139.51027609277344,186.850350703125,75.29945090338134,184.21506414648437,74964.72064956767,5052.781776374069,7161.381045845015,7546.846593007492,7992.618526261713,8690.894159823722,9920.374168183436,9190.008722421044,7372.081890985288,5334.409071846183,6703.324694819686,350392.24854435906,1595.5754857469506,10908.544563812,18228.688902496,27526.799099232,34251.055012672005,48223.885570064005,49653.06337382401,49107.407708160004,43147.145522880004,67750.083305472,985.7737702198772,144.84763634127617,107.80770262786865,105.37515580133056,108.48831893640136,96.33358925976562,122.80095818920898,84.84770223242187,103.798944703125,33.8049800425415,77.6687820859375,243224.88009599826,19351.457730701266,23405.046457820208,25741.441394803976,26565.185553415355,28920.414144462404,31097.51515219582,28271.47766023542,24645.513834050395,15388.289732364943,19838.538435948514,1129082.340374562,7149.121415475907,38443.097778712,62721.661786952005,100060.43677670401,117599.090357376,142602.571561486,150817.17646387202,195800.601444352,112822.11858278401,201066.464206848,875.0753262560978,76.10575740063668,86.49064706047058,92.78641850971222,94.48646104815674,102.34822203442383,109.94953477001953,98.0648803203125,89.54521290625,52.95690672369385,72.34128548242187
2154.0,111899.70970100707,10533.356542076875,11183.588676090556,12078.659854846717,12363.637198799,12520.54748199644,13088.016426728513,11930.680469404515,11709.230053684556,6607.979050067538,9884.013947312202,581274.2836101534,4003.096628670387,20111.48628401,31500.520108724002,52072.704593760005,57519.254674816,69751.706762189,75727.08794163201,106210.22018764801,56356.831100448,108021.375328256,743.2959576495621,76.78429766286015,76.32981237219238,80.38117303038787,80.7193317278595,81.22562957592773,85.3827389119873,75.78268646728516,78.32908180468749,41.251606879577636,67.10959921679687,128323.16387477952,12274.729242547088,12910.417196939443,14094.529998818572,14104.759226204818,14006.948641428287,14671.69379303937,13071.020613767996,13356.121379814062,7990.665906286752,11842.277875933216,581548.085274805,3796.2498336229396,19457.375376938002,31742.208996340003,50887.991227392005,56404.193868480004,71530.339721504,73633.202839552,105359.30748928,60549.104754208005,108188.11116748801,1098.422575039242,123.06243661097359,115.08923848165892,119.10568872563171,119.76980592251586,114.9931016989746,122.34275091619872,105.16088267382813,116.38452803125,57.077023841491695,105.43711813671875,65041.715022984,6378.077818385023,6542.015854192065,7215.7372275788075,6973.191388991346,6809.157251352058,7153.496444555005,6704.3235107986,6648.76150181767,4301.374145998857,6315.579879314405,278864.758819564,1712.813169013007,9028.533386295001,15039.888400036001,23230.358540944002,25244.70397008,34124.131191132,36397.687411712,48996.574060544,32107.6839556,52982.384734208004,1714.6366327614196,217.60987948013926,185.40225555497742,188.26608033769224,189.9189278283386,167.45237478991697,180.11197292459104,139.51027609277344,186.850350703125,75.29945090338134,184.21506414648437,74964.72064956767,5052.781776374069,7161.381045845015,7546.846593007492,7992.618526261713,8690.894159823722,9920.374168183436,9190.008722421044,7372.081890985288,5334.409071846183,6703.324694819686,350392.24854435906,1595.5754857469506,10908.544563812,18228.688902496,27526.799099232,34251.055012672005,48223.885570064005,49653.06337382401,49107.407708160004,43147.145522880004,67750.083305472,985.7737702198772,144.84763634127617,107.80770262786865,105.37515580133056,108.48831893640136,96.33358925976562,122.80095818920898,84.84770223242187,103.798944703125,33.8049800425415,77.6687820859375,243224.88009599826,19351.457730701266,23405.046457820208,25741.441394803976,26565.185553415355,28920.414144462404,31097.51515219582,28271.47766023542,24645.513834050395,15388.289732364943,19838.538435948514,1129082.340374562,7149.121415475907,38443.097778712,62721.661786952005,100060.43677670401,117599.090357376,142602.571561486,150817.17646387202,195800.601444352,112822.11858278401,201066.464206848,875.0753262560978,76.10575740063668,86.49064706047058,92.78641850971222,94.48646104815674,102.34822203442383,109.94953477001953,98.0648803203125,89.54521290625,52.95690672369385,72.34128548242187
2155.0,111899.70970100707,10533.356542076875,11183.588676090556,12078.659854846717,12363.637198799,12520.54748199644,13088.016426728513,11930.680469404515,11709.230053684556,6607.979050067538,9884.013947312202,581274.2836101534,4003.096628670387,20111.48628401,31500.520108724002,52072.704593760005,57519.254674816,69751.706762189,75727.08794163201,106210.22018764801,56356.831100448,108021.375328256,743.2959576495621,76.78429766286015,76.32981237219238,80.38117303038787,80.7193317278595,81.22562957592773,85.3827389119873,75.78268646728516,78.32908180468749,41.251606879577636,67.10959921679687,128323.16387477952,12274.729242547088,12910.417196939443,14094.529998818572,14104.759226204818,14006.948641428287,14671.69379303937,13071.020613767996,13356.121379814062,7990.665906286752,11842.277875933216,581548.085274805,3796.2498336229396,19457.375376938002,31742.208996340003,50887.991227392005,56404.193868480004,71530.339721504,73633.202839552,105359.30748928,60549.104754208005,108188.11116748801,1098.422575039242,123.06243661097359,115.08923848165892,119.10568872563171,119.76980592251586,114.9931016989746,122.34275091619872,105.16088267382813,116.38452803125,57.077023841491695,105.43711813671875,65041.715022984,6378.077818385023,6542.015854192065,7215.7372275788075,6973.191388991346,6809.157251352058,7153.496444555005,6704.3235107986,6648.76150181767,4301.374145998857,6315.579879314405,278864.758819564,1712.813169013007,9028.533386295001,15039.888400036001,23230.358540944002,25244.70397008,34124.131191132,36397.687411712,48996.574060544,32107.6839556,52982.384734208004,1714.6366327614196,217.60987948013926,185.40225555497742,188.26608033769224,189.9189278283386,167.45237478991697,180.11197292459104,139.51027609277344,186.850350703125,75.29945090338134,184.21506414648437,74964.72064956767,5052.781776374069,7161.381045845015,7546.846593007492,7992.618526261713,8690.894159823722,9920.374168183436,9190.008722421044,7372.081890985288,5334.409071846183,6703.324694819686,350392.24854435906,1595.5754857469506,10908.544563812,18228.688902496,27526.799099232,34251.055012672005,48223.885570064005,49653.06337382401,49107.407708160004,43147.145522880004,67750.083305472,985.7737702198772,144.84763634127617,107.80770262786865,105.37515580133056,108.48831893640136,96.33358925976562,122.80095818920898,84.84770223242187,103.798944703125,33.8049800425415,77.6687820859375,243224.88009599826,19351.457730701266,23405.046457820208,25741.441394803976,26565.185553415355,28920.414144462404,31097.51515219582,28271.47766023542,24645.513834050395,15388.289732364943,19838.538435948514,1129082.340374562,7149.121415475907,38443.097778712,62721.661786952005,100060.43677670401,117599.090357376,142602.571561486,150817.17646387202,195800.601444352,112822.11858278401,201066.464206848,875.0753262560978,76.10575740063668,86.49064706047058,92.78641850971222,94.48646104815674,102.34822203442383,109.94953477001953,98.0648803203125,89.54521290625,52.95690672369385,72.34128548242187
2156.0,111899.70970100707,10533.356542076875,11183.588676090556,12078.659854846717,12363.637198799,12520.54748199644,13088.016426728513,11930.680469404515,11709.230053684556,6607.979050067538,9884.013947312202,581274.2836101534,4003.096628670387,20111.48628401,31500.520108724002,52072.704593760005,57519.254674816,69751.706762189,75727.08794163201,106210.22018764801,56356.831100448,108021.375328256,743.2959576495621,76.78429766286015,76.32981237219238,80.38117303038787,80.7193317278595,81.22562957592773,85.3827389119873,75.78268646728516,78.32908180468749,41.251606879577636,67.10959921679687,128323.16387477952,12274.729242547088,12910.417196939443,14094.529998818572,14104.759226204818,14006.948641428287,14671.69379303937,13071.020613767996,13356.121379814062,7990.665906286752,11842.277875933216,581548.085274805,3796.2498336229396,19457.375376938002,31742.208996340003,50887.991227392005,56404.193868480004,71530.339721504,73633.202839552,105359.30748928,60549.104754208005,108188.11116748801,1098.422575039242,123.06243661097359,115.08923848165892,119.10568872563171,119.76980592251586,114.9931016989746,122.34275091619872,105.16088267382813,116.38452803125,57.077023841491695,105.43711813671875,65041.715022984,6378.077818385023,6542.015854192065,7215.7372275788075,6973.191388991346,6809.157251352058,7153.496444555005,6704.3235107986,6648.76150181767,4301.374145998857,6315.579879314405,278864.758819564,1712.813169013007,9028.533386295001,15039.888400036001,23230.358540944002,25244.70397008,34124.131191132,36397.687411712,48996.574060544,32107.6839556,52982.384734208004,1714.6366327614196,217.60987948013926,185.40225555497742,188.26608033769224,189.9189278283386,167.45237478991697,180.11197292459104,139.51027609277344,186.850350703125,75.29945090338134,184.21506414648437,74964.72064956767,5052.781776374069,7161.381045845015,7546.846593007492,7992.618526261713,8690.894159823722,9920.374168183436,9190.008722421044,7372.081890985288,5334.409071846183,6703.324694819686,350392.24854435906,1595.5754857469506,10908.544563812,18228.688902496,27526.799099232,34251.055012672005,48223.885570064005,49653.06337382401,49107.407708160004,43147.145522880004,67750.083305472,985.7737702198772,144.84763634127617,107.80770262786865,105.37515580133056,108.48831893640136,96.33358925976562,122.80095818920898,84.84770223242187,103.798944703125,33.8049800425415,77.6687820859375,243224.88009599826,19351.457730701266,23405.046457820208,25741.441394803976,26565.185553415355,28920.414144462404,31097.51515219582,28271.47766023542,24645.513834050395,15388.289732364943,19838.538435948514,1129082.340374562,7149.121415475907,38443.097778712,62721.661786952005,100060.43677670401,117599.090357376,142602.571561486,150817.17646387202,195800.601444352,112822.11858278401,201066.464206848,875.0753262560978,76.10575740063668,86.49064706047058,92.78641850971222,94.48646104815674,102.34822203442383,109.94953477001953,98.0648803203125,89.54521290625,52.95690672369385,72.34128548242187
2157.0,111899.70970100707,10533.356542076875,11183.588676090556,12078.659854846717,12363.637198799,12520.54748199644,13088.016426728513,11930.680469404515,11709.230053684556,6607.979050067538,9884.013947312202,581274.2836101534,4003.096628670387,20111.48628401,31500.520108724002,52072.704593760005,57519.254674816,69751.706762189,75727.08794163201,106210.22018764801,56356.831100448,108021.375328256,743.2959576495621,76.78429766286015,76.32981237219238,80.38117303038787,80.7193317278595,81.22562957592773,85.3827389119873,75.78268646728516,78.32908180468749,41.251606879577636,67.10959921679687,128323.16387477952,12274.729242547088,12910.417196939443,14094.529998818572,14104.759226204818,14006.948641428287,14671.69379303937,13071.020613767996,13356.121379814062,7990.665906286752,11842.277875933216,581548.085274805,3796.2498336229396,19457.375376938002,31742.208996340003,50887.991227392005,56404.193868480004,71530.339721504,73633.202839552,105359.30748928,60549.104754208005,108188.11116748801,1098.422575039242,123.06243661097359,115.08923848165892,119.10568872563171,119.76980592251586,114.9931016989746,122.34275091619872,105.16088267382813,116.38452803125,57.077023841491695,105.43711813671875,65041.715022984,6378.077818385023,6542.015854192065,7215.7372275788075,6973.191388991346,6809.157251352058,7153.496444555005,6704.3235107986,6648.76150181767,4301.374145998857,6315.579879314405,278864.758819564,1712.813169013007,9028.533386295001,15039.888400036001,23230.358540944002,25244.70397008,34124.131191132,36397.687411712,48996.574060544,32107.6839556,52982.384734208004,1714.6366327614196,217.60987948013926,185.40225555497742,188.26608033769224,189.9189278283386,167.45237478991697,180.11197292459104,139.51027609277344,186.850350703125,75.29945090338134,184.21506414648437,74964.72064956767,5052.781776374069,7161.381045845015,7546.846593007492,7992.618526261713,8690.894159823722,9920.374168183436,9190.008722421044,7372.081890985288,5334.409071846183,6703.324694819686,350392.24854435906,1595.5754857469506,10908.544563812,18228.688902496,27526.799099232,34251.055012672005,48223.885570064005,49653.06337382401,49107.407708160004,43147.145522880004,67750.083305472,985.7737702198772,144.84763634127617,107.80770262786865,105.37515580133056,108.48831893640136,96.33358925976562,122.80095818920898,84.84770223242187,103.798944703125,33.8049800425415,77.6687820859375,243224.88009599826,19351.457730701266,23405.046457820208,25741.441394803976,26565.185553415355,28920.414144462404,31097.51515219582,28271.47766023542,24645.513834050395,15388.289732364943,19838.538435948514,1129082.340374562,7149.121415475907,38443.097778712,62721.661786952005,100060.43677670401,117599.090357376,142602.571561486,150817.17646387202,195800.601444352,112822.11858278401,201066.464206848,875.0753262560978,76.10575740063668,86.49064706047058,92.78641850971222,94.48646104815674,102.34822203442383,109.94953477001953,98.0648803203125,89.54521290625,52.95690672369385,72.34128548242187
2158.0,111899.70970100707,10533.356542076875,11183.588676090556,12078.659854846717,12363.637198799,12520.54748199644,13088.016426728513,11930.680469404515,11709.230053684556,6607.979050067538,9884.013947312202,581274.2836101534,4003.096628670387,20111.48628401,31500.520108724002,52072.704593760005,57519.254674816,69751.706762189,75727.08794163201,106210.22018764801,56356.831100448,108021.375328256,743.2959576495621,76.78429766286015,76.32981237219238,80.38117303038787,80.7193317278595,81.22562957592773,85.3827389119873,75.78268646728516,78.32908180468749,41.251606879577636,67.10959921679687,128323.16387477952,12274.729242547088,12910.417196939443,14094.529998818572,14104.759226204818,14006.948641428287,14671.69379303937,13071.020613767996,13356.121379814062,7990.665906286752,11842.277875933216,581548.085274805,3796.2498336229396,19457.375376938002,31742.208996340003,50887.991227392005,56404.193868480004,71530.339721504,73633.202839552,105359.30748928,60549.104754208005,108188.11116748801,1098.422575039242,123.06243661097359,115.08923848165892,119.10568872563171,119.76980592251586,114.9931016989746,122.34275091619872,105.16088267382813,116.38452803125,57.077023841491695,105.43711813671875,65041.715022984,6378.077818385023,6542.015854192065,7215.7372275788075,6973.191388991346,6809.157251352058,7153.496444555005,6704.3235107986,6648.76150181767,4301.374145998857,6315.579879314405,278864.758819564,1712.813169013007,9028.533386295001,15039.888400036001,23230.358540944002,25244.70397008,34124.131191132,36397.687411712,48996.574060544,32107.6839556,52982.384734208004,1714.6366327614196,217.60987948013926,185.40225555497742,188.26608033769224,189.9189278283386,167.45237478991697,180.11197292459104,139.51027609277344,186.850350703125,75.29945090338134,184.21506414648437,74964.72064956767,5052.781776374069,7161.381045845015,7546.846593007492,7992.618526261713,8690.894159823722,9920.374168183436,9190.008722421044,7372.081890985288,5334.409071846183,6703.324694819686,350392.24854435906,1595.5754857469506,10908.544563812,18228.688902496,27526.799099232,34251.055012672005,48223.885570064005,49653.06337382401,49107.407708160004,43147.145522880004,67750.083305472,985.7737702198772,144.84763634127617,107.80770262786865,105.37515580133056,108.48831893640136,96.33358925976562,122.80095818920898,84.84770223242187,103.798944703125,33.8049800425415,77.6687820859375,243224.88009599826,19351.457730701266,23405.046457820208,25741.441394803976,26565.185553415355,28920.414144462404,31097.51515219582,28271.47766023542,24645.513834050395,15388.289732364943,19838.538435948514,1129082.340374562,7149.121415475907,38443.097778712,62721.661786952005,100060.43677670401,117599.090357376,142602.571561486,150817.17646387202,195800.601444352,112822.11858278401,201066.464206848,875.0753262560978,76.10575740063668,86.49064706047058,92.78641850971222,94.48646104815674,102.34822203442383,109.94953477001953,98.0648803203125,89.54521290625,52.95690672369385,72.34128548242187
2159.0,111899.70970100707,10533.356542076875,11183.588676090556,12078.659854846717,12363.637198799,12520.54748199644,13088.016426728513,11930.680469404515,11709.230053684556,6607.979050067538,9884.013947312202,581274.2836101534,4003.096628670387,20111.48628401,31500.520108724002,52072.704593760005,57519.254674816,69751.706762189,75727.08794163201,106210.22018764801,56356.831100448,108021.375328256,743.2959576495621,76.78429766286015,76.32981237219238,80.38117303038787,80.7193317278595,81.22562957592773,85.3827389119873,75.78268646728516,78.32908180468749,41.251606879577636,67.10959921679687,128323.16387477952,12274.729242547088,12910.417196939443,14094.529998818572,14104.759226204818,14006.948641428287,14671.69379303937,13071.020613767996,13356.121379814062,7990.665906286752,11842.277875933216,581548.085274805,3796.2498336229396,19457.375376938002,31742.208996340003,50887.991227392005,56404.193868480004,71530.339721504,73633.202839552,105359.30748928,60549.104754208005,108188.11116748801,1098.422575039242,123.06243661097359,115.08923848165892,119.10568872563171,119.76980592251586,114.9931016989746,122.34275091619872,105.16088267382813,116.38452803125,57.077023841491695,105.43711813671875,65041.715022984,6378.077818385023,6542.015854192065,7215.7372275788075,6973.191388991346,6809.157251352058,7153.496444555005,6704.3235107986,6648.76150181767,4301.374145998857,6315.579879314405,278864.758819564,1712.813169013007,9028.533386295001,15039.888400036001,23230.358540944002,25244.70397008,34124.131191132,36397.687411712,48996.574060544,32107.6839556,52982.384734208004,1714.6366327614196,217.60987948013926,185.40225555497742,188.26608033769224,189.9189278283386,167.45237478991697,180.11197292459104,139.51027609277344,186.850350703125,75.29945090338134,184.21506414648437,74964.72064956767,5052.781776374069,7161.381045845015,7546.846593007492,7992.618526261713,8690.894159823722,9920.374168183436,9190.008722421044,7372.081890985288,5334.409071846183,6703.324694819686,350392.24854435906,1595.5754857469506,10908.544563812,18228.688902496,27526.799099232,34251.055012672005,48223.885570064005,49653.06337382401,49107.407708160004,43147.145522880004,67750.083305472,985.7737702198772,144.84763634127617,107.80770262786865,105.37515580133056,108.48831893640136,96.33358925976562,122.80095818920898,84.84770223242187,103.798944703125,33.8049800425415,77.6687820859375,243224.88009599826,19351.457730701266,23405.046457820208,25741.441394803976,26565.185553415355,28920.414144462404,31097.51515219582,28271.47766023542,24645.513834050395,15388.289732364943,19838.538435948514,1129082.340374562,7149.121415475907,38443.097778712,62721.661786952005,100060.43677670401,117599.090357376,142602.571561486,150817.17646387202,195800.601444352,112822.11858278401,201066.464206848,875.0753262560978,76.10575740063668,86.49064706047058,92.78641850971222,94.48646104815674,102.34822203442383,109.94953477001953,98.0648803203125,89.54521290625,52.95690672369385,72.34128548242187
2160.0,111899.70970100707,10533.356542076875,11183.588676090556,12078.659854846717,12363.637198799,12520.54748199644,13088.016426728513,11930.680469404515,11709.230053684556,6607.979050067538,9884.013947312202,581274.2836101534,4003.096628670387,20111.48628401,31500.520108724002,52072.704593760005,57519.254674816,69751.706762189,75727.08794163201,106210.22018764801,56356.831100448,108021.375328256,743.2959576495621,76.78429766286015,76.32981237219238,80.38117303038787,80.7193317278595,81.22562957592773,85.3827389119873,75.78268646728516,78.32908180468749,41.251606879577636,67.10959921679687,128323.16387477952,12274.729242547088,12910.417196939443,14094.529998818572,14104.759226204818,14006.948641428287,14671.69379303937,13071.020613767996,13356.121379814062,7990.665906286752,11842.277875933216,581548.085274805,3796.2498336229396,19457.375376938002,31742.208996340003,50887.991227392005,56404.193868480004,71530.339721504,73633.202839552,105359.30748928,60549.104754208005,108188.11116748801,1098.422575039242,123.06243661097359,115.08923848165892,119.10568872563171,119.76980592251586,114.9931016989746,122.34275091619872,105.16088267382813,116.38452803125,57.077023841491695,105.43711813671875,65041.715022984,6378.077818385023,6542.015854192065,7215.7372275788075,6973.191388991346,6809.157251352058,7153.496444555005,6704.3235107986,6648.76150181767,4301.374145998857,6315.579879314405,278864.758819564,1712.813169013007,9028.533386295001,15039.888400036001,23230.358540944002,25244.70397008,34124.131191132,36397.687411712,48996.574060544,32107.6839556,52982.384734208004,1714.6366327614196,217.60987948013926,185.40225555497742,188.26608033769224,189.9189278283386,167.45237478991697,180.11197292459104,139.51027609277344,186.850350703125,75.29945090338134,184.21506414648437,74964.72064956767,5052.781776374069,7161.381045845015,7546.846593007492,7992.618526261713,8690.894159823722,9920.374168183436,9190.008722421044,7372.081890985288,5334.409071846183,6703.324694819686,350392.24854435906,1595.5754857469506,10908.544563812,18228.688902496,27526.799099232,34251.055012672005,48223.885570064005,49653.06337382401,49107.407708160004,43147.145522880004,67750.083305472,985.7737702198772,144.84763634127617,107.80770262786865,105.37515580133056,108.48831893640136,96.33358925976562,122.80095818920898,84.84770223242187,103.798944703125,33.8049800425415,77.6687820859375,243224.88009599826,19351.457730701266,23405.046457820208,25741.441394803976,26565.185553415355,28920.414144462404,31097.51515219582,28271.47766023542,24645.513834050395,15388.289732364943,19838.538435948514,1129082.340374562,7149.121415475907,38443.097778712,62721.661786952005,100060.43677670401,117599.090357376,142602.571561486,150817.17646387202,195800.601444352,112822.11858278401,201066.464206848,875.0753262560978,76.10575740063668,86.49064706047058,92.78641850971222,94.48646104815674,102.34822203442383,109.94953477001953,98.0648803203125,89.54521290625,52.95690672369385,72.34128548242187
2161.0,111899.70970100707,10533.356542076875,11183.588676090556,12078.659854846717,12363.637198799,12520.54748199644,13088.016426728513,11930.680469404515,11709.230053684556,6607.979050067538,9884.013947312202,581274.2836101534,4003.096628670387,20111.48628401,31500.520108724002,52072.704593760005,57519.254674816,69751.706762189,75727.08794163201,106210.22018764801,56356.831100448,108021.375328256,743.2959576495621,76.78429766286015,76.32981237219238,80.38117303038787,80.7193317278595,81.22562957592773,85.3827389119873,75.78268646728516,78.32908180468749,41.251606879577636,67.10959921679687,128323.16387477952,12274.729242547088,12910.417196939443,14094.529998818572,14104.759226204818,14006.948641428287,14671.69379303937,13071.020613767996,13356.121379814062,7990.665906286752,11842.277875933216,581548.085274805,3796.2498336229396,19457.375376938002,31742.208996340003,50887.991227392005,56404.193868480004,71530.339721504,73633.202839552,105359.30748928,60549.104754208005,108188.11116748801,1098.422575039242,123.06243661097359,115.08923848165892,119.10568872563171,119.76980592251586,114.9931016989746,122.34275091619872,105.16088267382813,116.38452803125,57.077023841491695,105.43711813671875,65041.715022984,6378.077818385023,6542.015854192065,7215.7372275788075,6973.191388991346,6809.157251352058,7153.496444555005,6704.3235107986,6648.76150181767,4301.374145998857,6315.579879314405,278864.758819564,1712.813169013007,9028.533386295001,15039.888400036001,23230.358540944002,25244.70397008,34124.131191132,36397.687411712,48996.574060544,32107.6839556,52982.384734208004,1714.6366327614196,217.60987948013926,185.40225555497742,188.26608033769224,189.9189278283386,167.45237478991697,180.11197292459104,139.51027609277344,186.850350703125,75.29945090338134,184.21506414648437,74964.72064956767,5052.781776374069,7161.381045845015,7546.846593007492,7992.618526261713,8690.894159823722,9920.374168183436,9190.008722421044,7372.081890985288,5334.409071846183,6703.324694819686,350392.24854435906,1595.5754857469506,10908.544563812,18228.688902496,27526.799099232,34251.055012672005,48223.885570064005,49653.06337382401,49107.407708160004,43147.145522880004,67750.083305472,985.7737702198772,144.84763634127617,107.80770262786865,105.37515580133056,108.48831893640136,96.33358925976562,122.80095818920898,84.84770223242187,103.798944703125,33.8049800425415,77.6687820859375,243224.88009599826,19351.457730701266,23405.046457820208,25741.441394803976,26565.185553415355,28920.414144462404,31097.51515219582,28271.47766023542,24645.513834050395,15388.289732364943,19838.538435948514,1129082.340374562,7149.121415475907,38443.097778712,62721.661786952005,100060.43677670401,117599.090357376,142602.571561486,150817.17646387202,195800.601444352,112822.11858278401,201066.464206848,875.0753262560978,76.10575740063668,86.49064706047058,92.78641850971222,94.48646104815674,102.34822203442383,109.94953477001953,98.0648803203125,89.54521290625,52.95690672369385,72.34128548242187
2162.0,111899.70970100707,10533.356542076875,11183.588676090556,12078.659854846717,12363.637198799,12520.54748199644,13088.016426728513,11930.680469404515,11709.230053684556,6607.979050067538,9884.013947312202,581274.2836101534,4003.096628670387,20111.48628401,31500.520108724002,52072.704593760005,57519.254674816,69751.706762189,75727.08794163201,106210.22018764801,56356.831100448,108021.375328256,743.2959576495621,76.78429766286015,76.32981237219238,80.38117303038787,80.7193317278595,81.22562957592773,85.3827389119873,75.78268646728516,78.32908180468749,41.251606879577636,67.10959921679687,128323.16387477952,12274.729242547088,12910.417196939443,14094.529998818572,14104.759226204818,14006.948641428287,14671.69379303937,13071.020613767996,13356.121379814062,7990.665906286752,11842.277875933216,581548.085274805,3796.2498336229396,19457.375376938002,31742.208996340003,50887.991227392005,56404.193868480004,71530.339721504,73633.202839552,105359.30748928,60549.104754208005,108188.11116748801,1098.422575039242,123.06243661097359,115.08923848165892,119.10568872563171,119.76980592251586,114.9931016989746,122.34275091619872,105.16088267382813,116.38452803125,57.077023841491695,105.43711813671875,65041.715022984,6378.077818385023,6542.015854192065,7215.7372275788075,6973.191388991346,6809.157251352058,7153.496444555005,6704.3235107986,6648.76150181767,4301.374145998857,6315.579879314405,278864.758819564,1712.813169013007,9028.533386295001,15039.888400036001,23230.358540944002,25244.70397008,34124.131191132,36397.687411712,48996.574060544,32107.6839556,52982.384734208004,1714.6366327614196,217.60987948013926,185.40225555497742,188.26608033769224,189.9189278283386,167.45237478991697,180.11197292459104,139.51027609277344,186.850350703125,75.29945090338134,184.21506414648437,74964.72064956767,5052.781776374069,7161.381045845015,7546.846593007492,7992.618526261713,8690.894159823722,9920.374168183436,9190.008722421044,7372.081890985288,5334.409071846183,6703.324694819686,350392.24854435906,1595.5754857469506,10908.544563812,18228.688902496,27526.799099232,34251.055012672005,48223.885570064005,49653.06337382401,49107.407708160004,43147.145522880004,67750.083305472,985.7737702198772,144.84763634127617,107.80770262786865,105.37515580133056,108.48831893640136,96.33358925976562,122.80095818920898,84.84770223242187,103.798944703125,33.8049800425415,77.6687820859375,243224.88009599826,19351.457730701266,23405.046457820208,25741.441394803976,26565.185553415355,28920.414144462404,31097.51515219582,28271.47766023542,24645.513834050395,15388.289732364943,19838.538435948514,1129082.340374562,7149.121415475907,38443.097778712,62721.661786952005,100060.43677670401,117599.090357376,142602.571561486,150817.17646387202,195800.601444352,112822.11858278401,201066.464206848,875.0753262560978,76.10575740063668,86.49064706047058,92.78641850971222,94.48646104815674,102.34822203442383,109.94953477001953,98.0648803203125,89.54521290625,52.95690672369385,72.34128548242187
2163.0,111899.70970100707,10533.356542076875,11183.588676090556,12078.659854846717,12363.637198799,12520.54748199644,13088.016426728513,11930.680469404515,11709.230053684556,6607.979050067538,9884.013947312202,581274.2836101534,4003.096628670387,20111.48628401,31500.520108724002,52072.704593760005,57519.254674816,69751.706762189,75727.08794163201,106210.22018764801,56356.831100448,108021.375328256,743.2959576495621,76.78429766286015,76.32981237219238,80.38117303038787,80.7193317278595,81.22562957592773,85.3827389119873,75.78268646728516,78.32908180468749,41.251606879577636,67.10959921679687,128323.16387477952,12274.729242547088,12910.417196939443,14094.529998818572,14104.759226204818,14006.948641428287,14671.69379303937,13071.020613767996,13356.121379814062,7990.665906286752,11842.277875933216,581548.085274805,3796.2498336229396,19457.375376938002,31742.208996340003,50887.991227392005,56404.193868480004,71530.339721504,73633.202839552,105359.30748928,60549.104754208005,108188.11116748801,1098.422575039242,123.06243661097359,115.08923848165892,119.10568872563171,119.76980592251586,114.9931016989746,122.34275091619872,105.16088267382813,116.38452803125,57.077023841491695,105.43711813671875,65041.715022984,6378.077818385023,6542.015854192065,7215.7372275788075,6973.191388991346,6809.157251352058,7153.496444555005,6704.3235107986,6648.76150181767,4301.374145998857,6315.579879314405,278864.758819564,1712.813169013007,9028.533386295001,15039.888400036001,23230.358540944002,25244.70397008,34124.131191132,36397.687411712,48996.574060544,32107.6839556,52982.384734208004,1714.6366327614196,217.60987948013926,185.40225555497742,188.26608033769224,189.9189278283386,167.45237478991697,180.11197292459104,139.51027609277344,186.850350703125,75.29945090338134,184.21506414648437,74964.72064956767,5052.781776374069,7161.381045845015,7546.846593007492,7992.618526261713,8690.894159823722,9920.374168183436,9190.008722421044,7372.081890985288,5334.409071846183,6703.324694819686,350392.24854435906,1595.5754857469506,10908.544563812,18228.688902496,27526.799099232,34251.055012672005,48223.885570064005,49653.06337382401,49107.407708160004,43147.145522880004,67750.083305472,985.7737702198772,144.84763634127617,107.80770262786865,105.37515580133056,108.48831893640136,96.33358925976562,122.80095818920898,84.84770223242187,103.798944703125,33.8049800425415,77.6687820859375,243224.88009599826,19351.457730701266,23405.046457820208,25741.441394803976,26565.185553415355,28920.414144462404,31097.51515219582,28271.47766023542,24645.513834050395,15388.289732364943,19838.538435948514,1129082.340374562,7149.121415475907,38443.097778712,62721.661786952005,100060.43677670401,117599.090357376,142602.571561486,150817.17646387202,195800.601444352,112822.11858278401,201066.464206848,875.0753262560978,76.10575740063668,86.49064706047058,92.78641850971222,94.48646104815674,102.34822203442383,109.94953477001953,98.0648803203125,89.54521290625,52.95690672369385,72.34128548242187
2164.0,111899.70970100707,10533.356542076875,11183.588676090556,12078.659854846717,12363.637198799,12520.54748199644,13088.016426728513,11930.680469404515,11709.230053684556,6607.979050067538,9884.013947312202,581274.2836101534,4003.096628670387,20111.48628401,31500.520108724002,52072.704593760005,57519.254674816,69751.706762189,75727.08794163201,106210.22018764801,56356.831100448,108021.375328256,743.2959576495621,76.78429766286015,76.32981237219238,80.38117303038787,80.7193317278595,81.22562957592773,85.3827389119873,75.78268646728516,78.32908180468749,41.251606879577636,67.10959921679687,128323.16387477952,12274.729242547088,12910.417196939443,14094.529998818572,14104.759226204818,14006.948641428287,14671.69379303937,13071.020613767996,13356.121379814062,7990.665906286752,11842.277875933216,581548.085274805,3796.2498336229396,19457.375376938002,31742.208996340003,50887.991227392005,56404.193868480004,71530.339721504,73633.202839552,105359.30748928,60549.104754208005,108188.11116748801,1098.422575039242,123.06243661097359,115.08923848165892,119.10568872563171,119.76980592251586,114.9931016989746,122.34275091619872,105.16088267382813,116.38452803125,57.077023841491695,105.43711813671875,65041.715022984,6378.077818385023,6542.015854192065,7215.7372275788075,6973.191388991346,6809.157251352058,7153.496444555005,6704.3235107986,6648.76150181767,4301.374145998857,6315.579879314405,278864.758819564,1712.813169013007,9028.533386295001,15039.888400036001,23230.358540944002,25244.70397008,34124.131191132,36397.687411712,48996.574060544,32107.6839556,52982.384734208004,1714.6366327614196,217.60987948013926,185.40225555497742,188.26608033769224,189.9189278283386,167.45237478991697,180.11197292459104,139.51027609277344,186.850350703125,75.29945090338134,184.21506414648437,74964.72064956767,5052.781776374069,7161.381045845015,7546.846593007492,7992.618526261713,8690.894159823722,9920.374168183436,9190.008722421044,7372.081890985288,5334.409071846183,6703.324694819686,350392.24854435906,1595.5754857469506,10908.544563812,18228.688902496,27526.799099232,34251.055012672005,48223.885570064005,49653.06337382401,49107.407708160004,43147.145522880004,67750.083305472,985.7737702198772,144.84763634127617,107.80770262786865,105.37515580133056,108.48831893640136,96.33358925976562,122.80095818920898,84.84770223242187,103.798944703125,33.8049800425415,77.6687820859375,243224.88009599826,19351.457730701266,23405.046457820208,25741.441394803976,26565.185553415355,28920.414144462404,31097.51515219582,28271.47766023542,24645.513834050395,15388.289732364943,19838.538435948514,1129082.340374562,7149.121415475907,38443.097778712,62721.661786952005,100060.43677670401,117599.090357376,142602.571561486,150817.17646387202,195800.601444352,112822.11858278401,201066.464206848,875.0753262560978,76.10575740063668,86.49064706047058,92.78641850971222,94.48646104815674,102.34822203442383,109.94953477001953,98.0648803203125,89.54521290625,52.95690672369385,72.34128548242187
2165.0,111899.70970100707,10533.356542076875,11183.588676090556,12078.659854846717,12363.637198799,12520.54748199644,13088.016426728513,11930.680469404515,11709.230053684556,6607.979050067538,9884.013947312202,581274.2836101534,4003.096628670387,20111.48628401,31500.520108724002,52072.704593760005,57519.254674816,69751.706762189,75727.08794163201,106210.22018764801,56356.831100448,108021.375328256,743.2959576495621,76.78429766286015,76.32981237219238,80.38117303038787,80.7193317278595,81.22562957592773,85.3827389119873,75.78268646728516,78.32908180468749,41.251606879577636,67.10959921679687,128323.16387477952,12274.729242547088,12910.417196939443,14094.529998818572,14104.759226204818,14006.948641428287,14671.69379303937,13071.020613767996,13356.121379814062,7990.665906286752,11842.277875933216,581548.085274805,3796.2498336229396,19457.375376938002,31742.208996340003,50887.991227392005,56404.193868480004,71530.339721504,73633.202839552,105359.30748928,60549.104754208005,108188.11116748801,1098.422575039242,123.06243661097359,115.08923848165892,119.10568872563171,119.76980592251586,114.9931016989746,122.34275091619872,105.16088267382813,116.38452803125,57.077023841491695,105.43711813671875,65041.715022984,6378.077818385023,6542.015854192065,7215.7372275788075,6973.191388991346,6809.157251352058,7153.496444555005,6704.3235107986,6648.76150181767,4301.374145998857,6315.579879314405,278864.758819564,1712.813169013007,9028.533386295001,15039.888400036001,23230.358540944002,25244.70397008,34124.131191132,36397.687411712,48996.574060544,32107.6839556,52982.384734208004,1714.6366327614196,217.60987948013926,185.40225555497742,188.26608033769224,189.9189278283386,167.45237478991697,180.11197292459104,139.51027609277344,186.850350703125,75.29945090338134,184.21506414648437,74964.72064956767,5052.781776374069,7161.381045845015,7546.846593007492,7992.618526261713,8690.894159823722,9920.374168183436,9190.008722421044,7372.081890985288,5334.409071846183,6703.324694819686,350392.24854435906,1595.5754857469506,10908.544563812,18228.688902496,27526.799099232,34251.055012672005,48223.885570064005,49653.06337382401,49107.407708160004,43147.145522880004,67750.083305472,985.7737702198772,144.84763634127617,107.80770262786865,105.37515580133056,108.48831893640136,96.33358925976562,122.80095818920898,84.84770223242187,103.798944703125,33.8049800425415,77.6687820859375,243224.88009599826,19351.457730701266,23405.046457820208,25741.441394803976,26565.185553415355,28920.414144462404,31097.51515219582,28271.47766023542,24645.513834050395,15388.289732364943,19838.538435948514,1129082.340374562,7149.121415475907,38443.097778712,62721.661786952005,100060.43677670401,117599.090357376,142602.571561486,150817.17646387202,195800.601444352,112822.11858278401,201066.464206848,875.0753262560978,76.10575740063668,86.49064706047058,92.78641850971222,94.48646104815674,102.34822203442383,109.94953477001953,98.0648803203125,89.54521290625,52.95690672369385,72.34128548242187
2166.0,111899.70970100707,10533.356542076875,11183.588676090556,12078.659854846717,12363.637198799,12520.54748199644,13088.016426728513,11930.680469404515,11709.230053684556,6607.979050067538,9884.013947312202,581274.2836101534,4003.096628670387,20111.48628401,31500.520108724002,52072.704593760005,57519.254674816,69751.706762189,75727.08794163201,106210.22018764801,56356.831100448,108021.375328256,743.2959576495621,76.78429766286015,76.32981237219238,80.38117303038787,80.7193317278595,81.22562957592773,85.3827389119873,75.78268646728516,78.32908180468749,41.251606879577636,67.10959921679687,128323.16387477952,12274.729242547088,12910.417196939443,14094.529998818572,14104.759226204818,14006.948641428287,14671.69379303937,13071.020613767996,13356.121379814062,7990.665906286752,11842.277875933216,581548.085274805,3796.2498336229396,19457.375376938002,31742.208996340003,50887.991227392005,56404.193868480004,71530.339721504,73633.202839552,105359.30748928,60549.104754208005,108188.11116748801,1098.422575039242,123.06243661097359,115.08923848165892,119.10568872563171,119.76980592251586,114.9931016989746,122.34275091619872,105.16088267382813,116.38452803125,57.077023841491695,105.43711813671875,65041.715022984,6378.077818385023,6542.015854192065,7215.7372275788075,6973.191388991346,6809.157251352058,7153.496444555005,6704.3235107986,6648.76150181767,4301.374145998857,6315.579879314405,278864.758819564,1712.813169013007,9028.533386295001,15039.888400036001,23230.358540944002,25244.70397008,34124.131191132,36397.687411712,48996.574060544,32107.6839556,52982.384734208004,1714.6366327614196,217.60987948013926,185.40225555497742,188.26608033769224,189.9189278283386,167.45237478991697,180.11197292459104,139.51027609277344,186.850350703125,75.29945090338134,184.21506414648437,74964.72064956767,5052.781776374069,7161.381045845015,7546.846593007492,7992.618526261713,8690.894159823722,9920.374168183436,9190.008722421044,7372.081890985288,5334.409071846183,6703.324694819686,350392.24854435906,1595.5754857469506,10908.544563812,18228.688902496,27526.799099232,34251.055012672005,48223.885570064005,49653.06337382401,49107.407708160004,43147.145522880004,67750.083305472,985.7737702198772,144.84763634127617,107.80770262786865,105.37515580133056,108.48831893640136,96.33358925976562,122.80095818920898,84.84770223242187,103.798944703125,33.8049800425415,77.6687820859375,243224.88009599826,19351.457730701266,23405.046457820208,25741.441394803976,26565.185553415355,28920.414144462404,31097.51515219582,28271.47766023542,24645.513834050395,15388.289732364943,19838.538435948514,1129082.340374562,7149.121415475907,38443.097778712,62721.661786952005,100060.43677670401,117599.090357376,142602.571561486,150817.17646387202,195800.601444352,112822.11858278401,201066.464206848,875.0753262560978,76.10575740063668,86.49064706047058,92.78641850971222,94.48646104815674,102.34822203442383,109.94953477001953,98.0648803203125,89.54521290625,52.95690672369385,72.34128548242187
2167.0,111899.70970100707,10533.356542076875,11183.588676090556,12078.659854846717,12363.637198799,12520.54748199644,13088.016426728513,11930.680469404515,11709.230053684556,6607.979050067538,9884.013947312202,581274.2836101534,4003.096628670387,20111.48628401,31500.520108724002,52072.704593760005,57519.254674816,69751.706762189,75727.08794163201,106210.22018764801,56356.831100448,108021.375328256,743.2959576495621,76.78429766286015,76.32981237219238,80.38117303038787,80.7193317278595,81.22562957592773,85.3827389119873,75.78268646728516,78.32908180468749,41.251606879577636,67.10959921679687,128323.16387477952,12274.729242547088,12910.417196939443,14094.529998818572,14104.759226204818,14006.948641428287,14671.69379303937,13071.020613767996,13356.121379814062,7990.665906286752,11842.277875933216,581548.085274805,3796.2498336229396,19457.375376938002,31742.208996340003,50887.991227392005,56404.193868480004,71530.339721504,73633.202839552,105359.30748928,60549.104754208005,108188.11116748801,1098.422575039242,123.06243661097359,115.08923848165892,119.10568872563171,119.76980592251586,114.9931016989746,122.34275091619872,105.16088267382813,116.38452803125,57.077023841491695,105.43711813671875,65041.715022984,6378.077818385023,6542.015854192065,7215.7372275788075,6973.191388991346,6809.157251352058,7153.496444555005,6704.3235107986,6648.76150181767,4301.374145998857,6315.579879314405,278864.758819564,1712.813169013007,9028.533386295001,15039.888400036001,23230.358540944002,25244.70397008,34124.131191132,36397.687411712,48996.574060544,32107.6839556,52982.384734208004,1714.6366327614196,217.60987948013926,185.40225555497742,188.26608033769224,189.9189278283386,167.45237478991697,180.11197292459104,139.51027609277344,186.850350703125,75.29945090338134,184.21506414648437,74964.72064956767,5052.781776374069,7161.381045845015,7546.846593007492,7992.618526261713,8690.894159823722,9920.374168183436,9190.008722421044,7372.081890985288,5334.409071846183,6703.324694819686,350392.24854435906,1595.5754857469506,10908.544563812,18228.688902496,27526.799099232,34251.055012672005,48223.885570064005,49653.06337382401,49107.407708160004,43147.145522880004,67750.083305472,985.7737702198772,144.84763634127617,107.80770262786865,105.37515580133056,108.48831893640136,96.33358925976562,122.80095818920898,84.84770223242187,103.798944703125,33.8049800425415,77.6687820859375,243224.88009599826,19351.457730701266,23405.046457820208,25741.441394803976,26565.185553415355,28920.414144462404,31097.51515219582,28271.47766023542,24645.513834050395,15388.289732364943,19838.538435948514,1129082.340374562,7149.121415475907,38443.097778712,62721.661786952005,100060.43677670401,117599.090357376,142602.571561486,150817.17646387202,195800.601444352,112822.11858278401,201066.464206848,875.0753262560978,76.10575740063668,86.49064706047058,92.78641850971222,94.48646104815674,102.34822203442383,109.94953477001953,98.0648803203125,89.54521290625,52.95690672369385,72.34128548242187
2168.0,111899.70970100707,10533.356542076875,11183.588676090556,12078.659854846717,12363.637198799,12520.54748199644,13088.016426728513,11930.680469404515,11709.230053684556,6607.979050067538,9884.013947312202,581274.2836101534,4003.096628670387,20111.48628401,31500.520108724002,52072.704593760005,57519.254674816,69751.706762189,75727.08794163201,106210.22018764801,56356.831100448,108021.375328256,743.2959576495621,76.78429766286015,76.32981237219238,80.38117303038787,80.7193317278595,81.22562957592773,85.3827389119873,75.78268646728516,78.32908180468749,41.251606879577636,67.10959921679687,128323.16387477952,12274.729242547088,12910.417196939443,14094.529998818572,14104.759226204818,14006.948641428287,14671.69379303937,13071.020613767996,13356.121379814062,7990.665906286752,11842.277875933216,581548.085274805,3796.2498336229396,19457.375376938002,31742.208996340003,50887.991227392005,56404.193868480004,71530.339721504,73633.202839552,105359.30748928,60549.104754208005,108188.11116748801,1098.422575039242,123.06243661097359,115.08923848165892,119.10568872563171,119.76980592251586,114.9931016989746,122.34275091619872,105.16088267382813,116.38452803125,57.077023841491695,105.43711813671875,65041.715022984,6378.077818385023,6542.015854192065,7215.7372275788075,6973.191388991346,6809.157251352058,7153.496444555005,6704.3235107986,6648.76150181767,4301.374145998857,6315.579879314405,278864.758819564,1712.813169013007,9028.533386295001,15039.888400036001,23230.358540944002,25244.70397008,34124.131191132,36397.687411712,48996.574060544,32107.6839556,52982.384734208004,1714.6366327614196,217.60987948013926,185.40225555497742,188.26608033769224,189.9189278283386,167.45237478991697,180.11197292459104,139.51027609277344,186.850350703125,75.29945090338134,184.21506414648437,74964.72064956767,5052.781776374069,7161.381045845015,7546.846593007492,7992.618526261713,8690.894159823722,9920.374168183436,9190.008722421044,7372.081890985288,5334.409071846183,6703.324694819686,350392.24854435906,1595.5754857469506,10908.544563812,18228.688902496,27526.799099232,34251.055012672005,48223.885570064005,49653.06337382401,49107.407708160004,43147.145522880004,67750.083305472,985.7737702198772,144.84763634127617,107.80770262786865,105.37515580133056,108.48831893640136,96.33358925976562,122.80095818920898,84.84770223242187,103.798944703125,33.8049800425415,77.6687820859375,243224.88009599826,19351.457730701266,23405.046457820208,25741.441394803976,26565.185553415355,28920.414144462404,31097.51515219582,28271.47766023542,24645.513834050395,15388.289732364943,19838.538435948514,1129082.340374562,7149.121415475907,38443.097778712,62721.661786952005,100060.43677670401,117599.090357376,142602.571561486,150817.17646387202,195800.601444352,112822.11858278401,201066.464206848,875.0753262560978,76.10575740063668,86.49064706047058,92.78641850971222,94.48646104815674,102.34822203442383,109.94953477001953,98.0648803203125,89.54521290625,52.95690672369385,72.34128548242187
2169.0,111899.70970100707,10533.356542076875,11183.588676090556,12078.659854846717,12363.637198799,12520.54748199644,13088.016426728513,11930.680469404515,11709.230053684556,6607.979050067538,9884.013947312202,581274.2836101534,4003.096628670387,20111.48628401,31500.520108724002,52072.704593760005,57519.254674816,69751.706762189,75727.08794163201,106210.22018764801,56356.831100448,108021.375328256,743.2959576495621,76.78429766286015,76.32981237219238,80.38117303038787,80.7193317278595,81.22562957592773,85.3827389119873,75.78268646728516,78.32908180468749,41.251606879577636,67.10959921679687,128323.16387477952,12274.729242547088,12910.417196939443,14094.529998818572,14104.759226204818,14006.948641428287,14671.69379303937,13071.020613767996,13356.121379814062,7990.665906286752,11842.277875933216,581548.085274805,3796.2498336229396,19457.375376938002,31742.208996340003,50887.991227392005,56404.193868480004,71530.339721504,73633.202839552,105359.30748928,60549.104754208005,108188.11116748801,1098.422575039242,123.06243661097359,115.08923848165892,119.10568872563171,119.76980592251586,114.9931016989746,122.34275091619872,105.16088267382813,116.38452803125,57.077023841491695,105.43711813671875,65041.715022984,6378.077818385023,6542.015854192065,7215.7372275788075,6973.191388991346,6809.157251352058,7153.496444555005,6704.3235107986,6648.76150181767,4301.374145998857,6315.579879314405,278864.758819564,1712.813169013007,9028.533386295001,15039.888400036001,23230.358540944002,25244.70397008,34124.131191132,36397.687411712,48996.574060544,32107.6839556,52982.384734208004,1714.6366327614196,217.60987948013926,185.40225555497742,188.26608033769224,189.9189278283386,167.45237478991697,180.11197292459104,139.51027609277344,186.850350703125,75.29945090338134,184.21506414648437,74964.72064956767,5052.781776374069,7161.381045845015,7546.846593007492,7992.618526261713,8690.894159823722,9920.374168183436,9190.008722421044,7372.081890985288,5334.409071846183,6703.324694819686,350392.24854435906,1595.5754857469506,10908.544563812,18228.688902496,27526.799099232,34251.055012672005,48223.885570064005,49653.06337382401,49107.407708160004,43147.145522880004,67750.083305472,985.7737702198772,144.84763634127617,107.80770262786865,105.37515580133056,108.48831893640136,96.33358925976562,122.80095818920898,84.84770223242187,103.798944703125,33.8049800425415,77.6687820859375,243224.88009599826,19351.457730701266,23405.046457820208,25741.441394803976,26565.185553415355,28920.414144462404,31097.51515219582,28271.47766023542,24645.513834050395,15388.289732364943,19838.538435948514,1129082.340374562,7149.121415475907,38443.097778712,62721.661786952005,100060.43677670401,117599.090357376,142602.571561486,150817.17646387202,195800.601444352,112822.11858278401,201066.464206848,875.0753262560978,76.10575740063668,86.49064706047058,92.78641850971222,94.48646104815674,102.34822203442383,109.94953477001953,98.0648803203125,89.54521290625,52.95690672369385,72.34128548242187
2170.0,111899.70970100707,10533.356542076875,11183.588676090556,12078.659854846717,12363.637198799,12520.54748199644,13088.016426728513,11930.680469404515,11709.230053684556,6607.979050067538,9884.013947312202,581274.2836101534,4003.096628670387,20111.48628401,31500.520108724002,52072.704593760005,57519.254674816,69751.706762189,75727.08794163201,106210.22018764801,56356.831100448,108021.375328256,743.2959576495621,76.78429766286015,76.32981237219238,80.38117303038787,80.7193317278595,81.22562957592773,85.3827389119873,75.78268646728516,78.32908180468749,41.251606879577636,67.10959921679687,128323.16387477952,12274.729242547088,12910.417196939443,14094.529998818572,14104.759226204818,14006.948641428287,14671.69379303937,13071.020613767996,13356.121379814062,7990.665906286752,11842.277875933216,581548.085274805,3796.2498336229396,19457.375376938002,31742.208996340003,50887.991227392005,56404.193868480004,71530.339721504,73633.202839552,105359.30748928,60549.104754208005,108188.11116748801,1098.422575039242,123.06243661097359,115.08923848165892,119.10568872563171,119.76980592251586,114.9931016989746,122.34275091619872,105.16088267382813,116.38452803125,57.077023841491695,105.43711813671875,65041.715022984,6378.077818385023,6542.015854192065,7215.7372275788075,6973.191388991346,6809.157251352058,7153.496444555005,6704.3235107986,6648.76150181767,4301.374145998857,6315.579879314405,278864.758819564,1712.813169013007,9028.533386295001,15039.888400036001,23230.358540944002,25244.70397008,34124.131191132,36397.687411712,48996.574060544,32107.6839556,52982.384734208004,1714.6366327614196,217.60987948013926,185.40225555497742,188.26608033769224,189.9189278283386,167.45237478991697,180.11197292459104,139.51027609277344,186.850350703125,75.29945090338134,184.21506414648437,74964.72064956767,5052.781776374069,7161.381045845015,7546.846593007492,7992.618526261713,8690.894159823722,9920.374168183436,9190.008722421044,7372.081890985288,5334.409071846183,6703.324694819686,350392.24854435906,1595.5754857469506,10908.544563812,18228.688902496,27526.799099232,34251.055012672005,48223.885570064005,49653.06337382401,49107.407708160004,43147.145522880004,67750.083305472,985.7737702198772,144.84763634127617,107.80770262786865,105.37515580133056,108.48831893640136,96.33358925976562,122.80095818920898,84.84770223242187,103.798944703125,33.8049800425415,77.6687820859375,243224.88009599826,19351.457730701266,23405.046457820208,25741.441394803976,26565.185553415355,28920.414144462404,31097.51515219582,28271.47766023542,24645.513834050395,15388.289732364943,19838.538435948514,1129082.340374562,7149.121415475907,38443.097778712,62721.661786952005,100060.43677670401,117599.090357376,142602.571561486,150817.17646387202,195800.601444352,112822.11858278401,201066.464206848,875.0753262560978,76.10575740063668,86.49064706047058,92.78641850971222,94.48646104815674,102.34822203442383,109.94953477001953,98.0648803203125,89.54521290625,52.95690672369385,72.34128548242187
2171.0,111899.70970100707,10533.356542076875,11183.588676090556,12078.659854846717,12363.637198799,12520.54748199644,13088.016426728513,11930.680469404515,11709.230053684556,6607.979050067538,9884.013947312202,581274.2836101534,4003.096628670387,20111.48628401,31500.520108724002,52072.704593760005,57519.254674816,69751.706762189,75727.08794163201,106210.22018764801,56356.831100448,108021.375328256,743.2959576495621,76.78429766286015,76.32981237219238,80.38117303038787,80.7193317278595,81.22562957592773,85.3827389119873,75.78268646728516,78.32908180468749,41.251606879577636,67.10959921679687,128323.16387477952,12274.729242547088,12910.417196939443,14094.529998818572,14104.759226204818,14006.948641428287,14671.69379303937,13071.020613767996,13356.121379814062,7990.665906286752,11842.277875933216,581548.085274805,3796.2498336229396,19457.375376938002,31742.208996340003,50887.991227392005,56404.193868480004,71530.339721504,73633.202839552,105359.30748928,60549.104754208005,108188.11116748801,1098.422575039242,123.06243661097359,115.08923848165892,119.10568872563171,119.76980592251586,114.9931016989746,122.34275091619872,105.16088267382813,116.38452803125,57.077023841491695,105.43711813671875,65041.715022984,6378.077818385023,6542.015854192065,7215.7372275788075,6973.191388991346,6809.157251352058,7153.496444555005,6704.3235107986,6648.76150181767,4301.374145998857,6315.579879314405,278864.758819564,1712.813169013007,9028.533386295001,15039.888400036001,23230.358540944002,25244.70397008,34124.131191132,36397.687411712,48996.574060544,32107.6839556,52982.384734208004,1714.6366327614196,217.60987948013926,185.40225555497742,188.26608033769224,189.9189278283386,167.45237478991697,180.11197292459104,139.51027609277344,186.850350703125,75.29945090338134,184.21506414648437,74964.72064956767,5052.781776374069,7161.381045845015,7546.846593007492,7992.618526261713,8690.894159823722,9920.374168183436,9190.008722421044,7372.081890985288,5334.409071846183,6703.324694819686,350392.24854435906,1595.5754857469506,10908.544563812,18228.688902496,27526.799099232,34251.055012672005,48223.885570064005,49653.06337382401,49107.407708160004,43147.145522880004,67750.083305472,985.7737702198772,144.84763634127617,107.80770262786865,105.37515580133056,108.48831893640136,96.33358925976562,122.80095818920898,84.84770223242187,103.798944703125,33.8049800425415,77.6687820859375,243224.88009599826,19351.457730701266,23405.046457820208,25741.441394803976,26565.185553415355,28920.414144462404,31097.51515219582,28271.47766023542,24645.513834050395,15388.289732364943,19838.538435948514,1129082.340374562,7149.121415475907,38443.097778712,62721.661786952005,100060.43677670401,117599.090357376,142602.571561486,150817.17646387202,195800.601444352,112822.11858278401,201066.464206848,875.0753262560978,76.10575740063668,86.49064706047058,92.78641850971222,94.48646104815674,102.34822203442383,109.94953477001953,98.0648803203125,89.54521290625,52.95690672369385,72.34128548242187
2172.0,111899.70970100707,10533.356542076875,11183.588676090556,12078.659854846717,12363.637198799,12520.54748199644,13088.016426728513,11930.680469404515,11709.230053684556,6607.979050067538,9884.013947312202,581274.2836101534,4003.096628670387,20111.48628401,31500.520108724002,52072.704593760005,57519.254674816,69751.706762189,75727.08794163201,106210.22018764801,56356.831100448,108021.375328256,743.2959576495621,76.78429766286015,76.32981237219238,80.38117303038787,80.7193317278595,81.22562957592773,85.3827389119873,75.78268646728516,78.32908180468749,41.251606879577636,67.10959921679687,128323.16387477952,12274.729242547088,12910.417196939443,14094.529998818572,14104.759226204818,14006.948641428287,14671.69379303937,13071.020613767996,13356.121379814062,7990.665906286752,11842.277875933216,581548.085274805,3796.2498336229396,19457.375376938002,31742.208996340003,50887.991227392005,56404.193868480004,71530.339721504,73633.202839552,105359.30748928,60549.104754208005,108188.11116748801,1098.422575039242,123.06243661097359,115.08923848165892,119.10568872563171,119.76980592251586,114.9931016989746,122.34275091619872,105.16088267382813,116.38452803125,57.077023841491695,105.43711813671875,65041.715022984,6378.077818385023,6542.015854192065,7215.7372275788075,6973.191388991346,6809.157251352058,7153.496444555005,6704.3235107986,6648.76150181767,4301.374145998857,6315.579879314405,278864.758819564,1712.813169013007,9028.533386295001,15039.888400036001,23230.358540944002,25244.70397008,34124.131191132,36397.687411712,48996.574060544,32107.6839556,52982.384734208004,1714.6366327614196,217.60987948013926,185.40225555497742,188.26608033769224,189.9189278283386,167.45237478991697,180.11197292459104,139.51027609277344,186.850350703125,75.29945090338134,184.21506414648437,74964.72064956767,5052.781776374069,7161.381045845015,7546.846593007492,7992.618526261713,8690.894159823722,9920.374168183436,9190.008722421044,7372.081890985288,5334.409071846183,6703.324694819686,350392.24854435906,1595.5754857469506,10908.544563812,18228.688902496,27526.799099232,34251.055012672005,48223.885570064005,49653.06337382401,49107.407708160004,43147.145522880004,67750.083305472,985.7737702198772,144.84763634127617,107.80770262786865,105.37515580133056,108.48831893640136,96.33358925976562,122.80095818920898,84.84770223242187,103.798944703125,33.8049800425415,77.6687820859375,243224.88009599826,19351.457730701266,23405.046457820208,25741.441394803976,26565.185553415355,28920.414144462404,31097.51515219582,28271.47766023542,24645.513834050395,15388.289732364943,19838.538435948514,1129082.340374562,7149.121415475907,38443.097778712,62721.661786952005,100060.43677670401,117599.090357376,142602.571561486,150817.17646387202,195800.601444352,112822.11858278401,201066.464206848,875.0753262560978,76.10575740063668,86.49064706047058,92.78641850971222,94.48646104815674,102.34822203442383,109.94953477001953,98.0648803203125,89.54521290625,52.95690672369385,72.34128548242187
2173.0,111899.70970100707,10533.356542076875,11183.588676090556,12078.659854846717,12363.637198799,12520.54748199644,13088.016426728513,11930.680469404515,11709.230053684556,6607.979050067538,9884.013947312202,581274.2836101534,4003.096628670387,20111.48628401,31500.520108724002,52072.704593760005,57519.254674816,69751.706762189,75727.08794163201,106210.22018764801,56356.831100448,108021.375328256,743.2959576495621,76.78429766286015,76.32981237219238,80.38117303038787,80.7193317278595,81.22562957592773,85.3827389119873,75.78268646728516,78.32908180468749,41.251606879577636,67.10959921679687,128323.16387477952,12274.729242547088,12910.417196939443,14094.529998818572,14104.759226204818,14006.948641428287,14671.69379303937,13071.020613767996,13356.121379814062,7990.665906286752,11842.277875933216,581548.085274805,3796.2498336229396,19457.375376938002,31742.208996340003,50887.991227392005,56404.193868480004,71530.339721504,73633.202839552,105359.30748928,60549.104754208005,108188.11116748801,1098.422575039242,123.06243661097359,115.08923848165892,119.10568872563171,119.76980592251586,114.9931016989746,122.34275091619872,105.16088267382813,116.38452803125,57.077023841491695,105.43711813671875,65041.715022984,6378.077818385023,6542.015854192065,7215.7372275788075,6973.191388991346,6809.157251352058,7153.496444555005,6704.3235107986,6648.76150181767,4301.374145998857,6315.579879314405,278864.758819564,1712.813169013007,9028.533386295001,15039.888400036001,23230.358540944002,25244.70397008,34124.131191132,36397.687411712,48996.574060544,32107.6839556,52982.384734208004,1714.6366327614196,217.60987948013926,185.40225555497742,188.26608033769224,189.9189278283386,167.45237478991697,180.11197292459104,139.51027609277344,186.850350703125,75.29945090338134,184.21506414648437,74964.72064956767,5052.781776374069,7161.381045845015,7546.846593007492,7992.618526261713,8690.894159823722,9920.374168183436,9190.008722421044,7372.081890985288,5334.409071846183,6703.324694819686,350392.24854435906,1595.5754857469506,10908.544563812,18228.688902496,27526.799099232,34251.055012672005,48223.885570064005,49653.06337382401,49107.407708160004,43147.145522880004,67750.083305472,985.7737702198772,144.84763634127617,107.80770262786865,105.37515580133056,108.48831893640136,96.33358925976562,122.80095818920898,84.84770223242187,103.798944703125,33.8049800425415,77.6687820859375,243224.88009599826,19351.457730701266,23405.046457820208,25741.441394803976,26565.185553415355,28920.414144462404,31097.51515219582,28271.47766023542,24645.513834050395,15388.289732364943,19838.538435948514,1129082.340374562,7149.121415475907,38443.097778712,62721.661786952005,100060.43677670401,117599.090357376,142602.571561486,150817.17646387202,195800.601444352,112822.11858278401,201066.464206848,875.0753262560978,76.10575740063668,86.49064706047058,92.78641850971222,94.48646104815674,102.34822203442383,109.94953477001953,98.0648803203125,89.54521290625,52.95690672369385,72.34128548242187
2174.0,111899.70970100707,10533.356542076875,11183.588676090556,12078.659854846717,12363.637198799,12520.54748199644,13088.016426728513,11930.680469404515,11709.230053684556,6607.979050067538,9884.013947312202,581274.2836101534,4003.096628670387,20111.48628401,31500.520108724002,52072.704593760005,57519.254674816,69751.706762189,75727.08794163201,106210.22018764801,56356.831100448,108021.375328256,743.2959576495621,76.78429766286015,76.32981237219238,80.38117303038787,80.7193317278595,81.22562957592773,85.3827389119873,75.78268646728516,78.32908180468749,41.251606879577636,67.10959921679687,128323.16387477952,12274.729242547088,12910.417196939443,14094.529998818572,14104.759226204818,14006.948641428287,14671.69379303937,13071.020613767996,13356.121379814062,7990.665906286752,11842.277875933216,581548.085274805,3796.2498336229396,19457.375376938002,31742.208996340003,50887.991227392005,56404.193868480004,71530.339721504,73633.202839552,105359.30748928,60549.104754208005,108188.11116748801,1098.422575039242,123.06243661097359,115.08923848165892,119.10568872563171,119.76980592251586,114.9931016989746,122.34275091619872,105.16088267382813,116.38452803125,57.077023841491695,105.43711813671875,65041.715022984,6378.077818385023,6542.015854192065,7215.7372275788075,6973.191388991346,6809.157251352058,7153.496444555005,6704.3235107986,6648.76150181767,4301.374145998857,6315.579879314405,278864.758819564,1712.813169013007,9028.533386295001,15039.888400036001,23230.358540944002,25244.70397008,34124.131191132,36397.687411712,48996.574060544,32107.6839556,52982.384734208004,1714.6366327614196,217.60987948013926,185.40225555497742,188.26608033769224,189.9189278283386,167.45237478991697,180.11197292459104,139.51027609277344,186.850350703125,75.29945090338134,184.21506414648437,74964.72064956767,5052.781776374069,7161.381045845015,7546.846593007492,7992.618526261713,8690.894159823722,9920.374168183436,9190.008722421044,7372.081890985288,5334.409071846183,6703.324694819686,350392.24854435906,1595.5754857469506,10908.544563812,18228.688902496,27526.799099232,34251.055012672005,48223.885570064005,49653.06337382401,49107.407708160004,43147.145522880004,67750.083305472,985.7737702198772,144.84763634127617,107.80770262786865,105.37515580133056,108.48831893640136,96.33358925976562,122.80095818920898,84.84770223242187,103.798944703125,33.8049800425415,77.6687820859375,243224.88009599826,19351.457730701266,23405.046457820208,25741.441394803976,26565.185553415355,28920.414144462404,31097.51515219582,28271.47766023542,24645.513834050395,15388.289732364943,19838.538435948514,1129082.340374562,7149.121415475907,38443.097778712,62721.661786952005,100060.43677670401,117599.090357376,142602.571561486,150817.17646387202,195800.601444352,112822.11858278401,201066.464206848,875.0753262560978,76.10575740063668,86.49064706047058,92.78641850971222,94.48646104815674,102.34822203442383,109.94953477001953,98.0648803203125,89.54521290625,52.95690672369385,72.34128548242187
2175.0,111899.70970100707,10533.356542076875,11183.588676090556,12078.659854846717,12363.637198799,12520.54748199644,13088.016426728513,11930.680469404515,11709.230053684556,6607.979050067538,9884.013947312202,581274.2836101534,4003.096628670387,20111.48628401,31500.520108724002,52072.704593760005,57519.254674816,69751.706762189,75727.08794163201,106210.22018764801,56356.831100448,108021.375328256,743.2959576495621,76.78429766286015,76.32981237219238,80.38117303038787,80.7193317278595,81.22562957592773,85.3827389119873,75.78268646728516,78.32908180468749,41.251606879577636,67.10959921679687,128323.16387477952,12274.729242547088,12910.417196939443,14094.529998818572,14104.759226204818,14006.948641428287,14671.69379303937,13071.020613767996,13356.121379814062,7990.665906286752,11842.277875933216,581548.085274805,3796.2498336229396,19457.375376938002,31742.208996340003,50887.991227392005,56404.193868480004,71530.339721504,73633.202839552,105359.30748928,60549.104754208005,108188.11116748801,1098.422575039242,123.06243661097359,115.08923848165892,119.10568872563171,119.76980592251586,114.9931016989746,122.34275091619872,105.16088267382813,116.38452803125,57.077023841491695,105.43711813671875,65041.715022984,6378.077818385023,6542.015854192065,7215.7372275788075,6973.191388991346,6809.157251352058,7153.496444555005,6704.3235107986,6648.76150181767,4301.374145998857,6315.579879314405,278864.758819564,1712.813169013007,9028.533386295001,15039.888400036001,23230.358540944002,25244.70397008,34124.131191132,36397.687411712,48996.574060544,32107.6839556,52982.384734208004,1714.6366327614196,217.60987948013926,185.40225555497742,188.26608033769224,189.9189278283386,167.45237478991697,180.11197292459104,139.51027609277344,186.850350703125,75.29945090338134,184.21506414648437,74964.72064956767,5052.781776374069,7161.381045845015,7546.846593007492,7992.618526261713,8690.894159823722,9920.374168183436,9190.008722421044,7372.081890985288,5334.409071846183,6703.324694819686,350392.24854435906,1595.5754857469506,10908.544563812,18228.688902496,27526.799099232,34251.055012672005,48223.885570064005,49653.06337382401,49107.407708160004,43147.145522880004,67750.083305472,985.7737702198772,144.84763634127617,107.80770262786865,105.37515580133056,108.48831893640136,96.33358925976562,122.80095818920898,84.84770223242187,103.798944703125,33.8049800425415,77.6687820859375,243224.88009599826,19351.457730701266,23405.046457820208,25741.441394803976,26565.185553415355,28920.414144462404,31097.51515219582,28271.47766023542,24645.513834050395,15388.289732364943,19838.538435948514,1129082.340374562,7149.121415475907,38443.097778712,62721.661786952005,100060.43677670401,117599.090357376,142602.571561486,150817.17646387202,195800.601444352,112822.11858278401,201066.464206848,875.0753262560978,76.10575740063668,86.49064706047058,92.78641850971222,94.48646104815674,102.34822203442383,109.94953477001953,98.0648803203125,89.54521290625,52.95690672369385,72.34128548242187
2176.0,111899.70970100707,10533.356542076875,11183.588676090556,12078.659854846717,12363.637198799,12520.54748199644,13088.016426728513,11930.680469404515,11709.230053684556,6607.979050067538,9884.013947312202,581274.2836101534,4003.096628670387,20111.48628401,31500.520108724002,52072.704593760005,57519.254674816,69751.706762189,75727.08794163201,106210.22018764801,56356.831100448,108021.375328256,743.2959576495621,76.78429766286015,76.32981237219238,80.38117303038787,80.7193317278595,81.22562957592773,85.3827389119873,75.78268646728516,78.32908180468749,41.251606879577636,67.10959921679687,128323.16387477952,12274.729242547088,12910.417196939443,14094.529998818572,14104.759226204818,14006.948641428287,14671.69379303937,13071.020613767996,13356.121379814062,7990.665906286752,11842.277875933216,581548.085274805,3796.2498336229396,19457.375376938002,31742.208996340003,50887.991227392005,56404.193868480004,71530.339721504,73633.202839552,105359.30748928,60549.104754208005,108188.11116748801,1098.422575039242,123.06243661097359,115.08923848165892,119.10568872563171,119.76980592251586,114.9931016989746,122.34275091619872,105.16088267382813,116.38452803125,57.077023841491695,105.43711813671875,65041.715022984,6378.077818385023,6542.015854192065,7215.7372275788075,6973.191388991346,6809.157251352058,7153.496444555005,6704.3235107986,6648.76150181767,4301.374145998857,6315.579879314405,278864.758819564,1712.813169013007,9028.533386295001,15039.888400036001,23230.358540944002,25244.70397008,34124.131191132,36397.687411712,48996.574060544,32107.6839556,52982.384734208004,1714.6366327614196,217.60987948013926,185.40225555497742,188.26608033769224,189.9189278283386,167.45237478991697,180.11197292459104,139.51027609277344,186.850350703125,75.29945090338134,184.21506414648437,74964.72064956767,5052.781776374069,7161.381045845015,7546.846593007492,7992.618526261713,8690.894159823722,9920.374168183436,9190.008722421044,7372.081890985288,5334.409071846183,6703.324694819686,350392.24854435906,1595.5754857469506,10908.544563812,18228.688902496,27526.799099232,34251.055012672005,48223.885570064005,49653.06337382401,49107.407708160004,43147.145522880004,67750.083305472,985.7737702198772,144.84763634127617,107.80770262786865,105.37515580133056,108.48831893640136,96.33358925976562,122.80095818920898,84.84770223242187,103.798944703125,33.8049800425415,77.6687820859375,243224.88009599826,19351.457730701266,23405.046457820208,25741.441394803976,26565.185553415355,28920.414144462404,31097.51515219582,28271.47766023542,24645.513834050395,15388.289732364943,19838.538435948514,1129082.340374562,7149.121415475907,38443.097778712,62721.661786952005,100060.43677670401,117599.090357376,142602.571561486,150817.17646387202,195800.601444352,112822.11858278401,201066.464206848,875.0753262560978,76.10575740063668,86.49064706047058,92.78641850971222,94.48646104815674,102.34822203442383,109.94953477001953,98.0648803203125,89.54521290625,52.95690672369385,72.34128548242187
2177.0,111899.70970100707,10533.356542076875,11183.588676090556,12078.659854846717,12363.637198799,12520.54748199644,13088.016426728513,11930.680469404515,11709.230053684556,6607.979050067538,9884.013947312202,581274.2836101534,4003.096628670387,20111.48628401,31500.520108724002,52072.704593760005,57519.254674816,69751.706762189,75727.08794163201,106210.22018764801,56356.831100448,108021.375328256,743.2959576495621,76.78429766286015,76.32981237219238,80.38117303038787,80.7193317278595,81.22562957592773,85.3827389119873,75.78268646728516,78.32908180468749,41.251606879577636,67.10959921679687,128323.16387477952,12274.729242547088,12910.417196939443,14094.529998818572,14104.759226204818,14006.948641428287,14671.69379303937,13071.020613767996,13356.121379814062,7990.665906286752,11842.277875933216,581548.085274805,3796.2498336229396,19457.375376938002,31742.208996340003,50887.991227392005,56404.193868480004,71530.339721504,73633.202839552,105359.30748928,60549.104754208005,108188.11116748801,1098.422575039242,123.06243661097359,115.08923848165892,119.10568872563171,119.76980592251586,114.9931016989746,122.34275091619872,105.16088267382813,116.38452803125,57.077023841491695,105.43711813671875,65041.715022984,6378.077818385023,6542.015854192065,7215.7372275788075,6973.191388991346,6809.157251352058,7153.496444555005,6704.3235107986,6648.76150181767,4301.374145998857,6315.579879314405,278864.758819564,1712.813169013007,9028.533386295001,15039.888400036001,23230.358540944002,25244.70397008,34124.131191132,36397.687411712,48996.574060544,32107.6839556,52982.384734208004,1714.6366327614196,217.60987948013926,185.40225555497742,188.26608033769224,189.9189278283386,167.45237478991697,180.11197292459104,139.51027609277344,186.850350703125,75.29945090338134,184.21506414648437,74964.72064956767,5052.781776374069,7161.381045845015,7546.846593007492,7992.618526261713,8690.894159823722,9920.374168183436,9190.008722421044,7372.081890985288,5334.409071846183,6703.324694819686,350392.24854435906,1595.5754857469506,10908.544563812,18228.688902496,27526.799099232,34251.055012672005,48223.885570064005,49653.06337382401,49107.407708160004,43147.145522880004,67750.083305472,985.7737702198772,144.84763634127617,107.80770262786865,105.37515580133056,108.48831893640136,96.33358925976562,122.80095818920898,84.84770223242187,103.798944703125,33.8049800425415,77.6687820859375,243224.88009599826,19351.457730701266,23405.046457820208,25741.441394803976,26565.185553415355,28920.414144462404,31097.51515219582,28271.47766023542,24645.513834050395,15388.289732364943,19838.538435948514,1129082.340374562,7149.121415475907,38443.097778712,62721.661786952005,100060.43677670401,117599.090357376,142602.571561486,150817.17646387202,195800.601444352,112822.11858278401,201066.464206848,875.0753262560978,76.10575740063668,86.49064706047058,92.78641850971222,94.48646104815674,102.34822203442383,109.94953477001953,98.0648803203125,89.54521290625,52.95690672369385,72.34128548242187
2178.0,111899.70970100707,10533.356542076875,11183.588676090556,12078.659854846717,12363.637198799,12520.54748199644,13088.016426728513,11930.680469404515,11709.230053684556,6607.979050067538,9884.013947312202,581274.2836101534,4003.096628670387,20111.48628401,31500.520108724002,52072.704593760005,57519.254674816,69751.706762189,75727.08794163201,106210.22018764801,56356.831100448,108021.375328256,743.2959576495621,76.78429766286015,76.32981237219238,80.38117303038787,80.7193317278595,81.22562957592773,85.3827389119873,75.78268646728516,78.32908180468749,41.251606879577636,67.10959921679687,128323.16387477952,12274.729242547088,12910.417196939443,14094.529998818572,14104.759226204818,14006.948641428287,14671.69379303937,13071.020613767996,13356.121379814062,7990.665906286752,11842.277875933216,581548.085274805,3796.2498336229396,19457.375376938002,31742.208996340003,50887.991227392005,56404.193868480004,71530.339721504,73633.202839552,105359.30748928,60549.104754208005,108188.11116748801,1098.422575039242,123.06243661097359,115.08923848165892,119.10568872563171,119.76980592251586,114.9931016989746,122.34275091619872,105.16088267382813,116.38452803125,57.077023841491695,105.43711813671875,65041.715022984,6378.077818385023,6542.015854192065,7215.7372275788075,6973.191388991346,6809.157251352058,7153.496444555005,6704.3235107986,6648.76150181767,4301.374145998857,6315.579879314405,278864.758819564,1712.813169013007,9028.533386295001,15039.888400036001,23230.358540944002,25244.70397008,34124.131191132,36397.687411712,48996.574060544,32107.6839556,52982.384734208004,1714.6366327614196,217.60987948013926,185.40225555497742,188.26608033769224,189.9189278283386,167.45237478991697,180.11197292459104,139.51027609277344,186.850350703125,75.29945090338134,184.21506414648437,74964.72064956767,5052.781776374069,7161.381045845015,7546.846593007492,7992.618526261713,8690.894159823722,9920.374168183436,9190.008722421044,7372.081890985288,5334.409071846183,6703.324694819686,350392.24854435906,1595.5754857469506,10908.544563812,18228.688902496,27526.799099232,34251.055012672005,48223.885570064005,49653.06337382401,49107.407708160004,43147.145522880004,67750.083305472,985.7737702198772,144.84763634127617,107.80770262786865,105.37515580133056,108.48831893640136,96.33358925976562,122.80095818920898,84.84770223242187,103.798944703125,33.8049800425415,77.6687820859375,243224.88009599826,19351.457730701266,23405.046457820208,25741.441394803976,26565.185553415355,28920.414144462404,31097.51515219582,28271.47766023542,24645.513834050395,15388.289732364943,19838.538435948514,1129082.340374562,7149.121415475907,38443.097778712,62721.661786952005,100060.43677670401,117599.090357376,142602.571561486,150817.17646387202,195800.601444352,112822.11858278401,201066.464206848,875.0753262560978,76.10575740063668,86.49064706047058,92.78641850971222,94.48646104815674,102.34822203442383,109.94953477001953,98.0648803203125,89.54521290625,52.95690672369385,72.34128548242187
2179.0,111899.70970100707,10533.356542076875,11183.588676090556,12078.659854846717,12363.637198799,12520.54748199644,13088.016426728513,11930.680469404515,11709.230053684556,6607.979050067538,9884.013947312202,581274.2836101534,4003.096628670387,20111.48628401,31500.520108724002,52072.704593760005,57519.254674816,69751.706762189,75727.08794163201,106210.22018764801,56356.831100448,108021.375328256,743.2959576495621,76.78429766286015,76.32981237219238,80.38117303038787,80.7193317278595,81.22562957592773,85.3827389119873,75.78268646728516,78.32908180468749,41.251606879577636,67.10959921679687,128323.16387477952,12274.729242547088,12910.417196939443,14094.529998818572,14104.759226204818,14006.948641428287,14671.69379303937,13071.020613767996,13356.121379814062,7990.665906286752,11842.277875933216,581548.085274805,3796.2498336229396,19457.375376938002,31742.208996340003,50887.991227392005,56404.193868480004,71530.339721504,73633.202839552,105359.30748928,60549.104754208005,108188.11116748801,1098.422575039242,123.06243661097359,115.08923848165892,119.10568872563171,119.76980592251586,114.9931016989746,122.34275091619872,105.16088267382813,116.38452803125,57.077023841491695,105.43711813671875,65041.715022984,6378.077818385023,6542.015854192065,7215.7372275788075,6973.191388991346,6809.157251352058,7153.496444555005,6704.3235107986,6648.76150181767,4301.374145998857,6315.579879314405,278864.758819564,1712.813169013007,9028.533386295001,15039.888400036001,23230.358540944002,25244.70397008,34124.131191132,36397.687411712,48996.574060544,32107.6839556,52982.384734208004,1714.6366327614196,217.60987948013926,185.40225555497742,188.26608033769224,189.9189278283386,167.45237478991697,180.11197292459104,139.51027609277344,186.850350703125,75.29945090338134,184.21506414648437,74964.72064956767,5052.781776374069,7161.381045845015,7546.846593007492,7992.618526261713,8690.894159823722,9920.374168183436,9190.008722421044,7372.081890985288,5334.409071846183,6703.324694819686,350392.24854435906,1595.5754857469506,10908.544563812,18228.688902496,27526.799099232,34251.055012672005,48223.885570064005,49653.06337382401,49107.407708160004,43147.145522880004,67750.083305472,985.7737702198772,144.84763634127617,107.80770262786865,105.37515580133056,108.48831893640136,96.33358925976562,122.80095818920898,84.84770223242187,103.798944703125,33.8049800425415,77.6687820859375,243224.88009599826,19351.457730701266,23405.046457820208,25741.441394803976,26565.185553415355,28920.414144462404,31097.51515219582,28271.47766023542,24645.513834050395,15388.289732364943,19838.538435948514,1129082.340374562,7149.121415475907,38443.097778712,62721.661786952005,100060.43677670401,117599.090357376,142602.571561486,150817.17646387202,195800.601444352,112822.11858278401,201066.464206848,875.0753262560978,76.10575740063668,86.49064706047058,92.78641850971222,94.48646104815674,102.34822203442383,109.94953477001953,98.0648803203125,89.54521290625,52.95690672369385,72.34128548242187
2180.0,111899.70970100707,10533.356542076875,11183.588676090556,12078.659854846717,12363.637198799,12520.54748199644,13088.016426728513,11930.680469404515,11709.230053684556,6607.979050067538,9884.013947312202,581274.2836101534,4003.096628670387,20111.48628401,31500.520108724002,52072.704593760005,57519.254674816,69751.706762189,75727.08794163201,106210.22018764801,56356.831100448,108021.375328256,743.2959576495621,76.78429766286015,76.32981237219238,80.38117303038787,80.7193317278595,81.22562957592773,85.3827389119873,75.78268646728516,78.32908180468749,41.251606879577636,67.10959921679687,128323.16387477952,12274.729242547088,12910.417196939443,14094.529998818572,14104.759226204818,14006.948641428287,14671.69379303937,13071.020613767996,13356.121379814062,7990.665906286752,11842.277875933216,581548.085274805,3796.2498336229396,19457.375376938002,31742.208996340003,50887.991227392005,56404.193868480004,71530.339721504,73633.202839552,105359.30748928,60549.104754208005,108188.11116748801,1098.422575039242,123.06243661097359,115.08923848165892,119.10568872563171,119.76980592251586,114.9931016989746,122.34275091619872,105.16088267382813,116.38452803125,57.077023841491695,105.43711813671875,65041.715022984,6378.077818385023,6542.015854192065,7215.7372275788075,6973.191388991346,6809.157251352058,7153.496444555005,6704.3235107986,6648.76150181767,4301.374145998857,6315.579879314405,278864.758819564,1712.813169013007,9028.533386295001,15039.888400036001,23230.358540944002,25244.70397008,34124.131191132,36397.687411712,48996.574060544,32107.6839556,52982.384734208004,1714.6366327614196,217.60987948013926,185.40225555497742,188.26608033769224,189.9189278283386,167.45237478991697,180.11197292459104,139.51027609277344,186.850350703125,75.29945090338134,184.21506414648437,74964.72064956767,5052.781776374069,7161.381045845015,7546.846593007492,7992.618526261713,8690.894159823722,9920.374168183436,9190.008722421044,7372.081890985288,5334.409071846183,6703.324694819686,350392.24854435906,1595.5754857469506,10908.544563812,18228.688902496,27526.799099232,34251.055012672005,48223.885570064005,49653.06337382401,49107.407708160004,43147.145522880004,67750.083305472,985.7737702198772,144.84763634127617,107.80770262786865,105.37515580133056,108.48831893640136,96.33358925976562,122.80095818920898,84.84770223242187,103.798944703125,33.8049800425415,77.6687820859375,243224.88009599826,19351.457730701266,23405.046457820208,25741.441394803976,26565.185553415355,28920.414144462404,31097.51515219582,28271.47766023542,24645.513834050395,15388.289732364943,19838.538435948514,1129082.340374562,7149.121415475907,38443.097778712,62721.661786952005,100060.43677670401,117599.090357376,142602.571561486,150817.17646387202,195800.601444352,112822.11858278401,201066.464206848,875.0753262560978,76.10575740063668,86.49064706047058,92.78641850971222,94.48646104815674,102.34822203442383,109.94953477001953,98.0648803203125,89.54521290625,52.95690672369385,72.34128548242187
2181.0,111899.70970100707,10533.356542076875,11183.588676090556,12078.659854846717,12363.637198799,12520.54748199644,13088.016426728513,11930.680469404515,11709.230053684556,6607.979050067538,9884.013947312202,581274.2836101534,4003.096628670387,20111.48628401,31500.520108724002,52072.704593760005,57519.254674816,69751.706762189,75727.08794163201,106210.22018764801,56356.831100448,108021.375328256,743.2959576495621,76.78429766286015,76.32981237219238,80.38117303038787,80.7193317278595,81.22562957592773,85.3827389119873,75.78268646728516,78.32908180468749,41.251606879577636,67.10959921679687,128323.16387477952,12274.729242547088,12910.417196939443,14094.529998818572,14104.759226204818,14006.948641428287,14671.69379303937,13071.020613767996,13356.121379814062,7990.665906286752,11842.277875933216,581548.085274805,3796.2498336229396,19457.375376938002,31742.208996340003,50887.991227392005,56404.193868480004,71530.339721504,73633.202839552,105359.30748928,60549.104754208005,108188.11116748801,1098.422575039242,123.06243661097359,115.08923848165892,119.10568872563171,119.76980592251586,114.9931016989746,122.34275091619872,105.16088267382813,116.38452803125,57.077023841491695,105.43711813671875,65041.715022984,6378.077818385023,6542.015854192065,7215.7372275788075,6973.191388991346,6809.157251352058,7153.496444555005,6704.3235107986,6648.76150181767,4301.374145998857,6315.579879314405,278864.758819564,1712.813169013007,9028.533386295001,15039.888400036001,23230.358540944002,25244.70397008,34124.131191132,36397.687411712,48996.574060544,32107.6839556,52982.384734208004,1714.6366327614196,217.60987948013926,185.40225555497742,188.26608033769224,189.9189278283386,167.45237478991697,180.11197292459104,139.51027609277344,186.850350703125,75.29945090338134,184.21506414648437,74964.72064956767,5052.781776374069,7161.381045845015,7546.846593007492,7992.618526261713,8690.894159823722,9920.374168183436,9190.008722421044,7372.081890985288,5334.409071846183,6703.324694819686,350392.24854435906,1595.5754857469506,10908.544563812,18228.688902496,27526.799099232,34251.055012672005,48223.885570064005,49653.06337382401,49107.407708160004,43147.145522880004,67750.083305472,985.7737702198772,144.84763634127617,107.80770262786865,105.37515580133056,108.48831893640136,96.33358925976562,122.80095818920898,84.84770223242187,103.798944703125,33.8049800425415,77.6687820859375,243224.88009599826,19351.457730701266,23405.046457820208,25741.441394803976,26565.185553415355,28920.414144462404,31097.51515219582,28271.47766023542,24645.513834050395,15388.289732364943,19838.538435948514,1129082.340374562,7149.121415475907,38443.097778712,62721.661786952005,100060.43677670401,117599.090357376,142602.571561486,150817.17646387202,195800.601444352,112822.11858278401,201066.464206848,875.0753262560978,76.10575740063668,86.49064706047058,92.78641850971222,94.48646104815674,102.34822203442383,109.94953477001953,98.0648803203125,89.54521290625,52.95690672369385,72.34128548242187
2182.0,111899.70970100707,10533.356542076875,11183.588676090556,12078.659854846717,12363.637198799,12520.54748199644,13088.016426728513,11930.680469404515,11709.230053684556,6607.979050067538,9884.013947312202,581274.2836101534,4003.096628670387,20111.48628401,31500.520108724002,52072.704593760005,57519.254674816,69751.706762189,75727.08794163201,106210.22018764801,56356.831100448,108021.375328256,743.2959576495621,76.78429766286015,76.32981237219238,80.38117303038787,80.7193317278595,81.22562957592773,85.3827389119873,75.78268646728516,78.32908180468749,41.251606879577636,67.10959921679687,128323.16387477952,12274.729242547088,12910.417196939443,14094.529998818572,14104.759226204818,14006.948641428287,14671.69379303937,13071.020613767996,13356.121379814062,7990.665906286752,11842.277875933216,581548.085274805,3796.2498336229396,19457.375376938002,31742.208996340003,50887.991227392005,56404.193868480004,71530.339721504,73633.202839552,105359.30748928,60549.104754208005,108188.11116748801,1098.422575039242,123.06243661097359,115.08923848165892,119.10568872563171,119.76980592251586,114.9931016989746,122.34275091619872,105.16088267382813,116.38452803125,57.077023841491695,105.43711813671875,65041.715022984,6378.077818385023,6542.015854192065,7215.7372275788075,6973.191388991346,6809.157251352058,7153.496444555005,6704.3235107986,6648.76150181767,4301.374145998857,6315.579879314405,278864.758819564,1712.813169013007,9028.533386295001,15039.888400036001,23230.358540944002,25244.70397008,34124.131191132,36397.687411712,48996.574060544,32107.6839556,52982.384734208004,1714.6366327614196,217.60987948013926,185.40225555497742,188.26608033769224,189.9189278283386,167.45237478991697,180.11197292459104,139.51027609277344,186.850350703125,75.29945090338134,184.21506414648437,74964.72064956767,5052.781776374069,7161.381045845015,7546.846593007492,7992.618526261713,8690.894159823722,9920.374168183436,9190.008722421044,7372.081890985288,5334.409071846183,6703.324694819686,350392.24854435906,1595.5754857469506,10908.544563812,18228.688902496,27526.799099232,34251.055012672005,48223.885570064005,49653.06337382401,49107.407708160004,43147.145522880004,67750.083305472,985.7737702198772,144.84763634127617,107.80770262786865,105.37515580133056,108.48831893640136,96.33358925976562,122.80095818920898,84.84770223242187,103.798944703125,33.8049800425415,77.6687820859375,243224.88009599826,19351.457730701266,23405.046457820208,25741.441394803976,26565.185553415355,28920.414144462404,31097.51515219582,28271.47766023542,24645.513834050395,15388.289732364943,19838.538435948514,1129082.340374562,7149.121415475907,38443.097778712,62721.661786952005,100060.43677670401,117599.090357376,142602.571561486,150817.17646387202,195800.601444352,112822.11858278401,201066.464206848,875.0753262560978,76.10575740063668,86.49064706047058,92.78641850971222,94.48646104815674,102.34822203442383,109.94953477001953,98.0648803203125,89.54521290625,52.95690672369385,72.34128548242187
2183.0,111899.70970100707,10533.356542076875,11183.588676090556,12078.659854846717,12363.637198799,12520.54748199644,13088.016426728513,11930.680469404515,11709.230053684556,6607.979050067538,9884.013947312202,581274.2836101534,4003.096628670387,20111.48628401,31500.520108724002,52072.704593760005,57519.254674816,69751.706762189,75727.08794163201,106210.22018764801,56356.831100448,108021.375328256,743.2959576495621,76.78429766286015,76.32981237219238,80.38117303038787,80.7193317278595,81.22562957592773,85.3827389119873,75.78268646728516,78.32908180468749,41.251606879577636,67.10959921679687,128323.16387477952,12274.729242547088,12910.417196939443,14094.529998818572,14104.759226204818,14006.948641428287,14671.69379303937,13071.020613767996,13356.121379814062,7990.665906286752,11842.277875933216,581548.085274805,3796.2498336229396,19457.375376938002,31742.208996340003,50887.991227392005,56404.193868480004,71530.339721504,73633.202839552,105359.30748928,60549.104754208005,108188.11116748801,1098.422575039242,123.06243661097359,115.08923848165892,119.10568872563171,119.76980592251586,114.9931016989746,122.34275091619872,105.16088267382813,116.38452803125,57.077023841491695,105.43711813671875,65041.715022984,6378.077818385023,6542.015854192065,7215.7372275788075,6973.191388991346,6809.157251352058,7153.496444555005,6704.3235107986,6648.76150181767,4301.374145998857,6315.579879314405,278864.758819564,1712.813169013007,9028.533386295001,15039.888400036001,23230.358540944002,25244.70397008,34124.131191132,36397.687411712,48996.574060544,32107.6839556,52982.384734208004,1714.6366327614196,217.60987948013926,185.40225555497742,188.26608033769224,189.9189278283386,167.45237478991697,180.11197292459104,139.51027609277344,186.850350703125,75.29945090338134,184.21506414648437,74964.72064956767,5052.781776374069,7161.381045845015,7546.846593007492,7992.618526261713,8690.894159823722,9920.374168183436,9190.008722421044,7372.081890985288,5334.409071846183,6703.324694819686,350392.24854435906,1595.5754857469506,10908.544563812,18228.688902496,27526.799099232,34251.055012672005,48223.885570064005,49653.06337382401,49107.407708160004,43147.145522880004,67750.083305472,985.7737702198772,144.84763634127617,107.80770262786865,105.37515580133056,108.48831893640136,96.33358925976562,122.80095818920898,84.84770223242187,103.798944703125,33.8049800425415,77.6687820859375,243224.88009599826,19351.457730701266,23405.046457820208,25741.441394803976,26565.185553415355,28920.414144462404,31097.51515219582,28271.47766023542,24645.513834050395,15388.289732364943,19838.538435948514,1129082.340374562,7149.121415475907,38443.097778712,62721.661786952005,100060.43677670401,117599.090357376,142602.571561486,150817.17646387202,195800.601444352,112822.11858278401,201066.464206848,875.0753262560978,76.10575740063668,86.49064706047058,92.78641850971222,94.48646104815674,102.34822203442383,109.94953477001953,98.0648803203125,89.54521290625,52.95690672369385,72.34128548242187
2184.0,111899.70970100707,10533.356542076875,11183.588676090556,12078.659854846717,12363.637198799,12520.54748199644,13088.016426728513,11930.680469404515,11709.230053684556,6607.979050067538,9884.013947312202,581274.2836101534,4003.096628670387,20111.48628401,31500.520108724002,52072.704593760005,57519.254674816,69751.706762189,75727.08794163201,106210.22018764801,56356.831100448,108021.375328256,743.2959576495621,76.78429766286015,76.32981237219238,80.38117303038787,80.7193317278595,81.22562957592773,85.3827389119873,75.78268646728516,78.32908180468749,41.251606879577636,67.10959921679687,128323.16387477952,12274.729242547088,12910.417196939443,14094.529998818572,14104.759226204818,14006.948641428287,14671.69379303937,13071.020613767996,13356.121379814062,7990.665906286752,11842.277875933216,581548.085274805,3796.2498336229396,19457.375376938002,31742.208996340003,50887.991227392005,56404.193868480004,71530.339721504,73633.202839552,105359.30748928,60549.104754208005,108188.11116748801,1098.422575039242,123.06243661097359,115.08923848165892,119.10568872563171,119.76980592251586,114.9931016989746,122.34275091619872,105.16088267382813,116.38452803125,57.077023841491695,105.43711813671875,65041.715022984,6378.077818385023,6542.015854192065,7215.7372275788075,6973.191388991346,6809.157251352058,7153.496444555005,6704.3235107986,6648.76150181767,4301.374145998857,6315.579879314405,278864.758819564,1712.813169013007,9028.533386295001,15039.888400036001,23230.358540944002,25244.70397008,34124.131191132,36397.687411712,48996.574060544,32107.6839556,52982.384734208004,1714.6366327614196,217.60987948013926,185.40225555497742,188.26608033769224,189.9189278283386,167.45237478991697,180.11197292459104,139.51027609277344,186.850350703125,75.29945090338134,184.21506414648437,74964.72064956767,5052.781776374069,7161.381045845015,7546.846593007492,7992.618526261713,8690.894159823722,9920.374168183436,9190.008722421044,7372.081890985288,5334.409071846183,6703.324694819686,350392.24854435906,1595.5754857469506,10908.544563812,18228.688902496,27526.799099232,34251.055012672005,48223.885570064005,49653.06337382401,49107.407708160004,43147.145522880004,67750.083305472,985.7737702198772,144.84763634127617,107.80770262786865,105.37515580133056,108.48831893640136,96.33358925976562,122.80095818920898,84.84770223242187,103.798944703125,33.8049800425415,77.6687820859375,243224.88009599826,19351.457730701266,23405.046457820208,25741.441394803976,26565.185553415355,28920.414144462404,31097.51515219582,28271.47766023542,24645.513834050395,15388.289732364943,19838.538435948514,1129082.340374562,7149.121415475907,38443.097778712,62721.661786952005,100060.43677670401,117599.090357376,142602.571561486,150817.17646387202,195800.601444352,112822.11858278401,201066.464206848,875.0753262560978,76.10575740063668,86.49064706047058,92.78641850971222,94.48646104815674,102.34822203442383,109.94953477001953,98.0648803203125,89.54521290625,52.95690672369385,72.34128548242187
2185.0,111899.70970100707,10533.356542076875,11183.588676090556,12078.659854846717,12363.637198799,12520.54748199644,13088.016426728513,11930.680469404515,11709.230053684556,6607.979050067538,9884.013947312202,581274.2836101534,4003.096628670387,20111.48628401,31500.520108724002,52072.704593760005,57519.254674816,69751.706762189,75727.08794163201,106210.22018764801,56356.831100448,108021.375328256,743.2959576495621,76.78429766286015,76.32981237219238,80.38117303038787,80.7193317278595,81.22562957592773,85.3827389119873,75.78268646728516,78.32908180468749,41.251606879577636,67.10959921679687,128323.16387477952,12274.729242547088,12910.417196939443,14094.529998818572,14104.759226204818,14006.948641428287,14671.69379303937,13071.020613767996,13356.121379814062,7990.665906286752,11842.277875933216,581548.085274805,3796.2498336229396,19457.375376938002,31742.208996340003,50887.991227392005,56404.193868480004,71530.339721504,73633.202839552,105359.30748928,60549.104754208005,108188.11116748801,1098.422575039242,123.06243661097359,115.08923848165892,119.10568872563171,119.76980592251586,114.9931016989746,122.34275091619872,105.16088267382813,116.38452803125,57.077023841491695,105.43711813671875,65041.715022984,6378.077818385023,6542.015854192065,7215.7372275788075,6973.191388991346,6809.157251352058,7153.496444555005,6704.3235107986,6648.76150181767,4301.374145998857,6315.579879314405,278864.758819564,1712.813169013007,9028.533386295001,15039.888400036001,23230.358540944002,25244.70397008,34124.131191132,36397.687411712,48996.574060544,32107.6839556,52982.384734208004,1714.6366327614196,217.60987948013926,185.40225555497742,188.26608033769224,189.9189278283386,167.45237478991697,180.11197292459104,139.51027609277344,186.850350703125,75.29945090338134,184.21506414648437,74964.72064956767,5052.781776374069,7161.381045845015,7546.846593007492,7992.618526261713,8690.894159823722,9920.374168183436,9190.008722421044,7372.081890985288,5334.409071846183,6703.324694819686,350392.24854435906,1595.5754857469506,10908.544563812,18228.688902496,27526.799099232,34251.055012672005,48223.885570064005,49653.06337382401,49107.407708160004,43147.145522880004,67750.083305472,985.7737702198772,144.84763634127617,107.80770262786865,105.37515580133056,108.48831893640136,96.33358925976562,122.80095818920898,84.84770223242187,103.798944703125,33.8049800425415,77.6687820859375,243224.88009599826,19351.457730701266,23405.046457820208,25741.441394803976,26565.185553415355,28920.414144462404,31097.51515219582,28271.47766023542,24645.513834050395,15388.289732364943,19838.538435948514,1129082.340374562,7149.121415475907,38443.097778712,62721.661786952005,100060.43677670401,117599.090357376,142602.571561486,150817.17646387202,195800.601444352,112822.11858278401,201066.464206848,875.0753262560978,76.10575740063668,86.49064706047058,92.78641850971222,94.48646104815674,102.34822203442383,109.94953477001953,98.0648803203125,89.54521290625,52.95690672369385,72.34128548242187
2186.0,111899.70970100707,10533.356542076875,11183.588676090556,12078.659854846717,12363.637198799,12520.54748199644,13088.016426728513,11930.680469404515,11709.230053684556,6607.979050067538,9884.013947312202,581274.2836101534,4003.096628670387,20111.48628401,31500.520108724002,52072.704593760005,57519.254674816,69751.706762189,75727.08794163201,106210.22018764801,56356.831100448,108021.375328256,743.2959576495621,76.78429766286015,76.32981237219238,80.38117303038787,80.7193317278595,81.22562957592773,85.3827389119873,75.78268646728516,78.32908180468749,41.251606879577636,67.10959921679687,128323.16387477952,12274.729242547088,12910.417196939443,14094.529998818572,14104.759226204818,14006.948641428287,14671.69379303937,13071.020613767996,13356.121379814062,7990.665906286752,11842.277875933216,581548.085274805,3796.2498336229396,19457.375376938002,31742.208996340003,50887.991227392005,56404.193868480004,71530.339721504,73633.202839552,105359.30748928,60549.104754208005,108188.11116748801,1098.422575039242,123.06243661097359,115.08923848165892,119.10568872563171,119.76980592251586,114.9931016989746,122.34275091619872,105.16088267382813,116.38452803125,57.077023841491695,105.43711813671875,65041.715022984,6378.077818385023,6542.015854192065,7215.7372275788075,6973.191388991346,6809.157251352058,7153.496444555005,6704.3235107986,6648.76150181767,4301.374145998857,6315.579879314405,278864.758819564,1712.813169013007,9028.533386295001,15039.888400036001,23230.358540944002,25244.70397008,34124.131191132,36397.687411712,48996.574060544,32107.6839556,52982.384734208004,1714.6366327614196,217.60987948013926,185.40225555497742,188.26608033769224,189.9189278283386,167.45237478991697,180.11197292459104,139.51027609277344,186.850350703125,75.29945090338134,184.21506414648437,74964.72064956767,5052.781776374069,7161.381045845015,7546.846593007492,7992.618526261713,8690.894159823722,9920.374168183436,9190.008722421044,7372.081890985288,5334.409071846183,6703.324694819686,350392.24854435906,1595.5754857469506,10908.544563812,18228.688902496,27526.799099232,34251.055012672005,48223.885570064005,49653.06337382401,49107.407708160004,43147.145522880004,67750.083305472,985.7737702198772,144.84763634127617,107.80770262786865,105.37515580133056,108.48831893640136,96.33358925976562,122.80095818920898,84.84770223242187,103.798944703125,33.8049800425415,77.6687820859375,243224.88009599826,19351.457730701266,23405.046457820208,25741.441394803976,26565.185553415355,28920.414144462404,31097.51515219582,28271.47766023542,24645.513834050395,15388.289732364943,19838.538435948514,1129082.340374562,7149.121415475907,38443.097778712,62721.661786952005,100060.43677670401,117599.090357376,142602.571561486,150817.17646387202,195800.601444352,112822.11858278401,201066.464206848,875.0753262560978,76.10575740063668,86.49064706047058,92.78641850971222,94.48646104815674,102.34822203442383,109.94953477001953,98.0648803203125,89.54521290625,52.95690672369385,72.34128548242187
2187.0,111899.70970100707,10533.356542076875,11183.588676090556,12078.659854846717,12363.637198799,12520.54748199644,13088.016426728513,11930.680469404515,11709.230053684556,6607.979050067538,9884.013947312202,581274.2836101534,4003.096628670387,20111.48628401,31500.520108724002,52072.704593760005,57519.254674816,69751.706762189,75727.08794163201,106210.22018764801,56356.831100448,108021.375328256,743.2959576495621,76.78429766286015,76.32981237219238,80.38117303038787,80.7193317278595,81.22562957592773,85.3827389119873,75.78268646728516,78.32908180468749,41.251606879577636,67.10959921679687,128323.16387477952,12274.729242547088,12910.417196939443,14094.529998818572,14104.759226204818,14006.948641428287,14671.69379303937,13071.020613767996,13356.121379814062,7990.665906286752,11842.277875933216,581548.085274805,3796.2498336229396,19457.375376938002,31742.208996340003,50887.991227392005,56404.193868480004,71530.339721504,73633.202839552,105359.30748928,60549.104754208005,108188.11116748801,1098.422575039242,123.06243661097359,115.08923848165892,119.10568872563171,119.76980592251586,114.9931016989746,122.34275091619872,105.16088267382813,116.38452803125,57.077023841491695,105.43711813671875,65041.715022984,6378.077818385023,6542.015854192065,7215.7372275788075,6973.191388991346,6809.157251352058,7153.496444555005,6704.3235107986,6648.76150181767,4301.374145998857,6315.579879314405,278864.758819564,1712.813169013007,9028.533386295001,15039.888400036001,23230.358540944002,25244.70397008,34124.131191132,36397.687411712,48996.574060544,32107.6839556,52982.384734208004,1714.6366327614196,217.60987948013926,185.40225555497742,188.26608033769224,189.9189278283386,167.45237478991697,180.11197292459104,139.51027609277344,186.850350703125,75.29945090338134,184.21506414648437,74964.72064956767,5052.781776374069,7161.381045845015,7546.846593007492,7992.618526261713,8690.894159823722,9920.374168183436,9190.008722421044,7372.081890985288,5334.409071846183,6703.324694819686,350392.24854435906,1595.5754857469506,10908.544563812,18228.688902496,27526.799099232,34251.055012672005,48223.885570064005,49653.06337382401,49107.407708160004,43147.145522880004,67750.083305472,985.7737702198772,144.84763634127617,107.80770262786865,105.37515580133056,108.48831893640136,96.33358925976562,122.80095818920898,84.84770223242187,103.798944703125,33.8049800425415,77.6687820859375,243224.88009599826,19351.457730701266,23405.046457820208,25741.441394803976,26565.185553415355,28920.414144462404,31097.51515219582,28271.47766023542,24645.513834050395,15388.289732364943,19838.538435948514,1129082.340374562,7149.121415475907,38443.097778712,62721.661786952005,100060.43677670401,117599.090357376,142602.571561486,150817.17646387202,195800.601444352,112822.11858278401,201066.464206848,875.0753262560978,76.10575740063668,86.49064706047058,92.78641850971222,94.48646104815674,102.34822203442383,109.94953477001953,98.0648803203125,89.54521290625,52.95690672369385,72.34128548242187
2188.0,111899.70970100707,10533.356542076875,11183.588676090556,12078.659854846717,12363.637198799,12520.54748199644,13088.016426728513,11930.680469404515,11709.230053684556,6607.979050067538,9884.013947312202,581274.2836101534,4003.096628670387,20111.48628401,31500.520108724002,52072.704593760005,57519.254674816,69751.706762189,75727.08794163201,106210.22018764801,56356.831100448,108021.375328256,743.2959576495621,76.78429766286015,76.32981237219238,80.38117303038787,80.7193317278595,81.22562957592773,85.3827389119873,75.78268646728516,78.32908180468749,41.251606879577636,67.10959921679687,128323.16387477952,12274.729242547088,12910.417196939443,14094.529998818572,14104.759226204818,14006.948641428287,14671.69379303937,13071.020613767996,13356.121379814062,7990.665906286752,11842.277875933216,581548.085274805,3796.2498336229396,19457.375376938002,31742.208996340003,50887.991227392005,56404.193868480004,71530.339721504,73633.202839552,105359.30748928,60549.104754208005,108188.11116748801,1098.422575039242,123.06243661097359,115.08923848165892,119.10568872563171,119.76980592251586,114.9931016989746,122.34275091619872,105.16088267382813,116.38452803125,57.077023841491695,105.43711813671875,65041.715022984,6378.077818385023,6542.015854192065,7215.7372275788075,6973.191388991346,6809.157251352058,7153.496444555005,6704.3235107986,6648.76150181767,4301.374145998857,6315.579879314405,278864.758819564,1712.813169013007,9028.533386295001,15039.888400036001,23230.358540944002,25244.70397008,34124.131191132,36397.687411712,48996.574060544,32107.6839556,52982.384734208004,1714.6366327614196,217.60987948013926,185.40225555497742,188.26608033769224,189.9189278283386,167.45237478991697,180.11197292459104,139.51027609277344,186.850350703125,75.29945090338134,184.21506414648437,74964.72064956767,5052.781776374069,7161.381045845015,7546.846593007492,7992.618526261713,8690.894159823722,9920.374168183436,9190.008722421044,7372.081890985288,5334.409071846183,6703.324694819686,350392.24854435906,1595.5754857469506,10908.544563812,18228.688902496,27526.799099232,34251.055012672005,48223.885570064005,49653.06337382401,49107.407708160004,43147.145522880004,67750.083305472,985.7737702198772,144.84763634127617,107.80770262786865,105.37515580133056,108.48831893640136,96.33358925976562,122.80095818920898,84.84770223242187,103.798944703125,33.8049800425415,77.6687820859375,243224.88009599826,19351.457730701266,23405.046457820208,25741.441394803976,26565.185553415355,28920.414144462404,31097.51515219582,28271.47766023542,24645.513834050395,15388.289732364943,19838.538435948514,1129082.340374562,7149.121415475907,38443.097778712,62721.661786952005,100060.43677670401,117599.090357376,142602.571561486,150817.17646387202,195800.601444352,112822.11858278401,201066.464206848,875.0753262560978,76.10575740063668,86.49064706047058,92.78641850971222,94.48646104815674,102.34822203442383,109.94953477001953,98.0648803203125,89.54521290625,52.95690672369385,72.34128548242187
2189.0,111899.70970100707,10533.356542076875,11183.588676090556,12078.659854846717,12363.637198799,12520.54748199644,13088.016426728513,11930.680469404515,11709.230053684556,6607.979050067538,9884.013947312202,581274.2836101534,4003.096628670387,20111.48628401,31500.520108724002,52072.704593760005,57519.254674816,69751.706762189,75727.08794163201,106210.22018764801,56356.831100448,108021.375328256,743.2959576495621,76.78429766286015,76.32981237219238,80.38117303038787,80.7193317278595,81.22562957592773,85.3827389119873,75.78268646728516,78.32908180468749,41.251606879577636,67.10959921679687,128323.16387477952,12274.729242547088,12910.417196939443,14094.529998818572,14104.759226204818,14006.948641428287,14671.69379303937,13071.020613767996,13356.121379814062,7990.665906286752,11842.277875933216,581548.085274805,3796.2498336229396,19457.375376938002,31742.208996340003,50887.991227392005,56404.193868480004,71530.339721504,73633.202839552,105359.30748928,60549.104754208005,108188.11116748801,1098.422575039242,123.06243661097359,115.08923848165892,119.10568872563171,119.76980592251586,114.9931016989746,122.34275091619872,105.16088267382813,116.38452803125,57.077023841491695,105.43711813671875,65041.715022984,6378.077818385023,6542.015854192065,7215.7372275788075,6973.191388991346,6809.157251352058,7153.496444555005,6704.3235107986,6648.76150181767,4301.374145998857,6315.579879314405,278864.758819564,1712.813169013007,9028.533386295001,15039.888400036001,23230.358540944002,25244.70397008,34124.131191132,36397.687411712,48996.574060544,32107.6839556,52982.384734208004,1714.6366327614196,217.60987948013926,185.40225555497742,188.26608033769224,189.9189278283386,167.45237478991697,180.11197292459104,139.51027609277344,186.850350703125,75.29945090338134,184.21506414648437,74964.72064956767,5052.781776374069,7161.381045845015,7546.846593007492,7992.618526261713,8690.894159823722,9920.374168183436,9190.008722421044,7372.081890985288,5334.409071846183,6703.324694819686,350392.24854435906,1595.5754857469506,10908.544563812,18228.688902496,27526.799099232,34251.055012672005,48223.885570064005,49653.06337382401,49107.407708160004,43147.145522880004,67750.083305472,985.7737702198772,144.84763634127617,107.80770262786865,105.37515580133056,108.48831893640136,96.33358925976562,122.80095818920898,84.84770223242187,103.798944703125,33.8049800425415,77.6687820859375,243224.88009599826,19351.457730701266,23405.046457820208,25741.441394803976,26565.185553415355,28920.414144462404,31097.51515219582,28271.47766023542,24645.513834050395,15388.289732364943,19838.538435948514,1129082.340374562,7149.121415475907,38443.097778712,62721.661786952005,100060.43677670401,117599.090357376,142602.571561486,150817.17646387202,195800.601444352,112822.11858278401,201066.464206848,875.0753262560978,76.10575740063668,86.49064706047058,92.78641850971222,94.48646104815674,102.34822203442383,109.94953477001953,98.0648803203125,89.54521290625,52.95690672369385,72.34128548242187
2190.0,111899.70970100707,10533.356542076875,11183.588676090556,12078.659854846717,12363.637198799,12520.54748199644,13088.016426728513,11930.680469404515,11709.230053684556,6607.979050067538,9884.013947312202,581274.2836101534,4003.096628670387,20111.48628401,31500.520108724002,52072.704593760005,57519.254674816,69751.706762189,75727.08794163201,106210.22018764801,56356.831100448,108021.375328256,743.2959576495621,76.78429766286015,76.32981237219238,80.38117303038787,80.7193317278595,81.22562957592773,85.3827389119873,75.78268646728516,78.32908180468749,41.251606879577636,67.10959921679687,128323.16387477952,12274.729242547088,12910.417196939443,14094.529998818572,14104.759226204818,14006.948641428287,14671.69379303937,13071.020613767996,13356.121379814062,7990.665906286752,11842.277875933216,581548.085274805,3796.2498336229396,19457.375376938002,31742.208996340003,50887.991227392005,56404.193868480004,71530.339721504,73633.202839552,105359.30748928,60549.104754208005,108188.11116748801,1098.422575039242,123.06243661097359,115.08923848165892,119.10568872563171,119.76980592251586,114.9931016989746,122.34275091619872,105.16088267382813,116.38452803125,57.077023841491695,105.43711813671875,65041.715022984,6378.077818385023,6542.015854192065,7215.7372275788075,6973.191388991346,6809.157251352058,7153.496444555005,6704.3235107986,6648.76150181767,4301.374145998857,6315.579879314405,278864.758819564,1712.813169013007,9028.533386295001,15039.888400036001,23230.358540944002,25244.70397008,34124.131191132,36397.687411712,48996.574060544,32107.6839556,52982.384734208004,1714.6366327614196,217.60987948013926,185.40225555497742,188.26608033769224,189.9189278283386,167.45237478991697,180.11197292459104,139.51027609277344,186.850350703125,75.29945090338134,184.21506414648437,74964.72064956767,5052.781776374069,7161.381045845015,7546.846593007492,7992.618526261713,8690.894159823722,9920.374168183436,9190.008722421044,7372.081890985288,5334.409071846183,6703.324694819686,350392.24854435906,1595.5754857469506,10908.544563812,18228.688902496,27526.799099232,34251.055012672005,48223.885570064005,49653.06337382401,49107.407708160004,43147.145522880004,67750.083305472,985.7737702198772,144.84763634127617,107.80770262786865,105.37515580133056,108.48831893640136,96.33358925976562,122.80095818920898,84.84770223242187,103.798944703125,33.8049800425415,77.6687820859375,243224.88009599826,19351.457730701266,23405.046457820208,25741.441394803976,26565.185553415355,28920.414144462404,31097.51515219582,28271.47766023542,24645.513834050395,15388.289732364943,19838.538435948514,1129082.340374562,7149.121415475907,38443.097778712,62721.661786952005,100060.43677670401,117599.090357376,142602.571561486,150817.17646387202,195800.601444352,112822.11858278401,201066.464206848,875.0753262560978,76.10575740063668,86.49064706047058,92.78641850971222,94.48646104815674,102.34822203442383,109.94953477001953,98.0648803203125,89.54521290625,52.95690672369385,72.34128548242187
2191.0,111899.70970100707,10533.356542076875,11183.588676090556,12078.659854846717,12363.637198799,12520.54748199644,13088.016426728513,11930.680469404515,11709.230053684556,6607.979050067538,9884.013947312202,581274.2836101534,4003.096628670387,20111.48628401,31500.520108724002,52072.704593760005,57519.254674816,69751.706762189,75727.08794163201,106210.22018764801,56356.831100448,108021.375328256,743.2959576495621,76.78429766286015,76.32981237219238,80.38117303038787,80.7193317278595,81.22562957592773,85.3827389119873,75.78268646728516,78.32908180468749,41.251606879577636,67.10959921679687,128323.16387477952,12274.729242547088,12910.417196939443,14094.529998818572,14104.759226204818,14006.948641428287,14671.69379303937,13071.020613767996,13356.121379814062,7990.665906286752,11842.277875933216,581548.085274805,3796.2498336229396,19457.375376938002,31742.208996340003,50887.991227392005,56404.193868480004,71530.339721504,73633.202839552,105359.30748928,60549.104754208005,108188.11116748801,1098.422575039242,123.06243661097359,115.08923848165892,119.10568872563171,119.76980592251586,114.9931016989746,122.34275091619872,105.16088267382813,116.38452803125,57.077023841491695,105.43711813671875,65041.715022984,6378.077818385023,6542.015854192065,7215.7372275788075,6973.191388991346,6809.157251352058,7153.496444555005,6704.3235107986,6648.76150181767,4301.374145998857,6315.579879314405,278864.758819564,1712.813169013007,9028.533386295001,15039.888400036001,23230.358540944002,25244.70397008,34124.131191132,36397.687411712,48996.574060544,32107.6839556,52982.384734208004,1714.6366327614196,217.60987948013926,185.40225555497742,188.26608033769224,189.9189278283386,167.45237478991697,180.11197292459104,139.51027609277344,186.850350703125,75.29945090338134,184.21506414648437,74964.72064956767,5052.781776374069,7161.381045845015,7546.846593007492,7992.618526261713,8690.894159823722,9920.374168183436,9190.008722421044,7372.081890985288,5334.409071846183,6703.324694819686,350392.24854435906,1595.5754857469506,10908.544563812,18228.688902496,27526.799099232,34251.055012672005,48223.885570064005,49653.06337382401,49107.407708160004,43147.145522880004,67750.083305472,985.7737702198772,144.84763634127617,107.80770262786865,105.37515580133056,108.48831893640136,96.33358925976562,122.80095818920898,84.84770223242187,103.798944703125,33.8049800425415,77.6687820859375,243224.88009599826,19351.457730701266,23405.046457820208,25741.441394803976,26565.185553415355,28920.414144462404,31097.51515219582,28271.47766023542,24645.513834050395,15388.289732364943,19838.538435948514,1129082.340374562,7149.121415475907,38443.097778712,62721.661786952005,100060.43677670401,117599.090357376,142602.571561486,150817.17646387202,195800.601444352,112822.11858278401,201066.464206848,875.0753262560978,76.10575740063668,86.49064706047058,92.78641850971222,94.48646104815674,102.34822203442383,109.94953477001953,98.0648803203125,89.54521290625,52.95690672369385,72.34128548242187
2192.0,111899.70970100707,10533.356542076875,11183.588676090556,12078.659854846717,12363.637198799,12520.54748199644,13088.016426728513,11930.680469404515,11709.230053684556,6607.979050067538,9884.013947312202,581274.2836101534,4003.096628670387,20111.48628401,31500.520108724002,52072.704593760005,57519.254674816,69751.706762189,75727.08794163201,106210.22018764801,56356.831100448,108021.375328256,743.2959576495621,76.78429766286015,76.32981237219238,80.38117303038787,80.7193317278595,81.22562957592773,85.3827389119873,75.78268646728516,78.32908180468749,41.251606879577636,67.10959921679687,128323.16387477952,12274.729242547088,12910.417196939443,14094.529998818572,14104.759226204818,14006.948641428287,14671.69379303937,13071.020613767996,13356.121379814062,7990.665906286752,11842.277875933216,581548.085274805,3796.2498336229396,19457.375376938002,31742.208996340003,50887.991227392005,56404.193868480004,71530.339721504,73633.202839552,105359.30748928,60549.104754208005,108188.11116748801,1098.422575039242,123.06243661097359,115.08923848165892,119.10568872563171,119.76980592251586,114.9931016989746,122.34275091619872,105.16088267382813,116.38452803125,57.077023841491695,105.43711813671875,65041.715022984,6378.077818385023,6542.015854192065,7215.7372275788075,6973.191388991346,6809.157251352058,7153.496444555005,6704.3235107986,6648.76150181767,4301.374145998857,6315.579879314405,278864.758819564,1712.813169013007,9028.533386295001,15039.888400036001,23230.358540944002,25244.70397008,34124.131191132,36397.687411712,48996.574060544,32107.6839556,52982.384734208004,1714.6366327614196,217.60987948013926,185.40225555497742,188.26608033769224,189.9189278283386,167.45237478991697,180.11197292459104,139.51027609277344,186.850350703125,75.29945090338134,184.21506414648437,74964.72064956767,5052.781776374069,7161.381045845015,7546.846593007492,7992.618526261713,8690.894159823722,9920.374168183436,9190.008722421044,7372.081890985288,5334.409071846183,6703.324694819686,350392.24854435906,1595.5754857469506,10908.544563812,18228.688902496,27526.799099232,34251.055012672005,48223.885570064005,49653.06337382401,49107.407708160004,43147.145522880004,67750.083305472,985.7737702198772,144.84763634127617,107.80770262786865,105.37515580133056,108.48831893640136,96.33358925976562,122.80095818920898,84.84770223242187,103.798944703125,33.8049800425415,77.6687820859375,243224.88009599826,19351.457730701266,23405.046457820208,25741.441394803976,26565.185553415355,28920.414144462404,31097.51515219582,28271.47766023542,24645.513834050395,15388.289732364943,19838.538435948514,1129082.340374562,7149.121415475907,38443.097778712,62721.661786952005,100060.43677670401,117599.090357376,142602.571561486,150817.17646387202,195800.601444352,112822.11858278401,201066.464206848,875.0753262560978,76.10575740063668,86.49064706047058,92.78641850971222,94.48646104815674,102.34822203442383,109.94953477001953,98.0648803203125,89.54521290625,52.95690672369385,72.34128548242187
2193.0,111899.70970100707,10533.356542076875,11183.588676090556,12078.659854846717,12363.637198799,12520.54748199644,13088.016426728513,11930.680469404515,11709.230053684556,6607.979050067538,9884.013947312202,581274.2836101534,4003.096628670387,20111.48628401,31500.520108724002,52072.704593760005,57519.254674816,69751.706762189,75727.08794163201,106210.22018764801,56356.831100448,108021.375328256,743.2959576495621,76.78429766286015,76.32981237219238,80.38117303038787,80.7193317278595,81.22562957592773,85.3827389119873,75.78268646728516,78.32908180468749,41.251606879577636,67.10959921679687,128323.16387477952,12274.729242547088,12910.417196939443,14094.529998818572,14104.759226204818,14006.948641428287,14671.69379303937,13071.020613767996,13356.121379814062,7990.665906286752,11842.277875933216,581548.085274805,3796.2498336229396,19457.375376938002,31742.208996340003,50887.991227392005,56404.193868480004,71530.339721504,73633.202839552,105359.30748928,60549.104754208005,108188.11116748801,1098.422575039242,123.06243661097359,115.08923848165892,119.10568872563171,119.76980592251586,114.9931016989746,122.34275091619872,105.16088267382813,116.38452803125,57.077023841491695,105.43711813671875,65041.715022984,6378.077818385023,6542.015854192065,7215.7372275788075,6973.191388991346,6809.157251352058,7153.496444555005,6704.3235107986,6648.76150181767,4301.374145998857,6315.579879314405,278864.758819564,1712.813169013007,9028.533386295001,15039.888400036001,23230.358540944002,25244.70397008,34124.131191132,36397.687411712,48996.574060544,32107.6839556,52982.384734208004,1714.6366327614196,217.60987948013926,185.40225555497742,188.26608033769224,189.9189278283386,167.45237478991697,180.11197292459104,139.51027609277344,186.850350703125,75.29945090338134,184.21506414648437,74964.72064956767,5052.781776374069,7161.381045845015,7546.846593007492,7992.618526261713,8690.894159823722,9920.374168183436,9190.008722421044,7372.081890985288,5334.409071846183,6703.324694819686,350392.24854435906,1595.5754857469506,10908.544563812,18228.688902496,27526.799099232,34251.055012672005,48223.885570064005,49653.06337382401,49107.407708160004,43147.145522880004,67750.083305472,985.7737702198772,144.84763634127617,107.80770262786865,105.37515580133056,108.48831893640136,96.33358925976562,122.80095818920898,84.84770223242187,103.798944703125,33.8049800425415,77.6687820859375,243224.88009599826,19351.457730701266,23405.046457820208,25741.441394803976,26565.185553415355,28920.414144462404,31097.51515219582,28271.47766023542,24645.513834050395,15388.289732364943,19838.538435948514,1129082.340374562,7149.121415475907,38443.097778712,62721.661786952005,100060.43677670401,117599.090357376,142602.571561486,150817.17646387202,195800.601444352,112822.11858278401,201066.464206848,875.0753262560978,76.10575740063668,86.49064706047058,92.78641850971222,94.48646104815674,102.34822203442383,109.94953477001953,98.0648803203125,89.54521290625,52.95690672369385,72.34128548242187
2194.0,111899.70970100707,10533.356542076875,11183.588676090556,12078.659854846717,12363.637198799,12520.54748199644,13088.016426728513,11930.680469404515,11709.230053684556,6607.979050067538,9884.013947312202,581274.2836101534,4003.096628670387,20111.48628401,31500.520108724002,52072.704593760005,57519.254674816,69751.706762189,75727.08794163201,106210.22018764801,56356.831100448,108021.375328256,743.2959576495621,76.78429766286015,76.32981237219238,80.38117303038787,80.7193317278595,81.22562957592773,85.3827389119873,75.78268646728516,78.32908180468749,41.251606879577636,67.10959921679687,128323.16387477952,12274.729242547088,12910.417196939443,14094.529998818572,14104.759226204818,14006.948641428287,14671.69379303937,13071.020613767996,13356.121379814062,7990.665906286752,11842.277875933216,581548.085274805,3796.2498336229396,19457.375376938002,31742.208996340003,50887.991227392005,56404.193868480004,71530.339721504,73633.202839552,105359.30748928,60549.104754208005,108188.11116748801,1098.422575039242,123.06243661097359,115.08923848165892,119.10568872563171,119.76980592251586,114.9931016989746,122.34275091619872,105.16088267382813,116.38452803125,57.077023841491695,105.43711813671875,65041.715022984,6378.077818385023,6542.015854192065,7215.7372275788075,6973.191388991346,6809.157251352058,7153.496444555005,6704.3235107986,6648.76150181767,4301.374145998857,6315.579879314405,278864.758819564,1712.813169013007,9028.533386295001,15039.888400036001,23230.358540944002,25244.70397008,34124.131191132,36397.687411712,48996.574060544,32107.6839556,52982.384734208004,1714.6366327614196,217.60987948013926,185.40225555497742,188.26608033769224,189.9189278283386,167.45237478991697,180.11197292459104,139.51027609277344,186.850350703125,75.29945090338134,184.21506414648437,74964.72064956767,5052.781776374069,7161.381045845015,7546.846593007492,7992.618526261713,8690.894159823722,9920.374168183436,9190.008722421044,7372.081890985288,5334.409071846183,6703.324694819686,350392.24854435906,1595.5754857469506,10908.544563812,18228.688902496,27526.799099232,34251.055012672005,48223.885570064005,49653.06337382401,49107.407708160004,43147.145522880004,67750.083305472,985.7737702198772,144.84763634127617,107.80770262786865,105.37515580133056,108.48831893640136,96.33358925976562,122.80095818920898,84.84770223242187,103.798944703125,33.8049800425415,77.6687820859375,243224.88009599826,19351.457730701266,23405.046457820208,25741.441394803976,26565.185553415355,28920.414144462404,31097.51515219582,28271.47766023542,24645.513834050395,15388.289732364943,19838.538435948514,1129082.340374562,7149.121415475907,38443.097778712,62721.661786952005,100060.43677670401,117599.090357376,142602.571561486,150817.17646387202,195800.601444352,112822.11858278401,201066.464206848,875.0753262560978,76.10575740063668,86.49064706047058,92.78641850971222,94.48646104815674,102.34822203442383,109.94953477001953,98.0648803203125,89.54521290625,52.95690672369385,72.34128548242187
2195.0,111899.70970100707,10533.356542076875,11183.588676090556,12078.659854846717,12363.637198799,12520.54748199644,13088.016426728513,11930.680469404515,11709.230053684556,6607.979050067538,9884.013947312202,581274.2836101534,4003.096628670387,20111.48628401,31500.520108724002,52072.704593760005,57519.254674816,69751.706762189,75727.08794163201,106210.22018764801,56356.831100448,108021.375328256,743.2959576495621,76.78429766286015,76.32981237219238,80.38117303038787,80.7193317278595,81.22562957592773,85.3827389119873,75.78268646728516,78.32908180468749,41.251606879577636,67.10959921679687,128323.16387477952,12274.729242547088,12910.417196939443,14094.529998818572,14104.759226204818,14006.948641428287,14671.69379303937,13071.020613767996,13356.121379814062,7990.665906286752,11842.277875933216,581548.085274805,3796.2498336229396,19457.375376938002,31742.208996340003,50887.991227392005,56404.193868480004,71530.339721504,73633.202839552,105359.30748928,60549.104754208005,108188.11116748801,1098.422575039242,123.06243661097359,115.08923848165892,119.10568872563171,119.76980592251586,114.9931016989746,122.34275091619872,105.16088267382813,116.38452803125,57.077023841491695,105.43711813671875,65041.715022984,6378.077818385023,6542.015854192065,7215.7372275788075,6973.191388991346,6809.157251352058,7153.496444555005,6704.3235107986,6648.76150181767,4301.374145998857,6315.579879314405,278864.758819564,1712.813169013007,9028.533386295001,15039.888400036001,23230.358540944002,25244.70397008,34124.131191132,36397.687411712,48996.574060544,32107.6839556,52982.384734208004,1714.6366327614196,217.60987948013926,185.40225555497742,188.26608033769224,189.9189278283386,167.45237478991697,180.11197292459104,139.51027609277344,186.850350703125,75.29945090338134,184.21506414648437,74964.72064956767,5052.781776374069,7161.381045845015,7546.846593007492,7992.618526261713,8690.894159823722,9920.374168183436,9190.008722421044,7372.081890985288,5334.409071846183,6703.324694819686,350392.24854435906,1595.5754857469506,10908.544563812,18228.688902496,27526.799099232,34251.055012672005,48223.885570064005,49653.06337382401,49107.407708160004,43147.145522880004,67750.083305472,985.7737702198772,144.84763634127617,107.80770262786865,105.37515580133056,108.48831893640136,96.33358925976562,122.80095818920898,84.84770223242187,103.798944703125,33.8049800425415,77.6687820859375,243224.88009599826,19351.457730701266,23405.046457820208,25741.441394803976,26565.185553415355,28920.414144462404,31097.51515219582,28271.47766023542,24645.513834050395,15388.289732364943,19838.538435948514,1129082.340374562,7149.121415475907,38443.097778712,62721.661786952005,100060.43677670401,117599.090357376,142602.571561486,150817.17646387202,195800.601444352,112822.11858278401,201066.464206848,875.0753262560978,76.10575740063668,86.49064706047058,92.78641850971222,94.48646104815674,102.34822203442383,109.94953477001953,98.0648803203125,89.54521290625,52.95690672369385,72.34128548242187
2196.0,111899.70970100707,10533.356542076875,11183.588676090556,12078.659854846717,12363.637198799,12520.54748199644,13088.016426728513,11930.680469404515,11709.230053684556,6607.979050067538,9884.013947312202,581274.2836101534,4003.096628670387,20111.48628401,31500.520108724002,52072.704593760005,57519.254674816,69751.706762189,75727.08794163201,106210.22018764801,56356.831100448,108021.375328256,743.2959576495621,76.78429766286015,76.32981237219238,80.38117303038787,80.7193317278595,81.22562957592773,85.3827389119873,75.78268646728516,78.32908180468749,41.251606879577636,67.10959921679687,128323.16387477952,12274.729242547088,12910.417196939443,14094.529998818572,14104.759226204818,14006.948641428287,14671.69379303937,13071.020613767996,13356.121379814062,7990.665906286752,11842.277875933216,581548.085274805,3796.2498336229396,19457.375376938002,31742.208996340003,50887.991227392005,56404.193868480004,71530.339721504,73633.202839552,105359.30748928,60549.104754208005,108188.11116748801,1098.422575039242,123.06243661097359,115.08923848165892,119.10568872563171,119.76980592251586,114.9931016989746,122.34275091619872,105.16088267382813,116.38452803125,57.077023841491695,105.43711813671875,65041.715022984,6378.077818385023,6542.015854192065,7215.7372275788075,6973.191388991346,6809.157251352058,7153.496444555005,6704.3235107986,6648.76150181767,4301.374145998857,6315.579879314405,278864.758819564,1712.813169013007,9028.533386295001,15039.888400036001,23230.358540944002,25244.70397008,34124.131191132,36397.687411712,48996.574060544,32107.6839556,52982.384734208004,1714.6366327614196,217.60987948013926,185.40225555497742,188.26608033769224,189.9189278283386,167.45237478991697,180.11197292459104,139.51027609277344,186.850350703125,75.29945090338134,184.21506414648437,74964.72064956767,5052.781776374069,7161.381045845015,7546.846593007492,7992.618526261713,8690.894159823722,9920.374168183436,9190.008722421044,7372.081890985288,5334.409071846183,6703.324694819686,350392.24854435906,1595.5754857469506,10908.544563812,18228.688902496,27526.799099232,34251.055012672005,48223.885570064005,49653.06337382401,49107.407708160004,43147.145522880004,67750.083305472,985.7737702198772,144.84763634127617,107.80770262786865,105.37515580133056,108.48831893640136,96.33358925976562,122.80095818920898,84.84770223242187,103.798944703125,33.8049800425415,77.6687820859375,243224.88009599826,19351.457730701266,23405.046457820208,25741.441394803976,26565.185553415355,28920.414144462404,31097.51515219582,28271.47766023542,24645.513834050395,15388.289732364943,19838.538435948514,1129082.340374562,7149.121415475907,38443.097778712,62721.661786952005,100060.43677670401,117599.090357376,142602.571561486,150817.17646387202,195800.601444352,112822.11858278401,201066.464206848,875.0753262560978,76.10575740063668,86.49064706047058,92.78641850971222,94.48646104815674,102.34822203442383,109.94953477001953,98.0648803203125,89.54521290625,52.95690672369385,72.34128548242187
2197.0,111899.70970100707,10533.356542076875,11183.588676090556,12078.659854846717,12363.637198799,12520.54748199644,13088.016426728513,11930.680469404515,11709.230053684556,6607.979050067538,9884.013947312202,581274.2836101534,4003.096628670387,20111.48628401,31500.520108724002,52072.704593760005,57519.254674816,69751.706762189,75727.08794163201,106210.22018764801,56356.831100448,108021.375328256,743.2959576495621,76.78429766286015,76.32981237219238,80.38117303038787,80.7193317278595,81.22562957592773,85.3827389119873,75.78268646728516,78.32908180468749,41.251606879577636,67.10959921679687,128323.16387477952,12274.729242547088,12910.417196939443,14094.529998818572,14104.759226204818,14006.948641428287,14671.69379303937,13071.020613767996,13356.121379814062,7990.665906286752,11842.277875933216,581548.085274805,3796.2498336229396,19457.375376938002,31742.208996340003,50887.991227392005,56404.193868480004,71530.339721504,73633.202839552,105359.30748928,60549.104754208005,108188.11116748801,1098.422575039242,123.06243661097359,115.08923848165892,119.10568872563171,119.76980592251586,114.9931016989746,122.34275091619872,105.16088267382813,116.38452803125,57.077023841491695,105.43711813671875,65041.715022984,6378.077818385023,6542.015854192065,7215.7372275788075,6973.191388991346,6809.157251352058,7153.496444555005,6704.3235107986,6648.76150181767,4301.374145998857,6315.579879314405,278864.758819564,1712.813169013007,9028.533386295001,15039.888400036001,23230.358540944002,25244.70397008,34124.131191132,36397.687411712,48996.574060544,32107.6839556,52982.384734208004,1714.6366327614196,217.60987948013926,185.40225555497742,188.26608033769224,189.9189278283386,167.45237478991697,180.11197292459104,139.51027609277344,186.850350703125,75.29945090338134,184.21506414648437,74964.72064956767,5052.781776374069,7161.381045845015,7546.846593007492,7992.618526261713,8690.894159823722,9920.374168183436,9190.008722421044,7372.081890985288,5334.409071846183,6703.324694819686,350392.24854435906,1595.5754857469506,10908.544563812,18228.688902496,27526.799099232,34251.055012672005,48223.885570064005,49653.06337382401,49107.407708160004,43147.145522880004,67750.083305472,985.7737702198772,144.84763634127617,107.80770262786865,105.37515580133056,108.48831893640136,96.33358925976562,122.80095818920898,84.84770223242187,103.798944703125,33.8049800425415,77.6687820859375,243224.88009599826,19351.457730701266,23405.046457820208,25741.441394803976,26565.185553415355,28920.414144462404,31097.51515219582,28271.47766023542,24645.513834050395,15388.289732364943,19838.538435948514,1129082.340374562,7149.121415475907,38443.097778712,62721.661786952005,100060.43677670401,117599.090357376,142602.571561486,150817.17646387202,195800.601444352,112822.11858278401,201066.464206848,875.0753262560978,76.10575740063668,86.49064706047058,92.78641850971222,94.48646104815674,102.34822203442383,109.94953477001953,98.0648803203125,89.54521290625,52.95690672369385,72.34128548242187
2198.0,111899.70970100707,10533.356542076875,11183.588676090556,12078.659854846717,12363.637198799,12520.54748199644,13088.016426728513,11930.680469404515,11709.230053684556,6607.979050067538,9884.013947312202,581274.2836101534,4003.096628670387,20111.48628401,31500.520108724002,52072.704593760005,57519.254674816,69751.706762189,75727.08794163201,106210.22018764801,56356.831100448,108021.375328256,743.2959576495621,76.78429766286015,76.32981237219238,80.38117303038787,80.7193317278595,81.22562957592773,85.3827389119873,75.78268646728516,78.32908180468749,41.251606879577636,67.10959921679687,128323.16387477952,12274.729242547088,12910.417196939443,14094.529998818572,14104.759226204818,14006.948641428287,14671.69379303937,13071.020613767996,13356.121379814062,7990.665906286752,11842.277875933216,581548.085274805,3796.2498336229396,19457.375376938002,31742.208996340003,50887.991227392005,56404.193868480004,71530.339721504,73633.202839552,105359.30748928,60549.104754208005,108188.11116748801,1098.422575039242,123.06243661097359,115.08923848165892,119.10568872563171,119.76980592251586,114.9931016989746,122.34275091619872,105.16088267382813,116.38452803125,57.077023841491695,105.43711813671875,65041.715022984,6378.077818385023,6542.015854192065,7215.7372275788075,6973.191388991346,6809.157251352058,7153.496444555005,6704.3235107986,6648.76150181767,4301.374145998857,6315.579879314405,278864.758819564,1712.813169013007,9028.533386295001,15039.888400036001,23230.358540944002,25244.70397008,34124.131191132,36397.687411712,48996.574060544,32107.6839556,52982.384734208004,1714.6366327614196,217.60987948013926,185.40225555497742,188.26608033769224,189.9189278283386,167.45237478991697,180.11197292459104,139.51027609277344,186.850350703125,75.29945090338134,184.21506414648437,74964.72064956767,5052.781776374069,7161.381045845015,7546.846593007492,7992.618526261713,8690.894159823722,9920.374168183436,9190.008722421044,7372.081890985288,5334.409071846183,6703.324694819686,350392.24854435906,1595.5754857469506,10908.544563812,18228.688902496,27526.799099232,34251.055012672005,48223.885570064005,49653.06337382401,49107.407708160004,43147.145522880004,67750.083305472,985.7737702198772,144.84763634127617,107.80770262786865,105.37515580133056,108.48831893640136,96.33358925976562,122.80095818920898,84.84770223242187,103.798944703125,33.8049800425415,77.6687820859375,243224.88009599826,19351.457730701266,23405.046457820208,25741.441394803976,26565.185553415355,28920.414144462404,31097.51515219582,28271.47766023542,24645.513834050395,15388.289732364943,19838.538435948514,1129082.340374562,7149.121415475907,38443.097778712,62721.661786952005,100060.43677670401,117599.090357376,142602.571561486,150817.17646387202,195800.601444352,112822.11858278401,201066.464206848,875.0753262560978,76.10575740063668,86.49064706047058,92.78641850971222,94.48646104815674,102.34822203442383,109.94953477001953,98.0648803203125,89.54521290625,52.95690672369385,72.34128548242187
2199.0,111899.70970100707,10533.356542076875,11183.588676090556,12078.659854846717,12363.637198799,12520.54748199644,13088.016426728513,11930.680469404515,11709.230053684556,6607.979050067538,9884.013947312202,581274.2836101534,4003.096628670387,20111.48628401,31500.520108724002,52072.704593760005,57519.254674816,69751.706762189,75727.08794163201,106210.22018764801,56356.831100448,108021.375328256,743.2959576495621,76.78429766286015,76.32981237219238,80.38117303038787,80.7193317278595,81.22562957592773,85.3827389119873,75.78268646728516,78.32908180468749,41.251606879577636,67.10959921679687,128323.16387477952,12274.729242547088,12910.417196939443,14094.529998818572,14104.759226204818,14006.948641428287,14671.69379303937,13071.020613767996,13356.121379814062,7990.665906286752,11842.277875933216,581548.085274805,3796.2498336229396,19457.375376938002,31742.208996340003,50887.991227392005,56404.193868480004,71530.339721504,73633.202839552,105359.30748928,60549.104754208005,108188.11116748801,1098.422575039242,123.06243661097359,115.08923848165892,119.10568872563171,119.76980592251586,114.9931016989746,122.34275091619872,105.16088267382813,116.38452803125,57.077023841491695,105.43711813671875,65041.715022984,6378.077818385023,6542.015854192065,7215.7372275788075,6973.191388991346,6809.157251352058,7153.496444555005,6704.3235107986,6648.76150181767,4301.374145998857,6315.579879314405,278864.758819564,1712.813169013007,9028.533386295001,15039.888400036001,23230.358540944002,25244.70397008,34124.131191132,36397.687411712,48996.574060544,32107.6839556,52982.384734208004,1714.6366327614196,217.60987948013926,185.40225555497742,188.26608033769224,189.9189278283386,167.45237478991697,180.11197292459104,139.51027609277344,186.850350703125,75.29945090338134,184.21506414648437,74964.72064956767,5052.781776374069,7161.381045845015,7546.846593007492,7992.618526261713,8690.894159823722,9920.374168183436,9190.008722421044,7372.081890985288,5334.409071846183,6703.324694819686,350392.24854435906,1595.5754857469506,10908.544563812,18228.688902496,27526.799099232,34251.055012672005,48223.885570064005,49653.06337382401,49107.407708160004,43147.145522880004,67750.083305472,985.7737702198772,144.84763634127617,107.80770262786865,105.37515580133056,108.48831893640136,96.33358925976562,122.80095818920898,84.84770223242187,103.798944703125,33.8049800425415,77.6687820859375,243224.88009599826,19351.457730701266,23405.046457820208,25741.441394803976,26565.185553415355,28920.414144462404,31097.51515219582,28271.47766023542,24645.513834050395,15388.289732364943,19838.538435948514,1129082.340374562,7149.121415475907,38443.097778712,62721.661786952005,100060.43677670401,117599.090357376,142602.571561486,150817.17646387202,195800.601444352,112822.11858278401,201066.464206848,875.0753262560978,76.10575740063668,86.49064706047058,92.78641850971222,94.48646104815674,102.34822203442383,109.94953477001953,98.0648803203125,89.54521290625,52.95690672369385,72.34128548242187
2200.0,111899.70970100707,10533.356542076875,11183.588676090556,12078.659854846717,12363.637198799,12520.54748199644,13088.016426728513,11930.680469404515,11709.230053684556,6607.979050067538,9884.013947312202,581274.2836101534,4003.096628670387,20111.48628401,31500.520108724002,52072.704593760005,57519.254674816,69751.706762189,75727.08794163201,106210.22018764801,56356.831100448,108021.375328256,743.2959576495621,76.78429766286015,76.32981237219238,80.38117303038787,80.7193317278595,81.22562957592773,85.3827389119873,75.78268646728516,78.32908180468749,41.251606879577636,67.10959921679687,128323.16387477952,12274.729242547088,12910.417196939443,14094.529998818572,14104.759226204818,14006.948641428287,14671.69379303937,13071.020613767996,13356.121379814062,7990.665906286752,11842.277875933216,581548.085274805,3796.2498336229396,19457.375376938002,31742.208996340003,50887.991227392005,56404.193868480004,71530.339721504,73633.202839552,105359.30748928,60549.104754208005,108188.11116748801,1098.422575039242,123.06243661097359,115.08923848165892,119.10568872563171,119.76980592251586,114.9931016989746,122.34275091619872,105.16088267382813,116.38452803125,57.077023841491695,105.43711813671875,65041.715022984,6378.077818385023,6542.015854192065,7215.7372275788075,6973.191388991346,6809.157251352058,7153.496444555005,6704.3235107986,6648.76150181767,4301.374145998857,6315.579879314405,278864.758819564,1712.813169013007,9028.533386295001,15039.888400036001,23230.358540944002,25244.70397008,34124.131191132,36397.687411712,48996.574060544,32107.6839556,52982.384734208004,1714.6366327614196,217.60987948013926,185.40225555497742,188.26608033769224,189.9189278283386,167.45237478991697,180.11197292459104,139.51027609277344,186.850350703125,75.29945090338134,184.21506414648437,74964.72064956767,5052.781776374069,7161.381045845015,7546.846593007492,7992.618526261713,8690.894159823722,9920.374168183436,9190.008722421044,7372.081890985288,5334.409071846183,6703.324694819686,350392.24854435906,1595.5754857469506,10908.544563812,18228.688902496,27526.799099232,34251.055012672005,48223.885570064005,49653.06337382401,49107.407708160004,43147.145522880004,67750.083305472,985.7737702198772,144.84763634127617,107.80770262786865,105.37515580133056,108.48831893640136,96.33358925976562,122.80095818920898,84.84770223242187,103.798944703125,33.8049800425415,77.6687820859375,243224.88009599826,19351.457730701266,23405.046457820208,25741.441394803976,26565.185553415355,28920.414144462404,31097.51515219582,28271.47766023542,24645.513834050395,15388.289732364943,19838.538435948514,1129082.340374562,7149.121415475907,38443.097778712,62721.661786952005,100060.43677670401,117599.090357376,142602.571561486,150817.17646387202,195800.601444352,112822.11858278401,201066.464206848,875.0753262560978,76.10575740063668,86.49064706047058,92.78641850971222,94.48646104815674,102.34822203442383,109.94953477001953,98.0648803203125,89.54521290625,52.95690672369385,72.34128548242187
