Time,Coastal GDP (global) ssp126,Coastal GDP (North America) ssp126,Coastal GDP (Latin America and Caribbean) ssp126,Coastal GDP (Europe and Central Asia) ssp126,Coastal GDP (Middle East and North Africa) ssp126,Coastal GDP (Sub-Saharan Africa) ssp126,Coastal GDP (South Asia) ssp126,Coastal GDP (East Asia and Pacific) ssp126,Coastal Capital (global) ssp126,Coastal Capital (North America) ssp126,Coastal Capital (Latin America and Caribbean) ssp126,Coastal Capital (Europe and Central Asia) ssp126,Coastal Capital (Middle East and North Africa) ssp126,Coastal Capital (Sub-Saharan Africa) ssp126,Coastal Capital (South Asia) ssp126,Coastal Capital (East Asia and Pacific) ssp126,Coastal pop (global) ssp126,Coastal pop (North America) ssp126,Coastal pop (Latin America and Caribbean) ssp126,Coastal pop (Europe and Central Asia) ssp126,Coastal pop (Middle East and North Africa) ssp126,Coastal pop (Sub-Saharan Africa) ssp126,Coastal pop (South Asia) ssp126,Coastal pop (East Asia and Pacific) ssp126,Coastal GDP (global) ssp245,Coastal GDP (North America) ssp245,Coastal GDP (Latin America and Caribbean) ssp245,Coastal GDP (Europe and Central Asia) ssp245,Coastal GDP (Middle East and North Africa) ssp245,Coastal GDP (Sub-Saharan Africa) ssp245,Coastal GDP (South Asia) ssp245,Coastal GDP (East Asia and Pacific) ssp245,Coastal Capital (global) ssp245,Coastal Capital (North America) ssp245,Coastal Capital (Latin America and Caribbean) ssp245,Coastal Capital (Europe and Central Asia) ssp245,Coastal Capital (Middle East and North Africa) ssp245,Coastal Capital (Sub-Saharan Africa) ssp245,Coastal Capital (South Asia) ssp245,Coastal Capital (East Asia and Pacific) ssp245,Coastal pop (global) ssp245,Coastal pop (North America) ssp245,Coastal pop (Latin America and Caribbean) ssp245,Coastal pop (Europe and Central Asia) ssp245,Coastal pop (Middle East and North Africa) ssp245,Coastal pop (Sub-Saharan Africa) ssp245,Coastal pop (South Asia) ssp245,Coastal pop (East Asia and Pacific) ssp245,Coastal GDP (global) ssp370,Coastal GDP (North America) ssp370,Coastal GDP (Latin America and Caribbean) ssp370,Coastal GDP (Europe and Central Asia) ssp370,Coastal GDP (Middle East and North Africa) ssp370,Coastal GDP (Sub-Saharan Africa) ssp370,Coastal GDP (South Asia) ssp370,Coastal GDP (East Asia and Pacific) ssp370,Coastal Capital (global) ssp370,Coastal Capital (North America) ssp370,Coastal Capital (Latin America and Caribbean) ssp370,Coastal Capital (Europe and Central Asia) ssp370,Coastal Capital (Middle East and North Africa) ssp370,Coastal Capital (Sub-Saharan Africa) ssp370,Coastal Capital (South Asia) ssp370,Coastal Capital (East Asia and Pacific) ssp370,Coastal pop (global) ssp370,Coastal pop (North America) ssp370,Coastal pop (Latin America and Caribbean) ssp370,Coastal pop (Europe and Central Asia) ssp370,Coastal pop (Middle East and North Africa) ssp370,Coastal pop (Sub-Saharan Africa) ssp370,Coastal pop (South Asia) ssp370,Coastal pop (East Asia and Pacific) ssp370,Coastal GDP (global) ssp460,Coastal GDP (North America) ssp460,Coastal GDP (Latin America and Caribbean) ssp460,Coastal GDP (Europe and Central Asia) ssp460,Coastal GDP (Middle East and North Africa) ssp460,Coastal GDP (Sub-Saharan Africa) ssp460,Coastal GDP (South Asia) ssp460,Coastal GDP (East Asia and Pacific) ssp460,Coastal Capital (global) ssp460,Coastal Capital (North America) ssp460,Coastal Capital (Latin America and Caribbean) ssp460,Coastal Capital (Europe and Central Asia) ssp460,Coastal Capital (Middle East and North Africa) ssp460,Coastal Capital (Sub-Saharan Africa) ssp460,Coastal Capital (South Asia) ssp460,Coastal Capital (East Asia and Pacific) ssp460,Coastal pop (global) ssp460,Coastal pop (North America) ssp460,Coastal pop (Latin America and Caribbean) ssp460,Coastal pop (Europe and Central Asia) ssp460,Coastal pop (Middle East and North Africa) ssp460,Coastal pop (Sub-Saharan Africa) ssp460,Coastal pop (South Asia) ssp460,Coastal pop (East Asia and Pacific) ssp460,Coastal GDP (global) ssp585,Coastal GDP (North America) ssp585,Coastal GDP (Latin America and Caribbean) ssp585,Coastal GDP (Europe and Central Asia) ssp585,Coastal GDP (Middle East and North Africa) ssp585,Coastal GDP (Sub-Saharan Africa) ssp585,Coastal GDP (South Asia) ssp585,Coastal GDP (East Asia and Pacific) ssp585,Coastal Capital (global) ssp585,Coastal Capital (North America) ssp585,Coastal Capital (Latin America and Caribbean) ssp585,Coastal Capital (Europe and Central Asia) ssp585,Coastal Capital (Middle East and North Africa) ssp585,Coastal Capital (Sub-Saharan Africa) ssp585,Coastal Capital (South Asia) ssp585,Coastal Capital (East Asia and Pacific) ssp585,Coastal pop (global) ssp585,Coastal pop (North America) ssp585,Coastal pop (Latin America and Caribbean) ssp585,Coastal pop (Europe and Central Asia) ssp585,Coastal pop (Middle East and North Africa) ssp585,Coastal pop (Sub-Saharan Africa) ssp585,Coastal pop (South Asia) ssp585,Coastal pop (East Asia and Pacific) ssp585
2000.0,11293.316342801347,2416.1737610424325,759.7164571771158,2352.0137468525927,592.8442345004383,103.17221396367262,382.1914088843265,4687.204520380767,58623.22805197852,10134.298838575001,3667.3441682606094,14854.774871533438,2384.722896525633,1420.3242841811252,2551.3072549100407,23610.45573799267,951.5125102797817,48.59852747201538,69.07514211790847,78.3342519872899,37.57746554948425,45.52386941378784,180.4955928795471,491.90766085974883,11293.316627802998,2416.1737610424325,759.7164571771158,2352.0137468525927,592.8445289558983,103.17221396367262,382.1914088843265,4687.204510926958,58623.22805197852,10134.298838575001,3667.3441682606094,14854.774871533438,2384.722896525633,1420.3242841811252,2551.3072549100407,23610.45573799267,951.508745007687,48.59852747201538,69.07514211790847,78.3342519872899,37.57746554948425,45.52386941378784,180.4955928795471,491.9038955876541,11293.314817597175,2416.1737610424325,759.7164571771158,2352.0137468525927,592.8427201009821,103.17221396367262,382.1914088843265,4687.204509576052,58623.22805197852,10134.298838575001,3667.3441682606094,14854.774871533438,2384.722896525633,1420.3242841811252,2551.3072549100407,23610.45573799267,951.5318064081387,48.59852747201538,69.07514211790847,78.3342519872899,37.57746554948425,45.52386941378784,180.4955928795471,491.92695698810576,11293.316599566175,2416.1737610424325,759.7164571771158,2352.0137468525927,592.8445289558983,103.17221396367262,382.1914088843265,4687.204482690136,58623.22805197852,10134.298838575001,3667.3441682606094,14854.774871533438,2384.722896525633,1420.3242841811252,2551.3072549100407,23610.45573799267,951.5172153077359,48.59852747201538,69.07514211790847,78.3342519872899,37.57746554948425,45.52386941378784,180.4955928795471,491.91236588770295,11293.318475786205,2416.1737610424325,759.7164571771158,2352.0137468525927,592.846421935237,103.17221396367262,382.1914088843265,4687.204465930828,58623.22805197852,10134.298838575001,3667.3441682606094,14854.774871533438,2384.722896525633,1420.3242841811252,2551.3072549100407,23610.45573799267,951.4880354655728,48.59852747201538,69.07514211790847,78.3342519872899,37.57746554948425,45.52386941378784,180.4955928795471,491.88318604553984
2001.0,11511.481803245812,2440.9646360384663,763.9560758450499,2403.221099907015,603.1621526672757,108.52257061813748,398.2834576026181,4793.371810567276,60601.51372187199,10416.058201494001,3746.5004872529344,15187.221724952013,2466.7224841751836,1436.1382009402505,2722.836408474569,24626.036214583048,962.9831154347019,49.096643971801754,69.98903469335174,78.6344394943447,38.36956367848968,46.724417268920895,183.697287490448,496.4717288373451,11511.482077228218,2440.9646360384663,763.9560758450499,2403.221099907015,603.1624196839041,108.52257061813748,398.2834576026181,4793.371817533057,60601.51372187199,10416.058201494001,3746.5004872529344,15187.221724952013,2466.7224841751836,1436.1382009402505,2722.836408474569,24626.036214583048,962.9793236964206,49.096643971801754,69.98903469335174,78.6344394943447,38.36956367848968,46.724417268920895,183.697287490448,496.4679370990639,11511.480428867768,2440.9646360384663,763.9560758450499,2403.221099907015,603.160779263063,108.52257061813748,398.2834576026181,4793.371809593447,60601.51372187199,10416.058201494001,3746.5004872529344,15187.221724952013,2466.7224841751836,1436.1382009402505,2722.836408474569,24626.036214583048,963.0025475698337,49.096643971801754,69.98903469335174,78.6344394943447,38.36956367848968,46.724417268920895,183.697287490448,496.49116097247696,11511.4820345466,2440.9646360384663,763.9560758450499,2403.221099907015,603.1624196839041,108.52257061813748,398.2834576026181,4793.37177485144,60601.51372187199,10416.058201494001,3746.5004872529344,15187.221724952013,2466.7224841751836,1436.1382009402505,2722.836408474569,24626.036214583048,962.987853856699,49.096643971801754,69.98903469335174,78.6344394943447,38.36956367848968,46.724417268920895,183.697287490448,496.47646725934214,11511.483768289796,2440.9646360384663,763.9560758450499,2403.221099907015,603.1641364186555,108.52257061813748,398.2834576026181,4793.371791859885,60601.51372187199,10416.058201494001,3746.5004872529344,15187.221724952013,2466.7224841751836,1436.1382009402505,2722.836408474569,24626.036214583048,962.9584688310032,49.096643971801754,69.98903469335174,78.6344394943447,38.36956367848968,46.724417268920895,183.697287490448,496.44708223364637
2002.0,11804.2849153859,2484.5372577176813,760.6033063072647,2442.3888036680096,614.6084672919114,115.36275721594248,413.870246611893,4972.914076573208,62644.87810926126,10662.612649554001,3805.085435526661,15591.703576120317,2556.877396611762,1454.3945495989874,2888.7035431028644,25685.50095874668,974.3069034377612,49.55779005166626,70.88530666144561,78.97535711673164,39.18599719254303,47.94719234005737,186.87592634136962,500.8793337339477,11804.285108198694,2484.5372577176813,760.6033063072647,2442.3888036680096,614.6087010092261,115.36275721594248,413.870246611893,4972.914035668693,62644.87810926126,10662.612649554001,3805.085435526661,15591.703576120317,2556.877396611762,1454.3945495989874,2888.7035431028644,25685.50095874668,974.303089251543,49.55779005166626,70.88530666144561,78.97535711673164,39.18599719254303,47.94719234005737,186.87592634136962,500.8755195477295,11804.283709436675,2484.5372577176813,760.6033063072647,2442.3888036680096,614.6072654368634,115.36275721594248,413.870246611893,4972.914072479034,62644.87810926126,10662.612649554001,3805.085435526661,15591.703576120317,2556.877396611762,1454.3945495989874,2888.7035431028644,25685.50095874668,974.3264414896412,49.55779005166626,70.88530666144561,78.97535711673164,39.18599719254303,47.94719234005737,186.87592634136962,500.8988717858276,11804.28511160544,2484.5372577176813,760.6033063072647,2442.3888036680096,614.6087010092261,115.36275721594248,413.870246611893,4972.914039075439,62644.87810926126,10662.612649554001,3805.085435526661,15591.703576120317,2556.877396611762,1454.3945495989874,2888.7035431028644,25685.50095874668,974.3116671452198,49.55779005166626,70.88530666144561,78.97535711673164,39.18599719254303,47.94719234005737,186.87592634136962,500.88409744140625,11804.286652755081,2484.5372577176813,760.6033063072647,2442.3888036680096,614.6102033280362,115.36275721594248,413.870246611893,4972.9140779062745,62644.87810926126,10662.612649554001,3805.085435526661,15591.703576120317,2556.877396611762,1454.3945495989874,2888.7035431028644,25685.50095874668,974.2821226029224,49.55779005166626,70.88530666144561,78.97535711673164,39.18599719254303,47.94719234005737,186.87592634136962,500.85455289910885
2003.0,12211.239600792447,2554.734103532048,778.2311846983754,2487.138217416541,657.6132993030152,120.89980328357294,443.4844156525035,5169.138576906374,64860.72849587212,10923.179639568001,3870.949112808606,15964.899928330098,2669.8233915914457,1480.8314993903348,3071.0736235307086,26879.971300652913,985.5802818887892,49.997314546752925,71.76560418118285,79.34731813589381,40.06436204727173,49.20226083006286,190.01638561965942,505.1870365279655,12211.239893443284,2554.734103532048,778.2311846983754,2487.138217416541,657.6135657438973,120.89980328357294,443.4844156525035,5169.1386031163265,64860.72849587212,10923.179639568001,3870.949112808606,15964.899928330098,2669.8233915914457,1480.8314993903348,3071.0736235307086,26879.971300652913,985.576453813899,49.997314546752925,71.76560418118285,79.34731813589381,40.06436204727173,49.20226083006286,190.01638561965942,505.1832084530754,12211.238222628948,2554.734103532048,778.2311846983754,2487.138217416541,657.6119289990526,120.89980328357294,443.4844156525035,5169.138569046836,64860.72849587212,10923.179639568001,3870.949112808606,15964.899928330098,2669.8233915914457,1480.8314993903348,3071.0736235307086,26879.971300652913,985.5999065833082,49.997314546752925,71.76560418118285,79.34731813589381,40.06436204727173,49.20226083006286,190.01638561965942,505.20666122248457,12211.2398495394,2554.734103532048,778.2311846983754,2487.138217416541,657.6135657438973,120.89980328357294,443.4844156525035,5169.138559212445,64860.72849587212,10923.179639568001,3870.949112808606,15964.899928330098,2669.8233915914457,1480.8314993903348,3071.0736235307086,26879.971300652913,985.5850680424146,49.997314546752925,71.76560418118285,79.34731813589381,40.06436204727173,49.20226083006286,190.01638561965942,505.191822681591,12211.241580654207,2554.734103532048,778.2311846983754,2487.138217416541,657.6152786451829,120.89980328357294,443.4844156525035,5169.138577425971,64860.72849587212,10923.179639568001,3870.949112808606,15964.899928330098,2669.8233915914457,1480.8314993903348,3071.0736235307086,26879.971300652913,985.5553914429273,49.997314546752925,71.76560418118285,79.34731813589381,40.06436204727173,49.20226083006286,190.01638561965942,505.16214608210373
2004.0,12808.294554606062,2651.1433434360947,827.7127456970778,2563.3717200015208,710.1147945643977,128.80595916459333,476.39196953299955,5450.754022209345,67374.75414589251,11211.121401038,3964.4012367423525,16379.413429632572,2796.821598398758,1499.5380120830973,3283.741620259723,28239.716847738022,996.9160093134154,50.438462169403074,72.63171207807159,79.73850422200012,41.05375873356628,50.49811945779419,193.10031864208983,509.4551340104904,12808.294865533484,2651.1433434360947,827.7127456970778,2563.3717200015208,710.1151194496084,128.80595916459333,476.39196953299955,5450.754008251554,67374.75414589251,11211.121401038,3964.4012367423525,16379.413429632572,2796.821598398758,1499.5380120830973,3283.741620259723,28239.716847738022,996.9121649285888,50.438462169403074,72.63171207807159,79.73850422200012,41.05375873356628,50.49811945779419,193.10031864208983,509.4512896256637,12808.292873062577,2651.1433434360947,827.7127456970778,2563.3717200015208,710.1131238192808,128.80595916459333,476.39196953299955,5450.754011410982,67374.75414589251,11211.121401038,3964.4012367423525,16379.413429632572,2796.821598398758,1499.5380120830973,3283.741620259723,28239.716847738022,996.93570700708,50.438462169403074,72.63171207807159,79.73850422200012,41.05375873356628,50.49811945779419,193.10031864208983,509.47483170415495,12808.29486863247,2651.1433434360947,827.7127456970778,2563.3717200015208,710.1151194496084,128.80595916459333,476.39196953299955,5450.75401135054,67374.75414589251,11211.121401038,3964.4012367423525,16379.413429632572,2796.821598398758,1499.5380120830973,3283.741620259723,28239.716847738022,996.9208131942748,50.438462169403074,72.63171207807159,79.73850422200012,41.05375873356628,50.49811945779419,193.10031864208983,509.4599378913498,12808.29697746487,2651.1433434360947,827.7127456970778,2563.3717200015208,710.1172078918672,128.80595916459333,476.39196953299955,5450.754031740681,67374.75414589251,11211.121401038,3964.4012367423525,16379.413429632572,2796.821598398758,1499.5380120830973,3283.741620259723,28239.716847738022,996.8910262389526,50.438462169403074,72.63171207807159,79.73850422200012,41.05375873356628,50.49811945779419,193.10031864208983,509.43015093602753
2005.0,13351.99471010399,2743.9984215652703,866.2036094572468,2631.5965824598957,748.1246221842152,135.88511254455355,511.4318218812135,5714.754540011569,70078.61039644042,11525.218395701,4065.171546333261,16726.368256429636,2954.3214626493595,1521.2427132740083,3537.434598478968,29748.853423574175,1008.3791253504428,50.897532295349116,73.48579633229446,80.13727374246788,42.18425498872375,51.837282805297846,196.11478354598998,513.7222016403198,13351.995066190866,2743.9984215652703,866.2036094572468,2631.5965824598957,748.1249837392411,135.88511254455355,511.4318218812135,5714.754534543418,70078.61039644042,11525.218395701,4065.171546333261,16726.368256429636,2954.3214626493595,1521.2427132740083,3537.434598478968,29748.853423574175,1008.3752686153355,50.897532295349116,73.48579633229446,80.13727374246788,42.18425498872375,51.837282805297846,196.11478354598998,513.7183449052123,13351.992843157816,2743.9984215652703,866.2036094572468,2631.5965824598957,748.1227628280632,135.88511254455355,511.4318218812135,5714.754532421545,70078.61039644042,11525.218395701,4065.171546333261,16726.368256429636,2954.3214626493595,1521.2427132740083,3537.434598478968,29748.853423574175,1008.3988957192173,50.897532295349116,73.48579633229446,80.13727374246788,42.18425498872375,51.837282805297846,196.11478354598998,513.7419720090942,13351.99503716422,2743.9984215652703,866.2036094572468,2631.5965824598957,748.1249837392411,135.88511254455355,511.4318218812135,5714.754505516774,70078.61039644042,11525.218395701,4065.171546333261,16726.368256429636,2954.3214626493595,1521.2427132740083,3537.434598478968,29748.853423574175,1008.3839472394809,50.897532295349116,73.48579633229446,80.13727374246788,42.18425498872375,51.837282805297846,196.11478354598998,513.7270235293579,13351.997429611745,2743.9984215652703,866.2036094572468,2631.5965824598957,748.1273079898708,135.88511254455355,511.4318218812135,5714.754573713664,70078.61039644042,11525.218395701,4065.171546333261,16726.368256429636,2954.3214626493595,1521.2427132740083,3537.434598478968,29748.853423574175,1008.3540526480502,50.897532295349116,73.48579633229446,80.13727374246788,42.18425498872375,51.837282805297846,196.11478354598998,513.6971289379272
2006.0,13982.14143020064,2822.132868340549,913.6139502140321,2729.2755988146423,806.5536872416029,142.567783273583,551.2415978425611,6016.755944473703,73252.27655686233,11836.020178157001,4192.582290610669,17283.107643589803,3162.281844078797,1560.9939996516052,3833.7191592675267,31383.571441506952,1019.9959617801642,51.37912559597778,74.32998839056395,80.54167549111699,43.46837228836822,53.21994109310913,199.05282980636596,518.0040291146621,13982.141823261358,2822.132868340549,913.6139502140321,2729.2755988146423,806.5540451645082,142.567783273583,551.2415978425611,6016.755979611515,73252.27655686233,11836.020178157001,4192.582290610669,17283.107643589803,3162.281844078797,1560.9939996516052,3833.7191592675267,31383.571441506952,1019.9920891516241,51.37912559597778,74.32998839056395,80.54167549111699,43.46837228836822,53.21994109310913,199.05282980636596,518.0001564861221,13982.139560790276,2822.132868340549,913.6139502140321,2729.2755988146423,806.551846372008,142.567783273583,551.2415978425611,6016.755915932937,73252.27655686233,11836.020178157001,4192.582290610669,17283.107643589803,3162.281844078797,1560.9939996516052,3833.7191592675267,31383.571441506952,1020.0158130133185,51.37912559597778,74.32998839056395,80.54167549111699,43.46837228836822,53.21994109310913,199.05282980636596,518.0238803478164,13982.141810542296,2822.132868340549,913.6139502140321,2729.2755988146423,806.5540451645082,142.567783273583,551.2415978425611,6016.755966892454,73252.27655686233,11836.020178157001,4192.582290610669,17283.107643589803,3162.281844078797,1560.9939996516052,3833.7191592675267,31383.571441506952,1020.0008045622687,51.37912559597778,74.32998839056395,80.54167549111699,43.46837228836822,53.21994109310913,199.05282980636596,518.0088718967667,13982.144016805612,2822.132868340549,913.6139502140321,2729.2755988146423,806.5563462401525,142.567783273583,551.2415978425611,6016.755872080126,73252.27655686233,11836.020178157001,4192.582290610669,17283.107643589803,3162.281844078797,1560.9939996516052,3833.7191592675267,31383.571441506952,1019.9707823453498,51.37912559597778,74.32998839056395,80.54167549111699,43.46837228836822,53.21994109310913,199.05282980636596,517.9788496798477
2007.0,14603.678835554987,2875.2750105365903,966.2280247037118,2821.3464089145045,848.6470555617313,151.67545074676983,591.8868661191995,6348.620018972459,76649.25619708667,12117.357095348001,4345.37093465554,17797.270367537683,3442.5177176735315,1594.6595342285002,4176.879154491993,33175.201393151416,1031.743275366537,51.87601239111328,75.16425903361511,80.95288180729865,44.88452037718963,54.656434575775144,201.9170103576355,522.2921568239097,14603.679233330635,2875.2750105365903,966.2280247037118,2821.3464089145045,848.6474270518122,151.67545074676983,591.8868661191995,6348.620045258027,76649.25619708667,12117.357095348001,4345.37093465554,17797.270367537683,3442.5177176735315,1594.6595342285002,4176.879154491993,33175.201393151416,1031.73938671871,51.87601239111328,75.16425903361511,80.95288180729865,44.88452037718963,54.656434575775144,201.9170103576355,522.2882681760826,14603.676999391882,2875.2750105365903,966.2280247037118,2821.3464089145045,848.645144934882,151.67545074676983,591.8868661191995,6348.6200934362005,76649.25619708667,12117.357095348001,4345.37093465554,17797.270367537683,3442.5177176735315,1594.6595342285002,4176.879154491993,33175.201393151416,1031.7632106604824,51.87601239111328,75.16425903361511,80.95288180729865,44.88452037718963,54.656434575775144,201.9170103576355,522.3120921178551,14603.679210496526,2875.2750105365903,966.2280247037118,2821.3464089145045,848.6474270518122,151.67545074676983,591.8868661191995,6348.620022423914,76649.25619708667,12117.357095348001,4345.37093465554,17797.270367537683,3442.5177176735315,1594.6595342285002,4176.879154491993,33175.201393151416,1031.7481372110806,51.87601239111328,75.16425903361511,80.95288180729865,44.88452037718963,54.656434575775144,201.9170103576355,522.2970186684532,14603.681573553886,2875.2750105365903,966.2280247037118,2821.3464089145045,848.6498153353737,151.67545074676983,591.8868661191995,6348.619997197714,76649.25619708667,12117.357095348001,4345.37093465554,17797.270367537683,3442.5177176735315,1594.6595342285002,4176.879154491993,33175.201393151416,1031.7179928569544,51.87601239111328,75.16425903361511,80.95288180729865,44.88452037718963,54.656434575775144,201.9170103576355,522.2668743143272
2008.0,14880.509637537365,2872.443804037567,1004.8400154958596,2839.5256641648425,894.6060287331803,159.6574092914811,614.0371727029592,6495.399543111491,79890.00671996584,12344.384276549,4505.23560749642,18063.36507944876,3745.861780027391,1630.9291581529747,4522.023502364975,35078.2073159263,1043.5529671160473,52.378408991577146,75.98908820011138,81.3636797935338,46.37742445509338,56.138760817443845,204.71626364547728,526.5893412128105,14880.509964004645,2872.443804037567,1004.8400154958596,2839.5256641648425,894.6064278227296,159.6574092914811,614.0371727029592,6495.399470489223,79890.00671996584,12344.384276549,4505.23560749642,18063.36507944876,3745.861780027391,1630.9291581529747,4522.023502364975,35078.2073159263,1043.549062538838,52.378408991577146,75.98908820011138,81.3636797935338,46.37742445509338,56.138760817443845,204.71626364547728,526.585436635601,14880.507560523736,2872.443804037567,1004.8400154958596,2839.5256641648425,894.6039762043456,159.6574092914811,614.0371727029592,6495.3995186266975,79890.00671996584,12344.384276549,4505.23560749642,18063.36507944876,3745.861780027391,1630.9291581529747,4522.023502364975,35078.2073159263,1043.572969736897,52.378408991577146,75.98908820011138,81.3636797935338,46.37742445509338,56.138760817443845,204.71626364547728,526.6093438336601,14880.509987222458,2872.443804037567,1004.8400154958596,2839.5256641648425,894.6064278227296,159.6574092914811,614.0371727029592,6495.399493707037,79890.00671996584,12344.384276549,4505.23560749642,18063.36507944876,3745.861780027391,1630.9291581529747,4522.023502364975,35078.2073159263,1043.5578445797923,52.378408991577146,75.98908820011138,81.3636797935338,46.37742445509338,56.138760817443845,204.71626364547728,526.5942186765556,14880.512577175712,2872.443804037567,1004.8400154958596,2839.5256641648425,894.6089935076762,159.6574092914811,614.0371727029592,6495.399517975344,79890.00671996584,12344.384276549,4505.23560749642,18063.36507944876,3745.861780027391,1630.9291581529747,4522.023502364975,35078.2073159263,1043.5275962234082,52.378408991577146,75.98908820011138,81.3636797935338,46.37742445509338,56.138760817443845,204.71626364547728,526.5639703201713
2009.0,14744.741620905399,2799.1667434357455,984.3748310436368,2711.8363529951394,893.444392693801,165.2388649780073,655.6717684458458,6535.0086673132055,83307.03780242024,12461.263772017,4641.699907424991,18366.409994557074,4029.4438924339065,1668.897525229209,4890.045166937999,37249.27754382004,1055.3435844499363,52.87162366635132,76.8082615214157,81.76817848093843,47.860649450866696,57.65998133422851,207.46473979739378,530.9101501987419,14744.742040945855,2799.1667434357455,984.3748310436368,2711.8363529951394,893.4448261254994,165.2388649780073,655.6717684458458,6535.008653921967,83307.03780242024,12461.263772017,4641.699907424991,18366.409994557074,4029.4438924339065,1668.897525229209,4890.045166937999,37249.27754382004,1055.3396677921605,52.87162366635132,76.8082615214157,81.76817848093843,47.860649450866696,57.65998133422851,207.46473979739378,530.906233540966,14744.73943316559,2799.1667434357455,984.3748310436368,2711.8363529951394,893.4421637706789,165.2388649780073,655.6717684458458,6535.00870849652,83307.03780242024,12461.263772017,4641.699907424991,18366.409994557074,4029.4438924339065,1668.897525229209,4890.045166937999,37249.27754382004,1055.3636593768772,52.87162366635132,76.8082615214157,81.76817848093843,47.860649450866696,57.65998133422851,207.46473979739378,530.9302251256828,14744.74207439049,2799.1667434357455,984.3748310436368,2711.8363529951394,893.4448261254994,165.2388649780073,655.6717684458458,6535.008687366604,83307.03780242024,12461.263772017,4641.699907424991,18366.409994557074,4029.4438924339065,1668.897525229209,4890.045166937999,37249.27754382004,1055.3484815584568,52.87162366635132,76.8082615214157,81.76817848093843,47.860649450866696,57.65998133422851,207.46473979739378,530.9150473072624,14744.74484692295,2799.1667434357455,984.3748310436368,2711.8363529951394,893.4476123039316,165.2388649780073,655.6717684458458,6535.008673720629,83307.03780242024,12461.263772017,4641.699907424991,18366.409994557074,4029.4438924339065,1668.897525229209,4890.045166937999,37249.27754382004,1055.318125435166,52.87162366635132,76.8082615214157,81.76817848093843,47.860649450866696,57.65998133422851,207.46473979739378,530.8846911839714
2010.0,15520.627957310453,2871.4183769158467,1044.9609236387369,2773.2928793264546,928.0949418089261,174.02396468464613,706.1643148688462,7022.672556067006,87060.34361292578,12583.402906058001,4812.150787703832,18654.609691134163,4303.240358993376,1707.123954294348,5304.952576713637,39694.8633380284,1067.0402805309552,53.344889719512935,77.6232352857666,82.16196789971828,49.27185211170196,59.2205093973999,210.17350789901732,535.2443182178382,15520.628336959498,2871.4183769158467,1044.9609236387369,2773.2928793264546,928.0954002464888,174.02396468464613,706.1643148688462,7022.672477278497,87060.34361292578,12583.402906058001,4812.150787703832,18654.609691134163,4303.240358993376,1707.123954294348,5304.952576713637,39694.8633380284,1067.0363512216902,53.344889719512935,77.6232352857666,82.16196789971828,49.27185211170196,59.2205093973999,210.17350789901732,535.2403889085731,15520.625530487745,2871.4183769158467,1044.9609236387369,2773.2928793264546,928.0925841156676,174.02396468464613,706.1643148688462,7022.6724869375585,87060.34361292578,12583.402906058001,4812.150787703832,18654.609691134163,4303.240358993376,1707.123954294348,5304.952576713637,39694.8633380284,1067.060407110362,53.344889719512935,77.6232352857666,82.16196789971828,49.27185211170196,59.2205093973999,210.17350789901732,535.264444797245,15520.62833523914,2871.4183769158467,1044.9609236387369,2773.2928793264546,928.0954002464888,174.02396468464613,706.1643148688462,7022.6724755581345,87060.34361292578,12583.402906058001,4812.150787703832,18654.609691134163,4303.240358993376,1707.123954294348,5304.952576713637,39694.8633380284,1067.0451876894026,53.344889719512935,77.6232352857666,82.16196789971828,49.27185211170196,59.2205093973999,210.17350789901732,535.2492253762855,15520.631322676503,2871.4183769158467,1044.9609236387369,2773.2928793264546,928.0983473881986,174.02396468464613,706.1643148688462,7022.6725158537865,87060.34361292578,12583.402906058001,4812.150787703832,18654.609691134163,4303.240358993376,1707.123954294348,5304.952576713637,39694.8633380284,1067.0147507663678,53.344889719512935,77.6232352857666,82.16196789971828,49.27185211170196,59.2205093973999,210.17350789901732,535.2187884532509
2011.0,16103.643355489537,2941.7927916214494,1082.7783780547595,2820.823479005863,979.4184339602557,182.87072097831316,750.3616484112193,7345.597903457648,90979.22759499638,12721.034320061,4996.640081880481,18857.749022175725,4589.849670360656,1747.2863721246458,5771.513295449994,42295.15483294388,1076.2538545893044,53.78464605615234,78.25887158036804,82.5302686750779,50.32698590968322,60.485999090667725,212.5330906687317,538.3339926086235,16106.836987479239,2941.096675525184,1083.6876095126438,2820.2912868552808,980.3077653006977,183.19262767073528,751.4825118992469,7346.778510715466,90979.22759499638,12721.034320061,4996.640081880481,18857.749022175725,4589.849670360656,1747.2863721246458,5771.513295449994,42295.15483294388,1077.0795781780184,53.77192185583496,78.33393778889464,82.52436761998558,50.38296274822235,60.61436305438232,212.84806837683104,538.6039567338677,16096.838278439625,2936.9342711560225,1084.6228083280437,2817.0574528958773,977.9431187275403,183.41134052143633,752.3431957176591,7344.526091093077,90979.22759499638,12721.034320061,4996.640081880481,18857.749022175725,4589.849670360656,1747.2863721246458,5771.513295449994,42295.15483294388,1077.5381270552944,53.69561471075439,78.42380919034576,82.45109017883348,50.37409556462097,60.70942808154297,213.09738479904175,538.7867045301551,16099.297860849718,2939.742041221422,1082.9249959326037,2818.9783377835843,979.8502397674058,183.40668986511875,750.9061254579527,7343.489430821607,90979.22759499638,12721.034320061,4996.640081880481,18857.749022175725,4589.849670360656,1747.2863721246458,5771.513295449994,42295.15483294388,1076.624402768628,53.74713682855224,78.29668132848357,82.48765896511935,50.35803590213776,60.70587308789062,212.678806953186,538.3502097032585,16115.488043459207,2945.4182333948233,1082.5723584258371,2823.479161300881,982.3706067474549,182.87912638262443,750.2472542502355,7348.521302957331,90979.22759499638,12721.034320061,4996.640081880481,18857.749022175725,4589.849670360656,1747.2863721246458,5771.513295449994,42295.15483294388,1076.3878254615906,53.85110323913574,78.23774283153534,82.59721575594806,50.37675624886322,60.481824859954834,212.49164671359253,538.351535812561
2012.0,16718.628439494078,3013.8921725632063,1122.059787462643,2869.513898307543,1034.0787482572973,192.2151865563793,797.356803591848,7689.511842755185,95255.27814418128,12888.609334592002,5188.9853750594375,19105.039068512662,4895.461570525063,1796.0178402856375,6254.341138039579,45126.8238171669,1085.5975406431598,54.22804687698364,78.900628151268,82.90162955624199,51.41439997760772,61.77984795144653,214.91961771707153,541.4533704125404,16725.571264627615,3012.466450366753,1123.947862881071,2868.4470594527693,1035.9499814060812,192.89316517627566,799.7401485646163,7692.126596780006,95255.27814418128,12888.609334592002,5188.9853750594375,19105.039068512662,4895.461570525063,1796.0178402856375,6254.341138039579,45126.8238171669,1087.275092717154,54.202395855712886,79.05219187280274,82.88984098647546,51.52867666103363,62.042492129943845,215.55723715374754,542.0022580574379,16705.207446401993,3003.9448213884416,1125.894870160374,2861.9052139835035,1030.868576764512,193.35637412288,801.5719086221131,7687.665681360178,95255.27814418128,12888.609334592002,5188.9853750594375,19105.039068512662,4895.461570525063,1796.0178402856375,6254.341138039579,45126.8238171669,1088.1807303574467,54.048647117584224,79.2337389942398,82.74278541005516,51.50769593255615,62.23726467010498,216.06263369418335,542.347964538723,16709.89074978452,3009.6918436589754,1122.3697877145578,2865.7781606616813,1034.9918725859782,193.34660160777403,798.5100199855453,7685.202463570016,95255.27814418128,12888.609334592002,5188.9853750594375,19105.039068512662,4895.461570525063,1796.0178402856375,6254.341138039579,45126.8238171669,1086.352838868904,54.15243598321533,78.97709076374817,82.81615066779709,51.47805303153228,62.23014081613159,215.21492286267087,541.4840447438087,16743.152063288915,3021.3257000366702,1121.6328970115037,2874.90706033848,1040.428071999209,192.23240543318198,797.1140972748931,7695.511831194946,95255.27814418128,12888.609334592002,5188.9853750594375,19105.039068512662,4895.461570525063,1796.0178402856375,6254.341138039579,45126.8238171669,1085.8978929476136,54.36214820526123,78.85809774169158,83.03634444005299,51.51946132871246,61.77147055175781,214.8359067857971,541.5144638943405
2013.0,17367.75568608746,3087.7585149341994,1162.865885457812,2919.3987595053836,1092.3226983163015,202.08784015252226,847.3283315415937,8055.993656179656,99681.77895162262,13062.800540932001,5383.416218569152,19313.473964846267,5180.933414749828,1852.8088665725804,6710.139523966113,48178.20642198667,1095.0741255657254,54.675115440979,79.54856063818359,83.27607474035453,52.53538543187713,63.1027190826416,217.33349404891968,544.6027761827697,17379.061330143664,3085.5680196769877,1165.80675729656,2917.7949966192136,1095.2775478084634,203.15904323005526,851.1290667293471,8060.325898783009,99681.77895162262,13062.800540932001,5383.416218569152,19313.473964846267,5180.933414749828,1852.8088665725804,6710.139523966113,48178.20642198667,1097.6261867885212,54.636328835357666,79.77807540171051,83.2584006143918,52.710394210327145,63.50577313424682,218.3014918373413,545.435722755146,17347.951578294553,3072.4852083130154,1168.8474587108647,2907.8702095124686,1087.083090412514,203.89498913968077,854.0530220427441,8053.7176001632115,99681.77895162262,13062.800540932001,5383.416218569152,19313.473964846267,5180.933414749828,1852.8088665725804,6710.139523966113,48178.20642198667,1098.991699738706,54.404019718414304,80.05315685296631,83.03707842794942,52.67377669149017,63.805070973541255,219.06984509448242,545.9487519798622,17354.587656483265,3081.306285247705,1163.357519918697,2913.7259346860405,1093.7725916735744,203.8795274513095,849.1603104598036,8049.385487046165,99681.77895162262,13062.800540932001,5383.416218569152,19313.473964846267,5180.933414749828,1852.8088665725804,6710.139523966113,48178.20642198667,1096.2339246129723,54.56080516680908,79.6645469690094,83.14746008026123,52.63329363526153,63.794347274597165,217.78230252145386,544.6511689655799,17405.862616721854,3099.18915289798,1162.2025631076356,2927.613035090664,1102.5722695838037,202.11429291346195,846.9418585224336,8065.229444605847,99681.77895162262,13062.800540932001,5383.416218569152,19313.473964846267,5180.933414749828,1852.8088665725804,6710.139523966113,48178.20642198667,1095.5481834362115,54.878058665466305,79.48436093080902,83.4793728385706,52.701728518013,63.09011838537597,217.2066441145935,544.7078999833832
2014.0,18053.364918793974,3163.435410159432,1205.2603681187225,2970.5139708002544,1154.41805406379,212.5211540463985,900.4654559034868,8446.75050570188,104207.43678274161,13255.848042357,5551.815267467381,19419.171263521355,5507.481500682078,1917.931046308875,7179.395121996383,51375.79454040853,1104.6863878641605,55.1258854767456,80.20273345845794,83.65363152798652,53.69133063913726,64.45528869787597,219.7749539288025,547.7825641351546,18069.711752715462,3160.4435701559723,1209.3324086152325,2968.3721984612207,1158.5672929155546,214.02605909496057,905.8534677113804,8453.116755761168,104207.43678274161,13255.848042357,5551.815267467381,19419.171263521355,5507.481500682078,1917.931046308875,7179.395121996383,51375.79454040853,1108.1362870233902,55.07374939614868,80.51167699196624,83.63008728193522,53.92958200061798,65.00511301565551,221.08129534039307,548.9047829966736,18027.457087333147,3142.589244049646,1213.5537889160526,2954.9882457646618,1146.8174089848187,215.06552063905724,910.0027815614952,8444.440097417395,104207.43678274161,13255.848042357,5551.815267467381,19419.171263521355,5507.481500682078,1917.931046308875,7179.395121996383,51375.79454040853,1109.974518771164,54.761733832794185,80.88218300148773,83.3339978017578,53.87347278205871,65.41390802999878,222.11966239886473,549.5895609242019,18035.733989902714,3154.624658353479,1205.9530563104267,2962.8568979518045,1156.4646477118877,215.04387976349153,903.0526555082658,8437.738194303367,104207.43678274161,13255.848042357,5551.815267467381,19419.171263521355,5507.481500682078,1917.931046308875,7179.395121996383,51375.79454040853,1106.2711097405681,54.972267331695555,80.35911833576202,83.48161695461845,53.82517122730255,65.39958569598389,220.3812907799072,547.8520594152984,18106.035198557853,3179.0593661657776,1204.3441762642801,2981.6353031688127,1169.130896966113,212.5573278110362,899.9183834111951,8459.389744770675,104207.43678274161,13255.848042357,5551.815267467381,19419.171263521355,5507.481500682078,1917.931046308875,7179.395121996383,51375.79454040853,1105.3420182067298,55.39888580636597,80.11659499773407,83.92634028002549,53.92539635719299,64.43846493054198,219.60407254702758,547.9322632878418
2015.0,18777.976477286004,3240.967335143975,1249.309841196634,3022.8963601612795,1220.6538654806598,223.54975327523908,956.9702385518443,8863.62908347639,109205.91606481383,13455.205765715002,5707.098536624696,19768.686079491486,5838.070033378656,1984.2334313849894,7678.595938393141,54774.02627982588,1114.4373259577912,55.58039128265381,80.86321171204376,84.03431487003803,54.88364300068665,65.83826261071778,222.2443836524658,550.9931188291855,18800.112693490588,3237.136620498765,1254.5963626304629,3020.2158120268487,1226.1192340065634,225.5323029796755,964.1309679019931,8872.38139344631,109205.91606481383,13455.205765715002,5707.098536624696,19768.686079491486,5838.070033378656,1984.2334313849894,7678.595938393141,54774.02627982588,1118.8088729084911,55.514691990539546,81.25309099079132,84.00491224695014,55.18777628609466,66.54141606652831,223.897067311615,552.4099180159722,18746.29668529592,3214.2931200717785,1260.0905794471016,3003.2958278774627,1210.3202960791314,226.90902496685987,969.6513884010003,8861.736448452633,109205.91606481383,13455.205765715002,5707.098536624696,19768.686079491486,5838.070033378656,1984.2334313849894,7678.595938393141,54774.02627982588,1121.1327537655516,55.12181214944458,81.72092376844024,83.63356687129878,55.10798334350586,67.064881415802,225.212660598114,553.2709256189461,18755.858279422035,3229.687839479935,1250.2246979076515,3013.207047692042,1223.3639410972999,226.8806172037569,960.3959682378361,8852.098167803497,109205.91606481383,13455.205765715002,5707.098536624696,19768.686079491486,5838.070033378656,1984.2334313849894,7678.595938393141,54774.02627982588,1116.468059770198,55.38684995361328,81.06090770949554,83.81863442066097,55.05520591529083,67.04695627062988,223.01233164855955,551.0871738519478,18846.272406439304,3260.9887072224656,1248.1232967738906,3037.0135260261527,1240.4617735071738,223.59608018194913,956.2442528106905,8879.844769916985,109205.91606481383,13455.205765715002,5707.098536624696,19768.686079491486,5838.070033378656,1984.2334313849894,7678.595938393141,54774.02627982588,1115.2829836535702,55.92468628771972,80.75485551692962,84.37727641172981,55.192430792526245,65.81719884082031,222.02860887557983,551.1879269282646
2016.0,19552.265208352037,3338.8653433805566,1295.4415941428836,3087.4347866809335,1275.3810540246307,236.49995561433286,1021.1153068157387,9297.527167692919,114346.29302551234,13649.426753671001,5829.546110072599,20069.69132124794,6158.247856481125,2048.3675579746036,8215.89404418953,58375.119381875535,1122.3297716552947,56.04326905670166,81.38600402429962,84.34322116263056,55.72565549351501,67.10970344689942,224.3436841342468,553.3782343370018,19562.22896091469,3330.965848938558,1301.7178801024634,3082.6591003924113,1282.6468562758603,238.59192638552773,1028.8510970289049,9296.796251790956,114346.29302551234,13649.426753671001,5829.546110072599,20069.69132124794,6158.247856481125,2048.3675579746036,8215.89404418953,58375.119381875535,1128.1131130727915,55.95761770025634,81.91290386676788,84.30318983976697,56.131138611816404,68.01219883444213,226.52169835183716,555.2743658679046,19477.017154714464,3296.7151047750876,1308.5648597046609,3058.3633660131345,1263.9878251393725,240.03218230763727,1035.162535751485,9274.191281023139,114346.29302551234,13649.426753671001,5829.546110072599,20069.69132124794,6158.247856481125,2048.3675579746036,8215.89404418953,58375.119381875535,1131.446941856882,55.40357474642944,82.56897917785645,83.80322704874992,56.098856440307614,68.72676880493164,228.35621715499877,556.4893184836083,19505.644531669102,3322.412507623915,1295.641107817522,3073.616606961174,1279.743285260163,239.9326765720468,1023.2541605306302,9271.044186903662,114346.29302551234,13649.426753671001,5829.546110072599,20069.69132124794,6158.247856481125,2048.3675579746036,8215.89404418953,58375.119381875535,1125.08935078613,55.78350705014038,81.65785452988433,84.05200967746448,55.96736058457947,68.70147096176147,225.39341265930176,553.533735322998,19662.444628408477,3369.3376176639485,1294.4092141528504,3107.9850046404968,1301.4255507734445,236.73021181233747,1021.1644534281675,9331.3925759372,114346.29302551234,13649.426753671001,5829.546110072599,20069.69132124794,6158.247856481125,2048.3675579746036,8215.89404418953,58375.119381875535,1123.4654854900784,56.530759574005124,81.23258142269897,84.81333535562182,56.0899091495285,67.0762454871521,224.06469812530517,553.6579563757667
2017.0,20369.024593609905,3439.722510833659,1343.3364280158116,3153.565559249612,1332.653175243225,250.26050417139663,1089.5901853276455,9759.896230768567,119878.68867533372,13854.642153595001,5966.493884592488,20520.19656281121,6454.307100130125,2106.807827252098,8797.83437038629,62178.4067765665,1130.314978048677,56.510008288238524,81.91291538574981,84.65449663845968,56.582688805816645,68.40699259793091,226.46332235287474,555.7845539796066,20365.575129196848,3427.516826714618,1350.6698848395138,3146.613051436561,1341.8762473783368,252.46956336384633,1097.9434217902808,9748.486133673716,119878.68867533372,13854.642153595001,5966.493884592488,20520.19656281121,6454.307100130125,2106.807827252098,8797.83437038629,62178.4067765665,1137.5418573781576,56.40409602325439,82.57896750591277,84.60386231812572,57.09276313928985,69.51694578204345,229.17770716693113,558.1675154426002,20247.27254247401,3381.2533279234112,1358.9685916558585,3114.6955355165173,1320.160422557879,253.98173545147205,1105.1267309166133,9713.086198452253,119878.68867533372,13854.642153595001,5966.493884592488,20520.19656281121,6454.307100130125,2106.807827252098,8797.83437038629,62178.4067765665,1141.9192102894283,55.6867865810852,83.42691409068298,83.97490125333738,57.10898800047302,70.43141966888427,231.54451034655762,559.7456903484077,20295.551228365177,3417.8020770324797,1342.7705918458753,3135.45391463799,1338.8195564819928,253.7996543134884,1090.249638027162,9716.655796026156,119878.68867533372,13854.642153595001,5966.493884592488,20520.19656281121,6454.307100130125,2106.807827252098,8797.83437038629,62178.4067765665,1133.8367600252714,56.18302087380981,82.26031167266845,84.28740437437344,56.897552398742675,70.39858288793945,227.8013261185913,556.0085616991463,20524.54025267501,3481.2888430081107,1342.4735430974083,3180.82312902633,1365.4826576033672,250.69557109154076,1090.5246818446878,9813.251827003483,119878.68867533372,13854.642153595001,5966.493884592488,20520.19656281121,6454.307100130125,2106.807827252098,8797.83437038629,62178.4067765665,1131.747024452149,57.14342921295166,81.71403783478546,85.25315742044496,57.005466282569884,68.36098346832276,226.1200374340515,556.1499127990227
2018.0,21231.012359662946,3543.629011524473,1393.0641433092899,3221.333140680959,1392.5936278849545,264.8863017585831,1162.6884420909732,10252.817692413782,125525.91630965639,14079.302873513001,6093.599377283997,20801.564306675442,6746.551114097844,2176.672411220155,9431.286015389403,66196.94021147653,1138.3942934561892,56.98065351174927,82.44398748031615,84.96813890848637,57.45504060607147,69.73066193243407,228.6034936020813,558.2123174150505,21212.7751882239,3526.8681813524868,1401.5255810690462,3212.1203903354753,1403.9417629281913,267.22035795093115,1171.704777794209,10229.394136793488,125525.91630965639,14079.302873513001,6093.599377283997,20801.564306675442,6746.551114097844,2176.672411220155,9431.286015389403,66196.94021147653,1147.0971306256342,56.85414880215454,83.25134494512176,84.906945897542,58.07303408573151,71.05645346496581,231.8655203632202,561.0896830668984,21059.58971397421,3467.961466472759,1411.3806551006949,3172.327720305329,1378.9623500975365,268.8137150436532,1179.8478260102456,10180.295980943942,125525.91630965639,14079.302873513001,6093.599377283997,20801.564306675442,6746.551114097844,2176.672411220155,9431.286015389403,66196.94021147653,1152.552348981061,55.97144816412353,84.29484718480683,84.14859710133075,58.1387773334732,72.17995528393554,234.778209861145,563.0405140522461,21128.10614940306,3515.9321943799837,1391.6800758082397,3198.758923452381,1400.7274802391032,268.5360699624878,1161.655769621529,10190.815635939398,125525.91630965639,14079.302873513001,6093.599377283997,20801.564306675442,6746.551114097844,2176.672411220155,9431.286015389403,66196.94021147653,1142.7125465680742,56.58540212750244,82.86834587294005,84.52483544065188,57.84618555466461,72.13941285171508,230.23633501937866,558.5120297012214,21435.600154601256,3596.962319851959,1392.386831697842,3255.582851210742,1432.7961656820717,265.5490944435183,1164.6300725799397,10327.692819135202,125525.91630965639,14079.302873513001,6093.599377283997,20801.564306675442,6746.551114097844,2176.672411220155,9431.286015389403,66196.94021147653,1140.129137161899,57.76277355615234,82.19925379557037,85.69677827941847,57.93955191064453,69.67196237564086,228.19481121786498,558.6640060266075
2019.0,22141.18535759282,3650.677168493684,1444.6968047601817,3290.7847836692913,1455.332440471277,280.43648285204165,1240.7230831377367,10778.534594208575,131421.4422826395,14301.512189708,6216.603471351345,21222.104170248807,7046.524835724813,2254.7656680173095,10037.099484838398,70342.83246275083,1146.5690509258393,57.45523820822143,82.9792430599594,85.28417717696857,58.34301147554779,71.08127510778809,230.7643255166931,560.661780380661,22106.639441453804,3629.1015903447637,1454.3614487460989,3279.2248166481386,1468.9847741163649,282.903667852561,1250.4519526002323,10741.611191145596,131421.4422826395,14301.512189708,6216.603471351345,21222.104170248807,7046.524835724813,2254.7656680173095,10037.099484838398,70342.83246275083,1156.7810805317506,57.30781121331787,83.93009924398804,85.21245923548985,59.07234518225098,72.63155996017456,234.58550022161864,564.0413054749107,21916.673734899392,3556.8953274672185,1465.883611267689,3231.2976572232724,1440.523671830262,284.5882238101514,1259.6506199166158,10677.834623384142,131421.4422826395,14301.512189708,6216.603471351345,21222.104170248807,7046.524835724813,2254.7656680173095,10037.099484838398,70342.83246275083,1163.3492887445402,56.25756771353149,85.1729139863739,84.3243498577795,59.188635721969604,73.97353970547485,238.05792032034302,566.3743614390678,22006.01209043182,3616.882304737836,1442.4386094613053,3263.572737930331,1465.608567806242,284.2003499193763,1237.764013058384,10695.545507518264,131421.4422826395,14301.512189708,6216.603471351345,21222.104170248807,7046.524835724813,2254.7656680173095,10037.099484838398,70342.83246275083,1151.719219917333,56.99067806298828,83.48199557658386,84.76432553556967,58.81367790601349,73.9251104710083,232.698806788208,561.0446255769615,22398.883789061587,3716.481130295845,1444.2225880170547,3332.320445255638,1503.536516628982,281.35202347139347,1243.806697369369,10877.164388023217,131421.4422826395,14301.512189708,6216.603471351345,21222.104170248807,7046.524835724813,2254.7656680173095,10037.099484838398,70342.83246275083,1148.6133592567587,58.38885368450927,82.6882597845993,86.14421245235347,58.8925629960022,71.00974000024414,230.28920045184324,561.200529887207
2020.0,23102.71125760371,3760.9613684504297,1498.310164209214,3361.9681801751503,1521.0058906028821,296.9746867514955,1324.0295477963286,11339.461419618241,134201.02642377815,14586.090804116,6224.938251459493,21529.53423984907,7145.500182107313,2272.343847829033,10211.60387116567,72231.01522725157,1154.8407379814462,57.933784041351316,83.51872973052215,85.60262288912678,59.24691914755249,72.45940872531128,232.94610395651245,563.1331694910698,23050.168230582924,3734.2999403156505,1509.256509710313,3347.9717618421073,1537.1543689974199,299.58322746525823,1334.5230472626354,11287.37937498954,134201.02642377815,14586.090804116,6224.938251459493,21529.53423984907,7145.500182107313,2272.343847829033,10211.60387116567,72231.01522725157,1166.5956534001884,57.765103768463135,84.6152822581253,85.52041942132186,60.091102178718565,74.2431194165039,237.33800052072144,567.0226258363342,22821.41647626739,3648.112403566726,1522.563367054499,3291.643783652769,1504.9820218214588,301.3697528620567,1344.8820543355976,11207.863092974272,134201.02642377815,14586.090804116,6224.938251459493,21529.53423984907,7145.500182107313,2272.343847829033,10211.60387116567,72231.01522725157,1174.3129642772283,56.54515697891235,86.0612380170288,84.50217742121029,60.25897931106567,75.8133330033264,241.3843831326599,569.7476964130249,22932.157527844454,3720.7339117559854,1495.1188415951988,3329.936845726589,1533.6116879150504,300.85524215437425,1318.8852190874466,11233.015779609828,134201.02642377815,14586.090804116,6224.938251459493,21529.53423984907,7145.500182107313,2272.343847829033,10211.60387116567,72231.01522725157,1160.8592011570342,57.39887694024658,84.10133520227814,85.00587741712427,59.80044698511505,75.75686706582641,235.1890852739563,563.6067122724876,23417.89064969686,3839.974173355279,1498.0571763306266,3411.0955184767663,1577.8844074606307,298.1703128861101,1328.4032558339416,11464.305805353491,134201.02642377815,14586.090804116,6224.938251459493,21529.53423984907,7145.500182107313,2272.343847829033,10211.60387116567,72231.01522725157,1157.2012537098065,59.02175477493286,83.18107592794037,86.59551162226677,59.864953001640316,72.37489359564209,232.40341112078858,563.7596536665955
2021.0,24034.495607787798,3859.051785699859,1552.858242875068,3432.125169685574,1586.183389192524,315.7532748821856,1413.422153645486,11875.101591807044,137303.80769798244,14909.238018848,6304.960942517933,21593.28722509086,7179.303142859,2281.690096725451,10346.141632575618,74689.18663936557,1161.3506868919624,58.4031084956665,83.92831365480804,85.89040364315271,59.99420097403717,73.71468541958617,234.71394996017455,564.7060247445373,23873.239006048894,3819.9838582475563,1559.380673209222,3410.4399124088573,1601.1895873173198,316.61428896023557,1415.7153653249866,11749.915320580747,137199.5216156707,14899.333631950001,6306.230199663935,21587.052943816674,7184.781228868501,2281.9676504624517,10346.668735764193,74593.48722514491,1174.9202296429028,58.208647704132076,85.20499315917205,85.79697893388033,60.98172699676513,75.7563453960266,239.75113366802978,569.2204037848968,23531.41010319844,3714.5440943586937,1568.996983110848,3338.629918959484,1562.8217299048538,316.86151016637444,1418.606664097319,11610.949202600905,137082.54363622153,14872.826703426,6308.162959144501,21566.307490530635,7176.804703290094,2282.0818078360444,10347.537097215,74528.82287477927,1184.0644316380076,56.73369840084839,86.91835253175354,84.57151318509626,61.215976883117676,77.63478536618041,244.554745763916,572.4353595070953,23752.195963357943,3814.849069992549,1541.6088184970185,3393.5411524984656,1599.9668655232967,315.9344901520557,1393.4048481163961,11692.890718578088,137146.30100967386,14898.21708256,6302.197858743504,21582.33993653995,7187.408248057532,2281.6304822458656,10335.489850995411,74559.01755053157,1168.2155427624243,57.77135864901733,84.58632096437073,85.18197564188385,60.648341365936275,77.56094681768799,237.23552957186888,565.2310697516593,24511.20238437188,3963.145391485847,1558.0051417502193,3499.794721600558,1659.4294855887713,318.70226998467456,1426.2149220935335,12085.910451868347,137503.2211796384,14935.546033796001,6306.578957054205,21613.244434068823,7201.447340574907,2282.7193415314714,10352.896101758786,74810.78897085424,1164.1568849056864,59.71676712234497,83.5191579667282,87.08425824534702,60.69323458287048,73.60626142208862,234.0712345967407,565.4659709695663
2022.0,25014.649912096364,3959.706230604962,1609.443982062856,3503.963186299452,1654.280779330721,335.8112027793068,1508.8770692250705,12442.567461794006,140703.75328652197,15229.198353220001,6396.690319314947,21671.261932144298,7235.647563375219,2297.4477217225626,10514.98142431576,77358.5259724292,1167.9318725893463,58.876243554718016,84.34056578305817,86.18028824385691,60.752697354454035,74.99304284640503,236.4956354208374,566.2933993860169,24733.742874950003,3907.634974372299,1611.2151831851133,3474.2537053542824,1667.9746857085374,334.68838110957347,1501.862537695672,12236.113407524597,140421.82606829255,15206.561135344002,6397.745608238641,21656.447992784233,7246.381720360344,2297.158813102801,10510.894303137444,77106.6364953251,1183.3502870598093,58.65561624539184,85.79964183209991,86.07564818575526,61.887367531028744,77.30194493185425,242.18947660314942,571.4405917305297,24270.990390518356,3782.1873724918096,1616.889429268035,3386.4720787401666,1622.9657961684125,333.2135060157006,1496.3845811037916,12032.877626730475,140134.49132512958,15149.83398787,6400.282672351294,21610.459639146637,7229.25968683797,2296.6510232406467,10508.034698212325,76939.96961747068,1193.966944339757,56.922873739318845,87.7850568276596,84.64264997665119,62.18945996855926,79.50175625378418,247.76760541897582,575.157542154808,24608.516539606873,3911.349791677591,1589.5822692484949,3458.520703672252,1669.2344493788598,331.81876430564716,1472.1536464485155,12175.856914875416,140313.74133741562,15206.724934736001,6388.720872494458,21647.582487090836,7253.272372469313,2295.535885557478,10485.264851543236,77036.6399335243,1175.6834805012136,58.14627896740723,85.07518121018218,85.35965113380098,61.51128437595367,79.410042125885,239.30153742636108,566.8795052616233,25667.81973689445,4090.269459146955,1620.410774755811,3591.0516883746104,1745.2671094529621,340.745849030721,1531.266383532185,12748.808472601215,141186.90728700696,15287.278732552,6401.616771942906,21716.881478095715,7285.967749777032,2300.2468743240065,10533.281867725598,77661.63381258969,1171.1938156171116,60.41998945837402,83.8595598265457,87.5773575339055,61.53664117602539,74.86043582427978,235.75180480874633,567.1880269892349
2023.0,26046.088860648815,4062.9939722984063,1668.1455944703737,3577.5281947631997,1725.4350901189418,357.24170565125627,1610.8073331215865,13043.936970225019,144412.43037947203,15546.377843754,6500.205362372399,21763.03948367858,7313.368756940782,2319.838742192644,10718.942363155775,80250.65782737789,1174.5853914079485,59.353240463775634,84.75550331861876,86.47228612562655,61.52258812760162,76.29494788327025,238.291364414978,567.8954610740776,25633.6272487988,3997.297061681161,1664.8200518191907,3539.4455227770636,1737.6319494609695,353.87346495012025,1593.2670167262122,12747.292181384055,143875.0567837996,15508.236918664,6499.5187214321,21737.30653187371,7329.117201271157,2318.069121447459,10704.79273323566,79778.01555587548,1191.8872830308942,59.10601545980835,86.39926861113739,86.35641674393368,62.80829726280212,78.88063830334472,244.65320462011718,573.6834420297508,25041.571010179916,3851.063974930337,1666.2880816158556,3435.1891478030425,1685.510147463298,350.4762978214273,1578.4391565083142,12474.60420403758,143362.2976023526,15417.667884224002,6501.2999624501035,21661.681721190216,7301.649329456157,2316.1541942722683,10693.391746883179,79470.45276387669,1204.0231364780186,57.11268546835327,88.66147154651641,84.71560177775096,63.179749340850826,81.41537315438842,251.0235840984802,577.9146710916785,25502.943427007856,4010.29562031355,1639.0881387383586,3524.907864433114,1741.5451958695849,348.55335255535226,1555.3716028941642,12683.18165220371,143709.7758953985,15512.014263666,6484.507183583594,21724.83557997874,7341.928265618063,2314.1454118316115,10661.219282111993,79671.12590860853,1183.2649435884146,58.523633378784176,85.56797763939666,85.53889076247549,62.38960795489502,81.30531503359985,241.3872276168823,568.5522912023811,26891.95791071621,4221.474794448399,1685.3771586798168,3684.9495226602635,1835.6277475456334,364.4194199706112,1644.0943786470261,13456.014888764486,145269.27376983326,15641.657327376,6510.201592411864,21840.03186872594,7398.056280831563,2325.222301035793,10753.949335249376,80800.15506420276,1178.3130456422423,61.131534009185785,84.2022867018776,88.07485913071442,62.395486005661006,76.1378417842102,237.44500258169555,568.9260354288979
2024.0,27131.90746027556,4168.9817597527535,1729.0439136130756,3652.86834841669,1799.7904818400061,380.1450872822554,1719.653989557965,13681.423879812804,148442.89688186895,15861.168900042001,6615.609422026312,21868.255560889538,7411.5866348745,2349.1172658238647,10958.977529077616,83378.18156913514,1181.3120953153543,59.83409964428711,85.17313849263763,86.76641840891742,62.30407687041473,77.62082187905884,240.10125407031248,569.5122859497261,26574.952348563766,4089.018944044424,1720.2573690424967,3606.050222029949,1810.288904004307,374.24201840695883,1690.2508133685717,13284.844077667038,147567.24658160406,15804.803205374,6611.601595834518,21829.273994384348,7432.084796099125,2344.8712764716065,10928.952213070324,82615.65950037011,1200.5328151463623,59.559900337463375,87.00391406136322,86.63931510399246,63.74480132888794,80.4931392330017,247.14266184304807,575.9490832386055,25844.640028294576,3921.1958902223705,1717.2414278350473,3484.8008809813214,1750.5535428354437,368.70371639798077,1665.0063210060198,12937.138249016369,146772.06942341386,15676.865216298002,6611.23361592255,21719.697868740943,7393.0376715813445,2340.7083416069845,10903.972395174258,82126.55431408975,1214.235707210114,57.30312396685791,89.54770473606109,84.79038097035264,64.18714945597839,83.37684872994994,254.32325573812864,580.7072436127853,26437.40423362116,4111.749209526952,1690.1766167927724,3592.7375498615315,1817.0338699778852,366.18612293234395,1643.3137184786299,13216.207146051036,147341.8101407824,15814.474363226002,6589.571981382235,21813.73164587204,7452.507081840282,2337.5580607698857,10863.730525172532,82470.23648251941,1190.9621700004357,58.903441335174556,86.06473434751892,85.71972305167866,63.2836038576889,83.24796824459838,243.4928595040283,570.2498396597481,28188.129148348024,4356.890402902574,1753.0123144980605,3781.5730042096866,1930.7546954953052,389.8513832381971,1765.2777052248994,14210.769642779282,149769.70276502488,15999.049977944002,6632.512931322072,21982.332439989244,7537.0346868225315,2357.981838941868,11016.281845478605,84244.50904452657,1185.51581012261,61.85147925991821,84.54736960206604,88.57679408851051,63.27010728068542,77.43894844815063,239.1510256283264,570.6800858149528
2025.0,28275.40814827031,4277.741055601181,1792.2234827736113,3730.032886095758,1877.4974317497292,404.6296437660344,1835.8873359817057,14357.396312302322,152798.31683668014,16173.753334656001,6742.923634297532,21986.919128742633,7529.4453288165005,2385.6099649588027,11236.03934261306,86743.62610259563,1188.11294814985,60.31887030621338,85.59348074931336,87.06269238032245,63.097348302581786,78.97114156280517,241.92534906607054,571.1440657825432,27559.892120734068,4182.845515071368,1777.5916455189592,3674.1029156074997,1886.079734748774,395.8716872953261,1793.154996648115,13850.245625844074,151489.1751914062,16096.366092492,6733.504103406947,21931.89336701606,7553.972777848063,2377.674555034603,11183.226090532216,85612.53820507629,1209.2886523843626,60.017269748718256,87.61363272322845,86.9243516171317,64.69717393447112,82.140210790802,249.658071847229,578.2379417227821,26681.763371506033,3992.6062666582498,1769.800045189381,3535.3276562382002,1818.200584020806,387.9527723086807,1756.3342897743407,13421.541757316356,150347.9903695274,15927.561868170002,6729.157850825817,21783.663733511217,7502.231101809375,2370.2790011166867,11138.87842870165,84896.21838539263,1224.607421687593,57.494199275482174,90.4438810906372,84.86700742719793,65.21198995880127,85.38739879623412,257.6671573683166,583.5357877709235,27413.925680494373,4215.773875768559,1742.8998036671853,3662.044850965354,1895.8428751109134,384.7676595745969,1736.2487562233928,13776.347859184365,151202.36649078902,16114.29108957,6703.470922830846,21914.114026246694,7584.361106439595,2365.7285372115525,11092.285534333085,85428.11527415723,1198.777213060385,59.28572936929321,86.56550376569366,85.90215072495508,64.19362040299225,85.23918791717529,245.61860964489745,571.9724112353782,29561.177971505986,4496.652773162773,1823.4282902208695,3881.0105170012503,2030.9038460933502,417.18084239562137,1895.4373737892186,15016.564328842926,154703.12800941087,16359.818127432001,6769.109073775356,22144.480926111308,7702.980614289907,2399.0579839224383,11322.146924040266,88005.5343598396,1192.8034327802538,62.57994269555664,84.89481600128937,89.08320016428327,64.16082921902465,78.76421841900634,240.86997916351316,572.4504471175804
2026.0,29377.19084101953,4378.939722618731,1857.0409433711745,3811.8332160250748,1955.84179944836,431.7280132059831,1957.5151034625394,14984.292042887606,157419.21322832134,16482.109601116,6881.99366637725,22119.487019386033,7665.461894503625,2429.9964034160475,11550.13301191429,90290.03163160813,1193.0976191225238,60.773835088623045,85.87760014946747,87.32377047190427,63.749397433761594,80.16574701480103,243.32241763809202,571.8848513258743,28402.013709662853,4262.149472494601,1829.5136549847591,3739.717371815994,1957.2129560040808,417.44770967034856,1888.13773490128,14307.8348097918,155535.72450460258,16379.506748098001,6863.51536329803,22043.89010574503,7691.953113079126,2416.220381221357,11461.69940077788,88678.93939238314,1216.4781265819893,60.440287488800045,88.1148839845581,87.17124049943543,65.5308760633316,83.68686016067504,251.8161114584961,579.717866926693,27307.59237462779,4046.0855468418868,1811.6438543302975,3576.1419524765897,1880.2604525666736,405.39436870571797,1830.0340895481586,13758.03211015846,153956.62636833795,16165.840394282,6852.151833623461,21850.639796673247,7626.479155530032,2404.010921233702,11388.027613399145,87669.47665359639,1233.6568998027706,57.60116779431152,91.27071110046386,84.8585373723774,66.15018783215332,87.38292078866577,260.78408409994506,585.6092908148537,28278.450362246727,4311.967494062699,1791.2993455481735,3733.1275703001234,1975.2115855566724,401.61488899152033,1818.7838755685345,14246.445602219035,155198.68562469815,16409.426010326002,6824.765438050482,22025.782280381718,7736.201974020063,2397.7831723715235,11340.08190714863,88464.64484239974,1204.7112433830155,59.60656657781982,86.91473405825042,86.00940818592167,64.96810647699738,87.20577223437499,247.2664111560974,572.7402446935539,30983.942915341533,4639.217028920386,1902.7141342369723,3995.2685661756436,2139.6122343919305,449.43972999246193,2040.0687299636388,15817.622491660493,160042.96446932573,16723.949704168,6921.471114343801,22329.41965205043,7896.500675286438,2449.9384564082784,11675.555906702748,92046.12896036604,1198.3551065437846,63.31097210385131,85.10405159693146,89.59097831390332,64.89509644200896,79.92799570983887,242.16168109991455,573.3643312773361
2027.0,30532.137630116875,4482.53686810599,1924.2661953188765,3895.641253248738,2037.6995528552143,460.794060711619,2087.2284776781285,15643.971222198334,162317.72614322382,16786.660134102,7032.97575345745,22265.698633214455,7819.303686745188,2482.675103714758,11902.57353016015,94027.83930182981,1198.135775983381,61.2322356720581,86.16324983957672,87.58665640135384,64.40982655419921,81.37980996762084,244.72793605865476,572.6360614899178,29275.709976770937,4342.956999375304,1883.0027699122352,3806.6451328433195,2031.1662130561256,440.30547819810005,1988.160401507244,14783.472981878638,159713.27086334172,16654.7552798,7001.696480015671,22165.02002134564,7845.622302081751,2460.714645457038,11764.931602250024,91820.53053239158,1223.7556477461194,60.86629184252929,88.61978496594237,87.41987782989406,66.3770153554306,85.26426235693359,253.9933047982483,581.2151105971412,27952.7258418311,4100.280795950002,1854.532391180944,3617.5651743242584,1944.5465284190475,423.6957927054264,1906.832839661751,14105.272319589776,157603.34607063123,16392.377440340002,6980.236108784519,21920.51967853481,7765.340975408719,2442.0117751580374,11651.679094088473,90451.18099831669,1242.850036634147,57.70833093624878,92.10618531552123,84.85178093249083,67.10330112220764,89.4271071595459,263.9395396502075,587.7137915179252,29174.622703502155,4410.358997047425,1841.0747949507765,3805.7099726997826,2057.96676334343,419.24294785284,1905.2815924670256,14734.987635140877,159336.57716892674,16700.30304563,6953.48198409665,22148.45351865003,7907.690953903531,2433.808946463139,11607.452295486588,91585.38642469676,1210.7458577462744,59.92916299334716,87.26646771512604,86.11780780222082,65.75518912302398,89.22017917355346,248.92713996566772,573.5299109733353,32487.4556758091,4786.302042126637,1985.5254561814234,4113.154565917786,2254.259815701625,484.3671550743869,2195.780953170981,16668.065687636277,165809.87021273057,17091.829225626003,7089.9387380601565,22536.963346722376,8117.616925739875,2511.2369969322544,12078.718382616666,96383.56659703326,1203.9714106444344,64.05057511300659,85.31471468629455,90.10325498306513,65.64105173773193,81.11084956341553,243.46093905056762,574.2900255103531
2028.0,31743.164371099298,4588.589429762939,1993.991454458709,3981.512787541934,2123.238480635394,491.9789967349034,2225.5672722424665,16338.285949722962,167507.00392949072,17087.824256286,7196.04954995567,22425.328468132393,7990.744593124156,2544.0875881772763,12294.817077964135,97968.1523958511,1203.2281014535413,61.69410048370361,86.45044582746887,87.85136622805071,65.07875804377747,82.61368577789307,246.14201842428588,573.3977266683617,30182.319847283048,4425.296378117695,1938.1085001271636,3874.9153214815597,2108.0564504772733,464.52540121479024,2093.4916737103363,15277.926122154287,164028.4500887494,16922.62330409,7148.116982311599,22295.062123140513,8014.675472945938,2511.3850144385956,12093.5587084662,95043.02848335657,1231.1226371333632,61.29530843661499,89.12837623802184,87.67026618360661,67.23579305534362,86.8730617340393,256.1899653027344,582.7298661830024,28617.840903358447,4155.202471333074,1898.4928853448403,3659.608567752494,2011.1429038453593,442.9019153995265,1986.8615212047746,14463.63063847834,161293.57814172152,16607.808689830003,7113.4386791658635,21993.220146094995,7918.471643910813,2484.4017988618234,11930.143692150561,93246.09349170748,1252.1892722165555,57.815699837219235,92.95038766746521,84.84675495577144,68.07158823500824,91.52118130743408,267.134043787323,589.8496164263344,30103.720910613552,4510.996306581339,1892.2667686002553,3879.8260622346165,2144.2557467264082,437.6894408765426,1995.9337746006395,15242.752810993745,163622.08256084615,16987.33992787,7089.655616983206,22281.878801678482,8098.600618563407,2473.8986912632226,11894.772605929715,94795.93629855808,1216.8829628894791,60.25349799160767,87.62074819216919,86.22734842843485,66.55511026419067,91.2835813645935,250.6009731521301,574.3417034963531,34076.838371134116,4938.049685785356,2072.0221017010945,4234.793662032279,2375.1788738411597,522.1952686993401,2363.4265947694334,17571.172184305397,172026.3356686059,17463.835937022002,7274.888375562714,22766.972318904744,8366.493325283876,2583.6398511000643,12534.098030099622,101036.40783063284,1209.6531717249718,64.79883658093262,85.5267906217308,90.62006141713714,66.39891051406097,82.31313752023316,244.7678116767883,575.2276233940887
2029.0,33013.36060838616,4697.156680640893,2066.312697528472,4069.5052764693755,2212.6348644103646,525.4457100089807,2373.107222722864,17069.1981566053,173001.1571352261,17386.006959572,7371.413533658042,22598.18267610704,8179.650104001063,2614.7259112532456,12728.4916971963,102122.68625343841,1208.3752042726603,62.159457677581784,86.73918898265076,88.11790959531497,65.75632297597504,83.86769092602539,247.56474865582274,574.1698854592895,31123.240210452026,4509.19755490603,1994.8811403169457,3944.558055324939,2188.005933445558,490.193090264538,2204.4127312211863,15791.991704972856,168488.21649208452,17183.606644422,7302.859418344793,22433.823297968527,8198.891177371532,2568.4839257862554,12448.28361683031,98352.2684113611,1238.5801505346092,61.72736044192504,89.640674165802,87.92241618093729,68.1074037094574,88.51390467227172,258.40611614505,584.2622752191658,29303.63372848376,4210.8591493595495,1943.5536558151832,3702.2830301986746,2080.1362809736515,463.05981447951456,2070.255492265785,14833.486305391325,165032.79787368557,16812.757509022,7251.796918770428,22068.67149469516,8085.604297601281,2531.311901570597,12223.75284024029,96058.90291178582,1261.676906372877,57.92325774630737,93.803417892807,84.84345869826316,69.05532898303223,93.666363169281,270.36802992803956,592.0170499551467,31067.083252582546,4613.931254849585,1944.9159307467073,3955.511186477225,2234.231935506207,456.9941058631335,2090.9417123429557,15770.557126796688,168061.6044976837,17270.940299656002,7233.334272827275,22425.836432614346,8308.799508472875,2518.1569915603154,12202.467675746988,98102.06931680588,1223.1244865744231,60.579594473083496,87.97757098847198,86.33803770070124,67.36811298094177,93.39722020907593,252.2880254739685,575.1759247481804,35757.56747267475,5094.608942721077,2162.3725451752475,4360.3165902275905,2502.7202320787505,563.1771730051942,2543.9226344807994,18530.449354986107,178716.81462532294,17840.356796768003,7476.732656535659,23019.360225231154,8643.423029294594,2667.9097400998594,13044.431698947099,106024.60047844656,1215.4012939637971,65.55586568850708,85.74029642256927,91.14144647802972,67.16887743042754,83.53519877035522,246.08229708364868,576.1773120902595
2030.0,34345.997541929566,4808.2975963791,2141.329455004905,4159.677366743754,2306.072740078664,561.370502871233,2530.4606224792014,17838.78925837271,178797.92912295958,17681.377159488,7559.1072982633505,22784.18732577196,8385.145728947,2695.097594145224,13204.900272517796,106488.11374382624,1213.577684821705,62.62834118395996,87.02947890937804,88.38629049209594,66.44263203997039,85.14219057168579,248.99605397122193,574.9526976533928,32099.93630358093,4594.689336970619,2053.373069896856,4015.60398054049,2271.1421781303256,517.399826624936,2321.2216602485705,16326.506251169152,173082.2150071252,17437.903997116002,7465.519987806249,22580.99973687378,8396.954769138782,2632.1607402995437,12829.021794151044,101739.65398173977,1246.129653545935,62.162461238311764,90.15671511837768,88.17633644478082,68.99208006738282,90.18747184164428,260.64206716189574,585.812521673542,30010.838801473317,4267.261612846804,1989.7438830742888,3745.6004849523747,2151.616976028498,484.2193481382603,2157.156926966158,15215.239569466947,168806.2098365961,17007.547320878002,7394.53498062162,22146.28269441833,8265.59448682175,2582.6752148468995,12531.577380436544,98877.99775857296,1271.315696914422,58.031023823394776,94.66538054197693,84.8419198557024,70.05478870281982,95.86395064205932,273.6420189986267,594.2166143498421,32066.10538841466,4719.216692456455,1999.0653504017646,4032.801052757576,2328.0561985336535,477.19844659138846,2190.5165385507817,16319.251109123108,172644.13667059917,17551.246124708003,7384.063421613525,22580.109540851896,8537.443550915219,2566.462215873217,12529.91254226766,101494.89927436966,1229.472472811161,60.907466286041256,88.33698468774413,86.4498743822708,68.19446012969208,95.56233301037597,253.98845644277952,576.0328978722572,37535.47966512719,5256.131272759484,2256.752476115776,4489.858288340855,2637.2550862273106,607.5886902002899,2738.258147041408,19549.63570444205,185887.11399103337,18221.633477696,7695.907383326282,23294.51902854356,8948.153977446844,2764.924093738865,13612.33316427311,111349.64286600875,1221.2165276288422,66.32176690447997,85.95523716326903,91.66744396814823,67.95118319150544,84.77735892492676,247.40448574987792,577.139051726635
2031.0,35582.016735588004,4910.64552273424,2216.800352559812,4251.824836630506,2394.1236805364933,599.4303145446278,2690.291918247066,18518.900110335268,184804.9185982958,17971.871401932,7758.735780382872,22983.125857145,8604.457882249031,2785.625219906202,13722.284250298006,110978.81820638271,1217.4187119712133,63.068346633880616,87.21762420241546,88.63355747920512,67.03705665663146,86.31580468865967,250.1229422572937,575.0233800531273,32932.656062203416,4668.3206455058225,2106.989937037149,4085.1442274317037,2344.719022665269,544.1905033646719,2430.167221889418,16753.124504309344,177712.9473840727,17683.096088076,7634.569420935464,22735.688619951896,8604.821629955095,2701.991855137349,13230.222372338023,105122.55739767892,1252.1858752155956,62.5578056322937,90.56344854264069,88.39723972642183,69.77596556967926,91.75451477029418,262.58258607443236,586.5543148998337,30519.930527907738,4311.246902890456,2026.4396368801297,3780.7719185289657,2213.3044521387646,502.9233815718219,2226.665894330884,15458.578341566714,172500.65308425104,17189.955529488,7539.156559671456,22223.792290960093,8454.776632236313,2637.445545447266,12844.620088513106,101610.90643793486,1279.2757668139075,58.084126504943846,95.4185363873825,84.78199287353515,70.96015730645752,97.94680603387451,276.59866457995605,595.485483127758,32919.69809615903,4814.463485631752,2048.179461340726,4109.7212233237115,2415.399581359443,494.37699646731954,2277.6697550064896,16759.887593029576,177269.8651301161,17825.980370954003,7540.277057026315,22744.01380816819,8781.47200681322,2617.5444952100293,12869.924684626028,104890.65270731827,1234.1864670071238,61.19497940396118,88.57567925811767,86.52059117722892,68.91452967720794,97.60141159872435,255.3470895017395,576.0321863901444,39241.35905663473,5414.23140225716,2355.955085201756,4627.843784434084,2770.459476867756,656.2893170460352,2940.6762469860655,20475.90374384176,193431.7452673532,18606.224663892,7932.890210953981,23593.609762754495,9278.465675310032,2875.8189116391995,14237.874329403665,116906.86171339983,1225.6757630157647,67.0607149225769,86.06764948984146,92.18299123829127,68.6271782598114,85.91368414718627,248.42421196817014,577.3993329898872
2032.0,36872.085281267005,5015.172177686594,2295.0150959750613,4346.178099139041,2485.869402881518,640.2733468550163,2860.258893012045,19229.318265717717,191034.72211886707,18257.932514210002,7970.536744784143,23194.868322833583,8837.617505024344,2886.9436161281296,14282.52789254607,115604.29552334078,1221.304797735341,63.51144423944091,87.40672832753754,88.88241752400684,67.63833330947112,87.50715045425414,251.25527822817992,575.1034456524505,33791.80464654601,4743.134368149276,2162.0662949670227,4155.984349164693,2420.892562310352,572.4984935437361,2544.2377118147224,17192.990866596174,182387.6445133897,17919.739805024,7810.106993246141,22897.7610484412,8822.465370630656,2778.2513456857814,13652.591151281085,108506.72879908088,1258.31785494105,62.955680953735346,90.97276712948609,88.61957401478433,70.57037902736664,93.35055883789062,264.53809183175656,587.3108031460304,31040.98772927638,4355.689293341755,2063.895639772536,3816.3750925097834,2276.9028995874105,522.4338767535837,2298.420044836483,15707.2708824748,176123.98485965555,17360.671236442002,7685.738381338919,22301.25676681955,8653.082384246345,2695.7414133654065,13163.266009590028,104264.22866785331,1287.3643327390703,58.13728493225097,96.17875409371948,84.7236757276721,71.87868705400848,100.07721955422973,279.5879546452942,596.7807567318954,33798.9804322163,4911.631170664468,2098.5323554359534,4188.1885677255805,2506.1164575324387,512.208979467473,2368.397800419176,17213.90510097131,181945.28949092925,18095.597565016,7702.034325181284,22917.397344326706,9040.931525870063,2671.4887952939876,13222.947639420972,108294.89229582029,1238.9919304405703,61.48383839993286,88.81609432349396,86.59221264303922,69.64535578323364,99.68674328945923,256.71502227633664,576.0526637250747,41036.07988663427,5577.093176317848,2459.6267238916203,4770.2764267689,2910.6070049698337,709.1395275517056,3158.1253302624555,21451.211696871895,201372.22619172314,18994.546685204,8188.2072509182735,23916.670258650385,9634.911170373156,3001.663745292384,14924.399401438513,122711.82767984644,1230.1911737492246,67.80790360098267,86.18106993722152,92.70292501469325,69.31286037741089,87.06728954000855,249.44877914450072,577.670346134407
2033.0,38218.90443797846,5121.924978497777,2376.077203149538,4442.794889948763,2581.4783576038276,684.1124852916997,3041.008280794151,19971.50824269273,197500.5328444199,18539.996656724,8194.775110884351,23419.314447391782,9084.707310359532,2999.749365186382,14887.677930158774,120374.3120237151,1225.2365198359184,63.95766892056274,87.59677780801391,89.13288164768218,68.2465433749466,88.71650945050048,252.3932197157898,575.1929189184227,34678.34074370118,4819.148828773913,2218.6438306249565,4228.151110122407,2499.7610471209537,602.4136010630525,2663.6748066103564,17646.547519385505,187113.56544164338,18148.37464606,7992.232699660584,23067.106151511834,9049.898409845719,2861.2369097473374,14096.869625405841,111897.84699941207,1264.5265095677642,63.35609012826538,91.38468923989105,88.84335477452849,71.37546682499695,94.97617365963745,266.50875619613646,588.0819787443085,31574.345524914028,4400.593912180285,2102.1295034128025,3852.41644945688,2342.4749061941066,542.787234926819,2372.49343810731,15961.450080635734,179683.81779178054,17520.359637236,7834.355391600072,22378.729457254416,8860.48240145222,2757.6896997897325,13487.914143726563,106844.28706072154,1295.5836950516948,58.19048836166382,96.94609657469177,84.66697200749779,72.81059197509002,102.25631467001342,282.61043096276853,598.1028004999695,34704.8035020371,5010.7609130475075,2150.155944683325,4268.23578452238,2600.3409121933228,530.720225321549,2462.848114139683,17681.74160812923,186676.87788077263,18360.532553316,7869.397749532098,23100.136102784658,9315.915816741783,2728.383675403227,13589.446284688516,111713.06569830632,1243.8901846757049,61.774071749420166,89.05823866204071,86.66474300048827,70.38713158106994,101.81943707354736,258.09214166967774,576.0944209394607,42924.792194442496,5744.862252633616,2567.974130606958,4917.307137435995,3058.071637168234,766.5075472766573,3391.726596822262,22478.34289249882,209731.47084769726,19387.024242056003,8462.423649193275,24263.77955016356,10018.13320180697,3143.6447265324696,15675.554632642341,128780.91084530267,1234.7634412776827,68.56345715771484,86.29549635850142,93.22727586920118,70.00837571495056,88.23846765982056,250.4782608963318,577.9521076211624
2034.0,39625.32000602298,5230.950784109701,2460.0950499070827,4541.734270101865,2681.127358449326,731.1772929743302,3233.2254550005996,20747.009795480073,204216.15203806476,18818.481877634,8431.732797408567,23656.39005861983,9345.857620642219,3124.8065357713326,15539.9563240492,125298.92682393956,1229.214344815401,64.40703780636596,87.78779199551391,89.38495525465201,68.8617775116043,89.94416912173462,253.53671298846433,575.2919001370659,35593.27030667025,4896.3822379741505,2276.765166816255,4301.67053540569,2581.42749070897,634.031020258685,2788.732352668631,18114.261502837944,191897.92232898413,18369.51413957,8181.058318060191,23243.628489530118,9287.169763978813,2951.269275207976,14563.860264146908,115301.4220784901,1270.8130605292001,63.7590442383728,91.79922606826781,89.06857756901026,72.19138934414673,96.63193676174926,268.49478208047486,588.8681044671783,32120.339288232382,4445.965155410739,2141.159689195506,3888.9022808496447,2410.0858122644745,564.021699257111,2448.960475458729,16221.244175796195,183187.43714113176,17669.650418920002,7985.0881965866565,22456.27270775259,9076.976406752001,2823.4239560123656,13818.956342832398,109357.06911227576,1303.935741247764,58.24374509606933,97.72064977646636,84.61188584588575,73.75608799791718,104.4852451454773,285.6664010690613,599.4517263168868,35638.05312420137,5111.891885811991,2203.0832928823424,4349.896740144683,2698.2117110425042,549.9376322903667,2561.1781756755195,18163.85368635397,191471.08720575875,18621.217612026,8042.435811382529,23292.112482498975,9606.57050588247,2788.323898535839,13969.914672129858,115150.51222330309,1248.8830457381662,62.065687863922115,89.30212504067993,86.73818866220807,71.14004494255066,104.00059874615478,259.47866585946656,576.1577346231842,44912.96626677442,5917.684810140491,2681.213985211786,5069.093068739687,3213.2498217589446,828.7951773253508,3642.685115580454,23560.2442880177,218533.7659443547,19784.077382112002,8756.15110833727,24635.05352624281,10428.866279823938,3303.0729256240706,16495.329024347688,135131.21569786692,1239.393222750616,69.32744347662353,86.41092583722305,93.75609117403984,70.71389666501616,89.42750065756225,251.51267852667235,578.2446864134788
2035.0,41094.32936810766,5342.297459237832,2547.1805494082014,4643.056913199365,2785.0017111376956,781.7154205908872,3437.640929207157,21557.436385326608,211172.4200373344,19093.488152616002,8681.102984007834,23905.63739217719,9620.170789445188,3262.791416476386,16240.386734013233,130368.8425685986,1233.2386932176003,64.85956611199951,87.97976607851409,89.63864374701548,69.48413116344452,91.19041285632323,254.685830105072,575.4003431552314,36537.6364943952,4974.855695563128,2336.474434043122,4376.5706188237045,2665.9981841226195,667.451592834084,2919.673703306147,18596.612265702457,196736.86706300057,18583.455046844003,8376.33280298357,23427.17226552004,9533.683511625095,3048.6368304580424,15053.759553054997,118713.82705251483,1277.1782146715564,64.16456938546753,92.2163872436142,89.29525601834678,73.01829741516113,98.31840499032592,270.4961070213928,589.6691925972481,32679.325042512748,4491.807514794177,2181.0043398190064,3925.839804754805,2479.8030541736757,586.1770748421575,2527.8993986874407,16486.793855441432,186631.6223470146,17808.969999060002,8137.575526650069,22533.59324194976,9301.705917731344,2892.97543501414,14156.106888712142,111800.6953378971,1312.422694713877,58.29704153118896,98.50247305606841,84.55843627997827,74.71540004457854,106.76517176156615,288.7562748637085,600.8278971767883,36599.63986648059,5215.0635651254615,2257.3481340137873,4433.205310940533,2799.87445436129,569.8888995588306,2663.550614631923,18660.708887848807,196320.36640248954,18877.69982745,8220.75880743735,23492.86700797785,9911.854015072375,2851.290045489874,14364.02125001986,118601.87544904223,1253.9720406196989,62.35867608355713,89.54776874680329,86.81254471844244,71.90429279921722,106.23132590051269,260.8747033485107,576.2427290226555,47006.42204594728,6095.714166617669,2799.57395238501,5225.797171183621,3376.558036329801,896.4408199316621,3912.294887259392,24700.04301224011,227770.00285475227,20185.760232468,9069.095610646727,25030.19422690225,10866.27064644922,3481.0673927536072,17385.88112108561,141751.73362444682,1244.0812011644339,70.0999599512329,86.52736988846206,94.28941319300985,71.42957134756469,90.63467604266357,252.55201469165038,578.5481960498504
2036.0,42386.15901826011,5441.509152254115,2629.2362612086154,4740.1858366597135,2877.600270271201,833.4706644784458,3632.9177439328764,22231.23908945519,218243.9180548029,19362.502793342002,8941.115133444964,24165.27801523624,9903.769701027375,3413.6171141015775,16981.630776556794,135476.00452109397,1235.7563634658698,65.2818856347046,88.06157929414367,89.87148325109862,70.00456540097808,92.29789508105468,255.49360853118895,574.7453462727012,37392.68609754806,5045.231258947139,2393.062911841568,4451.80389826583,2743.6987381863983,701.885613932836,3045.990371599918,19011.013304774333,201573.66392915446,18788.809991782,8576.96327650704,23617.3397868753,9786.965205966688,3153.3515105616257,15562.760399899693,122087.47375756213,1282.0554167416228,64.53212838616943,92.53137613635253,89.49711811957931,73.75037494334411,99.87818295565795,272.19112496740723,589.6751112331123,33132.197790585924,4529.269116774028,2216.1588036932267,3957.8557428861254,2539.6834598171854,607.4812534759474,2598.3099650241656,16683.43944891537,189966.65295810538,17937.146264958003,8290.535462803036,22609.369244688976,9531.400524474562,2965.887902161602,14495.071876293867,114137.2416827253,1319.5290622827215,58.29749972033691,99.199264233963,84.4595685787611,75.60548751441192,108.93642655618285,291.63173900827024,601.3990766707955,37428.670910541136,5303.550797845707,2306.603195669658,4512.112165243152,2888.9779246482353,588.6933774320033,2756.540536061314,19072.192913641156,201151.34195439084,19127.017774706,8402.892276189421,23700.741762777572,10227.23019797272,2916.7520194743947,14766.46380395503,122010.24411931567,1257.4146637259903,62.60468152719116,89.67014386127471,86.84515334318161,72.56536575082397,108.3453833456726,261.9136982388,575.4702376590461,48857.37910613334,6261.669743658731,2910.382291014795,5379.484257920233,3524.8726225077025,964.6061882320017,4167.4460217788655,25648.917981021,237254.25350559645,20588.951424444,9398.605867870045,25447.23113548679,11324.474550449564,3677.119818415011,18336.087042076848,148481.7836668542,1247.2882282910393,70.85676382409667,86.53418694800949,94.82103953815937,72.02786358773041,91.69822749838256,253.25255758639526,578.0975893082657
2037.0,43727.71213998408,5542.563653339825,2714.040729175039,4839.44083693635,2973.65077937098,888.8761849072602,3839.350470620619,22929.78948563387,225443.7674655152,19626.005426456002,9212.043973284275,24435.274648790568,10196.872960661625,3578.1589894696976,17765.860967646302,140629.55049920676,1238.312381952632,65.70696496157836,88.14397473277282,90.1057727424612,70.53024284854888,93.42053101971435,256.3044341824646,574.1004614650917,38272.67569356257,5116.605293869832,2451.088756625532,4528.395112556567,2823.9117323461182,738.232511542031,3177.792232060939,19436.650054561433,206416.45287225963,18986.123066342003,8783.07077657526,23814.076758623603,10047.16628669525,3265.7852725258654,16091.716482276513,125428.51422922107,1286.9983847110495,64.90179110305786,92.84815957331085,89.70018886677312,74.49127682667542,101.46464300796508,273.89746093234254,589.6948644009246,33594.61624450984,4567.051882151464,2251.9874975947414,3990.210645763221,2601.169344966468,629.6470770852145,2670.6938796004115,16883.855917348297,193201.428368869,18054.838508062003,8444.072602040802,22683.7277811929,9766.169741682657,3042.3028422504817,14836.31382482268,116374.00306881752,1326.7566856195474,58.297952439392084,99.90205965090179,84.36233397807169,76.50766780169677,111.15441204257202,294.53684956414793,601.995410142765,38279.16816905325,5393.541273534287,2356.965834276713,4592.469875082429,2981.06222640413,608.1479671028101,2852.9059257035797,19494.075066949365,205971.62804213533,19369.677740754003,8588.921472557997,23915.698019439173,10552.950431233094,2984.8031904735744,15177.801125332848,125381.77606234467,1260.9445284230121,62.851657830413814,89.79377217164611,86.87850105602311,73.23567099766541,110.50456452200316,262.9591682425537,574.7211936027069,50791.59666024532,6432.160780249985,3025.7135603388483,5537.790147832463,3679.978081483817,1038.231219265339,4439.330441766202,26638.392429308715,247007.07776176542,20994.130601920002,9745.235522272755,25886.320517625907,11804.223154725376,3892.6797608363295,19349.669304810675,155334.81889957434,1250.5450978622841,71.62175517312622,86.54182895595932,95.35720374726343,72.63373057484436,92.77655757711791,253.9557937552185,577.6582280787544
2038.0,45121.23358709596,5645.49520576863,2801.6908905205705,4940.87050788776,3073.294887759014,948.1995221336365,4057.578506651763,23654.104066374603,232785.35384580353,19884.465110898,9494.185309609215,24715.621145396643,10499.723168577,3757.364326735671,18595.392099940156,145838.60268464687,1240.907086139511,66.13481878118897,88.22695074324417,90.34150982303619,71.06121768352509,94.55856388793944,257.1182415011902,573.465783719387,39178.46512155316,5188.992614465429,2510.591217248933,4606.369523122097,2906.7259373184097,776.6027025908363,3315.317925665879,19873.865201141736,211273.31936559002,19175.915761772,8994.784326695935,24017.329565308697,10314.458259363688,3386.3343685251807,16641.512372488436,128742.98471143606,1292.0079099071431,65.27357452972412,93.16675810981751,89.90446348947954,75.24113641110992,103.07828076422119,275.6151706552124,589.7285259475784,34066.817734787146,4605.159550297385,2288.505804528622,4022.9084102895654,2664.307395091401,652.7107610170015,2745.105661739375,17088.120151823823,196344.41054583443,18162.678969382003,8598.295932618448,22756.800685632756,10006.1414739355,3122.3642807568817,15180.312961403675,118517.81624210517,1334.1071230223054,58.29840663647461,100.61091850990294,84.26673295990467,77.42211926162719,113.42017836376952,297.47184154122925,602.6169257493973,39151.75135930102,5485.060429529632,2408.4617835060103,4674.306529655532,3076.2318440683835,628.2760284844566,2952.770285674288,19926.644458382703,210788.66564379112,19606.173439994,8778.93053451918,24137.69486247081,10889.285016142594,3055.5406286488483,15598.584799304199,128722.45636271151,1264.5628467183328,63.099619982238764,89.91865910629272,86.9125933634057,73.9153808050537,112.70987886392211,264.0110323609314,573.9956822364883,52813.311807952385,6607.311650902902,3145.759768167069,5700.855769933242,3842.1983010137064,1117.7680838832418,4729.050051634667,27670.368182417496,257049.62065237158,21401.766113088,10109.567532995523,26347.64696717478,12306.318863660188,4129.334497773676,20430.624699413216,162324.36197826618,1253.8522916954932,72.39501714651489,86.55030993183135,95.89792370869588,73.24728368131255,93.8698389477539,254.66167907214356,577.2302392072411
2039.0,46569.07466668953,5750.338222761983,2892.287385611126,5044.525943003491,3176.6807901219763,1011.7280698715032,4288.280143496067,24405.23411182352,240282.27819845488,20138.336909858,9787.847711160184,25006.316731463176,10812.587438402063,3952.2671428227004,19472.689928156688,151112.23233659207,1243.5408126818622,66.56546430426025,88.31051242972946,90.57871680642366,71.59754376068115,95.71221974575805,257.93510252420043,572.8412531108092,40110.94439618447,5262.40817266432,2571.609645140548,4685.754299827649,2992.232461216961,817.1132097852881,3458.8156911703386,20323.010916379255,216152.2841246256,19358.69240197,9212.235415881454,24227.073473290482,10589.027419512313,3515.429911814026,17213.08902623234,132036.73647592496,1297.0846618972826,65.64749584481811,93.48716666851806,90.109963835145,76.0000511821518,104.71958982369995,277.3442594458618,589.7761350970878,34549.05383942593,4643.594230873974,2325.7297793594007,4055.953820188074,2729.1444209592714,676.7099877960402,2821.6034217627803,17296.318178486403,199403.78559103655,18261.26717682,8753.306904692348,22828.715945125507,10251.454136242875,3206.2269337018224,15527.52835193393,120575.28614252007,1341.5823796207876,58.298858231170655,101.32590235791015,84.17277160961818,78.349027889328,115.73477577966308,300.4371385418701,603.2639052112274,40047.062197568805,5578.134991269098,2461.1173211518285,4757.649793697342,3174.5935253061634,649.1014587065217,3056.265147960001,20370.199959477904,215609.71132513232,19836.978343386003,8973.011984356828,24366.717388650406,11236.524041874376,3129.0680829744506,16029.392239667892,132038.01924422238,1268.2710379901184,63.34856735229492,90.04481535177612,86.94742240568017,74.60464530008697,114.96232488256835,265.0694735753174,573.2937891223945,54927.004179010924,6787.252932293458,3270.7198798480376,5868.829056087738,4011.8729412654816,1203.7082806805654,5037.780922922944,28746.84016591266,267403.76258265733,21812.328536774003,10492.219876152325,26831.43328398209,12831.613089019313,4388.825375584645,21583.23018744306,169464.1122337019,1257.2104051531671,73.17666202819824,86.55961482230377,96.44326137229109,73.86862166036987,94.97834214434815,255.37025535964963,576.8136477660064
2040.0,48073.70732518045,5857.128084292775,2985.934808642706,5150.458194539736,3283.9632961038265,1079.77069910487,4532.170141511135,25184.282100985583,247924.1594394378,20387.721738338,10092.483971797761,25306.700651874973,11134.476647948813,4163.683101860711,20398.20926653798,156440.88406107962,1246.2138273993849,66.99891866238403,88.3946531317253,90.81739052211904,72.13928407157135,96.88172537896727,258.75497505841065,572.2268805742073,41071.041368861115,5336.866429123863,2634.1853537283664,4766.575607781434,3080.5270975617154,859.8877398398845,3608.548016539005,20784.45112428686,221050.84157855329,19534.733288676,9435.171076525017,24443.052820136723,10870.214088560875,3653.458967331754,17806.54561839989,135307.66571892303,1302.2295786885347,66.02356900442504,93.80940527436829,90.31668298509311,76.76816504195403,106.38906813308715,279.08495088192745,589.8377373676796,35041.579868032386,4682.359656289474,2363.6755481905598,4089.350898658267,2795.7303341730512,701.684057821239,2900.2455820287637,17508.533790871174,202378.34377927496,18350.983290486,8908.821814978759,22899.119205059415,10500.93461450175,3293.960609449821,15877.690850336563,122546.83339446264,1349.18415452353,58.299313636505126,102.04706994992829,84.08044871825885,79.28859876202392,118.09928657104491,303.4329908523254,603.9364460334434,40965.7614426714,5672.788945716954,2514.9589181577653,4842.528882541714,3276.2583464210297,670.6494602776457,3163.524317390966,20825.05257216524,220428.26614963083,20062.192847500002,9170.750908761544,24602.17559841339,11593.357539439814,3205.4018683620193,16469.783423667963,135324.6039634861,1272.0704189447988,63.598486803985594,90.1722305006485,86.9830012350936,75.30361027282714,117.26298455856323,266.1344517621765,572.6156538115043,57137.399716284206,6972.113378832334,3400.8019897632603,6041.860707893238,4189.358771548964,1296.5843857957946,5366.776486866395,29869.903995584173,278058.0722096837,22225.978284548,10892.638760201875,27337.242708396752,13378.70219639675,4672.499106926344,22808.93605538479,176742.0750978292,1260.6198560521993,73.96676172747803,86.56973140628814,96.99323998887539,74.49785648287201,96.1022611395874,256.08151965438844,576.4084856527099
2041.0,49370.23063338155,5951.411127237275,3071.0302479968263,5247.461043392828,3374.7698279537162,1147.952405223887,4756.460724280604,25821.145257296506,255587.41346046538,20630.316237868003,10405.44726115127,25613.946183112585,11460.629218498876,4390.981759612337,21360.101796654493,161725.99100356782,1247.2938521831375,67.39419369104003,88.36870423226165,91.02014798891973,72.55885334203339,97.88054146124267,259.22072923226926,570.8506822353706,41943.113680733186,5403.786025650941,2693.4695997865692,4845.211484108738,3159.138268964661,904.0096304062001,3751.0075666178495,21186.49110519805,225920.8783480791,19702.893545278002,9662.477652378133,24664.31957573973,11154.971850105063,3800.4928855141184,18417.117756413256,138518.60508265087,1305.8742595652436,66.36237269094849,94.0282186594925,90.49189516668034,77.4278678221817,107.90478356970215,280.51152982968136,589.1475918265571,35437.21013846799,4713.294407869891,2397.2813459685494,4115.662739013053,2847.709656950551,726.233720954507,2969.837990587717,17667.190277123675,205230.29087569666,18430.866166818003,9063.738275783875,22966.313219016825,10749.882299453,3385.2469376803638,16226.705158620553,124407.5388183241,1355.6381444940293,58.24284275613403,102.70231326326751,83.93997982503461,80.16799081997681,120.34791532089233,306.26524647604367,603.9718560326805,41747.45065464186,5753.622623653898,2563.177546611444,4919.595637535658,3360.0725579698465,691.5033005556636,3258.849166519752,21200.629821795632,225178.72420517044,20279.349715406002,9370.59374820466,24841.719110851096,11953.805742145063,3284.176363907257,16913.859446057373,138535.2200785991,1274.2127202984527,63.79491980807495,90.17663891297912,86.96096508693932,75.8921504474182,119.44200745803832,266.8352641776428,571.11077440736,59084.74334363147,7148.692350063833,3519.536954881944,6208.615143258629,4342.454067789563,1388.4363863049828,5669.203459524941,30807.804981807407,288837.7318121231,22640.602087738,11307.16424892366,27862.329250154515,13938.914169181313,4979.024567747463,24091.081035149127,184018.616453229,1262.4933476372023,74.74910336132812,86.47040670703507,97.5372741290121,74.98680167848968,97.05143954519653,256.4417934882507,575.25652872789
2042.0,50710.694464340464,6047.215188594628,3158.6782379979877,5346.351471115726,3468.476741263786,1220.6846111351676,4991.933224043181,26477.354990190197,263286.4790432596,20866.635499494,10727.029079572112,25928.121090616758,11791.402965634688,4635.276901704415,22360.633427092675,166977.380079145,1248.4077243402285,67.7918243270874,88.34323462504959,91.22422305502653,72.98196819199372,98.8914695711975,259.6877610715332,569.4872434983406,42838.770264722945,5471.54987779371,2754.169970755412,4925.197625311767,3240.0102952695784,950.539582988675,3899.122561146763,21598.180351457166,230771.30426997112,19863.694452818003,9894.29851998068,24890.880264833784,11443.556620033502,3957.0252718881266,19045.77330632554,141676.07583409143,1309.5766177153014,66.70292553289795,94.24826650242615,90.66813943718337,78.09457201705932,109.44422823278808,281.9462326440124,588.4722533489341,35840.43663049383,4744.443416258996,2431.4980823966735,4142.20848565807,2900.825460414952,751.7250662362092,3041.118407492544,17828.61771203645,207968.90724093484,18501.530212896003,9218.188181457943,23030.50400672987,10998.566643232125,3480.2466467600543,16575.117074354952,126164.75447550391,1362.2094327635716,58.1864235274353,103.36286578970336,83.80139593270397,81.05862464360047,122.64207739761352,309.1251918157654,604.0328536567497,42546.45795904032,5835.609330905547,2612.3601079738783,4997.919096091609,3446.203538126904,713.0296509216957,3357.191783577342,21584.14445144337,229869.7447657245,20488.99286093,9572.648949455652,25085.4021089545,12318.251505441502,3365.497093038218,17362.259203369096,141676.6930445355,1276.4424672166356,63.99195650393676,90.18216257417679,86.9396009069128,76.48860139978026,121.66481195727539,267.54081670114135,569.6345171734123,61108.6540845374,7329.765314961877,3642.581440132462,6380.027051003857,4501.469459237597,1487.1024283907805,5988.787644195178,31778.920746615633,299763.71210756456,23056.71368474,11736.33735667925,28406.94950901444,14513.074595720063,5310.2247090298615,25433.455437263463,191306.9568151175,1264.4132444059728,75.5397503380127,86.37200142988968,98.08611684238576,75.48111972686768,98.01242912130736,256.80341149276734,574.1184154547424
2043.0,52096.903917135096,6144.561195129758,3248.9609406915056,5447.167765477025,3565.18907851194,1298.2815425566037,5239.152616577407,27153.590778191116,271035.6651278105,21097.168888868,11057.533283030032,26249.30974321831,12127.1617888255,4897.771387228607,23402.152237714366,172204.5677989257,1249.5558130459042,68.19179402801514,88.31824213033676,91.42962284723853,73.40869202789307,99.9146906552124,260.1561960399475,568.1365753172607,43758.7805271459,5540.167692238632,2816.32193855431,5006.558828402503,3323.2138270056575,999.6134702188322,4053.1181871077833,22019.786583618217,235610.83888507957,20017.637758984,10130.785097979524,25122.754566775016,11736.231895479626,4123.578175085163,19693.51015065357,144786.34124012274,1313.337119001573,67.04523011682129,94.46952089540862,90.84543193411778,78.76834048643494,111.0077743407898,283.38909987963865,587.811721348362,36251.44006118674,4775.809061806559,2466.3397645573127,4168.991478576832,2955.1053643411515,778.1956348815971,3114.1278592917643,17992.870897731424,210603.06016424642,18563.561502378,9372.303340655979,23091.896259021323,11247.257699574939,3579.1257143895605,16923.47027222496,127825.44537600166,1368.8995537065869,58.13005995657348,104.02877564958953,83.66471127176857,81.9606575690155,124.98273794107055,312.01304864425657,604.1195626743125,43363.2241792688,5918.767579638701,2662.5275025924902,5077.520701160787,3534.7192835794226,735.2508568430911,3458.6500527081766,21975.788202746156,234509.71672886147,20691.652775990002,9777.032937181408,25333.28883037209,12687.080555100001,3449.4718348341903,17815.635437507775,144755.554357876,1278.7607424559874,64.18960792828369,90.18883066581344,86.91890851755285,77.09307964286803,123.93230539825439,268.2511629251709,568.1868473780441,63212.597585822215,7515.4466206123225,3770.099865463846,6556.227377745122,4666.646264163609,1593.1044864551145,6326.503482863957,32784.5694885183,310857.35965128307,23474.809345902002,12180.729094394499,28971.386392302386,15102.024307440252,5668.079210071674,26840.020502484585,198620.3107986877,1266.379718511853,76.33877843832397,86.2745375960617,98.63979368600559,75.98086735801697,98.9853960072937,257.166243940155,572.9941014859962
2044.0,53530.738136026026,6243.475990583385,3341.963249366265,5549.94908002314,3665.01481137137,1381.0785879770285,5498.705980571609,27850.55043613338,278849.2872249972,21322.399768002,11397.27667119145,26577.597536549805,12468.280602399438,5179.757295401664,24487.108107304804,177416.86724414807,1250.738108305758,68.59413830804444,88.2937248212509,91.63635456188058,73.83904507365418,100.95033185119628,260.62593566656494,566.7985780231667,44703.94801263282,5609.6504431506955,2879.963332198377,5089.319394419422,3408.824510351438,1051.3750806645703,4213.2281176595225,22451.58713418875,240447.99532572407,20165.204747548003,10372.088086910257,25359.976026900935,12033.267934286376,4300.713256704074,20361.363000226524,147855.3822731479,1317.1562873211408,67.3892976781311,94.69200085258484,91.02376979908418,79.44927324489593,112.595832541687,284.8401551605835,587.1659580441742,36670.40119937295,4807.391838311289,2501.8202399804927,4196.013022175351,3010.5780584003887,805.684298239813,3188.9085069734756,18160.0052352921,213141.2218062132,18617.523407386,9526.209079776092,23150.692186843455,11496.219756462313,3682.0591466621463,17272.271795777702,129396.24643330545,1375.7100329045768,58.073749055572506,104.70007709318541,83.5299072738967,82.87427251699829,127.37085851296996,314.9291115693054,604.2320568826484,44198.19319060954,6003.113861690615,2713.6997296252393,5158.4218908181365,3625.6896022534397,758.1897303416271,3563.3233674525677,22375.755008427925,239106.6638334028,20887.833431940002,9983.855777066712,25585.435506983842,13060.673414335688,3536.2140651347736,18274.627387104207,147778.0242508376,1281.1685228504691,64.38787702966309,90.19662975413131,86.89889042997122,77.7057289969101,126.24538514370727,268.96620161816406,566.767809877922,65400.23454181199,7705.855498027604,3902.26106841371,6737.352593880497,4838.236177790296,1707.0046823266248,6683.391776012023,33826.13274536127,322140.0747779093,23895.390530188,12640.92439414253,29555.93712570053,15706.631804329689,6054.731532123447,28314.95277581764,205971.5066156075,1268.3934141823793,77.14628147918701,86.17798438909149,99.19835959075785,76.48610582459258,99.97048579492187,257.5304977026672,571.8836994011612
2045.0,55014.17015821224,6343.985245458672,3437.7729012313316,5654.735324439338,3768.0667726122647,1469.4362454036695,5771.214627712989,28568.95904135383,286715.24818773766,21542.410362022,11745.595368467755,26912.250671103815,12813.958943950813,5482.13767741901,25615.28124875649,182603.61391601776,1251.9548911242828,68.9988690430603,88.26968620936965,91.84442479325104,74.2730629151001,101.99860332080078,261.09705488452147,565.4731899581794,45675.10694283478,5680.009530296977,2945.132111400193,5173.504852612735,3496.9186706123937,1105.9766596492186,4379.697576660555,22893.86754160264,245279.51857328595,20306.62836377,10618.012251455048,25602.257152149636,12334.206486693376,4488.920603825847,21049.393385494728,150880.1003298973,1321.034803568435,67.73513687371826,94.91569360549926,91.20316506049299,80.13744087921906,114.20881944033813,286.29948215756224,586.5350655516052,37097.51413741361,4839.194631622424,2537.9543680937754,4223.2766298500255,3067.2723974511027,834.2315991659004,3265.5053331638796,18330.079178066513,215582.26859704082,18663.682759196003,9679.771514891352,23206.61331847732,11744.533971265,3789.1568512438853,17621.383896338226,130877.12628562901,1382.642558575354,58.01749575384521,105.37682199227142,83.39699498578119,83.79962056417847,129.80743032748413,317.87378582424924,604.3704091275443,45051.82488688393,6088.66473527617,2765.898026668289,5240.643890166491,3719.186678288602,781.8702865257875,3671.3180471590103,22784.24322279953,243653.95796107696,21077.659414644,10192.829369524485,25841.299285562127,13437.953406023938,3625.7722555586956,18738.871157427588,150739.57307233615,1283.6670955877914,64.58676074383544,90.20556899877167,86.87953904266357,78.32667335045623,128.6050259682312,269.68612797122194,565.3773995126114,67675.39357282862,7901.111538839286,4039.2420491100274,6923.541417305324,5016.502918971593,1829.410385112159,7060.542696876922,34905.042566613396,333598.26201952936,24318.619995742003,13116.218922506343,30160.128971770675,16325.482676794501,6471.71475204647,29858.770430824137,213347.32626984525,1270.4544084934973,77.96234768234252,86.08233950276565,99.76184690085363,76.99691275196838,100.96788782077026,257.89599287408447,570.7870809607124
2046.0,56251.61454282856,6430.702171598466,3522.616376309089,5747.881649102315,3853.3025147121257,1556.388979040122,6015.169582571424,29125.55326949503,294503.78685075947,21754.913119096,12099.366651332268,27250.02808818079,13159.700293220625,5803.563421039614,26771.547082440156,187664.66819545,1251.5658216442598,69.37345135250854,88.1339436434288,92.00294552988767,74.57405920059966,102.86931425790405,261.195004920166,563.4171027397651,46540.49655239011,5742.094190550899,3006.9970766884144,5253.880136206193,3575.3299894097813,1162.0345336703847,4537.523699684327,23262.636926180134,250052.54758362583,20440.735276848,10867.532830454626,25848.377416778392,12636.406958940563,4688.237463654267,21752.533537618197,153818.72409933183,1323.3889227128805,68.05724891156005,95.03386393836975,91.34490383506537,80.70625568825531,115.66507953338622,287.3954802858276,585.1860905204162,37422.13952420597,4860.687502149673,2570.5632131454636,4243.327564500216,3109.608257606569,862.7929052858491,3333.8856854623064,18441.27439605588,217888.79621440978,18700.71666049,9832.237784778628,23258.110562529317,11987.989882186188,3900.2204413443815,17967.40460562349,132242.11627745783,1388.5091780205278,57.912461161956784,105.99108806884003,83.20676946770953,84.65738057411194,132.11839062075805,320.6052542879639,604.0178338391876,45755.204535044475,6160.844794890551,2813.291684539076,5314.129450730003,3794.647511157939,805.2840342008623,3767.1888491426116,23099.81821038339,248084.31566270386,21259.007525888002,10402.718381694789,26098.516155686193,13813.421561841313,3717.9151613433673,19202.9084298152,153589.82844643496,1284.4938063871598,64.73947412426757,90.08975676026535,86.79064892700052,78.82910179811859,130.83354466729736,270.00186987875367,563.2094102314568,69649.59293605482,8088.536559274319,4162.318756281086,7101.508975119235,5166.682439250426,1949.2463003341604,7400.516896815666,35780.783008980026,345055.1906595191,24742.635229484,13602.425292171018,30780.88050007852,16949.583098422125,6916.828133628848,31450.623420215932,220612.2149855186,1270.9905151544665,78.78772514703368,85.87589332241058,100.31239026448249,77.35890198738097,101.78399941180419,257.8928634468689,568.9787415744858
2047.0,57526.35597959123,6518.606901955112,3609.6995030020207,5842.617400146553,3940.856246116966,1648.7644330558896,6269.530261036345,29696.281234278224,302231.7075728327,21960.451267020002,12458.909426995311,27591.10656398351,13505.978189704001,6145.375512525473,27958.14789255615,192611.73872004822,1251.2096502972806,69.7500720953369,87.99886586437988,92.16267854928732,74.87722218967437,103.74926341619873,261.29348164212035,561.3780665402832,47427.901987786885,5804.862863592886,3070.259796648814,5335.553769299395,3655.756330906405,1221.0935866675895,4701.076227444906,23639.299413226847,254777.17724076018,20568.03739994,11120.822459598992,26098.41093794553,12940.198825918813,4899.297751827698,22471.851132298143,156678.55873323095,1325.7945072021294,68.38090506958008,95.15287059802246,91.48753811458968,81.28028316299438,117.1421576607666,288.496522411438,583.8542301847382,37752.92644258339,4882.285211836168,2603.739248345916,4263.53361401317,3152.7186248516414,892.4102879813025,3403.718794860537,18554.520660694627,220070.8665971992,18729.230914232,9983.759837555059,23305.461649244357,12227.009087611626,4015.435138502892,18310.93263422686,133499.0373358264,1394.4888186696196,57.80762790332031,106.61005809976959,83.01887994105434,85.52541420051574,134.4732165283203,323.36158531167604,603.6920366849632,46472.00889008879,6233.882814478165,2861.546232348285,5388.674619205304,3871.8355122000444,829.4240977028056,3865.716472969001,23420.92914118525,252408.0692113807,21432.451868086002,10613.667515906374,26357.223070635104,14187.590273559314,3812.7639864723137,19667.481228033725,156336.89126868788,1285.4113716213292,64.89254815979004,89.97529522811507,86.70246841366863,79.33832882053375,133.10403936660765,270.321442943634,561.07724868898,71692.38144844785,8280.42605379885,4289.32615940669,7284.12140740327,5321.7187173195,2077.2830903681165,7756.981659809437,36682.524360342024,356533.8527386266,25167.956625668,14100.07344087308,31418.54677101537,17579.831882422626,7392.257856183251,33094.18356914194,227781.0025933224,1271.5733109550122,79.62186158007812,85.67075750029754,100.86803848600292,77.72446941629028,102.60917563790893,257.8906393551941,567.1883689792404
2048.0,58839.805405774,6607.71650392798,3699.0859898798103,5938.971087748499,4030.8002685882925,1746.910869667565,6534.747117377456,30281.57356858443,309915.4443726295,22159.545853178002,12824.539643091282,27935.659888469112,13853.258218506251,6509.008369624147,29177.36281052089,197456.06958923992,1250.8864102867387,70.12874731967163,87.8644362947731,92.3236311948657,75.18256913245392,104.63854360778808,261.39259766177366,559.3558850754127,48338.02244366493,5868.321141791799,3134.9553878313022,5418.5483556399295,3738.25619194033,1283.3194529513926,4870.564297102375,24024.057616407772,259463.17327126814,20689.014381376,11378.05368434631,26352.4403763825,13245.915521697625,5122.778417974027,23208.426835330323,159466.54405416135,1328.251902605162,68.70609654089355,95.27272823819732,91.63108503523874,81.85959167788695,118.64038839309691,289.6026518519592,582.5393608678894,38090.01682244803,4903.986536695731,2637.494650228303,4283.895902445803,3196.6212263235284,923.1244963905665,3475.0367035639692,18669.85730680014,222138.00073406327,18749.794418062,10134.487388384594,23348.931049716215,12461.996911288563,4134.994423882615,18652.550941963313,134655.24560076598,1400.5829074989208,57.702976296661376,107.23377023349761,82.83331159014178,86.40387523822021,136.87280477111815,326.1430594267578,603.3931099425239,47202.53536101897,6307.790211135904,2910.67864697155,5464.294467415433,3950.7936163291465,854.3137228842588,3966.9749321680197,23747.68976411473,256634.9903940976,21598.53541045,10825.809769991945,26617.570654596257,14560.955414551314,3910.441420858895,20133.302662603062,158988.37506104616,1286.4205992096952,65.04599197705078,89.86219801036835,86.61498546855306,79.85447091695404,135.41734909640502,270.64478775839234,558.9808159819717,73806.57579251399,8476.889241032497,4420.396447182677,7471.502270043537,5481.7779752788565,2214.0986712975855,8130.739084601457,37611.17210307736,368057.2365549227,25595.11072376,14609.70765639581,32073.501146645438,18217.138734131375,7900.358048595794,34793.216271099525,234868.20397429483,1272.20297151441,80.46486401556396,85.46692638393783,101.42884566823005,78.09363123957061,103.44351795889281,257.88922803915403,565.4159582090606
2049.0,60193.44162402977,6698.047147318679,3790.8437128523647,6036.970804266015,4123.208607862192,1851.200097494917,6811.285652474532,30881.885601760907,317571.1599181177,22352.706245722,13196.5806503107,28283.864033923248,14202.0012234295,6895.993532487598,30431.548915470947,202208.46531677374,1250.5961283891468,70.5094929899292,87.73067763404083,92.48580292567253,75.49011937982178,105.53728815008544,261.49227151101684,557.3504757985802,49271.592785642904,5932.479741719735,3201.1192341680676,5502.885782073484,3822.8908377632156,1348.886754061501,5046.205346463905,24417.12508939307,264120.0864794495,20804.13297572,11639.397109248575,26610.551570604955,13553.883858169002,5359.397326437515,23963.369098906816,162189.35454036263,1330.761541143391,69.03285718927002,95.39343542606353,91.77554038839006,82.44423767837525,120.16007143423461,290.71392073352047,581.2414782935372,38433.56260507899,4925.793986698352,2671.8420819439,4304.416043414534,3241.332479419113,954.9774471060088,3547.871715881455,18787.328850615635,224099.27271575626,18762.956326678002,10284.561673433425,23388.772965975724,12693.342876298375,4259.100033997488,18992.802913133142,135717.7359262401,1406.7928601092628,57.59851936688232,107.8622681673889,82.65006359963465,87.29290267030333,139.31803027438355,328.949943273407,603.1211327572631,47947.09212853089,6382.57703748175,2960.7053813660937,5541.006426856865,4031.566457910887,879.9767171546988,4071.0427688470977,24080.2173389134,260774.44631032864,21757.782892260002,11039.281923504015,26879.704148822402,14933.994992829375,4011.0757663260365,20601.086564661782,161551.52002192498,1287.5224014479709,65.19980329101563,89.75045395284653,86.52822016809797,80.37763324810028,137.77429922509765,270.9720174658203,556.9199740969925,75995.12920580088,8678.032704385116,4555.666337614207,7663.777317614541,5647.036190749153,2360.3123532360128,8522.632883055514,38567.67141914631,379648.0186183788,26024.614659828003,15131.887535577687,32746.133527360613,18862.394291313376,8443.661162078552,36551.629654292236,241887.6977879283,1272.87972188415,81.31680850054931,85.2643848008461,101.99485366087198,78.46643439914703,104.28711979895019,257.88862051986695,563.6615002039184
2050.0,61588.80489378483,6789.6158994737425,3885.0399015937824,6136.646063430763,4218.158598125521,1962.0273229438212,7099.631787003471,31497.68532121377,325191.1748934666,22540.222596388,13574.467945580524,28635.359778639628,14551.889044584626,7307.277945187848,31720.170273676467,206861.78730940953,1250.3387882335758,70.89230959988403,87.59755809846878,92.64920428097724,75.79988790519714,106.44558252954101,261.5924689945984,555.3617768249092,50229.36446682956,5997.344259542648,3268.787565407163,5588.588232072042,3909.7209075994206,1417.9805964399566,5228.223919825137,24818.718985943102,268747.35085383593,20913.75159589,11904.74691885245,26872.673372426918,13864.041345578877,5609.771024866545,24736.811617665426,164845.55497855577,1333.3237594100012,69.36117138702392,95.51498769121551,91.92090264496373,83.0342607537918,121.70157202099608,291.8303791911621,579.960485720848,38783.70516285414,4947.7063910690085,2706.794425326274,4325.095917506379,3286.870214330124,988.0128424789715,3622.2558541776534,18906.96951796573,225956.96632114614,18769.077266218002,10433.985143898934,23425.00055374205,12920.706986557689,4387.9064005427035,19331.7709201372,136688.51905004954,1413.1198605617165,57.49424818209839,108.4955855968399,82.46913171699762,88.19262972384644,141.80978964874268,331.7824330708008,602.8760426223907,48705.99140008731,6458.253948905884,3011.6435920005206,5618.825314437461,4114.198528723683,906.4379013908477,4177.999081867108,24418.63303276178,264823.68436917855,21910.532906886,11253.93147726107,27143.3635870632,15306.264566018,4114.749038316542,21070.666982161383,164024.17581147235,1288.7176593321199,65.35398630340576,89.64005974845504,86.44215312186145,80.90791202073669,140.17577088800047,271.3031023217468,554.8946749279137,78261.12378259518,8883.970125728429,4695.277213951811,7861.076559486895,5817.674770065927,2516.5884472657144,8933.551512300988,39552.98515379549,391298.34173069755,26456.844842298,15666.03291062054,33436.40587636651,19514.825131276128,9023.846960069715,38369.446649091544,248830.93936097517,1273.6037403191003,82.17779495498657,85.06312178285216,102.56610909018802,78.8429161034317,105.14009654791259,257.8888747817993,561.92482705793
2051.0,62771.44036647094,6875.058495437518,3968.8750262730014,6229.009828933567,4301.915343383428,2069.971351835928,7357.8094700950005,31968.800850512423,332667.8164567142,22721.320588938,13955.391882455762,28988.183596088675,14900.11108605825,7740.7834375170005,33028.28366098418,211333.74220467237,1248.67021860041,71.25573801373291,87.3671690209465,92.76179011705732,75.98939616247559,107.19588992025756,261.35017610186765,552.7500592640724,51108.11559518089,6059.8619368252885,3333.8291094387364,5672.822113919749,3992.316095516894,1488.6808358505614,5402.185847312991,25158.419656316626,273304.06423384184,21017.786342478,12173.301420910257,27138.239648134757,14175.084311672,5873.901225986349,25524.1959905489,167401.55529411157,1334.4536923843932,69.6820801963501,95.53254040019226,92.0243422343688,83.51084748770141,123.03248864959716,292.56928684109494,578.1021065750884,39069.99898113038,4963.853493196199,2739.4930381232707,4341.978960223119,3325.345172482277,1021.509804176831,3691.0534266825766,18986.765086246185,227689.14178852623,18767.67968908,10582.371542251949,23456.964690991656,13141.697891098001,4521.336395964146,19667.32421124326,137551.7673678972,1418.2155564968643,57.362173966217036,109.05133777461242,82.23429948397826,89.00603905056762,144.1060892498474,334.29427263290404,602.1613443387374,49353.238684108874,6528.626359058765,3059.2090712586187,5691.1215856989975,4186.545079692617,933.033610272177,4274.802959771489,24679.9000183562,268732.6544812625,22056.224230878,11468.926588720524,27407.13317844464,15674.4373807265,4221.348225045777,21537.799817454183,166366.7850599929,1288.2909556843886,65.48483592556762,89.41970438448334,86.29311877222204,81.32145763025665,142.37794314346314,271.2255361512146,552.1683596771812,80276.7308064361,9090.410602153981,4822.219743209675,8055.973426815437,5968.815914677395,2668.970626877656,9306.2672726484,40364.07322005345,402866.01551570976,26891.510013346,16208.43912187574,34142.85821551989,20168.029086984003,9637.859240249938,40226.298216282055,255591.02162145215,1272.9704513026843,83.04561610180664,84.76540690677261,103.11299102234601,79.08678743162537,105.83139072146606,257.5516124060364,559.5766467126311
2052.0,63986.97537534942,6961.579764331903,4054.6726460158407,6322.819009173577,4387.690365936655,2184.163077904654,7625.475042547113,32450.575469439787,340020.3920709459,22896.510642806003,14339.689336553984,29342.57339243188,15247.181294427126,8198.0541247594,34358.14346861682,215638.23981135065,1247.036803274844,71.62103671783447,87.13782950634766,92.87551398325252,76.18022385449218,107.95320429162597,261.1086449320068,550.1603499892844,52008.58109471044,6123.036085386625,3400.2735128067607,5758.368971752263,4076.9020257406887,1563.0887327299793,5581.984488855385,25504.927277438685,277801.17747551104,21116.675839672,12445.24875235895,27407.359156175877,14487.369264625875,6152.598475102161,26326.676910247777,169865.24907732842,1335.6297853610915,70.00448106661987,95.5508162554779,92.12857835754775,83.99123603749847,124.37985457540893,293.31100146795654,576.2638176005821,39362.04090915894,4980.0578313503665,2772.7263415256302,4358.985885147948,3364.48289444663,1056.2230106017892,3761.181085965723,19068.383860120804,229305.64035160406,18759.303526862,10729.874525728586,23484.94811463642,13356.800738575314,4659.6112236110785,20000.05721265489,138315.0450095358,1423.4147942294157,57.230396618469236,109.6110604347229,82.00222843120575,89.82846359414673,146.44205572790526,336.82650787545776,601.4740815475083,50011.81094985762,6599.768387531155,3107.5782921093664,5764.3779378360705,4260.371115527088,960.4432876181914,4374.001151460483,24945.27077777521,272512.72478284535,22195.374062270002,11684.418350276705,27671.20710686879,16039.080506925939,4331.014108896244,22003.26881840491,168588.36182920277,1287.9573016458044,65.61595206484985,89.20116066437149,86.14492525064755,81.74089575150299,144.61780283795164,271.1516922868347,549.4848727896461,82356.62355616988,9301.661198654576,4952.7813171986645,8255.799211918025,6124.255579796729,2830.97479384396,9694.651799835581,41196.49965492254,414376.4703016567,27329.125129988002,16759.63913779913,34865.93819625439,20822.966381033875,10288.238942343098,42125.75028814544,262184.8122260928,1272.387113823292,83.92262029501343,84.46956857939148,103.66509757851458,79.33308562863921,106.52961328555297,257.21565550756833,557.2514729486122
2053.0,65236.57462327481,7049.193262747178,4142.485428377142,6418.097171279739,4475.539055340854,2304.9740919059864,7902.979992852559,32943.30562077154,347267.493618275,23066.274178772,14727.693281449669,29698.75791450985,15593.59874645375,8680.730317142528,35711.97577462685,219788.46340532025,1245.438382145913,71.98822005535888,86.90955469103622,92.99037882686328,76.37237061304474,108.71759362286376,260.86783288867184,547.5924314480743,52931.44208594916,6186.873161617942,3468.153411947916,5845.249876780321,4163.533516278203,1641.4037635221314,5767.815470967868,25858.41288483483,282249.2755049214,21210.832629772,12720.77043086621,27680.146470474534,14801.242272298627,6446.721069141437,27145.41098146692,172244.15165090162,1336.85201086565,70.32838080960083,95.56979753356933,92.23361285330962,84.47548264647673,125.74386555490112,294.055417691925,574.4454537758675,39659.9648263036,4996.32063127053,2806.505427714962,4376.118156151777,3404.296030169246,1092.198218230351,3832.6653276452507,19151.861035121477,230815.92050247043,18744.457349216,10876.633500813869,23509.219100282873,13566.487174786813,4802.955640152412,20330.544225811245,138985.62351140723,1428.7186019380713,57.09892516442871,110.17479653923797,81.77291179870129,90.65999873226929,148.81841093856812,339.3793236497497,600.814235115116,50681.94361173962,6671.68884815002,3156.7654165594236,5838.607037587104,4335.709929698775,988.6928349145076,4475.653084672853,25214.826460157008,276174.717408686,22328.471067074002,11900.552853446236,27935.777556558933,16400.7394981805,4443.889408213483,22467.847401454586,170697.43962375823,1287.7172262635015,65.74734221783447,88.98441143272399,85.9975622962737,82.16631814217376,146.89606178155518,271.0815176660461,546.8440127268943,84503.2412774797,9517.834675655453,5087.070200906184,8460.682145210238,6284.126208072442,3003.225339854507,10099.366431355591,42050.93627642504,425854.6930751586,27770.20694902,17320.176595736324,35606.106923769235,21480.587992323126,10977.699374521251,44071.424090148124,268628.4911496406,1271.8537136911893,84.8088993234558,84.17557112978362,104.22248981848192,79.58182702365112,107.2348323123169,256.8809726816406,554.9491214018592
2054.0,66521.46834929266,7137.912350091579,4232.364257725063,6514.868329491196,4565.5185480682785,2432.7990977378745,8190.690417946254,33447.31534823234,354427.13396491547,23231.083817086,15119.740821704318,30056.965561625886,15939.854853261126,9190.550577268168,37092.047339597215,223796.8909943728,1243.8749277241702,72.35728118997191,86.6823179639244,93.10639169012403,76.5658442661972,109.48913674301147,260.6277558146667,545.0462000562744,53877.41291036101,6251.380224940034,3537.5034364753965,5933.487005094931,4252.266312027629,1723.8366423885038,5959.884080022958,26219.05520941139,286658.6100338622,21300.661316176,13000.055803577012,27956.71333610879,15117.049345380876,6757.175024026055,27981.549228844407,174545.40597974908,1338.1206692768358,70.65378817480469,95.5894901188507,92.33945406418562,84.96362221948242,127.12474969869994,294.80262411276243,572.64694088805,39963.907311441675,5012.642321160174,2840.8407644850095,4393.376895707765,3444.7998901718397,1129.4826889184492,3905.5334120719135,19237.231338926536,232228.8516928199,18723.622600408,11022.789826519836,23530.035570668068,13771.2041696095,4951.6094443439015,20659.34217290575,139570.24790836486,1434.1280520556631,56.96775446182251,110.74256524894714,81.54633237018871,91.50078557102965,151.23587473696898,341.95293976049805,600.181799906208,51363.87716003932,6744.395039844358,3206.7855041517405,5913.823171703038,4412.596989109713,1017.808664745576,4579.821595250329,25488.64619523454,279728.8812679308,22455.996778094002,12117.474177708367,28201.02843344724,16759.938922207315,4560.120956143286,22932.279153372026,172702.04284695856,1287.5712946490946,65.87899410971069,88.76945685777663,85.85103728455829,82.59781223672485,149.2133949826965,271.0150892664795,544.245509911148,86719.13206813484,9739.046347724025,5225.199117194036,8670.750453731287,6448.565740832193,3186.3878616675197,10521.10099179946,42928.08155518593,437325.22733964387,28215.262644776,17890.58716146896,36363.82999614715,22141.81605136275,11709.1375735074,46067.02343055717,274937.57048182446,1271.3703036769696,85.70456471554564,83.8834051349182,104.78519519528389,79.83304258734893,107.94712737875366,256.54749734823605,552.6694713168831
2055.0,67842.92205182083,7227.752085139823,4324.363325563347,6613.155820211417,4657.687542934667,2568.0561284327314,8488.983509705127,33962.92363983368,361499.5982094364,23391.327439532,15515.287307253708,30417.233904587905,16285.928511439,9728.42695315296,38497.53406555323,227663.8600279176,1242.3462966124905,72.72825197009277,86.4561116535263,93.223545660285,76.76064560961913,110.2679002684021,260.38838739767453,542.5214540528907,54847.23326502084,6316.563453498486,3608.3580891505403,6023.101719118506,4343.156931312143,1810.6097043771108,6158.400176019511,26587.043191544555,291033.1619585601,21386.544995904,13282.974168229306,28237.24594907447,15434.930243472001,7084.676886394835,28835.251013902373,176771.53870158314,1339.435864687045,70.98069977954101,95.60988046890259,92.44610270880031,85.45567440570068,128.5227360802002,295.5525531589661,570.8682180849343,40274.008467967324,5029.02340074218,2875.7434742377673,4410.763264046443,3486.0078747662283,1168.125852902577,3979.8130419479876,19324.53155932417,233550.63634271343,18697.1639502,11168.389881622781,23547.6986080891,13971.003445341,5105.756174003133,20986.634803207846,140073.98948024953,1439.6442203936967,56.83689048144531,111.31439783822631,81.32248012445545,92.35091386151123,153.69521737741087,344.54757474969483,599.5767459609527,52057.8593984541,6817.895838544727,3257.653115689912,5990.03964361316,4491.066062410476,1047.8178214393195,4686.569094206946,25766.81782254953,283178.24817129987,22578.369380698,12335.027733256864,28467.05084831756,17116.697451591,4679.804603631653,23396.444534176415,174604.85361962847,1287.5200788778652,66.010910287323,88.55628933508301,85.70534673473024,83.03545927485656,151.57045670690917,270.95238165097044,541.6892348879928,89006.96779419197,9965.413642453284,5367.284182048301,8886.138388337129,6617.717010623027,3381.171572376346,10960.580511808555,43828.66248654514,448790.29312757216,28664.811795664,18470.306337948987,37139.56762775495,22806.457746474003,12484.281062593032,48112.116630113276,281112.7519270238,1270.937118857891,86.60970830426025,83.59305119268798,105.35326856674956,80.08675499252318,108.66655628302001,256.2153569853821,550.412422533268
2056.0,69002.2396833967,7316.452366789566,4405.664799388299,6709.953485719906,4743.081147388187,2698.3387809546352,8754.259658085371,34374.48944507073,368414.8937733995,23547.079592158003,15911.564027721583,30779.053756747904,16630.171535268128,10291.310847272243,39913.25233211538,231342.46168211626,1239.5279352733583,73.08803624136353,86.13865056754685,93.29612790087985,76.84704701371764,110.89978143972778,259.810091105072,539.4482010050507,55773.26631669815,6382.39113182794,3676.1348844808913,6115.106403764168,4432.908753138738,1898.557537750269,6348.584182751461,26919.58342298457,295353.51156972535,21468.853499424,13568.642722234663,28522.066636289972,15754.344173060876,7428.979444172278,29702.070744361925,178908.55435018157,1339.4665815036817,71.30449916488647,95.5398087445488,92.51768761276293,85.83812856387328,129.74623394537352,295.90011743331905,568.6201060389175,40560.95329981602,5042.094346376165,2908.871457182549,4428.990147026059,3525.016947583955,1207.3332962755278,4050.352232126509,19398.29487324531,234778.85872901708,18664.9993927,11313.196046445635,23562.563453809493,14164.775557306375,5265.328273686622,21311.10812661524,140496.8878784537,1444.061363779036,56.686742519470215,111.81484465719603,81.05685219437075,93.11517760598754,155.9502133217163,346.80576720025635,598.6317662800388,52687.503081350056,6891.088729233307,3305.0092900322497,6065.8282611354525,4564.8991066027165,1077.9640558654783,4783.518463704533,25999.1951747764,286499.74268081953,22695.853828904,12552.373868409348,28733.663301135555,17469.430100588877,4802.819288578219,23856.5811791586,176389.02111404494,1285.9687436116533,66.12598610040283,88.24109510263061,85.50421122732257,83.35910614691161,153.71918986587525,270.4775871732788,538.5415679952316,91116.4042175485,10197.876808900228,5496.416538611599,9106.584987337217,6774.623238588889,3569.8597251620895,11359.064532852575,44611.97838609605,460160.03833575256,29119.471622696,19055.686933152658,37933.69974851592,23470.504515964752,13298.868178603563,50186.15385898177,287095.6534778379,1269.2586623097986,87.51936005584716,83.21255933140182,105.89720324364805,80.2230623888855,109.23591427142334,255.5493016868286,547.6212613317642
2057.0,70191.58418767682,7406.246863306412,4488.646853144369,6808.211547736034,4830.332260155789,2835.5623098268934,9027.918178660098,34794.66617484715,375192.53330323694,23698.779781802,16308.927365149353,31142.664574989925,16973.083632479753,10880.916089267712,41341.46601483698,234846.6958447113,1236.7488088570972,73.44961773013306,85.82281271422958,93.36981810028028,76.93432146404265,111.53687871301268,259.2334775028076,536.4018826325912,56721.652128146474,6448.90967567241,3745.2972692622848,6208.5475146294475,4524.730420351495,1990.9804288718658,6544.697456695321,27258.48936266368,299630.10082028166,21547.93612795,13857.256350644728,28811.289689353704,16075.634988909876,7791.07988289018,30583.223326778152,180963.68045375508,1339.5399491037297,71.62977830358886,95.4704749031601,92.59000941465044,86.22330877345276,130.98303361032103,296.24884600561523,566.3944980929413,40853.71022262866,5055.203787457128,2942.508264667171,4447.348956277758,3564.6896062493506,1247.9421311748026,4122.170348509346,19473.847128293044,235921.76968782017,18627.576512142,11457.351617446368,23574.865091102332,14353.032055278563,5430.583154629461,21633.334604133648,140845.0266530878,1448.5718454975133,56.5369962980957,112.31864595005035,80.79432976020098,93.88727075653075,158.24057018991087,349.080151332489,597.7138812102355,53327.56805758949,6965.070662996571,3353.107022955771,6142.601046919591,4640.152531416922,1109.0221818082207,4882.6156291121415,26234.99898238026,289704.09588974155,22808.874967338,12769.666560339905,29001.056038226936,17818.69543018225,4929.326250402598,24313.501216365617,178062.9754268863,1284.51321128279,66.24126833789062,87.92834100419616,85.30410049548625,83.68804581729125,155.90119229037475,270.00736690057374,535.4428964369773,93288.62941735392,10435.772629875057,5628.838091140767,9332.608009580294,6935.606305876802,3769.507822701914,11772.143115994175,45414.15344218508,471459.8600624286,29579.744437100002,19647.270530688995,38746.7477051916,24134.925021783878,14155.75530896522,52292.66610210372,292902.7509565951,1267.6348644177842,88.43856765026855,82.83462324836731,106.44644199737405,80.36118094239806,109.81048659649657,254.88578044989012,544.8577835329895
2058.0,71411.94500926849,7497.147621820809,4573.348732054963,6907.951876280435,4919.487493018259,2980.105740931039,9310.229358853303,35223.67418630955,381851.3408344605,23846.848388148002,16707.736852313566,31508.29872689812,17315.146770659,11499.041778071158,42784.42274860768,238189.84556976304,1234.0086633620347,73.8129896059265,85.50857905142212,93.444607373662,77.02248983418274,112.17922264181519,258.658593703186,533.3821811518402,57693.088245453524,6516.127132412051,3815.8768123393393,6303.4477698515875,4618.675409440742,2088.111795109938,6746.928464918703,27603.920861381397,303873.1299204848,21624.137908052002,14149.011479409766,29105.032203210103,16399.14500621225,8172.033254987549,31479.923570797808,182943.84649781525,1339.6560990187168,71.95654625015258,95.40188129404831,92.66306294714164,86.61124139112853,132.2332935776062,296.59876386639405,564.1913096922455,41152.411831484955,5068.3517792007,2976.6630884196247,4465.841709980037,3605.039783900989,1290.0035797323467,4195.289811383892,19551.222078867333,236987.2469804935,18585.327936448,11600.987036261606,23584.814174054634,14536.251720087563,5601.792810451417,21953.85587957761,141124.21742361263,1453.176261468378,56.387642729064936,112.82582542636108,80.53490900673103,94.66727392756653,160.56681729577636,351.3707826487121,596.8230104341659,53978.2561552752,7039.849016878716,3401.958337439356,6220.3703790155905,4716.856747122518,1141.0212676962599,4983.909484347593,26474.29092277521,292801.49655106966,22917.850899032,12987.064412450147,29269.415200309442,18165.031965343627,5059.492266928489,24767.993737321383,179634.64806968463,1283.1537640873216,66.35674820977783,87.6180009926529,85.10499825818968,84.02234423197936,158.11707139739988,269.54173441711424,532.3928665802079,95525.85000051197,10679.229016278035,5764.637606040993,9564.349822139375,7100.782414519171,3980.769334840104,12200.353535682703,46235.7282710114,482714.7417954609,30046.139605832002,20245.58860109624,39579.23863596143,24800.664778827875,15057.970489933501,54435.14842761197,298549.99125619774,1266.0657053328418,89.36745083822632,82.45922537150955,107.0010160763073,80.5011241260376,110.39033797753906,254.22472386770627,542.1218270755157
2059.0,72664.3630455469,7589.168042424963,4659.810081641308,7009.198525027476,5010.593177692381,3132.369772977787,9601.469693312994,35661.75375246998,388409.4571266153,23991.680523344003,17108.33759234969,31876.191356683463,17656.83870246325,12147.58567070768,44244.287016893424,241384.5362641738,1231.3074611713405,74.1781568454895,85.1959414359436,93.52050969965696,77.11154087994385,112.82686690203857,258.08544301916504,530.3890023891029,58688.28358641698,6584.049892341528,3887.9055008569144,6399.830426636095,4714.7970737208225,2190.198258709497,6955.470663699962,27956.031770452104,308092.3979312049,21697.784131164,14444.099509179052,29403.40455734902,16725.209487727876,8572.949039129533,32393.39885086295,184855.55235579246,1339.815035108325,72.28480560739135,95.334021322937,92.73685040611934,87.00194558154297,133.49721736636351,296.94991980068966,562.0102750232811,41457.19599766557,5081.538422964282,3011.3452643823316,4484.468954201634,3646.0817979978247,1333.5717621989356,4269.734674210907,19630.455121709725,237982.75455691808,18538.658103510003,11744.23798572157,23592.618455468186,14714.895523887752,5779.2373925756465,22273.18559030079,141339.92150545414,1457.8754522907109,56.2386869029541,113.33639837685394,80.27855824563456,95.455305324234,162.92959950942992,353.67771601156613,595.9591879200382,54639.78126510643,7115.434065047146,3451.576266095199,6299.150691516446,4795.042191524908,1173.9904334037478,5087.449872532093,26717.13774498699,295801.68720294966,23023.16932964,13204.719977082705,29538.928187973906,18508.958013808126,5193.487275830796,25220.834386226717,181111.59003238738,1281.8906706838568,66.47243877001952,87.3100695290451,84.90691345430373,84.36206538745117,160.36730759094237,269.0806859482727,529.3911900038223,97830.36139929667,10928.375800359418,5903.90695052239,9801.9584338669,7270.2685833249625,4204.336374444665,12644.254300315084,47077.260956463004,493949.14790390735,30519.149424652,20851.18083710229,40431.720693081574,25468.648086269375,16008.724719292752,56617.15080736533,304052.5733361441,1264.5510925926746,90.30610100451659,82.08634053738784,107.56098668801546,80.6428948003006,110.97550227114867,253.56613322808838,539.4131340632172
2060.0,73949.90108943656,7682.323076756259,4748.072351816371,7111.973940719559,5103.697687280043,3292.7779909446904,9901.923626260188,36109.13241565951,394867.5975211088,24133.643533924,17510.124604647288,32246.242876591346,17997.958358343378,12827.26857513983,45719.84335927057,244432.51621319246,1228.6449131270408,74.5451383333435,84.88489156806182,93.59751746728134,77.20148878180694,113.47987515142822,257.51400545941164,527.4219963657074,59707.987046373644,6652.685345897015,3961.416939862615,6497.719724897646,4813.152084061458,2297.497512524904,7170.52003262135,28314.995406508606,312291.2027977643,21769.187323254002,14742.364986038247,29706.42130232695,17053.807238502875,8994.614442998269,33323.65053213666,186701.15697250734,1340.0167514584289,72.61456345050048,95.26689841620254,92.8113793439002,87.39543893565369,134.7748984461975,297.3021897466431,559.8513831193313,41768.20737297146,5094.763980296611,3046.564498779768,4503.232910212359,3687.830782701514,1378.7016524724522,4345.53170944731,19711.58183906142,238913.7784909124,18487.852248688003,11887.16318242538,23598.47364923333,14889.233147721627,5963.112822837586,22591.53281054932,141496.41062945718,1462.6703090872836,56.090126706298825,113.8503903937149,80.02527951454114,96.25144535635376,165.32944781848144,356.0012810904541,595.1223382074394,55312.343937470316,7191.833106240738,3501.9738001319843,6378.955055251879,4874.742276553104,1207.9601559416933,5193.287594736013,26963.591948614932,298706.2435816482,23125.174491276,13422.364962099904,29809.45332914823,18850.485981137626,5331.397077217071,25671.746454499556,182495.6212862699,1280.7241182958255,66.58832495507812,87.004537250103,84.70983485961484,84.70729699802398,162.65246775152588,268.6242993171081,526.4373571643715,100204.56001484081,11183.34612014127,6046.740225660483,10045.583532191731,7444.189015625255,4440.942797214299,13104.42359169865,47939.33473230929,505165.65885620564,30999.326342092,21463.38546896831,41304.509125970886,26138.634693491753,17009.60952597165,58837.61318148111,309412.58051823004,1263.091032764604,91.25461506860351,81.71595373005675,108.1263806362586,80.78651190724182,111.56601530880737,252.91000370776365,536.7315524058723
2061.0,75071.572856916,7775.570651738293,4824.368030519495,7211.428324936461,5186.342293890058,3444.8591526597365,10164.527950721244,36464.47645245071,401161.92625800835,24272.956191894,17910.11232539919,32617.50611438003,18336.251037404378,13533.65408653475,47195.00908747478,247296.43741492127,1224.8273348720206,74.88531889413451,84.50016512039184,93.60634432888793,77.18646112621308,114.00257286697388,256.628826697876,524.0176458375435,60680.058461745866,6721.802588959935,4031.332302524243,6595.50830277827,4906.826645793939,2405.0491625752115,7375.022971900168,28644.51648721414,316449.5442613126,21838.621794826002,15042.802111426903,30013.794498898355,17383.771246387874,9436.368093889452,34265.58602852395,188468.60048736,1339.1376607328868,72.91871769329833,95.13124469955825,92.83825150130414,87.67509147932434,135.91256069799803,297.31172256277466,557.350072098629,42066.47230696207,5104.528409504074,3080.371626698891,4522.224151686018,3728.2189039679406,1424.2908634571447,4418.370481988376,19788.467869659573,239780.08134565593,18432.773348462,12029.607501468287,23602.56675493197,15058.946965195752,6153.296665257275,22907.898430534813,141594.9916798058,1466.6463038319835,55.91629042196655,114.31394429477692,79.73965762368393,96.96642163319396,167.5431398397522,358.0599201821289,594.1069298364811,55910.601700137595,7267.544084970095,3547.1705148166884,6455.102959313586,4947.359349925037,1241.8190905053132,5287.081804057227,27164.52389654964,301490.1211703694,23224.004711132002,13638.798378204583,30080.066286816073,19188.019335039502,5473.031238789907,26116.469891719404,183769.73132866787,1278.239977218522,66.67075262164306,86.61385377592086,84.44694632460498,84.93156741524506,164.75310554666137,267.79367953640747,523.0300719980393,102400.10729228245,11445.865511957261,6175.217783017477,10292.03753937234,7603.063707003536,4667.6544286036515,13517.655552074224,48698.61277025405,516281.9177516935,31487.410599864,22078.289147745378,42197.29437800261,26806.444349022753,18054.58545937922,61074.697139711956,314583.1966779677,1260.5002180217261,92.16753445767212,81.27966524332047,108.62214178181219,80.81644989472198,112.03161520111084,251.95504663256835,533.6277648105201
2062.0,76220.20178265571,7869.955139670889,4902.03763786566,7312.321096211652,5270.603411349305,3604.307965386068,10434.187322568354,36826.78920960387,407311.87102315435,24409.991675552003,18308.700424946892,32990.24347716552,18672.243060109875,14268.552205372649,48672.118880558075,249990.02129944938,1221.0536508859182,75.22704162097168,84.11761287972641,93.61627775727891,77.17220197251892,114.5290898119812,255.7470281966858,520.6443986467552,61674.958373737856,6791.644052063079,4102.6034042703295,6694.800705103798,5002.540512185598,2517.85908474155,7585.431316869831,28980.079298503555,320577.5472737674,21906.384065292,15345.61922285592,30325.660206077922,17715.473665117624,9899.400708178908,35220.48640934304,190164.52299690203,1338.2993130323675,73.2241452007141,94.99643938109207,92.86582129889679,87.95659569644165,137.06135329992676,297.3220007233276,554.8729574319686,42370.79753162969,5114.315790566446,3114.677494777257,4541.364157912062,3769.2989814897414,1471.4783883715866,4492.462265981149,19867.20045253132,240588.48328396858,18373.801009388,12171.709851127676,23605.09132126597,15224.493102029252,6350.087583155316,23222.814953134213,141640.48546386813,1470.7065038221167,55.742992186401366,114.78042676525115,79.4574170414772,97.68821834916686,169.78854326602172,360.1316059918823,593.1173002219161,56518.252313650395,7344.057999599639,3593.0087014836104,6532.188364595644,5021.293844217374,1276.6854252125597,5382.708087014905,27368.30989152674,304163.71681733604,23320.02447548,13854.203973295165,30350.97986041663,19522.13758726125,5618.5708174479905,26555.866628244938,184941.93347519005,1275.8555242368773,66.75329953405762,86.2262980082016,84.18542621736526,85.1606833033676,166.8835074564209,266.9695822154236,519.6767275020409,104656.71371763645,11714.55643413293,6306.598272226805,10544.682875240234,7765.708935500346,4906.392372109886,13944.016636796623,49474.758191629844,527323.0323512717,31983.908388992,22696.44686495207,43110.674414402136,27473.079322521753,19146.74947544983,63331.91374153219,319580.26014342165,1257.9673868146654,93.08959393203735,80.84644109902572,109.12278959295129,80.84787497123718,112.50107233279418,251.00423549319456,530.5553793934249
2063.0,77396.5958575956,7965.492573539369,4981.1101334774,7414.673072557965,5356.513724233701,3771.4904989322968,10711.091261645874,37196.224593209125,413335.97629055113,24545.099913374,18706.271862337788,33364.70301760427,19006.446006649127,15033.84785297454,50153.39428128796,252526.21335632348,1217.3234460979286,75.57034023562622,83.73723179175948,93.62731084302663,77.15867327836608,115.05945394467163,254.86857925033567,517.3018567541427,62693.36604057547,6862.217481868648,4175.259543765027,6795.618811630606,5100.342645442638,2636.1909886773324,7801.911935034339,29321.824634156917,324685.0238352443,21972.751912254,15651.029473316852,30642.15112105887,18049.282926003125,10384.96494647456,36189.63240392952,191795.21105220733,1337.5013975065879,73.53084952697753,94.86247733182907,92.89406957914352,88.23997111256408,138.22143441433715,297.3327700578613,552.4198254838752,42681.32258325894,5124.126930986528,3149.4912573516403,4560.654858765758,3811.085463996743,1520.321709586878,4567.8315830177735,19947.810779553573,241345.40626633,18311.300289218,12313.590875523521,23606.221526718095,15386.312935074626,6553.803059831355,23536.77440173268,141637.40317823176,1474.851615515491,55.57023067926025,115.24987339278411,79.1785409777007,98.41691343383789,172.06611499356077,362.21658472393796,592.1533573144093,57135.46647941285,7421.379885084779,3639.4985677462796,6610.221672768087,5096.572687882056,1312.5904431192216,5480.202304085655,27575.000918726757,306736.9103473876,23413.579339886,14068.760285005827,30622.394774423985,19853.39315887825,5768.206061303637,26990.784512470727,186019.79221541923,1273.570761056468,66.8359369130249,85.84186379695511,83.92524854479122,85.39469279859924,169.04410470486448,266.15199045266723,516.3769238455658,106976.35983362245,11989.563903404438,6440.95179851413,10803.67800810598,7932.221211230023,5157.809038145457,14383.929189599505,50268.20668462256,538313.729237659,32489.330267564,23318.409461261002,44045.25403378044,28139.5181276365,20289.353217465003,65612.74697327604,324419.1171566761,1255.4923690589903,94.02087900933837,80.4162581473503,109.62835900676345,80.88077791590881,112.97440356555175,250.0576200898132,527.5140713242645
2064.0,78601.61350600488,8062.1962173979255,5061.614625305374,7518.506189604426,5444.111516519622,3946.791431035982,10995.440829331912,37572.952696809654,419252.2182209864,24678.631053976,19103.207067696065,33741.12666977526,19339.352511844878,15831.531254331689,51641.086368442346,254917.28329492008,1213.6366025675777,75.91520553338623,83.35900211050796,93.63944818287706,77.14590197029113,115.59371468896484,253.9935177625122,513.9898123190384,63736.00058467743,6933.531967627153,4249.32994542276,6897.987680542629,5200.282989231324,2760.3208965369963,8024.650491625014,29669.896613691686,328781.57888466277,22037.996416004,15959.244219260325,30963.39840237882,18385.557434648752,10894.38738277845,37174.31659857617,193366.6784310163,1336.744086487071,73.83884749682616,94.72933946060562,92.92300859323787,88.52521511203003,139.39289970263673,297.3443199927368,549.9904561289978,42998.18949878469,5133.961541818227,3184.8210997218093,4580.097893269514,3853.592966638383,1570.8810041361044,4644.500201102979,20030.33479209761,242057.04509723803,18245.618576240002,12455.382107262118,23606.133333736616,15544.828085897501,6764.769094854093,23850.28040789064,141590.033491357,1479.0821528265976,55.39801052896118,115.72229021544646,78.90301048288966,99.15260101426696,174.37637384881592,364.3148537801208,591.2150129560966,57762.41772893752,7499.519681174,3686.6491821692534,6689.216954378089,5173.22348138797,1349.566610235091,5579.601091724775,27784.640727868315,309219.0292091779,23505.003319982003,14282.643578050272,30894.513559753326,20182.313928099877,5922.1315261248155,27422.019534260493,187010.40376290717,1271.3856652038282,66.91868030960083,85.46049959278106,83.6664276697669,85.63365963908386,171.23535558688354,265.34089312268065,513.1301492830314,109361.1130197261,12271.036260854333,6578.349866018463,11069.184580528105,8102.702326416609,5422.593262824713,14837.825313983334,51079.42140910061,549277.9100973695,33004.194993884004,23944.714467100814,45001.67063350173,28806.706045971,21485.820439786938,67920.57767223097,329114.2258448939,1253.075024912057,94.96148286785888,79.98908401719665,110.138875813344,80.9151779573059,113.45164266879272,249.11510623184202,524.5036553557167
2065.0,79836.12934974414,8160.078641100992,5143.580361818842,7623.8417646919825,5533.43428433955,4130.613469531762,11287.436561098726,37957.14426716225,425059.8129548919,24810.698153408,19498.912550635454,34119.10870241308,19670.510455044,16661.966916902486,53133.481414427006,257165.13476206182,1209.9927140611358,76.2616361182251,82.98289956509018,93.65267713235616,77.13388661268615,116.13187562191771,253.12179166900634,510.7079473418541,64803.59812552377,7005.594599933643,4324.846216037194,7001.931709781143,5302.413642571251,2890.538837821033,8253.82724548127,30024.4458738982,332869.1155887863,22102.20946981,16270.11750462494,31289.19966531881,18724.125376973752,11428.463677206173,38174.31356782793,194880.68632702465,1336.0272710790562,74.14813379788208,94.5970332522316,92.95263901689958,88.81235232707213,140.57584306622314,297.3565500146484,547.5847196040993,43321.54269000424,5143.820575389063,3220.6760137798487,4599.6946717805495,3896.8365436951162,1623.2180744978496,4722.4908345410095,20114.805976320757,242727.40459035442,18176.80580565,12597.167210463163,23604.764385396702,15700.317433969127,6983.189452428076,24163.48404181248,141501.67626063488,1483.3986319384273,55.22632731591796,116.19770640929413,78.63080013892221,99.89534540022278,176.71978931054687,366.4265130844116,590.3021502791119,58399.28533530584,7578.486574085092,3734.4713609394344,6769.185045682329,5251.273638357709,1387.647013251574,5680.941124459746,27997.280578529873,311610.71286085923,23594.362750620003,14495.590540922794,31166.931964819032,20508.923747725625,6080.436643357952,27849.200884161208,187915.26632925263,1269.3001781100593,67.001525203125,85.08220696673584,83.40894401389455,85.87762693185424,173.45770469992064,264.5362560612793,509.93591423324966,111813.11153775634,12559.128380705071,6718.865396024854,11341.370174544209,8277.25667669833,5701.471539242535,15306.155554265128,51908.8638162762,560215.9109019464,33528.884895296,24574.65594041352,45979.92450602456,29474.100152744253,22737.3616901015,70253.58555260459,333667.39816476195,1250.7152392468147,95.91151023162841,79.56488966298676,110.65438680295563,80.95108987004089,113.93281268435669,248.1767482633972,521.5238017314491
2066.0,80873.3782280791,8251.894138294747,5212.809270869567,7720.731651630957,5607.854235142581,4301.7272480565425,11535.738662552885,38242.62302153162,430693.5523629032,24940.5768584,19890.44019163999,34496.54439126336,19996.646114985,17519.014007507016,54613.51622687369,259236.81457223409,1205.1767950038727,76.57455668936157,82.53726740264129,93.59486686374377,77.01703380587769,116.53415287283325,251.94998308328246,506.96893428613276,65800.2977908603,7072.5348485942895,4396.678314876556,7102.276930351676,5396.871653848186,3019.618106537905,8469.512403586423,30342.805533065395,336924.617000542,22164.814176078,16582.671020244907,31618.46950267636,19063.170552758376,11985.935709245488,39183.738651393556,196325.8173881453,1334.2983076755734,74.41945463183593,94.40375091908264,92.94760236313438,88.9891013212738,141.6116954147644,297.0944573866882,544.8322456387939,43620.87092040246,5144.586655163135,3255.564203563162,4616.070298454036,3938.6276238942683,1675.7423787318417,4797.481344193286,20192.798416402828,243354.51672899118,18103.931481174,12738.87389100157,23601.5524173236,15852.62885732825,7208.841061297314,24475.422485996773,141373.26653486965,1487.0832017793773,55.02247168154907,116.64053058409118,78.34602589924668,100.5826967600708,178.87396252630614,368.36751640231324,589.2499979258002,58937.278417809284,7649.536866908168,3776.62642649444,6841.003525347794,5320.772155226313,1425.4553719651806,5768.148759682998,28155.735312184468,313884.99277779285,23680.712120974,14706.388752611263,31437.738368142043,20831.644954393378,6242.883324654209,28267.66368495345,188717.9615720645,1265.9541046257982,67.04081760275268,84.62689546154785,83.1007181167593,86.00967717142487,175.49431981573485,263.38667328570557,506.2950031718731,114041.51699002336,12849.753897203516,6843.56705432739,11611.113452199228,8431.010308307676,5964.980865939904,15718.945497227242,52622.145914818524,571040.8899978292,34063.264180704005,25204.190055277424,46978.289631006446,30136.308910976753,24035.604919541798,72588.10131641223,338035.13098391047,1247.1882830355482,96.81573295233154,79.07953602593994,111.09406803097819,80.8726651130905,114.28503297937011,246.95361668865965,518.0876312451782
2067.0,81933.69725574626,8344.74930883304,5283.112866882532,7818.916602142868,5683.545289494762,4480.2781410034595,11789.603434643177,38533.49161274648,436172.7002984744,25068.61739535,20278.218362310876,34873.74542422199,20318.364097917252,18404.517969216813,56083.694940175235,261145.54210928216,1200.4111770051384,76.88875749713135,82.09444163524627,93.53827485364151,76.9011121489029,116.93911104647826,250.78383356051634,503.2656462632217,66819.64360458673,7140.124937304223,4469.829918515903,7204.093429355378,5493.235351623041,3154.7032809807906,8690.934703792693,30666.721983014646,340958.0058388717,22226.089919912003,16897.130954917626,31951.371266269114,19403.10863357475,12568.178837079544,40203.96831859197,197708.1579085267,1332.6089049256268,74.69176718145752,94.21146390227126,92.94324310265922,89.1671552273407,142.65661605062866,296.8332388263245,542.1054206349448,43926.47638764958,5145.360525712406,3290.952722417593,4632.591696985626,3981.118016113389,1730.0627226166648,4873.708286364009,20272.68241743979,243944.10797439952,18027.375475644,12880.632630115128,23596.697563476326,16002.163463820127,7442.07027538616,24786.58403461733,141208.58453134052,1490.8447597442473,54.81938013476562,117.08600829341889,78.06477752494048,101.2762507017517,181.05615136816405,370.3199120128174,588.2222797083892,59483.29603707209,7721.258648690733,3819.3185023829483,6913.611571591985,5391.469994395916,1464.366871248811,5856.824722020165,28316.445726741553,316052.1413002759,23764.410976366,14915.242278138303,31707.195224899457,21151.083253002875,6409.6823756858985,28678.365815533085,189426.1613766503,1262.7128021361027,67.08013191940307,84.17545896339416,82.79417568267822,86.14657166632843,177.55712891473388,262.24651846585084,502.712816523714,116327.50126421406,13147.115216130349,6970.747472155801,11887.491169289542,8588.031473757,6241.137509495388,16142.982794479807,53349.99562890577,581777.7782257969,34607.872700304004,25833.90138667233,47997.45393960613,30794.391835763752,25383.76068125508,74927.65168715434,342232.7459950412,1243.7239700389118,97.72848474163818,78.59780486113357,111.53824447056388,80.79576615981293,114.63999502124022,245.73694547579956,514.6867293087234
2068.0,83017.72903305423,8438.657785030771,5354.510784281564,7918.414473344651,5760.532135297257,4666.597445701253,12049.159184787402,38829.85722461136,441515.66085901647,25195.165786354002,20662.67659185729,35251.0088867042,20636.234809679252,19320.378494030345,57546.37046477594,262903.82582561555,1195.6955030770698,77.20425243719482,81.65440465361404,93.4828982069335,76.78611587905884,117.34677836437987,249.62331732058715,499.5977362153015,67862.28713465523,7208.3711735434745,4544.327966635003,7307.40250929261,5591.545595661015,3296.079442752482,8918.244405366619,30996.31604140402,344978.8388347594,22286.311691086,17213.71344894061,32288.077695363423,19744.347872202,13176.641009518162,41236.34767077644,199033.3994468728,1330.958663797986,74.96508580065918,94.02015715877914,92.9395545645151,89.34650638909912,143.7106751928711,296.5727451257324,539.4039395663299,44238.49816689913,5146.139530096857,3326.8501531004035,4649.2592510886025,4024.322463558811,1786.2421687689905,4951.192996698038,20354.491603587434,244501.5927487984,17947.500833264003,13022.556178734836,23590.387762371538,16149.305070763126,7683.240058866143,25097.464788273413,141011.13805652526,1494.6837224876565,54.61702786489868,117.5341611369171,77.7870116257143,101.97609679171752,183.26673108450316,372.28376736959837,587.2189266143074,60037.47910821923,7793.659209900819,3862.555290329923,6987.018711428599,5463.389764185706,1504.4152391972816,5946.994237433524,28479.446655743384,318121.8668845678,23845.797193500002,15122.35563476897,31975.557344698937,21467.809777476126,6581.048717239391,29082.211844626057,190047.08637225826,1259.5759846602616,67.11947652801513,83.72787174742889,82.48930988206148,86.28834827927399,179.646462999115,261.1157495901794,499.1887656341877,118672.78906165018,13451.364971741345,7100.459304490696,12170.671973626948,8748.395780955585,6530.560972974017,16578.574819407255,54092.76123845446,592450.8970477671,35163.256644924004,26464.348330379853,49038.11957438176,31449.400421729002,26785.2056421133,77275.76777705092,346274.79865718825,1240.3219927224445,98.64983452142333,78.11965819478607,111.98695821152305,80.72038306488037,114.99769234524535,244.52666046939086,511.3208059151954
2069.0,84126.14121278656,8533.631260006207,5427.022998801602,8019.243599451158,5838.840601366292,4861.0300720806845,12314.54025150488,39131.83242957573,446740.06231453427,25320.55247464,21044.218650587285,35628.629935306,20950.815814844,20268.578641578362,59003.84260776413,264523.42418981454,1191.0294789575823,77.52104104263306,81.21713051477433,93.42873664313697,76.67204844104003,117.75715089492797,248.46851344195557,495.9648579791145,68928.9244860894,7277.279169049531,4620.200570080951,7412.226692490251,5691.846704261857,3444.0461996172958,9151.60544335023,31331.719707239256,348996.5062947818,22345.738065036003,17532.637095090085,32628.75531845872,20087.291297109252,13812.833828128216,42282.20837324511,200307.0423177145,1329.3477016040085,75.23939449841308,93.82982809151459,92.93653727421284,89.52716983917236,144.77397209924317,296.3130956651306,536.727704136322,44557.08993364878,5146.926357348131,3363.264986879225,4666.075848832448,4068.254950395844,1844.3457588985439,5029.956981787765,20438.265049506772,245032.16670737168,17864.650537778,13164.76229166541,23582.80976531953,16294.419162647751,7932.724013978343,25408.52476615804,140784.2761698246,1498.6005677640346,54.41543411608887,117.98500826721954,77.51272651788187,102.68230016752624,185.50604835879517,374.259124704834,586.2399256316891,60599.96237895128,7866.743472924151,3906.3453671946386,7061.233739716579,5536.5565762099695,1545.6355559180251,6038.680863959684,28644.76680302812,320103.36711373006,23925.211023204003,15327.917657536997,32243.06862953214,21782.367786951752,6757.196531197902,29480.056618281047,190587.54886702626,1256.5433580251297,67.15883628863526,83.2841221695938,82.18610918643617,86.43506649475097,181.7627090466919,259.9942774909973,495.72223734802435,121079.18027924273,13762.667494502715,7232.755842551097,12460.825525916298,8912.184558183055,6833.902925793038,17026.046148882873,54850.79778341348,603083.9005605563,35729.959127436,27096.091715233986,50100.99894806467,32102.32341652075,28243.447695510986,79635.85769734121,350175.2219604486,1236.9821751584834,99.57988154302979,77.64505316408157,112.44022638534736,80.64653167203521,115.35815618649292,243.3228003600464,507.98952584745024
2070.0,85259.60882567639,8629.681362567404,5500.670569718504,8121.422372696387,5918.49586045069,5063.937564310538,12585.874746440471,39439.52634949238,451844.5937537163,25444.86255646,21422.39441388051,36006.102510324614,21261.659202115752,21249.09700879639,60454.44547444903,266006.0325876901,1186.4126003640579,77.83912772857666,80.78260535774612,93.37578467210626,76.55890327951812,118.17024939544677,247.319270854187,492.36665907647705,70020.26090491666,7346.857717115321,4697.475844946878,7518.589060557531,5794.183307864816,3598.9168659931165,9391.178820823317,31673.05928761568,353011.9657802631,22404.425311670002,17853.80276334347,32973.10184115573,20431.75144332225,14477.528363511004,43341.27502106546,201530.08103619528,1327.7757770312971,75.51472118746948,93.64047099346541,92.93419225100851,89.7091446579895,145.84657575653077,296.0541983613891,534.0764738234443,44882.39154925077,5147.719242388603,3400.2053437144114,4683.042695464298,4112.9296982486585,1904.4416152628853,5110.021559395858,20524.03139477611,245538.7441394184,17778.877333652003,13307.327370343408,23573.843091780207,16437.828630435626,8190.738026598696,25719.921982569656,140530.20770403882,1502.5954673738927,54.21458331744385,118.43855097037506,77.24188597802639,103.39491740522766,187.77452968118286,376.2460075029602,585.2849925186767,61170.899161336056,7940.518237214995,3950.695263231721,7136.266429352176,5610.993520777883,1588.0638054128565,6131.913152338821,28812.448753007662,321996.8724261542,24002.665629364,15531.761346669724,32509.25771321452,22094.860535394128,6938.226419300395,29871.580783394435,191048.51999881695,1253.6147371276559,67.19821989013671,82.84415759611511,81.88456993525028,86.58674832472991,183.90621648385618,258.8821350630188,492.3126898345489,123548.50386612237,14081.182579870347,7367.693875275682,12758.128073867343,9079.480175485282,7151.845729586852,17485.7099419874,55624.46349004946,613676.1126192166,36308.390410688,27728.58688095182,51185.94530643014,32752.673238677,29759.277008315235,82005.97661075628,353935.263163398,1233.704028984333,100.518689522583,77.17397629685593,112.89808109687041,80.5742252951889,115.7213777763977,242.12514416311643,504.6925348333206
2071.0,86186.2129400608,8719.4526328103,5562.795613396561,8212.544811704223,5981.783710505114,5250.485255416664,12812.264679045973,39646.886237182065,456766.3583934226,25567.366767678002,21794.680508324076,36380.94400187562,21565.4554412305,22254.445449747953,61882.11885373638,267321.3473708301,1180.678596536569,78.11739403930663,80.28066949908066,93.24902833468389,76.34286569448852,118.44498659460449,245.87861458181763,488.36503779258726,71028.09835172832,7410.893309694597,4771.611501326449,7619.129719942132,5887.400590508962,3750.867531584015,9615.47053573859,31972.725162933843,356999.4886121649,22461.760491368,18176.3652562291,33319.64970107584,20775.8131545735,15168.699674292044,44407.381494275716,202689.8188403507,1325.2533090585168,75.74394265530395,93.3941872281494,92.90248690851163,89.79118393881225,146.76673444042967,295.538066259613,531.116707627697,45180.16618619985,5139.792161822839,3436.577518116671,4695.544139899966,4156.795184033737,1964.5464003197064,5187.374632520325,20599.536149486572,246017.93718017836,17689.345171698,13450.200200395353,23562.745785972413,16579.718204395875,8456.971781912434,26030.8420410199,140248.11399478442,1506.1571296871223,53.97563808340454,118.8708445737152,76.96709306458854,104.07637852111816,189.88864485266112,378.1201571526184,584.2583734390163,61636.489370954936,8005.692448575858,3990.36489492895,7201.060149282721,5676.675511622106,1630.2079538257128,6210.914589594316,28921.573823125247,323776.08927808865,24077.18266563,15732.935959414122,32771.93913676058,22404.066355274,7123.883533095955,30252.503772217147,191413.5778556968,1249.5643771831787,67.1840718468933,82.3331164846344,81.53772429721927,86.63903972601318,185.89959182904053,257.4624572463989,488.50837575297925,125782.48201998128,14402.64443437126,7488.759782338812,13049.329124941083,9224.421090749565,7449.942827855995,17888.20910925725,56279.175650467325,624142.7557594823,36898.422368028005,28358.425907934838,52290.439492550795,33395.26347406525,31322.39927988569,84363.67374600735,357514.13149101025,1229.3299879423846,101.41207853320311,76.64442460450745,113.28047151177024,80.38974217054748,115.9540722835388,240.65189593136594,500.9973029074516
2072.0,87132.30834507605,8810.165168764775,5625.755974561371,8304.77854227619,6046.032190166441,5444.244418909326,13042.842458808336,39858.489591589554,461524.65220726706,25688.407326716002,22161.53856517249,36753.52452205905,21862.868391225,23286.43748375514,63289.51987269115,268482.3560456483,1175.0024125917143,78.39665673468018,79.78225823897552,93.12367760462331,76.128218633255,118.72155503356933,244.44654042233276,484.40350592427825,72058.16428718998,7475.499002789748,4847.042293691886,7721.049310074282,5982.359614466876,3909.485821963948,9845.244188765928,32277.48405543727,360968.94819200813,22518.01745598,18500.544793601024,33668.608525857926,21119.92448277925,15887.90080632566,45481.9672759701,203791.98485149417,1322.7698056986108,75.97387032211303,93.1490829607315,92.87145295514536,89.8742252458496,147.69398640109253,295.0233259501343,528.1838618635444,45484.53242648467,5131.88375956474,3473.45838223479,4708.18179565534,4201.374168096181,2026.6533170234056,5265.954237508182,20677.02676640207,246474.714673459,17596.431291362,13593.491489972575,23549.73187204963,16720.399784098125,8731.825630194971,26341.75997235355,139941.07463342816,1509.790496471156,53.73774208193969,119.30559256761168,76.6959183133192,104.7637049026947,192.02826623208617,380.0045681455078,583.2547042279969,62109.009857328725,8071.406142834195,4030.495517624975,7266.470974290506,5743.478630907199,1673.5578170819692,6291.049214518196,29032.5515600717,325451.21557947574,24149.109586564,15931.657692294715,33031.43257991532,22710.580296583877,7314.403027771553,30623.79259076807,191690.23980557823,1245.6255970087193,67.16992416986083,81.82675357911681,81.19289285595607,86.69642924604034,187.91681056500244,256.0556197411804,484.7671668515625,128070.58632977733,14731.447741792635,7611.966479494778,13347.498119031476,9372.153878920066,7760.931558697483,18300.10188851268,56946.486663328316,634508.8816218555,37500.628936708,28986.195718930583,53415.27537099663,34031.21045619025,32936.10852367741,86712.61866761501,360926.8439477376,1225.0243595931538,102.31338133636474,76.11909165676498,113.66706691445827,80.20719207250976,116.18865677481078,239.18790053826902,497.3410702999763
2073.0,88098.37933942724,8901.82816815469,5689.564163310669,8398.137243092906,6111.259141610959,5645.500484876248,13277.68610758972,40074.40403079194,466137.6900902754,25808.31055107,22523.413333752636,37124.20577559058,22154.53760143,24346.95313544447,64679.17622859745,269501.09346439026,1169.3835387918443,78.67691794430542,79.28733680117797,92.99972003233813,75.91497782559203,118.99997415277099,243.0230009418335,480.48161109382625,73111.08699841415,7540.6783133360705,4923.794534470659,7824.3671773119695,6079.096670240735,4075.069231358447,10080.635354515984,32587.445717180388,364929.98636484495,22573.457072124,18826.56294274748,34020.18379477528,21464.53093515625,16636.741135472508,46566.45185122469,204842.0586333447,1320.3250262950414,76.20448992315673,92.90515839121245,92.84108990241384,89.95827388919066,148.62836216186523,294.50991723135377,525.2777347958488,45795.63600097655,5123.99507184566,3510.856808158637,4720.9559078101865,4246.6789441036835,2090.8308293634464,5345.78218494149,20756.536254753457,246913.87067408088,17500.492377230003,13737.307493063945,23535.011747533128,16860.186297208376,9015.712452740267,26653.12359207195,139612.03671423323,1513.4958802547405,53.50090265179443,119.7428213144989,76.42832536505794,105.45692497827147,194.19370204516602,381.8993662336426,582.2738376663093,62588.58052540814,8137.665541964439,4071.0937858577463,7332.504638792883,5811.4257768448215,1718.1496988903216,6372.335096834247,29145.405986223774,327031.99079653603,24218.790201080003,16128.130645637544,33288.046007807185,23014.984987371878,7510.021822381436,30986.428648810906,191885.5884834471,1241.7979559820633,67.15578886212158,81.32504151177216,80.85005804306603,86.75896458662415,189.95816760681151,254.661553046051,481.0883823256168,130414.31564718996,15067.76662376474,7737.355312417762,13652.805990667011,9522.73956108406,8085.384122449967,18721.60743867018,57626.656598136455,644798.615908372,38115.591261016,29612.47059527181,54561.2321070524,34661.601962479,34603.80046469125,89056.38431133748,364187.5352065241,1220.7867453460035,103.22271073156737,75.59794784757041,114.05788930980015,80.02657664899444,116.42518539941406,237.73305173565672,493.7233836730003
2074.0,89084.93097467755,8994.45127910789,5754.233796260772,8492.635321906027,6177.480747400938,5854.549358204902,13516.881304325318,40294.6991674718,470623.0243516543,25927.398082414,22880.73436067744,37493.33457666425,22441.068179337002,25437.90687851505,66053.48871926374,270389.09355478286,1163.8214917046528,78.95817371908569,78.7958734657631,92.87715044161796,75.70312063928985,119.28023899487305,241.60800783117674,476.59892661284636,74187.51931960533,7606.438186304816,5001.893706510025,7929.102529333424,6177.6492661087195,4247.930679939989,10321.789642951238,32902.715308457184,368891.9743133415,22628.332951822,19154.63854168538,34374.57884754131,21810.05399897325,17416.8997561339,47662.22610857534,205845.24410861026,1317.9188589054465,76.43581420147704,92.66240381881332,92.81139042244101,90.04334052012634,149.5699503648071,293.9979286127014,522.3980309650802,46113.62497126934,5116.124687386604,3548.7800500072944,4733.868332504759,4292.724165516978,2157.149768650904,5426.879733503306,20838.09823369955,247339.85721113923,17401.864389478,13881.74546454444,23518.7833846903,16999.361571375128,9309.059871891117,26965.382343730955,139263.66018542927,1517.2735632291092,53.26510558587646,120.18252742288207,76.1642930020604,106.15612112574767,196.38525938882447,383.8046290995178,581.3156276042004,63075.31269786351,8204.473719252035,4112.165326635285,7399.168122048654,5880.538804050206,1764.0212523863597,6454.786152077695,29260.15932141318,328527.57567328785,24286.55222932,16322.560268595298,33542.07143427279,23317.822962800128,7710.983237271189,31341.307006746392,192006.27853428197,1238.0808551866417,67.14165234933472,80.82793370215606,80.50921494870568,86.82666191799163,192.02396525265502,253.28016464035034,477.4712623754482,132815.24259127933,15411.77089787944,7864.967744764205,13965.427012536758,9676.240577991563,8423.893399487566,19152.95956815326,58319.983390466696,655035.4291558695,38743.902730896,30237.806663061776,55729.11495465216,35287.477828361,36329.001161275155,91398.50809078838,367309.61772683496,1216.616913831004,104.1401167211914,75.08095062352753,114.45294941416836,79.84789540144348,116.66363166253662,236.28738321243284,490.1439867957039
2075.0,90092.48110063793,9088.047235000158,5819.779396748837,8588.287052925667,6244.71529772576,6071.699729964981,13760.505701566522,40519.44668670592,474984.3400709596,26045.85049366,23233.19555251208,37860.69979425152,22722.38978641,26559.13066561733,67411.48014736877,271151.5936311399,1158.3157493715562,79.24045086679077,78.30785036495209,92.75596378031253,75.49265676659392,119.56235880212402,240.20141373645018,472.75505505433273,75288.13873472685,7672.782553511137,5081.366780088666,8035.277009249975,6278.05425060356,4428.395371473743,10568.850222799803,33223.41254699995,372857.1842284053,22682.799937918,19484.639771900103,34731.63718992201,22156.439151234,18229.084347749853,48768.92329190046,206803.66053778087,1315.5511542083939,76.66783759222412,92.4208178580513,92.78237370470524,90.12941557817078,150.5187712218933,293.4873555448608,519.5445827084884,46438.66139121212,5108.274786940133,3587.23758337671,4746.920887738235,4339.523186546263,2225.6841472890683,5509.267349843494,20921.753449478245,247755.5170884278,17300.739870056,14026.77018765164,23501.09589332991,17138.222902924124,9612.029964231826,27278.560790011084,138898.0974802232,1521.1240226009263,53.03035780395508,120.6247474571762,75.90380120696163,106.86133493919372,198.60332784802245,385.72037975762936,580.3800735879879,63569.330519685755,8271.836302422518,4153.7167552717065,7466.467202738167,5950.841890713763,1811.2107493298276,6538.421496979845,29376.836122230077,329941.47997077665,24352.607851394,16514.830631552115,33793.37845487551,23619.321603935627,7917.347391533633,31688.324533536754,192055.66950394903,1234.473867298533,67.12752526861571,80.33539867289734,80.17034319258929,86.89957767916107,194.1144869854431,251.91140225161743,473.915133248209,135274.94306825884,15763.636860677892,7994.845301390901,14285.542547559879,9832.721703630268,8777.080659663772,19594.382532724718,59026.733462611286,665224.9652851521,39385.985006300005,30861.868020057067,56918.93703141461,35908.897771488504,38112.372326470126,93737.76296346054,370299.1421659612,1212.5142309184855,105.06568044042969,74.56805675074196,114.8522788179016,79.67113769543457,116.90400218850708,234.85072108102415,486.6023539444465
2076.0,90948.13484817643,9179.217849025836,5875.604189879326,8676.36545639704,6300.427155100513,6271.864339297692,13965.857468905908,40678.79838957042,479183.4972890235,26163.498785166,23578.825786564845,38224.76197099993,22996.591823996503,27703.080156140408,68740.45762759163,271776.28113856417,1151.714991911074,79.4482225836792,77.75507191879653,92.56836793991708,75.18989300968933,119.70990038183594,238.51967533569334,468.52386074146267,76319.1648876647,7737.295509669783,5157.10426191401,8137.143465152885,6370.584915590858,4604.216297192217,10799.03613396276,33513.78430418233,376806.58711085113,22736.761899060002,19815.61509107254,35090.33884446249,22502.238860943,19070.575170945955,49880.09904989092,207710.95819447632,1312.3120445032287,76.84878889767455,92.13061974564361,92.72232297089529,90.13580148127747,151.32109364196776,292.73111161187745,516.4223061538925,46743.87428851271,5096.746659651943,3623.8801965975786,4757.718781606096,4385.7597765642995,2293.2040029303757,5587.586051469393,20998.978819693013,248159.2584409116,17196.948868156,14172.043689759554,23481.689056333504,17277.063666113376,9923.991750963309,27591.42318310254,138516.0982264833,1524.6647771090775,52.75274756671142,121.05798989224243,75.63712331535339,107.54799115098571,200.64674933084106,387.54576776296994,579.4764080899735,63996.34385079133,8337.017775795353,4191.119206493382,7527.657351073485,6014.731002227501,1857.4143002343744,6610.032207955012,29458.37200701214,331262.00312644744,24416.878178142,16704.151518586437,34040.82812598938,23918.88366311425,8128.653166668333,32024.22203907257,192028.38643487456,1229.821478583588,67.05252568301391,79.78291576694488,79.78532866963624,86.8895540492096,196.0339303203125,250.2754731920166,470.0017509024544,137563.51547142694,16118.56688532804,8113.687050137141,14600.607693825708,9974.458189284633,9110.176643419669,19987.984433082234,59658.03457634941,675314.7507315207,40041.666041248005,31482.033729820032,58128.518778431346,36523.0453680235,39943.604555913254,96056.4319606584,373139.4502974261,1207.351416972847,105.91612177612305,73.99984684116745,115.18711742486572,79.39416479756927,117.01809499850464,233.15467585827636,482.6813952763405
2077.0,91820.67704369145,9271.309063399198,5932.088261913318,8765.451273253879,6356.921916374064,6478.946679067845,14174.377394733317,40841.58245494978,483237.92021786567,26280.636281744002,23918.089641506678,38585.90693948347,23264.31250564575,28871.55040446641,70043.13988969168,272274.28455532773,1145.180855179127,79.65653877420044,77.20658393740463,92.38242939503908,74.88918725077056,119.8587816720581,236.84993051037597,464.33740363927836,77372.08386941109,7802.361954112726,5234.099034709371,8240.338604301696,6464.742489244866,4787.272464642452,11034.3759852047,33808.89333719524,380749.5706485912,22790.452456274,20147.795882948205,35450.92105286332,22847.90631844975,19943.065837800932,50997.25570194149,208572.17339831355,1309.1126184067734,77.0301648852539,91.84181329049682,92.66295301515292,90.14308367440796,152.12891170779417,291.97736862673946,513.3283232069282,47055.788469319334,5085.251730120909,3661.023130548947,4768.646147440791,4432.720412547968,2362.88182434058,5667.080494002841,21078.18473031714,248555.22117302608,17090.812598470002,14317.669088093326,23460.762485801577,17416.119261424625,10245.38300237694,27904.43361321961,138120.04112363997,1528.2713721792754,52.476598193756104,121.49355651300048,75.37418491589355,108.24022693199157,202.71264658135985,389.3806435606079,578.593515482666,64429.68968293667,8402.718478098825,4228.921902427876,7589.3820935861495,6079.735993396826,1904.8925599570407,6682.531735470411,29541.506919999694,332498.1762556141,24479.668534676002,16890.751664595988,34284.74348373813,24217.057745924252,8345.155642375576,32349.985834796717,191930.81334950743,1225.2870776539773,66.97762764056397,79.23587665012359,79.40268156288623,86.88493036591339,197.97436223480224,248.6559019215088,466.15569727817916,139904.2941967968,16481.49150974229,8234.44143147116,14923.004377138306,10118.759670656738,9456.359049977296,20389.602369803582,60300.63578800744,685327.8066021381,40711.576393016,32098.897141920337,59358.71713580791,37130.969185140006,41826.045630662535,98358.22228912664,375843.3788264645,1202.2639126602583,106.77344537182617,73.43651769301987,115.526031860404,79.11979511106873,117.13359541723632,231.47102319750977,478.8035040091934
2078.0,92710.48257807014,9364.328963200172,5989.242454883236,8855.555871940518,6414.212947857331,6693.187820901106,14386.108851516015,41007.8456677717,487164.20726150984,26397.557050086,24251.442086334355,38944.515369618224,23526.1633408205,30066.38650880297,71322.10430726179,272656.03859858605,1138.7125332840876,79.86540341580199,76.66235882797241,92.19813290104628,74.59054005918884,120.0089543286438,235.19197267565917,460.19517107577514,78447.4802694453,7867.985531536336,5312.373908863909,8344.878380142574,6560.558731700703,4977.865615666535,11274.978561597069,34108.83953993836,384695.21931622934,22844.102118292,20481.416726104344,35813.60362368341,23193.8810536095,20848.30405220794,52121.851792731344,209392.05994960084,1305.9523805901526,77.21197439715576,91.55438336942672,92.60424054353523,90.15125263562011,152.9422269172058,291.22587801037594,510.2624247168331,47374.54449401837,5073.7878197536575,3698.6749496524726,4779.703582008197,4480.417620058251,2434.7876726402183,5747.769402404212,21159.403447501372,248947.33937059113,16982.63092033,14463.762962951068,23438.505480779768,17555.613331532626,10576.668870985492,28218.05689151194,137712.1009125002,1531.9438912956653,52.20188929693603,121.9314770159912,75.11494882449865,108.93809214274597,204.8012164645996,391.225023505249,577.7312440456448,64869.4593032549,8468.938611430045,4267.129948904114,7651.646573891555,6145.879725094727,1953.6816168614419,6755.930653339295,29626.25217373374,333658.6590228079,24541.269571236,17074.840692524664,34525.442365249146,24514.388207902128,8567.113668965218,32666.57553546516,191769.02898146564,1220.8696609109215,66.90280017480468,78.69423539660262,79.02238524187517,86.88572306867981,199.93594201904295,247.05251639361572,462.37605861630055,142298.64797033658,16852.590983477272,8357.140821330724,15252.910147248087,10265.679980709421,9816.149750753448,20799.40647425248,60954.76981256487,695286.4351234173,41396.329049704,32713.029725856046,60610.39586669549,37733.68425883525,43763.13910808244,100646.74315093033,378423.1139633137,1197.2512485693703,107.63770219885254,72.87801131371879,115.86905639988136,78.84802604843902,117.25048169635009,229.79972262594603,474.96824828618236
2079.0,93617.95879762253,9458.288007797337,6047.076449349218,8946.69306518551,6472.31325010113,6914.842905825861,14601.10768203423,41177.637437329155,490978.21558483166,26514.544166458003,24579.31855627042,39300.949605558395,23782.71900128075,31289.455890304533,72579.83806238172,272931.39030257793,1132.3095431427942,80.07481886993408,76.12236132732392,92.01548187148904,74.29393664298247,120.16045926245117,233.54577979458617,456.09670537402724,79545.9747210337,7934.1721225607635,5391.953377155851,8450.782047704473,6658.066531552885,5176.312599253606,11520.972849277134,34413.71519352919,388652.41351032304,22897.932850756002,20816.694989359854,36178.60321653165,23540.584946929503,21788.11700216414,53255.31982556453,210175.16067901737,1302.8312318147778,77.3942080562439,91.26832638407134,92.54620009134912,90.16031603573607,153.76109722039794,290.4768155560608,507.2242684709186,47700.29550985759,5062.3560810887975,3736.843323387815,4790.89310255746,4528.864346773029,2508.9952365977406,5829.672426626783,21242.67099282597,249339.4054614132,16872.685127718,14610.426726330255,23415.097036343104,17695.76475559425,10918.31875846681,28532.69811883852,137294.41493812224,1535.6826711617537,51.92862276080322,122.37176774160002,74.85939948342609,109.64162789691161,206.91275223516845,393.0789975424194,576.8895035014248,65315.76554572614,8535.68662950777,4305.7474394915125,7714.455664627048,6213.18548251934,2003.8203817215237,6830.24191641585,29712.628031443102,334751.5858698762,24601.959002688003,17256.619866377885,34763.225638326214,24811.379200628377,8794.795309002748,32974.901322486985,191548.70553036607,1216.568711772333,66.82807286309814,78.15793575294494,78.64442384225464,86.89195831108093,201.91897708953857,245.46528748382568,458.6620564295902,144747.99548429245,17232.051725638037,8481.819618951538,15590.502316805914,10415.27517941859,10190.098291123153,21217.572334418146,61620.67601793711,705212.2517399947,42096.571914964,33324.98177173872,61884.42827327471,38332.15814138425,45758.426625929875,102925.4089137833,380890.27609892003,1192.3130622430429,108.50896093084717,72.32428732590485,116.21618906060505,78.578845924057,117.36880842770385,228.14075036929322,471.1752202046318
2080.0,94543.51174866653,9553.195151209815,6105.599506238642,9038.874096139743,6531.235230488326,7144.172606389834,14819.428942580966,41351.00621561942,494681.0054701054,26631.59961579,24901.396115695417,39655.01812033374,24033.903781295,32540.256525568846,73815.39308158419,273103.4382298382,1125.9712730040135,80.28478079110718,75.5865476449852,91.834460096066,73.99936612229156,120.31327971069335,231.91132229956054,452.0415163393097,80668.20442714459,8000.9256233201695,5472.862384402604,8558.067555588648,6757.300180864183,5382.943159421053,11772.478256687742,34723.6272668603,392622.03266801033,22951.948376722,21153.51928490742,36545.799651345806,23887.935259398753,22763.102101466728,54397.256904648864,210922.47108952075,1299.7489266933082,77.57687122906493,90.9836404292221,92.48882491180086,90.17027976092528,154.58557137231443,289.7300602880249,504.21367870195576,48033.19401679177,5050.957264153807,3775.5359860177787,4802.215090253209,4578.074927840401,2585.5806026392706,5912.808813344,21328.021332543263,249732.91298823734,16761.059924224002,14757.596962988899,23390.537224635846,17836.739476126128,11270.458702625652,28848.39200641426,136868.12869122255,1539.4879297651628,51.656800556823725,122.81442188166808,74.60750252176618,110.35089902764892,209.0475570748291,394.9425919490661,576.0681567533608,65768.7071270724,8602.963146356415,4344.780155944238,7777.813110539857,6281.677045498158,2055.347942419269,6905.476442779926,29800.64928353443,335778.848798325,24661.772516290002,17435.983898976727,34997.99286043005,25108.166504956625,9028.237062037582,33274.901877569195,191271.79407806482,1212.3834312674317,66.75341876956176,77.6269363764534,78.2687702827878,86.90366206337738,203.92368246942138,243.8941200857849,455.01284122004506,147253.74988140803,17620.063579720052,8608.512573752545,15935.966966208527,10567.603779525498,10578.768922347586,21644.255397928773,62298.578661925036,715107.3506384578,42812.558276172,33934.36854928126,63180.79997149736,38926.4655023565,47812.11380948222,105193.05365157878,383247.9908780895,1187.4485945272827,109.38727949005127,71.77530255442619,116.56745223586081,78.31226366526032,117.48853374389648,226.4938322889404,467.4239305488472
2081.0,95306.8874964387,9641.30559816647,6153.5396375163455,9123.458456244998,6579.737716422115,7353.791708863603,15000.170820968991,41454.8835582562,498231.4341291635,26747.95106119,25215.608419621683,40005.227501441135,24277.941883363,33810.391713265126,75017.18895809437,273157.1245921883,1118.5167046808142,80.40824728314209,74.9723358162384,91.56983363787603,73.62504822134399,120.3398132902832,230.02271105749512,447.57871537443543,81711.33308750561,8062.609245472559,5549.959311032797,8661.33701242227,6848.996550265138,5583.129824880377,12006.571196071804,34998.72994736056,396581.8340072943,23005.628251082002,21490.98037017828,36914.280209480225,24234.46715581525,23769.796533511908,55541.3468439748,211625.33464325187,1295.8882284863776,77.71080450344849,90.65857122768783,92.39983808210754,90.11471177711486,155.2588735626831,288.7623484531555,500.98308088018035,48340.357908449245,5034.4145598849145,3812.0908142574804,4810.861231053799,4626.582695236635,2660.480970653203,5991.896021258458,21404.031616104665,250123.75706451316,16647.388771984002,14904.852966813247,23364.45456837968,17978.590757758877,11632.234780490313,29163.962655878644,136432.2725632084,1543.1014153503709,51.346539958068846,123.25642205290221,74.34332289737176,111.03798780123901,211.03419197430418,396.7175260603332,575.3654246061516,66148.58378525045,8664.069089539915,4379.508928524595,7835.460143541222,6343.952985702404,2105.5497170927747,6969.657273872216,29850.385646977313,336726.4337279042,24720.087251486002,17612.170812373228,35228.72314849069,25403.892071130253,9266.886445160266,33563.82558592025,190930.84841334357,1207.3006790880313,66.62032760839844,77.04403963751983,77.84957580015897,86.84720931765747,205.78041392706297,242.10233171945188,451.05678107778164,149569.70157223486,18005.258609970548,8723.006692785148,16275.355212572369,10707.379890267068,10943.552988833884,22023.48569816205,62891.66247964361,724913.0580656963,43543.213402392,34538.396096165256,64497.05774244292,39514.111403363255,49912.514057935194,107433.2606024371,385474.5047609608,1181.499522340412,110.1765095236206,71.15838384122276,116.83515828465843,77.95918340479278,117.49070002645874,224.6078584913025,463.2717287683563
2082.0,96084.76181991125,9730.231551369528,6201.969567865701,9208.941518477972,6628.893947655895,7569.852740905204,15183.208576038764,41561.66391759832,501645.8879011795,26863.899037344003,25522.448443792087,40351.97525181941,24515.4484491955,35101.62138466975,76188.06092969491,273102.43440466374,1111.1397446693807,80.53190425112915,74.36346445617293,91.3072465173955,73.2535317440567,120.36744842541503,228.14970858966063,443.1664406855507,82775.8657677671,8124.778670587875,5628.268575806847,8765.889512923844,6942.23099341901,5791.012619744834,12245.462815869487,35278.22257941526,400541.0756892288,23059.192616350003,21829.320605781362,37284.28015919432,24580.638913196253,24810.02501856522,56689.1618753511,212288.45650079052,1292.0678147515143,77.84497462091065,90.33508986688614,92.31151461110495,90.05998729818725,155.93621144372557,287.7982881790466,497.7817487316532,48654.265879750004,5017.932423018381,3849.13056468622,4819.626234015521,4675.82070081819,2737.662695348221,6072.107899603557,21481.985362259802,250515.61403421868,16531.956828568,15052.314155890219,23337.0377080021,18121.49856136475,12004.13382535194,29479.859544496227,135988.8134105454,1546.7752025539187,51.038148737792966,123.70070010384369,74.08302767551612,111.73033699960327,213.04108566986082,398.50096428051756,574.6809390867843,66534.3049734715,8725.612571111678,4414.576413841921,7893.569954082748,6407.354882147715,2157.080086670259,7034.530403229447,29901.58066238757,337602.7445708447,24777.197657364002,17785.402888037977,35455.745856020956,25699.097553332627,9511.015923347892,33842.6497114958,190531.63498124544,1202.341382351353,66.48751082531739,76.46727929183578,77.43309063560915,86.79631166448212,207.6560456560974,240.33003792443847,447.17110635357284,151935.70612773325,18398.876911117437,8839.160039006745,16622.388164883203,10849.578888006949,11321.330643916808,22409.458543157893,63494.91293764412,734651.4053783284,44289.240284420004,35137.6762253641,65834.10693230073,40096.086657891,52063.031034747095,109649.69969497841,387581.5645486271,1175.6343750453138,110.97144500866699,70.54724114647674,117.10669333537197,77.60951384704589,117.49405827651977,222.73773971313474,459.1676837180977
2083.0,96877.41408934504,9819.98165476898,6250.896230788914,9295.334224696842,6678.714504823428,7792.55559011702,15368.563482179785,41671.36840197043,504939.9683554097,26979.728878992002,25822.389418640745,40695.651112633546,24747.010706649253,36415.76538961297,77330.6134596656,272948.8093892154,1103.8394128343887,80.65575799597167,73.75988706919098,91.0466931329422,72.88480571559906,120.39616234866332,226.2920534338684,438.80405313815305,83862.35246530709,8187.43792657726,5707.8117555821855,8871.74051967463,7037.032058069793,6006.891867902399,12489.252145080662,35562.18619242027,404508.58268597216,23112.865096624002,22168.77173117478,37656.03544999175,24926.888990805503,25885.633724498424,57842.195148874824,212916.1925440029,1288.2872872789287,77.97937390216065,90.01318918320847,92.22384929071808,90.00610355825805,156.61760505291747,286.8377889109497,494.6093773807163,48975.065378769184,5001.509862139556,3886.6620249515695,4828.511702944521,4725.801117233163,2817.19775394096,6153.465555355362,21561.917362204138,250911.92120990416,16415.029538454,15200.090356810564,23308.465376481265,18265.638827028626,12386.65506995363,29796.524211462194,135539.5178297139,1550.5098088301115,50.73160840484619,124.1472539682312,73.82659863582897,112.42797428712463,215.06849364624023,400.29318491995235,574.0146949678879,66925.96389430597,8787.59652565218,4449.986612357939,7952.146432939947,6471.906929114491,2209.9753773380353,7100.102918353441,29954.249098550106,338415.7093469192,24833.372028684,17955.896684422674,35679.37202631943,25994.289570987752,9760.90966209618,34112.290563819864,190079.5788105894,1197.504550716081,66.3549592199707,75.89659960650634,77.01929650922918,86.75098953971862,209.55073146533203,238.57703989892576,443.35493447639845,154352.97952532594,18801.103818932275,8956.997965039018,16977.241614940725,10994.248800139116,11712.572261608742,22802.296317753775,64108.5187469122,744343.5719793328,45051.319085716,35732.78145234848,67192.87656772255,40673.3431934685,54267.04325981953,111845.92448053397,389580.2839397238,1169.8524536410646,111.77211381353759,69.94180793150139,117.38205010117244,77.26323660450744,117.49859658358764,220.8833473458557,455.1113012609024
2084.0,97685.15309642206,9910.564149832288,6300.325453024088,9382.646023018331,6729.209097713976,8022.110929890564,15556.270275859097,41784.02716708357,508128.57769060263,27095.71726891,26115.88352025207,41036.63232223798,24973.1924635465,37754.626208029,78447.33382083527,272705.1920867919,1096.6149465271358,80.77980571203612,73.16154931844329,90.78815270887947,72.5188570385437,120.4259783664856,224.44966912127686,434.4909342614708,84971.3703960033,8250.590284289176,5788.610632384604,8978.906601620854,7133.431031378888,6231.080354648804,12738.043539497543,35850.707952183395,408493.03684290464,23166.849720174003,22509.557643754582,38029.78205424209,25273.6481094195,26998.573923406235,59001.877607407536,213512.7477845007,1284.5464148325004,78.1140046232605,89.69285445742416,92.13683551517867,89.95308011393738,157.3030674823303,285.88087296209716,491.46569967827224,49302.90089650201,4985.14843183977,3924.6930435370896,4837.5195796532425,4776.537173482714,2899.1596515264637,6235.985292057908,21643.8577244049,251316.0317732278,16296.858030448,15348.293375484844,23278.90330453419,18411.185156574,12780.305255654766,30114.39025732671,135086.0963932053,1554.3053073924368,50.42692237081909,124.59610261458587,73.57402296272849,113.13096929315185,217.11662406243894,402.0941633572998,573.3665027314129,67323.64938634328,8850.023706644888,4485.7438262717915,8011.193907982857,6537.631959128188,2264.27357224916,7166.3821099515735,30008.4003041149,339172.8678349696,24888.876366088003,18123.86357630507,35899.91396719,26289.97734906175,10016.846299742314,34373.62873306204,189579.76154352038,1192.789130409026,66.22267997244262,75.331945604393,76.60817852414036,86.71124602809905,211.4646384032898,236.8431943925171,439.6072474841442,156822.7684808011,19212.123919555153,9076.547074805867,17340.094679388607,11141.441957101017,12117.766207891009,23202.119967797345,64732.67467426241,754010.3884725838,45830.146826448006,36324.28160854361,68574.29506305364,41246.8017282365,56528.137751758564,114025.43775873238,391481.28773581126,1164.1529930707034,112.57856082421874,69.34202884016037,117.66122697512625,76.92033336495972,117.5043190434265,219.04451411410523,451.10200990870663
2085.0,98508.2851459387,10001.984626846055,6350.264046005793,9470.88684386908,6780.387567290729,8258.732883096312,15746.358506277416,41899.67067255336,511213.19416048826,27211.890460456,26402.597409268903,41374.81085115074,25193.98368903675,39117.377416109375,79537.38233842705,272375.1519960394,1089.46559245857,80.90404323971558,72.56840437236785,90.53160644113302,72.15565829785919,120.45689457119751,222.62244366238403,430.22654187391277,86103.5161627369,8314.240317740694,5870.687471900434,9087.406526640174,7231.457444543825,6463.902971127984,12991.945324633845,36143.87610614981,412496.03338237363,23221.179600206,22851.60702875145,38405.44346600307,25620.883488119252,28149.326316698407,60167.88111899249,214079.71236360303,1280.8449055349597,78.24886944836426,89.37407666112517,92.05049301159286,89.90089764227295,157.99261954397582,284.92752723886105,488.3504219887676,49637.919206168524,4968.845962297698,3963.230686008537,4846.650098537009,4828.041785659956,2983.62419010148,6319.682471483694,21727.84401208015,251730.0491287577,16177.574513086001,15496.915170106784,23248.466895485068,18558.278086264876,13185.15388346519,30433.58718374111,134630.07339660867,1558.16172216019,50.12406385656738,125.0472505384674,73.32526044616078,113.83935208128356,219.1856807437439,403.90376608816524,572.7363484058018,67727.45371477607,8912.895251557435,4521.852287600947,8070.715967159337,6604.554005079692,2320.0139902486458,7233.377099374219,30064.0451137557,339877.2487443849,24943.789915166002,18289.274187986313,36117.3698656115,26586.298082512003,10278.82858693379,34626.77495622346,189034.9131499518,1188.1943029006866,66.09065093096923,74.77326328872681,76.19971257685518,86.67708994738769,213.39800953427124,235.1284187392578,435.92715788321874,159346.36882570427,19632.135579823447,9197.834093701536,17711.137144582695,11291.212859181462,12537.420989035805,23609.062614973194,65367.5655444061,763654.2203235555,46626.016413640005,36911.73322728648,69978.43830128838,41816.545092792,58846.03562849966,116187.00578189874,393288.4458781503,1158.53538335176,113.39084262408447,68.74784006624793,117.9442523961153,76.58080753570556,117.51124758978271,217.22117399247742,447.13921914734647
2086.0,99184.61663754638,10087.889970881086,6388.993229582653,9552.715068500836,6823.174149992946,8473.113902720415,15899.525466714014,41959.20484915473,514159.4704106944,27327.680938274003,26680.47667223668,41709.01682889053,25407.962879197752,40494.93681109116,80590.28845903891,271949.10782196536,1081.2756083195852,80.95419945120238,71.87964276385117,90.1974483511405,71.72363093402862,120.3680963875122,220.56536927563477,425.58722115621566,87166.88743010625,8373.636383549429,5949.324588986663,9192.587448760967,7323.00908622399,6688.611896683776,13229.429700577342,36410.288325324145,416499.655614969,23275.445007968003,23194.14564492632,38782.266401072935,25967.3340195595,29333.726455144988,61334.553798251334,214612.1842880459,1276.5379946950393,78.34203682800293,89.02588909791565,91.92846317243337,89.79458526712035,158.53473732012938,283.8057464470215,485.10653656241607,49960.66338602034,4949.665292177657,4000.51303754099,4855.041257491683,4879.448759328756,3065.607438050891,6401.147353475637,21809.240247954764,252153.19048330258,16057.062176076,15645.713282087321,23217.154065896975,18706.97803693675,13600.08328867704,30753.5229493439,134172.6766842846,1561.8572707074288,49.790436854492185,125.50468173685455,73.06054543353366,114.5112041111145,221.0706263637085,405.6526847919311,572.2670914157943,68078.41670560381,8971.43965441647,4554.7114086436395,8126.371983899245,6666.816105459963,2373.9601293030155,7291.476871877945,30093.640552003308,340520.9975932688,24997.742707056,18451.62770136029,36331.118458837416,26882.53956852775,10546.16148544533,34869.7120419516,188442.09563009045,1182.8209351003827,65.90929937069701,74.17269213117599,75.74481621833324,86.58193803616332,215.14711821939085,233.23146134176633,432.033609782856,161693.94224014427,20049.885061843022,9305.786487814985,18076.862325657497,11430.335421059888,12929.495911075459,23968.413320817883,65933.16371187606,773224.0484875758,47437.971728732,37492.276381718,71403.04407719664,42380.387310568,61207.83478962194,118315.26626630941,394987.26793342986,1151.89827852641,114.12060816381836,68.06901603093529,118.14602730591106,76.16568082956695,117.40773545031738,215.18225965734862,442.8069510885124
2087.0,99873.27239520666,10174.535754330309,6428.06044386076,9635.35677303981,6866.52717355814,8693.321584278276,16054.258544981454,42021.21212115766,516982.41543750634,27443.365266848003,26950.034745894252,42039.64985769343,25615.72118515575,41889.06102551147,81608.86694333125,271435.7164130722,1073.1748409189854,81.00439966934204,71.19776309829712,89.86570841797828,71.2951552705078,120.28042925335693,218.52742435809324,421.0039608514099,88251.2546600837,8433.467034913625,6029.135510804078,9299.021742079534,7416.038863925043,6921.375491484225,13471.41076285869,36680.80525401825,420512.56259937113,23329.860206434,23537.406300583945,39160.4990853265,26313.4572799575,30553.703429394,62503.44998170214,215114.18631597306,1272.2708128240504,78.43531912246704,88.67943767878342,91.80711248885869,89.68914232159423,159.0796556888733,282.68879228588867,481.89135323758507,50290.261936959214,4930.565659882982,4038.2782419467994,4863.5558227293295,4931.608667565527,3149.9513551997547,6483.737911169224,21892.56427846561,252588.392896277,15935.555784492,15794.7930158594,23185.120020595,18857.432685537628,14025.603240792809,31074.62538030415,133715.26276869597,1565.6074984973382,49.45903781115722,125.96435484245299,72.79991851398563,115.18787807473754,222.9729999628601,407.4096264985962,571.8136827935485,68434.90544548979,9030.371770169457,4587.868134301445,8182.44765643376,6730.236766992904,2429.261801935182,7350.130486537685,30124.588829119293,341111.394815915,25050.995600432,18611.133786726106,36541.4651054681,27179.199371398252,10819.135257158205,35103.37650976291,187806.08918496937,1177.572221394223,65.72845089471436,73.5788100067482,75.29303994997501,86.49235629615784,216.91233114816282,231.3565147480774,428.21071835038754,164089.6054853851,20476.51841953854,9415.13104654128,18450.575062510634,11571.809026146908,13334.212950996895,24333.33675806196,66508.02222158907,782740.6561570241,48266.750672752,38066.52552208934,72849.07243035057,42939.269572234,63616.896297361,120414.01617817038,396588.1254840668,1145.3546040205517,114.85504955480957,67.3973164083767,118.35127422694015,75.75479602630615,117.30545132260131,213.1627068623352,438.52800961918257
2088.0,100574.47464704895,10261.928389106712,6467.471721656206,9718.819326274226,6910.453476064118,8919.516486647242,16210.580158889396,42085.705088411036,519696.3114848464,27559.218552898,27211.773470008808,42367.08926851985,25817.81196536275,43301.52944413822,82595.73528565027,270843.15349826857,1065.1623007851795,81.05464626919556,70.52271815167617,89.53636068699312,70.87019090964507,120.19389414642333,216.50846787026975,416.47602275097654,89357.12644032967,8493.734275607138,6110.140113708758,9406.725286457577,7510.571659710215,7162.489334545031,13717.96631191268,36955.49945838831,424543.1291165118,23384.62693415,23881.62261616682,39540.37918902065,26659.687950901003,31811.21558100155,63676.06001271583,215589.5368325559,1268.0429017993754,78.52870657916259,88.33471410676955,91.68644186968422,89.58454674290466,159.6274274361572,281.5764665907287,478.7045984739685,50626.856933616466,4911.545329587011,4076.5341036391496,4872.195706038463,4984.534222764002,3236.725321115754,6567.472613993613,21977.84963647841,253038.51592578363,15813.275930702,15944.268288539775,23152.515684059483,19009.7815244185,14462.247330425513,31397.299887628986,133259.12728000942,1569.412710116498,49.12984592352295,126.42630015956878,72.54336193077565,115.86943315589905,224.89296516177367,409.17470356015014,571.3761002248077,68797.00578526614,9089.691845811205,4621.325179304768,8238.947664179908,6794.84110773649,2485.955186972037,7409.34310908956,30156.901692171974,341655.40897784586,25103.798031022,18768.005678900307,36748.71078271091,27476.779444276002,11098.042713612618,35328.62364775765,187131.44867956638,1172.4471636473575,65.54809963922119,72.991541449337,74.84436681005239,86.40835929403686,218.69385247549437,229.5034051014862,424.4575388777294,166534.44507694858,20912.23465301659,9525.89172833849,18832.45699691259,11715.680300879214,13751.98148961805,24703.906700266056,67092.29320791695,792223.944445793,49113.103519668,38635.09302383874,74317.51067830097,43494.097803165,66076.64070023794,122486.73969220795,398100.75902837433,1138.9033442594298,115.5942424897461,66.73269311137199,118.56000865721703,75.34812519085693,117.20435578631592,211.16222107447814,434.3016979494438
2089.0,101288.45231658182,10350.074380747614,6507.228963893475,9803.113055744712,6954.961777971114,9151.865391775866,16368.508520216576,42152.70022623233,522314.7748737997,27675.49972218,27466.16856818715,42691.704060739175,26014.764126282753,44734.05133620981,83553.52440279491,270179.0626574059,1057.2369789449697,81.10493303430175,69.85441178755188,89.20939951808404,70.44872603071595,120.10848404730224,214.50832941621397,412.0026951107998,90485.04335284604,8554.442917627137,6192.358242569504,9515.711434153183,7606.636091981262,7412.258796868507,13969.19271383666,37234.44315580961,428599.4953929465,23439.940179686,24227.011118464532,39922.138312705036,27006.453816483,33108.290992860115,64853.84657148576,216041.81440126206,1263.854028469623,78.62221122912597,87.99170160996627,91.56642941827344,89.48080172567748,160.17809351779175,280.4688358922729,475.54595507651516,50970.582773927905,4892.604620339606,4115.287572629598,4880.960415415775,5038.237028110461,3326.002186581674,6652.365827090448,22065.125123760303,253506.2979367062,15690.428287534001,16094.240998637497,23119.482670914273,19164.166561281625,14910.551800073497,31721.945322561383,132805.48229570387,1573.272805721498,48.80284251260376,126.89052759382629,72.29082734908819,116.55587481587219,226.8307278454895,410.9478145604248,570.9541910441933,69164.80675734607,9149.404284574552,4655.086011409245,8295.873785785163,6860.654472740144,2544.0761475532995,7469.122007881417,30190.590047402253,342159.55633832887,25156.387583556003,18922.437935581613,36953.1422598234,27775.747212469003,11383.175633045239,35546.27924860591,186422.38646524772,1167.4445426586012,65.36824905740356,72.4108215454216,74.39876510639525,86.32995295981597,220.4917532796936,227.67193173713682,420.77306897273445,169029.58800875867,21357.222389931438,9638.086694622853,19222.690328209355,11861.999395566916,14183.234038199984,25080.217966467473,67686.13719576082,801693.2892450505,49977.780957560004,39198.54779188322,75809.32350119519,44045.740345478,68590.56549726237,124536.92282226843,399534.40832940326,1132.5435728889217,116.33820424713134,66.07505022007751,118.77221294080543,74.94565020345306,117.10447413806152,209.18064471907041,430.1273364203224
2090.0,102015.43256663452,10438.979144264387,6547.337197926366,9888.245244304759,7000.059327686597,9390.538922385758,16528.05912603654,42222.2136040302,524838.6594438361,27792.219197720002,27712.958250124477,43013.43909997883,26206.479655375253,46185.59348723838,84481.5896471521,269446.38010624703,1049.3978759339975,81.15525899884032,69.19278349801255,88.88479477443838,70.03071891812134,120.02419850622557,212.5268189668274,407.58330227153203,91635.56044245852,8615.595240331973,6275.810582014089,9625.997557801002,7704.261076774723,7670.997694718665,14225.179833510525,37517.71845730771,432682.98190470354,23495.839936588003,24573.528953760982,40305.710489897174,27353.65814083075,34445.18044774772,66036.47101206945,216472.59292380942,1259.7039527950744,78.71582062902831,87.65039470335769,91.44708713645554,89.37792369807434,160.7316324326477,279.36588053256224,472.4152136629486,51321.593783056655,4873.744469988354,4154.545764845453,4889.852821351931,5092.7305826147485,3417.8537780037395,6738.438296078294,22154.42807017414,253993.5378559432,15567.14587847,16244.734798322488,23086.098054656424,19320.648919181127,15370.555319531963,32048.726223834485,132355.6286619467,1577.1880629173436,48.47803018734741,127.35703725953674,72.04230790802622,117.24724823002624,228.78636460668943,412.7291765975036,570.5478981282139,69538.39114478658,9209.510128136712,4689.154290582803,8353.230804869232,6927.7012001610465,2603.662356111593,7529.471659378683,30225.6607055465,342626.6180826657,25208.866822134,19074.45569390331,37154.76719317807,28076.181374554002,11674.536582639288,35756.46359988304,185681.34681637396,1162.5633134197187,65.18889278237914,71.83658958525085,73.95621877494526,86.25713698355102,222.30620171087645,225.8619188272705,417.1563547554455,171576.20271080994,21811.680893428307,9751.735024806629,19621.465129905762,12010.817850678697,14628.413065708195,25462.362986692962,68289.72775958989,811150.0912829458,50861.090254376,39756.53112366189,77324.68173302272,44594.108874144,71158.0434008195,126563.58513601187,400892.05076090986,1126.2744890042381,117.0869656843872,65.42430180360985,118.98790506616402,74.54735116210936,117.00580777099609,207.21782907357786,426.00432844339366
2091.0,102601.63687012732,10522.335722892984,6576.69762518024,9967.731257476706,7036.207295623992,9605.194269898968,16653.056802556224,42240.41389649819,527235.9846011029,27908.825584292,27950.31788512909,43331.29381104065,26391.320343054,47646.76503060735,85370.87379612915,268636.5881508507,1040.6030133202714,81.12098268792724,68.44392503318024,88.50011254251766,69.54238194384766,119.82635466867065,210.3507306197052,402.8185258244228,92719.7787700577,8673.2650655447,6356.11424274581,9733.113516571924,7794.742910637596,7919.139298503671,14465.110846811294,37778.29288924266,436776.6379289273,23552.023418332003,24920.469462038196,40690.376012957386,27699.853230493503,35816.781307547375,67218.70832755654,216878.42617000226,1255.089526385161,78.7713568868103,87.2898316050415,91.29076697821283,89.22391244113159,161.16147521914672,278.11991338714597,469.23226986767196,51664.77622041103,4853.287211990403,4193.067934902243,4898.140540511921,5146.445615505912,3506.8506776564564,6823.159303518439,22243.824936325684,254500.03191914596,15443.422547448,16395.59826656739,23052.3486087033,19479.08249834125,15841.007033894984,32377.31840890049,131911.25455529056,1580.989564816267,48.12613251348877,127.83720092552184,71.77407802296638,117.88838886529541,230.60331430706785,414.46888493170167,570.2915652502251,69868.04580290403,9266.758540232824,4720.713903310039,8407.177556513774,6989.613312514292,2661.4372291158047,7582.017896832765,30240.327364384524,343050.83101378096,25261.042876500003,19223.71055851093,37353.03872577857,28377.114052298002,11971.431180205258,35957.546536332055,184906.94708415613,1157.0784108007622,64.96621927355957,71.22896123012542,73.46763644690704,86.12321023166656,223.97876694348145,223.91060626452636,413.40301041049577,173950.38915087035,22263.80944413799,9852.488172673064,20016.156741011837,12147.55472753275,15043.118476037058,25799.308257566012,68827.95333191083,820545.5782898546,51762.104392744004,40306.45467376847,78861.5985790336,45136.4949185095,73765.37341316619,128553.18495218016,402160.36736045254,1119.0584977829617,117.73559854614257,64.69776562461472,119.13746926323222,74.07029374925231,116.80334156549071,205.07393075509643,421.54009827913285
2092.0,103198.33077182867,10606.35962466435,6606.2826995340665,10047.96587505591,7072.8431998215565,9824.990801997532,16779.08845147272,42260.80011928243,529520.6638788913,28025.585876792004,28178.774841373484,43645.66273333249,26569.86837146,49119.31785047894,86224.22153408921,267757.2326713651,1031.9094094122008,81.08673476947021,67.70354614896775,88.11817787426567,69.05847226356506,119.62990858563232,208.19713999752807,398.1154297727718,93824.49601014602,8731.33038676377,6437.558861210138,9841.457392504533,7886.63019883287,8175.544345303184,14709.254300038177,38042.72052549333,440888.50244126277,23608.681459172003,25268.060787378916,41076.38653590019,28045.49996728025,37225.08803852464,68402.08426989161,217262.70138311517,1250.5137087685523,78.82693129437256,86.93108711745833,91.13518868005133,89.0708613222351,161.5934048258972,276.87982508569337,466.07641044284435,52014.946091180995,4832.9234889622485,4232.079245792609,4906.5546846538,5200.933025557914,3598.267028258966,6909.031260766278,22335.15735718925,255028.11016018852,15319.446219562002,16546.930879949618,23018.365481879853,19639.605959957753,16322.458158680287,32708.107155979265,131473.19630417973,1584.8416980218976,47.776801874755854,128.3196619097061,71.51018224416113,118.53386532038878,232.4358337394409,416.2161156069946,570.0492373264503,70203.00463951398,9324.364483306865,4752.541650884619,8461.510634169113,7052.716332697383,2720.5947180513335,7635.010527116414,30256.26629328829,343438.44832246285,25313.141562344,19370.40322004692,37548.24412691763,28679.057546413253,12274.15870036979,36150.37454318645,184103.06862318484,1151.7175647086801,64.74432129971314,70.62842085962677,72.98265635448932,85.9949507518463,225.66568016589355,221.98319391804503,409.718341359066,176370.99820229804,22725.30795989115,9954.404163800664,20419.260209138247,12286.57137281063,15469.924859179162,26140.81352206183,69374.71611541689,829899.353318382,52681.622411128,40848.95211562608,80421.07831867888,45673.84913370301,76415.92864120039,130509.3815843418,403348.5411137038,1111.945640089755,118.38782939996338,63.97974485017967,119.29025557993411,73.59853358409119,116.60230925152587,202.95236345628356,417.13460396777725
2093.0,103805.67963156196,10691.056640744291,6636.094472019262,10128.95557808776,7109.974630771567,10050.052522510809,16906.160224388972,42283.38556303877,531705.9065340003,28142.752358964,28398.85138670746,43956.91171974108,26742.6738964745,50604.968815918255,87044.33630868411,266815.4120475109,1023.3158079573974,81.05251109249878,66.97154440936279,87.73895759674072,68.57895982180786,119.4348432414856,206.06575930513,393.4732324903717,94950.20733526957,8789.794100061952,6520.162412957731,9951.04320647114,7979.948904433672,8440.493821038772,14957.688720422999,38311.07616988321,445026.44045432005,23665.998306368,25616.52950168919,41463.97414195138,28391.048483735252,38672.146975457734,69588.09696128704,217628.64608383135,1245.9763229046048,78.88254757885741,86.57415330995559,90.98034094268321,88.9187788492279,162.02744203207396,275.64557144644164,462.94748874536515,52372.24022918438,4812.6512521918385,4271.586863812181,4915.095303820309,5256.205775512559,3692.171050759512,6996.073710437323,22428.45627265087,255580.07993538486,15195.382691,16698.833119920295,22984.263808919746,19802.3474996435,16815.451960798142,33041.47137274272,131042.32948236048,1588.7448574880975,47.43000098962402,128.80443489168547,71.25057545399237,119.18371891052246,234.28413007595825,417.97111544668576,569.8208817196293,70543.35058758061,9382.328817867368,4784.6403720933085,8516.232143654313,7117.032921789572,2781.1684157162294,7688.4571342095505,30273.490782250377,343795.37703503226,25365.382937636,19514.725526832797,37740.66030392176,28982.496561703003,12583.021311883778,36335.757113271364,183273.33327978355,1146.4795467588845,64.52317873800659,70.03489469081497,72.50124349098968,85.87233623099517,227.36700158312988,220.07950336135863,406.10138866358943,178839.03010517015,23196.371852058495,10057.497854719155,20830.957006018514,12427.918805917432,15909.193269606232,26486.951458977434,69930.13985787248,839230.3956060933,53620.448048216,41384.64799056608,82004.15169388738,46207.068420705,79113.09864351831,132435.84334489447,404465.13746430614,1104.9347683510264,119.04367824108886,63.2701320598278,119.44623744345093,73.13205574770355,116.40272318927002,200.85294857200623,412.7869930976791
2094.0,104423.84265007272,10776.430232244102,6666.136059484889,10210.707603730321,7147.606669252883,10280.506858730214,17034.282503019273,42308.17272361117,533804.086584952,28260.573217156,28611.03726196545,44265.40661919003,26910.25959773,52105.436636986444,87833.75020239566,265817.62304952834,1014.8209581803136,81.01831187411499,66.24782640154648,87.36243002509546,68.10379472774505,119.24113315081786,203.95639640830993,388.8910655926838,96097.39204072449,8848.659589247309,6603.943994876918,10061.88606137659,8074.72361538706,8714.275949447543,15210.487353447776,38583.41547694127,449198.07553933817,23724.155081346,25966.09138913126,41853.38030466519,28736.92612840125,40160.025706731816,70778.21256840137,217979.2843606612,1241.476926710811,78.93820893292236,86.21901972262573,90.82622887261533,88.76765776591492,162.46359458966063,274.4170721864624,459.8451446406097,52736.796206919105,4792.471833041511,4311.597439056879,4923.764075739694,5312.275734890493,3788.629917832996,7084.303514996423,22523.753691361057,256158.16682183207,15071.394664514,16851.40460593089,22950.16759413625,19967.439922886002,17320.560655453577,33377.757039221324,130619.44233969007,1592.6989066638325,47.085729287323,129.29151381906127,70.99523114462566,119.83797905215454,236.1482314061279,419.73386329174804,569.6063586627922,70889.16191685885,9440.654990054089,4817.011584148975,8571.347128858923,7182.589296607725,2843.194223342772,7742.3596431932,30292.00505065305,344127.13616857264,25417.971133388,19656.859122385275,37930.55729307276,29287.896430181252,12898.328096941661,36514.41998681084,182421.10410579285,1141.363139563617,64.30280999057007,69.44828999743652,72.02338375483465,85.75536858132172,229.08288096517944,218.1992472262268,402.551159048048,181355.51598334196,23677.20190237013,10161.7868398718,21251.437925671584,12571.644899687735,16361.286913051403,26837.780074230228,70494.37742845903,848556.9913789916,54579.364916676,41914.11568249144,83611.84426329342,46737.028866728506,81860.36553086525,134335.90715396692,405518.36496497015,1098.0247428540868,119.7031863840332,62.568833468044275,119.60542182696437,72.6708229546814,116.20452667395018,198.77541642167662,408.4965351247368
2095.0,105052.99502574935,10862.489928976944,6696.4091870865495,10293.230897733045,7185.746045178438,10516.487154842902,17163.464866879003,42335.1669450524,535813.5853349965,28378.98337194,28815.016239183235,44570.95408539365,27072.31505145325,53619.27000870863,88591.76713670685,264765.2794416108,1006.4236586448454,80.98414705874633,65.53228707022095,86.9885816977229,67.6329454493103,119.04879851452637,201.86881005238342,384.3680888019352,97266.57310845089,8907.929673148146,6688.9220017350535,10174.002182100126,8170.97911334331,8997.190002791433,15467.735002578489,38859.81513275462,453403.71992655576,23783.162887944003,26316.67334436336,42244.43111438846,29082.950050929,41688.72289473666,71971.86295818187,218315.91667601248,1237.0153783007736,78.99391250042724,85.86567401219558,90.67285699078369,88.61749155880737,162.90186535443115,273.1943437286377,456.76923415549084,53108.757517383616,4772.383940556607,4352.11855645077,4932.56219395633,5369.156815466195,3887.7167091257124,7173.737513089268,22621.08178873881,256763.74822518814,14947.510590294001,17004.68886549878,22916.005891026263,20134.8897955865,17837.80226106761,33717.15599133706,130205.69483037796,1596.7040062297824,46.743960808502194,129.78092517852784,70.74412203589486,120.49668031266783,238.0283718262329,421.50435193280026,569.4055941351567,71240.52246899315,9499.345058853729,4849.659589294565,8626.857217483233,7249.411166260818,2906.708873435533,7796.723894990692,30311.81666867463,344434.8571901159,25470.866623212,19796.757871894944,38117.68889135482,29595.21628875625,13220.09444275483,36686.34936403275,181547.88370811025,1136.3672900392755,64.08320415100097,68.86855306071091,71.54904241770315,85.64404268572997,230.81348256350708,216.34225324241638,399.06671191820715,183921.50094694726,24168.002810521062,10267.283469100648,21680.89589575538,12717.800688832485,16826.592101699884,27193.365593945775,71067.56038709175,857876.9871211797,55558.817689044,42436.86926396577,85244.35817391744,47263.258818984505,84656.36346897882,136208.28596110508,406509.03374518396,1091.2144102075433,120.36637175158691,61.87573618751716,119.76779747490977,72.21479994890593,116.00776344351196,196.71954543852232,404.26239596258927
2096.0,105523.01009329046,10941.409435774995,6714.708878569664,10368.341969797897,7211.384879276831,10724.928048682164,17256.908330843788,42305.32855034532,537698.1176644916,28497.254149656,29008.80208741336,44872.21988438554,27226.552331882252,55136.19271955481,89309.44731177604,263647.6491798235,997.0918111055245,80.86355047958374,64.73554829834366,86.55345475307894,67.07175268325042,118.74832500497436,199.62428309043884,379.4948967958546,98362.8869511077,8963.567891543664,6770.525127811711,10281.355078382529,8258.824146572362,9266.821614239181,15706.433291732375,39115.35980082581,457624.73499299004,23842.699493546002,26667.529691635034,42636.08477306532,29427.34262154575,43252.15001407347,73163.27714948503,218635.65124963943,1232.1807687626324,79.00914376861571,85.49873059546279,90.47064865651512,88.41673689315796,163.23427149255372,271.88775333041383,453.6634840259132,53472.317857141075,4749.218692986324,4392.406067533689,4938.856721188363,5424.590142049347,3983.795606535708,7262.352045018221,22721.09858182948,257396.57141133992,14823.530391598,17158.630463300728,22881.39501869827,20304.41256672025,18365.87730943176,34059.48782359676,129803.23783799417,1600.5276245181158,46.37652803231811,130.28470982430267,70.47057140717673,121.09893942347716,239.7619220531616,423.23105193731686,569.3039018403625,71534.12037275713,9552.295042629958,4879.023716506067,8675.137985565563,7309.136380542681,2968.5586254690593,7842.030839961919,30307.937782081943,344709.62200998195,25523.515168696,19933.930101635517,38300.7475227278,29903.126831440502,13547.674930979094,36849.56464002965,180651.06281447338,1130.821466844006,63.81964212841797,68.26233954224395,71.01828713660288,85.46864857280731,232.39397818151855,214.38052228295896,395.4780489994564,186288.9495650124,24658.642848120395,10357.50287829359,22106.957042584487,12845.285170657846,17255.18652459437,27500.11360645187,71565.26149430974,867133.7570146875,56558.183932232,42949.92862087735,86899.83148654485,47781.746284227,87485.39437545619,138039.02685008975,407419.6454652605,1083.4752300390835,120.92569668841553,61.11317626016426,119.86205800132751,71.6596511454544,115.71280601412964,194.5194935283203,399.6823484012718
2097.0,106001.83847610345,11020.904662280676,6733.142215304003,10444.132720402129,7237.437964400537,10937.708411003212,17350.955787192688,42277.55671552047,539471.1073798342,28615.649299528002,29192.969365838555,45169.61066597031,27373.599392982753,56657.954794063444,89989.7800365388,262471.5438249123,987.874859856844,80.74315169461059,63.948869475673675,86.12165873684883,66.5164164107666,118.44967384121703,197.40495916134643,374.69013053638076,99478.9144474067,9019.563576553563,6853.230359425689,10389.881673036987,8347.983554283019,9544.761587860881,15948.993148612952,39374.500547633565,461868.79295363184,23902.939858932,27018.892863987305,43028.6129401165,29770.58842398825,44852.33863445899,74354.03618569022,218941.38404645852,1227.3837360399527,79.02438695727538,85.13366269747543,90.26933925413275,88.21715697393799,163.56826744213868,270.58759848703,450.58332422796246,53843.069658356275,4726.1732927248,4433.19793935538,4945.278227082565,5480.809829528365,4082.3449148010627,7352.162509300695,22823.102945563405,258058.53569508626,14699.61088415,17313.31340942423,22846.46044600684,20476.144569956003,18905.364594596816,34405.09725221239,129412.54453873995,1604.398757818574,46.01198528797912,130.79083119998168,70.20159969120526,121.70512117729186,241.50923695428466,424.96504036563107,569.2149431422005,71832.7618754231,9605.541911940849,4908.620020489549,8723.732360652124,7370.072178971172,3031.823211110616,7887.680730168709,30305.291462090037,344957.1403431013,25576.135018708002,20068.561799592644,38480.054255411844,30212.149775966252,13881.38437271233,37004.91817770909,179733.93694300108,1125.3979733833241,63.55719172653198,67.66350399315262,70.49184015601587,85.29918216661072,233.98701643237303,212.44396934542846,391.9552695632114,188701.12276997126,25159.247592769596,10448.63348430281,22541.964319857936,12974.924530703987,17695.00511305664,27810.442827552397,72070.90490172816,876346.6836690169,57578.29674567201,43453.967949628124,88579.36479537257,48293.51843506,90350.8765904682,139831.92677580263,408258.7323770132,1075.8507868432168,121.48764775915527,60.360454153360365,119.9596455213232,71.11153873109436,115.41963671746825,192.34423426611326,395.16762969470216
2098.0,106489.57138073705,11100.978075627487,6751.709524270026,10520.609075081027,7263.9098795670025,11154.914075610473,17445.604045485285,42251.84670509582,541145.0867905009,28734.414118116,29368.060834696025,45463.51150077368,27514.055782851752,58186.294359293875,90635.40747450941,261243.3427202602,978.771049377213,80.62293294641113,63.172105594844815,85.69316087595988,65.96687149459838,118.15278143692016,195.21045653263855,369.95274049584003,100615.11122008332,9075.91968484935,6937.054971492167,10499.595339062764,8438.479270453701,9831.27090146495,16195.493384361582,39637.2976683989,466143.2041494089,23964.060061976,27370.97435918464,43422.2711142356,30113.15687606675,46491.384033058224,75545.63747198092,219235.72023290663,1222.6242564003192,79.0396402182312,84.77046703791046,90.06892431628894,88.01873922651671,163.9038920545349,269.29404255160523,447.5285509952316,54221.14624812439,4703.2477153313175,4474.501973303767,4951.82894829027,5537.828614654082,4183.426911013339,7443.187243749936,22927.124841781722,258751.45983738467,14575.898109650001,17468.83545129385,22811.33287887519,20650.21793533425,19456.822796462406,34754.31613151678,129034.0365342522,1608.3173678114874,45.650316295166014,131.29932199358367,69.93718848374199,122.3152452355957,243.2703179066162,426.70639455654907,569.1385833402347,72136.51641480545,9659.085268684035,4938.45100660889,8772.640465761902,7432.241502887247,3096.535840360792,7933.67915239721,30303.883178105345,345182.58799233835,25628.93598542,20200.846785701207,38655.901349533946,30522.79398718,14221.536746822332,37153.15070166825,178799.42243601262,1120.0954467876459,63.29583033847046,67.07196524385452,69.96964869824838,85.13559397992707,235.59268156439208,210.53235141618347,388.4973755465698,191158.94538192762,25670.015349540554,10540.68659120179,22986.11424326237,13106.768882078903,18146.356294777142,28124.39125457253,72584.61276649468,885534.511428565,58620.04180436,43949.62033069746,90284.04236042763,48799.556235821,93256.14768010138,141590.6054430859,409034.4975740715,1068.3397045649356,122.05222528332519,59.61744172417068,120.0605616531887,70.57041655314636,115.12829676693725,190.19348916488647,390.717273419281
2099.0,106986.34159119095,11181.636870597093,6770.413425144223,10597.776876505979,7290.805143707756,11376.643311487525,17540.867643895814,42228.198319852476,542732.1527453224,28853.788712556,29534.599213450085,45754.283375866056,27648.478058605502,59722.91015865288,91248.9546739141,259969.1385522779,969.7790858408479,80.50291182162475,62.4051420765419,85.26792539837741,65.42306281698608,117.85767830490111,193.04062136740112,365.28174405501557,101771.90989875654,9132.638519343353,7022.014673298103,10610.508203268588,8530.33388613335,10126.616345110504,16445.990820876163,39903.80745072664,470455.1669601294,24026.2158462,27723.99115305541,43817.29868880716,30455.492434044503,48171.408498734,76739.5620587985,219521.19828048983,1217.9018207870683,79.0549115520935,84.40912123573685,89.86939117800807,87.82148642048645,164.24110644363404,268.0068730255737,444.4989309315357,54606.6863935802,4680.440445975856,4516.325431330961,4958.509913585683,5595.659605994148,4287.110963601474,7535.444920737844,23033.19511235415,259477.2090589265,14452.528375672,17625.2767047664,22776.12456218233,20826.766112364003,20020.839936811262,35107.48429236966,128668.18907476086,1612.2836958420767,45.29149384402466,131.81020290222168,69.67730224128103,122.92935254368591,245.0454140222168,428.4551541548462,569.0747761338005,72445.46108148432,9712.929293417716,4968.518782022892,8821.866507853734,7495.6711824219,3162.7313559958084,7980.0242199688355,30303.719739803404,345391.02524172154,25682.114759724,20330.9569269291,38828.584394317506,30835.5467288465,14568.445019352122,37294.99607194258,177850.3813406097,1114.9126343654532,63.03557861508178,66.4876412034874,69.45169469988585,84.97789524925231,237.21109756585693,208.64530082333374,385.1034262085552,193663.3235125558,26191.15005667361,10633.673390195861,23439.603982889377,13240.862614994856,18609.533758785357,28442.01099281256,73106.48871620397,894715.2230933051,59684.252827816,44437.525044287686,92014.95769031256,49300.80504498351,96204.65008460288,143318.47713102208,409754.55527028063,1060.9403857692346,122.61942557989501,58.8840107280426,120.16478390369892,70.03621163320922,114.83870445327759,188.06701142785644,386.33023804325484
2100.0,107492.2564819801,11262.883887807495,6789.254446904509,10675.64366494965,7318.12664701055,11602.992343445645,17636.748958251625,42206.60653361044,544243.6088576688,28974.00601028,29693.07551790558,46042.28711774779,27777.4029009605,61269.47441145463,91832.85770488602,258654.50519443426,960.8973945392289,80.38309097827148,61.64784329896164,84.84592681404924,64.88491516047668,117.56436209906005,190.8951270112152,360.6761291771946,102949.78554681808,9189.724414701559,7108.128039474212,10722.635272134212,8623.569020762861,10431.074661371438,16700.559333654448,40174.094804719374,474811.75199207745,24089.568236302002,28078.153912256203,44213.926973337206,30798.030460024253,49894.5927544666,77937.24425456513,219800.2354011261,1213.2163601695065,79.07020541079712,84.04962565525055,89.67074664284372,87.62538301637268,164.57994230703736,266.7261433118591,441.49431382534596,54999.825440966764,4657.7512941596815,4558.675927474487,4965.321877785071,5654.315783379171,4393.4641039762,7628.952133631249,23141.344320560915,260237.50512797115,14329.628623456001,17782.725533178236,22740.9460761916,21005.913977130753,20598.019750222098,35464.91395753519,128315.35721025722,1616.2975365055804,44.93549724382019,132.32348460211944,69.42190243006277,123.54748553836059,246.83457355377197,430.2112480246887,569.0233451127567,72759.67106883465,9767.072863688249,4998.825928937435,8871.411009328302,7560.385613661095,3230.445207387383,8026.724130256482,30304.806315575726,345587.15164574655,25735.857326158002,20459.06448175212,38998.37363306114,31150.890135118752,14922.423720181472,37431.12638513388,176889.41596434114,1109.8483651832737,62.77640394766235,65.91045008240127,68.9379268127961,84.82604303779601,238.84237789761352,206.78269578453063,381.77246762047383,196215.2448107788,26722.86418926768,10727.60346633247,23902.635017076882,13377.256826193374,19084.860313014087,28763.347890139954,73636.67710875455,903906.0904376681,60771.792247728,44918.26333328968,93773.19492735172,49798.160366383,99199.6942354822,145018.84862311106,410426.1367043226,1053.6515599059744,123.18928130822754,58.16002413495826,120.27229422485446,69.50887488963318,114.55089185617065,185.96453660000608,382.00565689212414
2101.0,107977.85588529272,11343.195475349337,6806.327042483073,10752.050811051338,7344.368129926807,11826.184452202586,17727.216056878766,42178.513917400734,545739.9504088913,29093.021135026764,29849.96705931652,46327.41082221068,27905.038494891945,62800.57302172834,92410.92170554826,257353.01817016915,952.193337063642,80.2656665517853,60.905690496932955,84.4323682014077,64.35753045709743,117.2769122173358,188.79254254215297,356.16262659692967,104109.12175211447,9246.233117188896,7192.763958158788,10833.301753479638,8715.611027928053,10733.468088706422,16950.262146763736,40437.48165988893,479124.7711737059,24152.287102502978,28428.775043864975,44606.58897502201,31137.143105744202,51600.54516764187,79122.94962837412,220076.48215055573,1208.6246087642949,79.08519339232663,83.69731998637398,89.47607499838254,87.43320168034121,164.91200145317262,265.4710281924187,438.5497890612806,55390.29184006883,4635.432867805657,4600.629393532232,4971.85839852891,5712.522417277169,4499.532787718584,7721.721801591146,23248.594173615074,260990.1982363246,14207.95786876216,17938.59987330595,22706.1193750608,21183.27036324983,21169.427765498815,35818.7693260491,127966.0536643986,1620.231100355815,44.58662057561983,132.8265006680192,69.17161061506887,124.15325587314184,248.58794989469587,431.9322200171342,568.9729427121334,73060.06533722002,9820.310808907336,5027.72786270052,8919.469830992875,7624.176132687364,3297.8511091805444,8071.064804137805,30299.464788613575,345781.316785732,25789.06246692767,20585.890961026926,39166.46497941732,31463.0801073283,15272.862634002533,37565.89539519326,175938.0602418352,1104.8853813847363,62.52241277359131,65.34480278373684,68.4344342834481,84.67722787056884,240.44103262273487,204.9573428465036,378.5081282041541,198705.69871344283,27251.7353503059,10816.47673041079,24361.732503124636,13509.739835344226,19553.48700361044,29070.482028676826,74142.04526197014,913005.0491085893,61848.456273440854,45394.19423940163,95513.84979202056,50290.542134568495,102164.78794485277,146702.21640027917,411091.0023240233,1046.5085105599803,123.74773992199341,57.45051727373556,120.37765433958685,68.99208488092863,114.26883551100582,183.90411126871277,377.76756736401643
2102.0,108444.2751137985,11422.58476743416,6821.74040979624,10827.051850830721,7369.594742630434,12046.272369276148,17812.561253629025,42144.46972020197,547221.1773989903,29210.834086796272,30005.273837682944,46609.65448925479,28031.384840399875,64316.20598947407,92983.14667590076,256064.67747948226,943.666913414088,80.15063854216613,60.178683670455925,84.02724956045266,63.840908706848495,116.99532865972844,186.7328679602145,351.74123631422157,105250.4138011835,9302.164128691404,7275.963451975265,10942.532847940562,8806.481956053989,11033.74191617772,17195.24098583454,40694.28851450983,483394.2245050147,24214.37244480294,28775.854547881754,44995.284693861446,31472.83037120436,53289.26573825978,80296.67818022543,220349.93852877925,1204.1265665714357,79.09987549668215,83.35220422910716,89.28537624462498,87.24494241239202,165.23728388203983,264.2415276672527,435.66535663933803,55778.02731720339,4613.495401276927,4642.1760951264805,4978.141760671423,5770.2633132560095,4605.267198227767,7813.7308830404945,23354.952665604196,261735.2883839885,14087.516111590476,18092.899725149575,22671.644458789866,21358.835270721265,21735.063982641463,36169.0503979113,127620.27843718507,1624.0843873927784,44.24486383942352,133.31925109992105,68.92642679629935,124.74666354802952,250.30554304498895,433.61807013218333,568.9235689319316,73347.42465790219,9872.677857996192,5055.297199354352,8966.117286498033,7687.069588082557,3364.9236751890944,8113.170361418919,30288.168689363,345973.5206616758,25841.730182032974,20711.436364753456,39332.85843338616,31772.11664547509,15619.761760815294,37699.30310212071,174996.31417309222,1100.0236829698447,62.27360509286862,64.79069930749426,67.94121711184202,84.53144974757083,242.00706174122135,203.16924200925263,375.31040795959575,201136.8901094841,27777.595432931885,10900.539894541405,24816.852442618958,13638.475535568663,20015.522376577723,29364.059576761385,74623.84485048405,922012.0991060643,62914.24490495467,45865.317762623614,97236.92228431888,50777.95034954,105099.93121271448,148368.58046252638,411749.15212938434,1039.5112377312494,124.29480142119264,56.7554901443746,120.48086424789622,68.48584160709564,113.99253541778326,181.88573543397638,373.61596945893075
2103.0,108892.6341381052,11501.06472078416,6835.602271112769,10900.699596847686,7393.8707548875545,12263.308113595927,17893.072912166957,42105.01576870997,548687.2898279666,29327.444865588568,30158.995853004737,46889.01811888015,28156.441937484196,65816.3733146918,93549.53261594356,254789.48312237408,935.3181235905636,80.03800694941404,59.46682281953052,83.63057089118392,63.33504990972961,116.71961142623775,184.71610326539977,347.41195832906965,106374.15028750153,9357.516957826361,7357.766989187311,11050.353415603764,8896.20355561396,11331.842172184599,17435.635661286207,40944.831535799065,487620.1119860042,24275.82426320187,29119.392424306534,45380.014129855605,31805.09225640471,54960.754466320424,81458.42991011907,220620.60453579712,1199.7222335909285,79.1142517238635,83.01427838345015,89.09865038157038,87.06060521252506,165.5557895936389,263.0376417363611,432.84101655951986,56162.97438616979,4591.948990634402,4683.306429425149,4984.193947920145,5827.522495727256,4710.618192100193,7904.956647774947,23460.427682587517,262472.7755709626,13968.303351940958,18245.62508870904,22637.52132737888,21532.608699545002,22294.928401649962,36515.75717312186,127278.03152861656,1627.8573976164703,43.910227035231344,133.80173589782495,68.68635097375417,125.32770856302363,251.98735300465086,435.26879836983494,568.8752237721515,73622.51925117958,9924.208270566334,5081.605573643287,9011.42668525583,7749.092465609856,3431.637862283404,8153.163244611315,30271.38514920955,346163.7632735803,25893.860471473956,20835.700692931852,39497.55399496739,32077.999749559156,15963.121100619757,37831.349505916296,174064.17775811173,1095.2632699385983,62.02998090549438,64.24813965367322,67.45827529797776,84.38870866880184,243.5404652530723,201.41839327277773,372.1793068867996,203510.99409204282,28300.278602003447,10980.036336887424,25267.95143171926,13763.625605215992,20471.07351108149,29644.7179707272,75083.31063440797,930927.2404300937,63969.15814226925,46331.633902955626,98942.41240424695,51260.385011297534,108005.1240390674,150017.94080985276,412400.58612040646,1032.6597414197854,124.83046580582523,56.0749427468754,120.58192394978234,67.99014506813418,113.72199157650262,179.90940909579717,369.5508631768682
2104.0,109324.03758675556,11578.648114632142,6848.018873053961,10973.046138202499,7417.259556056536,12477.342991503563,17969.035445969977,42060.686467336855,550138.2876958199,29442.853471403592,30311.13310528201,47165.501711086516,28280.209786144995,67301.07499738145,94110.07952567659,253527.43509884423,927.1469675930749,79.92777177352905,58.77010794415664,83.24233219360211,62.83995406574091,116.44976051686405,182.7422484577087,343.17479264147556,107480.81311148299,9412.291119942325,7438.214483698812,11156.787976006724,8984.797279129603,11627.715624463306,17671.584068326803,41189.42255991574,491802.4336166749,24336.64255769982,29459.388673139292,45760.77728300441,32133.92876134526,56615.0113518237,82608.20481805499,220888.48017160717,1195.4116098227737,79.12832207387083,82.68354244940268,88.91589740921908,86.88019008074035,165.86751858797004,261.8593703997436,430.07676882182454,56545.07634824929,4570.803593636808,4724.010925141809,4990.036642835918,5884.284207946133,4815.53729912961,7995.376676962794,23565.027002596154,263202.65979724505,13850.319589813604,18396.775963984408,22603.749980827775,21704.590649721078,22849.02102252432,36858.88965168075,126939.3129386931,1631.5501310268967,43.58271016304318,134.27395506173096,68.45138314743335,125.89639091812447,253.63337977368164,436.88440473009047,568.8279072327908,73886.10878638823,9974.935836919483,5106.7236390137905,9055.470332439822,7810.270888213786,3497.968970390401,8191.164218931778,30249.574900478972,346352.04462144425,25945.453335250604,20958.683945561927,39660.55166416133,32380.729419580523,16302.940653415933,37962.03460657992,173141.6509968936,1090.6041422909884,61.79154021146855,63.71712382227402,66.98560884185521,84.24900463426201,245.0412431582885,199.7047966370788,369.1148249857652,205830.1559584626,28819.62129409272,11055.206101664498,25714.986661158237,13885.34950786361,20920.246019449358,29913.08591490329,75521.6604593305,939750.4730806827,65013.19598538482,46793.142660397425,100630.32015180466,51737.84611984108,110880.3664239115,151650.29744225828,413045.3042970867,1025.9540216255868,125.35473307589112,55.40887508123778,120.68083344524554,67.50499526404417,113.45720398716425,177.97513225417475,365.572248517827
2105.0,109739.5747462304,11655.34755072164,6859.094986593529,11044.14284053559,7439.823655088027,12688.427596752534,18040.72931832829,42012.008798210976,551574.1710025477,29557.05990424141,30461.685594514744,47439.10526587419,28402.68838638226,68770.31103754311,94664.78740509991,252278.53340889284,919.153445421621,79.8199330145111,58.0885390443344,82.86253346770688,62.35562117488256,116.18577593160701,180.8113035371414,339.02973925143544,108570.87748048305,9466.486137119145,7517.345295053861,11261.86070813785,9072.28428117088,11921.309780087071,17903.222186953186,41428.36909196089,495941.1893970254,24396.827328296684,29795.843294380025,46137.57415330792,32459.339886026057,58252.036394769675,83746.00290403327,221153.56543621217,1191.1946952669643,79.1420865467041,82.35999642696486,88.73711732757133,86.70369701703797,166.1724708650329,260.70671365740054,427.3726134262547,56924.27729220587,4550.069029740662,4764.280242535657,4995.691226832941,5940.532912011549,4919.976722307098,8084.968863144986,23668.758295632895,263924.9410628376,13733.564825208397,18546.35235097564,22570.330419136582,21874.781121249485,23397.341845264684,37198.44783358799,126604.12266741469,1635.162587624045,43.26231322285922,134.73590859163895,68.22152331733695,126.45271061333152,255.24362335208133,438.4648892129483,568.7816193138505,74138.94238190014,10024.893878047635,5130.721067614502,9098.319528985021,7870.630616020197,3563.8926424935953,8227.292372302405,30223.19227643676,346538.36470526725,25996.5087733629,21080.38612264379,39821.85144096772,32680.30565553917,16639.22041920382,38091.35840411168,172228.73388943882,1086.0463000270336,61.558283010790966,63.1976518132965,66.52321774347432,84.11233764395149,246.50939545686956,198.02845210215608,366.1169622564909,208096.49121028953,29335.46221748608,11126.285899140838,26157.91591624162,14003.804492317031,21363.144047171012,30169.783381614172,75940.09525631917,948481.79705783,66046.35843430119,47249.84403494944,102300.64552699166,52210.33367517055,113725.65836724687,153265.6503597428,413683.3066594259,1019.3940783486494,125.86760323139036,54.75728714746189,120.77759273428555,67.03039219482577,113.19817264976811,176.08290490910952,361.68012548181053
2106.0,110140.31956094786,11731.175453306787,6868.933907057723,11114.040346027734,7461.62468052486,12896.61181050829,18108.43104234493,41959.5023211776,552994.9397481547,29670.06416410198,30610.653320702895,47709.82878324297,28523.877738195926,70224.08143517676,95213.65625421357,251042.77805251972,911.3375570761925,79.71449067236024,57.4221161200638,82.49117471349804,61.882051237154215,115.9276576704669,178.92326850369778,334.9767981589541,109644.81190879266,9520.101538167924,7595.1982284368105,11365.59545043649,9158.685418356048,12212.572885466147,18130.684081950945,41661.9743059781,500036.3793270557,24456.378574992585,30128.756288028802,46510.40474076622,32781.32563044701,59871.82959515831,84871.82416805388,221415.86032961015,1187.0714899235143,79.15554514236328,82.0436403161371,88.56231013662668,86.53112602141785,166.4706464248278,259.5796715093317,424.7285503728078,57300.522094285305,4529.754980100268,4804.105173411547,5001.178780178719,5996.253288866085,5023.889337821009,8173.711410235137,23771.62912367258,264639.6193677393,13618.039058125354,18694.35424968276,22537.26264230529,22043.18011413023,23939.890869870826,37534.431718843596,126272.46071478135,1638.6947674079292,42.94903621467927,135.18759648754897,67.99677148346484,126.9966676486454,256.81808373985,440.01025181840976,568.7363600153343,74381.75860512536,10074.115245633042,5153.666550296115,9140.044571587909,7930.197046336244,3629.3848646330734,8261.665115350654,30192.685211288448,346722.72352505114,26047.026785810867,21200.807224177403,39981.45332538682,32976.72845743508,16971.96039798341,38219.320898511476,171325.42643574646,1081.5897431467122,61.33020930346194,62.68972362674078,66.0711020028353,83.9787076978699,247.94492214881532,196.3893596680093,363.1857186989792,210312.08555327615,29847.64235218425,11193.509105637228,26596.69757684844,14119.145592609824,21799.870272898337,30415.42161117967,76339.79904191874,957121.2123615318,67068.64548901847,47701.738026611165,103953.38852980878,52677.84767728611,116540.9998690734,154863.99956230653,414314.59320742567,1012.9799115889814,126.36907627232304,54.12017894554766,120.87220181690243,66.56633586047883,112.94489756431398,174.23272706060123,357.8744940688156
2107.0,110527.33063326155,11806.144069152395,6877.637454125243,11182.788573399952,7482.723380502161,13101.944801348149,18172.41318093573,41903.67917379831,554400.5939326353,29781.86625098527,30758.036283846555,47977.672263193,28643.777841586118,71662.38619028234,95756.68607301748,249820.16902972516,903.6993025568019,79.61144474707642,56.770839171344775,82.12825593097588,61.4192442525562,115.67540573344365,177.07814335737788,331.0159693640271,110703.07821764343,9573.136858631015,7671.8115346722,11468.01570079274,9244.021249351663,12501.453926347805,18354.101902894545,41890.5370449533,504088.0034067677,24515.296297787438,30458.12765408551,46879.269045379166,33099.88599460817,61474.390952989605,85985.66861011692,221675.36485180142,1183.041993792407,79.16869786084841,81.73447411691879,88.39147583638538,86.36247709388006,166.76204526735478,258.47824395553704,422.1445796614843,57673.75641821588,4509.870987567737,4843.476641120001,5006.520081994055,6051.430238296005,5127.228695057036,8261.582833519557,23873.646940661547,265346.6947119504,13503.74228856448,18840.78166010582,22504.54665033392,22209.787628363327,24476.66809634293,37866.84130744755,125944.3270807929,1642.1466703785447,42.642879138503424,135.62901874946104,67.77712764581723,127.5282620240656,258.35676093698726,441.5204925464745,568.6921293372346,74615.28547251092,10122.632322048205,5175.627796611554,9180.714752706495,7988.995213650415,3694.421965905474,8294.398181409244,30158.49524017946,346905.1210807946,26097.007372594475,21319.947250162826,40139.35731741839,33269.99782526828,17301.160589754705,38345.922089779364,170431.7286358169,1077.234471650038,61.10731908948117,62.19333926260672,65.62926161993826,83.8481147960175,249.34782323412603,194.7875193346387,360.3210943132297,212478.99489737643,30356.00494990213,11257.105763526995,27031.290617430757,14231.525628003688,22230.525908445266,30650.60311191512,76721.93891815237,965668.7189917889,68080.05714953667,48148.82463538311,105588.549160255,53140.388126187616,119326.3909293912,156445.3450499493,414939.1639410837,1006.7115213465788,126.85915219868897,53.49755047549509,120.9646606930962,66.11282626100339,112.69737873080206,172.42459870864982,354.1553542788427
2108.0,110901.65122346372,11880.265467533916,6885.305971827305,11250.436717913557,7503.179622747299,13304.475025261432,18232.944346829318,41845.044071350865,555791.1335559931,29892.466164891346,30903.83448394558,48242.63570572417,28762.388696552705,73085.22530286001,96293.8768615116,248610.7063405094,896.2386818634394,79.51079523865968,56.134708198177314,81.7737771201401,60.96720022108824,115.42902012053709,175.27592809818177,327.1472528666576,111746.13153520483,9625.591640782075,7747.2229102248175,11569.144616547694,9328.312034872624,12787.902627816233,18573.605884147128,42114.351820814394,508096.06163616147,24573.58049668127,30783.95739255024,47244.16706714676,33415.02097850954,63059.72046826359,87087.53623022218,221932.07900278724,1179.1062068736567,79.18154470215943,81.43249782931031,88.2246144268473,86.19775023442443,167.04666739261353,257.40243099601685,419.620701292285,58043.926715207665,4490.426456692966,4882.385700557139,5011.735610253094,6106.048878931255,5229.949016598171,8348.561959657172,23974.819092517944,266046.16709547216,13390.674516525765,18985.634582244707,22472.182443222497,22374.603663948717,25007.67352468091,38195.676599399805,125619.72176544965,1645.518296535883,42.34384199433168,136.06017537737526,67.56259180439378,128.0474937395923,259.85965494349375,442.9956113971422,568.6489272795573,74840.24044953978,10170.477020355867,5196.671534815792,9220.398360560208,8047.049789632564,3758.980618464016,8325.605626516284,30121.057499195103,347085.557372497,26146.45053371377,21437.806200600025,40295.563417062505,33560.11375903873,17626.820994517704,38471.16197791538,169547.64048964955,1072.980485537009,60.88961236884889,61.70849872089427,65.19769659478284,83.72055893839413,250.71809871280144,193.22293110204407,357.52308909924153,214599.24535674712,30860.395534069,11317.302581236076,27461.65460701385,14341.095202988387,22655.210698787912,30875.921660131276,77087.66507252047,974124.3169486001,69080.59341585572,48591.10386126497,107206.12741833107,53597.95502187519,122081.83154820019,158009.68682267133,415557.0188604031,1000.5889076214382,127.33783101048832,52.88940173730429,121.0549693628668,65.66986339639953,112.45561614923223,170.65851985325568,350.52270611189266
2109.0,111264.30924978163,11953.551540237471,6892.038328547564,11317.03325137008,7523.0523945798595,13504.250225649314,18290.28920256718,41784.09430683023,557166.5586182297,30001.863905820206,31048.047921000038,48504.71911083659,28879.710303095755,74492.59877290955,96825.22861969608,247414.38998487123,888.9556949961155,79.41254214711003,55.51372320056149,81.42773828099114,60.52591914275054,115.18850083174748,173.51662272610935,323.37064866684545,112774.42029658581,9677.465433626023,7821.469497199685,11669.005014493161,9411.577737682102,13071.869454292673,18789.32434486069,42333.7088144314,512060.5540152329,24631.231171674095,31106.245503422942,47605.09880606905,33726.7305821511,64627.8181409803,88177.4270283698,222186.00278256586,1175.264129167255,79.19408566629637,81.13771145331141,88.06172590801239,86.03694544305112,167.3245128006043,256.35223263077086,417.1569152652089,58410.9802239536,4471.430653723653,4920.823538164774,5016.845541783308,6160.094548245435,5332.005198224702,8434.6279266796,24075.15281713211,266738.0365183026,13278.835742009205,19128.913016099443,22440.170020970905,22537.62822088647,25532.907154884753,38520.93759470043,125298.64476875139,1648.8096458799603,42.05192478216401,136.48106637129138,67.35316395919484,128.55436279522547,261.326765759369,444.43560837041315,568.6067538423022,75057.33045073312,10217.680784309054,5216.863511865999,9259.162679129982,8104.385083133792,3823.0378375184955,8355.399829415155,30080.800725360725,347264.0324001605,26195.3562691687,21554.38407548897,40450.07162431915,33847.0762587465,17948.941612272403,38595.040562919436,168673.16199724496,1068.8277848076193,60.67708914156494,61.235202001603724,64.77640692736927,83.59604012499993,252.055748584842,191.69559497022547,354.7917030570156,216674.83324975052,31360.661899828356,11374.322933242865,27887.74970919607,14448.002707281776,23074.022922064465,31091.96230013434,77438.11077800274,982488.0062319703,70070.2542879756,49028.5757042568,108806.12330403672,54050.54836434871,124807.32172550027,159557.0248804722,416168.15796538146,994.6120704135643,127.80511270772091,52.29573273097513,121.14312782621438,65.23744726666715,112.2196098196045,168.93449049441847,346.9765495679659
2110.0,111616.31728838077,12026.014001559828,6897.931917022205,11382.62592211141,7542.399802911698,13701.317433324912,18344.7084605036,41721.31975094735,558526.8691193415,30110.059473771802,31190.676595010056,48763.92247853012,28995.74266121525,75884.5066004312,97350.74134757082,246231.2199628125,881.8503419548181,79.31668547242734,54.90788417849734,81.09013941352839,60.09540101754304,114.95384786707453,171.80022724116054,319.6861567645872,113788.38624383305,9728.757792899025,7894.587883341996,11767.619370871935,9493.838022591623,13353.305609535415,19001.383688975962,42548.89387561697,515981.48054398707,24688.248322765907,31424.9919867037,47962.0642621462,34035.014805532905,66178.68397113959,89255.34100455978,222437.13619113882,1171.5157606732073,79.20632075325928,80.85011498892261,87.902810279881,85.88006271976013,167.5955814913268,255.3276488597992,414.7532215802576,58774.86497062782,4452.892706605296,4958.781471930321,5021.869752265487,6213.552802555857,5433.352808914246,8519.760183991111,24174.65524436555,267422.30298044253,13168.225965014795,19270.61696167011,22408.509383579258,22698.861299176533,26052.368986954498,38842.62429334943,124981.09609069796,1652.0207184107626,41.76712750200043,136.89169173120953,67.14884411022024,129.0488691909653,262.75809338461295,445.8404834662872,568.565609025467,75267.25183964844,10264.274588351009,5236.268493421417,9297.073988158249,8161.025040186604,3886.5709813352655,8383.891491554594,30038.14725664134,347440.54616378254,26243.724578959303,21669.680874829723,40602.88193918848,34130.88532439151,18267.522443018832,38717.55784479163,167808.29315860345,1064.7763694618775,60.46974940762939,60.77344910473476,64.36539261769755,83.47455835583501,253.36077285024703,190.2055109391831,352.1269361865491,218707.72509895125,31856.65411403793,11428.386860078446,28309.53668214917,14552.394315829812,23487.059389575217,31299.30134422589,77774.39239305523,990759.7868419006,71049.0397658964,49461.240164358576,110388.53681737205,54498.1681536083,127502.86146129173,161087.35922335243,416772.58125601953,988.78100972296,128.26099729038697,51.71654345650768,121.22913608313885,64.81557787180637,111.98935974191893,167.25251063213793,343.5168846470609
2111.0,111958.67257336329,12097.664388308429,6903.0826543398625,11447.261755019716,7561.279074246901,13895.722966513269,18396.45888280565,41657.20285212967,559872.065059329,30217.052868746163,31331.720505975394,49020.24580880485,29110.485770911204,77260.94878542474,97870.41504513581,245061.19627433157,874.9226227395555,79.22322521461183,54.317191131984664,80.7609805177525,59.67564584546565,114.72506122651848,170.12674164333558,316.0937771598872,114788.46442593237,9779.468281068534,7966.614102037224,11865.009821377622,9575.112256460974,13632.163036639628,19209.908405222453,42760.18852312606,519858.841222421,24744.63194995668,31740.196842392383,48315.06343537785,34339.8736486549,67712.31795874165,90321.27815879203,222685.47922850502,1167.8611013915083,79.21824996304807,80.56970843614326,87.74786754245262,85.72710206455139,167.85987346478151,254.32867968310183,412.40962023742895,59135.5297688876,4434.821604981181,4996.250951386873,5026.8278162337365,6266.409417023482,5533.948090841723,8603.938492368643,24273.33339605209,268098.96648189286,13058.845185542566,19410.746418956627,22377.20053104749,22858.302898818958,26566.05902089016,39160.736695346735,124667.07573128978,1655.151514128295,41.48945015384094,137.2920514571299,66.94963225747006,129.5310129268115,264.15363781922605,447.21023668476437,568.5254928290518,75470.69042888042,10310.288937615267,5254.95026384346,9334.19756314887,8216.993244004794,3949.5577512372565,8411.18963708863,29993.513031942224,347615.0986633655,26291.555463085573,21783.696598622195,40753.99436167023,34411.54095597385,18582.563486756942,38838.71382353187,166953.0339737242,1060.8262394997764,60.26759316704224,60.32324003028754,63.96465366576755,83.35611363089897,254.6331715090173,188.7526790089166,349.5287884878461,220699.85763111885,32348.22451526982,11479.711068326384,28726.976878617705,14654.413988806578,23894.415445782575,31498.50637270294,78097.60936161286,998939.6587783792,72016.94984961809,49889.09724157039,111953.36795833692,54940.814389653824,130168.4507555743,162600.68985131168,417370.2887323165,983.0957255496162,128.70548475848634,51.151833913901875,121.31299413364023,64.40425521181699,111.7648659161755,165.6125802664148,340.1437113491793
2112.0,112292.35699676756,12168.514059801317,6907.584981941666,11510.987051517313,7579.746554681797,14087.512430851348,18445.793281453258,41592.21863652118,561202.1464381936,30322.844090743274,31471.179653896295,49273.68910166079,29223.939632183614,78621.92532789022,98384.24971239116,243904.318919429,868.1725373503252,79.13216137366335,53.74164406102372,80.44026159366317,59.26665362651859,114.5021409100794,168.49616593263426,312.59350985274324,115775.08319880844,9829.596467333298,8037.5836323110325,11961.198161154698,9655.419508198269,13908.394418037537,19415.021067118454,42967.86994465505,523692.63605053385,24800.382053246445,32051.860070489067,48664.096325764396,34641.30711151705,69228.7201037863,91375.23849106675,222931.03189466457,1164.3001513221595,79.22987329566286,80.29649179497359,87.59689769572795,85.57806347742498,168.11738872096808,253.35532510067867,410.12611123672525,59492.92421987207,4417.226200192388,5033.223557613149,5031.739007075481,6318.650385652963,5633.74795937935,8687.142923961783,24371.194185997043,268768.02702265093,12950.693403592482,19549.301387959087,22346.243463375664,23015.9530198137,27073.9772566917,39475.274800692416,124356.58369052662,1658.2020330325593,41.21889273768555,137.68214554905208,66.75552840094413,130.00079400276434,265.513399063208,448.5448680258446,568.4864052530595,75668.32148006077,10355.753867925569,5272.971626195678,9370.59767536724,8272.31291498347,4011.9761916039683,8437.401612876632,29947.30759110827,347787.6898989072,26338.848921547473,21896.43124686644,40903.408891764746,34689.0431534934,18894.06474348678,38958.50849914019,166107.38444260843,1056.9773949213202,60.07062041980345,59.88457477826224,63.57419007157934,83.2407059501923,255.8729445611524,187.33709917942627,346.99725996090433,222653.13777722404,32835.227713810404,11528.508930622791,29140.03224591972,14754.203471614146,24296.184968311158,31690.13623385804,78408.84421308791,1007027.6220414216,72973.98453914066,50312.146935892095,113500.61672693134,55378.48707248536,132804.0896083481,164097.0167643499,417961.28039427265,977.5562178935376,129.13857511201905,50.601604103157776,121.3947019777184,64.00347928669919,111.5461283423743,164.01469939724853,336.8570296743201
2113.0,112618.33710857024,12238.57419786727,6911.531865621203,11573.847389566925,7597.857709904969,14276.730719388028,18492.96051823914,41526.83470798263,562517.113255935,30427.43313976316,31609.054038772512,49524.252357097896,29336.104245032457,79967.4362278278,98892.24534933672,242760.5878981053,861.6000857871269,79.04349394958192,53.181242965614274,80.12798264126023,58.86842436070155,114.28508691775689,166.90850010905672,309.1853548431559,116748.66422532397,9879.141927623274,8107.531398829327,12056.205844798562,9734.778548759981,14181.95317549838,19616.84233297105,43172.21099684354,527482.8650283301,24855.498632635183,32359.981670993766,49009.16293330543,34939.31519411947,70727.89040627367,92417.22200138365,223173.79418961846,1160.8329104651657,79.24119075110349,80.03046506541381,87.4499007397061,85.43294695838075,168.3681272598865,252.40758511252992,407.90269457814435,59846.99871220245,4400.115205277803,5069.691003233522,5036.622297031474,6370.261921292613,5732.71000309667,8769.353862292797,24468.244419977666,269429.4846027209,12843.770619164567,19686.281868677346,22315.63818056372,23171.81166216077,27576.12369435912,39786.23860938641,124049.61996840846,1661.1722751235507,40.95545525353424,138.06197400697656,66.56653254064265,130.45821241882354,266.8373771165588,449.84437748952814,568.4483462974862,75860.80970385818,10400.698945795973,5290.394402243717,9406.33759184018,8327.006910699103,4073.804689871473,8462.63308848331,29899.934074924517,347958.3198704093,26385.60495434507,22007.884819562485,41051.125529471596,34963.391916950284,19202.0262132083,39076.94187161663,165271.34456525426,1053.2298357265074,59.8788311659131,59.45745334865836,63.194001835132944,83.12833531371453,257.08009200665214,185.95877145071196,344.53235060572405,224569.4426724436,33317.52059166019,11574.990485656399,29548.665325946156,14851.902294882808,24692.46036794755,31874.741043979026,78709.16256237114,1015023.6766310143,73920.14383446408,50730.38924732389,115030.28312315552,55811.18620210295,135409.7780196131,165576.3399624675,418545.55624188995,972.1624867547253,129.56026835098513,50.065854024275374,121.47425961537354,63.613250096452916,111.3331470205151,162.45886802463926,333.65683962248323
2114.0,112937.56411668276,12307.855806845653,6915.014795524594,11635.887623671482,7615.667125197251,14463.42201258415,18538.20550476882,41461.511248090974,563816.9655125536,30530.820015805803,31745.3436606043,49771.93557511618,29446.979609457743,81297.48148523732,99394.40195597259,241630.0032103599,855.2052680499612,78.95722294236752,52.63598784575655,79.82414366054387,58.48095804801484,114.07389924955133,165.3637441726028,305.86931213112445,117709.62247528146,9928.104244599757,8176.491771898241,12150.053986355426,9813.207851150819,14452.793470128352,19815.490945876067,43373.480205272645,531229.5281558054,24909.981688122905,32664.561643906454,49350.26325800133,35233.89789646204,72209.82886620368,93447.22868974299,223413.76611336577,1157.4593788205218,79.25220232937012,79.77162824746371,87.30687667438791,85.29175250741882,168.61208908153677,251.48545971865542,405.7393702616885,60197.70442198225,4383.497194974095,5105.645132417995,5041.496357195784,6421.230455634456,5830.792483760511,8850.552002256618,24564.49079574279,270083.3392220987,12738.076832258796,19821.68786111153,22285.38468261173,23325.878825860167,28072.498333892425,40093.628121428774,123746.18456493532,1664.0622404012731,40.699137701387016,138.43153683090281,66.38264467656546,130.90326817498936,268.12557197927845,451.10876507581474,568.4113159623357,76048.80925997843,10445.153268430726,5307.279432455393,9441.47957535604,8381.09772590946,4135.021976532406,8486.988056178663,29851.78922511578,348126.98857787,26431.8235614783,22118.057316710307,41197.1442747912,35234.58724634439,19506.447895921556,39194.01394096116,164444.91434166342,1049.583561915339,59.69222540537108,59.041875741476396,62.824088956428355,83.01900172146613,258.2546138455169,184.61769582277375,342.1340604223049,226450.61965615538,33794.96230253412,11619.362438168473,29952.839255161296,14947.647774470846,25083.332588640566,32052.862187349252,78999.61310983126,1022927.8225471708,74855.42773558843,51143.82417586556,116542.36714700918,56238.91177850654,137985.51598936933,167038.65944566397,419123.11627516645,966.914532133179,129.97056447538452,49.54458367725467,121.55166704660547,63.23356764107822,111.12592195059813,160.9450861485869,330.5431411936687
2115.0,113250.97388695557,12376.369713586515,6918.123786150393,11697.15188487428,7633.228505431705,14647.629778312437,18581.769202460655,41396.70101613984,565101.7032080481,30633.004718871205,31880.04851939139,50016.73875571568,29556.56572545951,82612.06110011876,99890.71953229874,240512.56485619236,848.9880841388301,78.8733483520203,52.10587870145033,79.52874465151434,58.10425468845825,113.86857790546269,163.86189812327274,302.6453817166509,118658.36622542048,9976.483007655253,8244.498567464098,12242.763359322327,9890.725590423848,14720.870202370688,20011.08373371815,43571.94176446624,534932.6254329601,24963.8312197096,32965.59998922711,49687.39729985183,35525.05521854479,73674.5354835764,94465.2585561446,223650.9476659061,1154.1795563882267,79.26290803046264,79.51998134112308,87.16782549977279,85.15448012453916,168.84927418591926,250.58894891905516,403.6361382873551,60544.9933127972,4367.380605715737,5141.077920882245,5046.379557515804,6471.542639214156,5927.954336335044,8930.718350120811,24659.939903013477,270729.5908807868,12633.612042875206,19955.5193652616,22255.482969519602,23478.1545109119,28563.101175291635,40397.44333681944,123446.27748010741,1666.8719288657267,40.44994008124391,138.79083402083134,66.20386480871265,131.33596127126154,269.3779836513673,452.33803078470453,568.3753142476052,76232.96375716403,10489.145463724377,5323.686576000638,9476.084884464619,8434.607492553658,4195.607125135983,8510.568830938018,29803.263384346803,348293.6960212917,26477.504742947203,22226.948738309853,41341.46512772321,35502.62914167581,19807.32979162649,39309.72470717372,163628.093771835,1046.038573487812,59.51080313817749,58.63784195671619,62.464451435465506,82.9127051734466,259.3965100777467,183.31387229561156,339.8023894106495,228298.48627194416,34267.41427186138,11661.82815895282,30352.517764602504,15041.575011464693,25468.8911075011,32225.032316247452,79281.22764131415,1030740.0597898759,75779.83624251359,51552.451721517304,118036.86879849245,56661.66380169608,140531.30351761667,168483.97521393962,419693.9604941019,961.812354028893,130.36946348521724,49.03779306209564,121.62692427141438,62.864431920574916,110.9244531326233,159.4733537690919,327.515934387878
2116.0,113559.48694317504,12444.126567450561,6920.947376349662,11757.683580758696,7650.594675073651,14829.396771857493,18623.888622545815,41332.84934913927,566371.3263424168,30733.987248959347,32013.16861513406,50258.661898896295,29664.862593037706,83911.17507247225,100381.19807831515,239408.27283560424,842.948534053725,78.79187017854005,51.59091553269576,79.24178561417106,57.738314282031844,113.6691228854907,162.4029619610663,299.5135635997321,119595.29705942127,10024.27781291358,8311.585047113478,12334.354396647319,9967.349643680427,14986.139012005597,20203.73560917068,43767.85553789002,538592.1568597979,25017.047227395273,33263.096706955774,50020.565058857115,35812.78716036779,75122.0102583918,95471.3116005886,223885.338847241,1150.9934431682852,79.27330785438112,79.27552434639249,87.03274721586114,85.02112980974182,169.07968257303344,249.71805271372926,401.5929986551467,60888.818135715264,4351.773735634996,5175.981475887554,5051.289966792265,6521.18534141108,6024.155168981728,9009.83422352563,24754.598223482026,271368.23957878444,12530.376251013764,20087.776381127565,22225.933041287422,23628.638717315964,29047.932218556765,40697.684255558495,123149.89871392433,1669.6013405169049,40.20786239310486,139.13986557676188,66.03019293708424,131.7562917076404,270.5946121328248,453.5321746161974,568.3403411532945,76413.90625319486,10532.703690261702,5339.6747107515275,9510.2137734772,8487.557979752104,4255.539552287983,8533.47605044204,29754.74049622248,348458.44220067194,26522.648498751765,22334.559084361208,41484.088088267934,35767.517602944485,20104.671900323145,39424.07417025443,162820.88285576954,1042.5948704439322,59.334564364332294,58.24535199437754,62.11508927224446,82.80944566965634,260.505780703341,182.04730086922547,337.5373375707534,230114.8302675947,34734.74019678535,11702.587684855818,30747.66517988026,15133.816892178831,25849.22393480217,32391.775350947853,79555.02102814427,1038460.3883591398,76693.36935523969,51956.271884278955,119513.78807760541,57079.442271671694,143047.14060435537,169912.28726729448,420258.08889869694,956.8559524418771,130.75696538048342,48.545482178798316,121.70003128980008,62.50584293494324,110.72874056659063,158.0436708861536,324.5752192051083
2117.0,113864.00846706443,12511.136840309155,6923.572629325949,11817.525395448638,7667.817578180635,15008.765035915952,18664.796826068254,41270.39416181581,567625.8349156658,30833.767606070276,32144.70394783215,50497.70500465814,29771.870212192363,85194.82340229767,100865.83759402191,238317.12714859366,837.0866177946584,78.7127884219269,51.09109833949282,78.96326654851455,57.38313682873571,113.47553418963568,160.98693568598352,296.47385778036977,120520.80986790045,10071.488263229818,8377.783918073173,12424.847190729146,10043.097590070241,15248.556278150303,20393.55956969581,43961.47705795221,542208.1224363131,25069.629711179947,33557.051797092434,50349.76653501709,36097.093721930985,76552.25319064982,96465.38782307491,224116.93965736864,1147.901039160693,79.2834018011255,79.03825726327153,86.90164182265269,84.89170156302679,169.3033142428797,248.87277110267755,399.6099513650613,61229.13242928643,4336.684744561934,5210.34803624089,5056.245352679179,6570.145650448275,6119.35526305933,9087.88125148399,24848.472130812985,271999.2853160905,12428.369456674483,20218.458908709395,22196.734897915092,23777.33144507239,29526.99146368775,40994.350877645906,122857.04826638623,1672.250475354822,39.97290463696991,139.47863149869426,65.86162906168022,132.1642594841257,271.775457423651,454.6911965702936,568.3063966794062,76592.2592548878,10575.855637317723,5355.301733282226,9543.92549246652,8539.970593806578,4314.799017650756,8555.808675076702,29706.59810528714,348621.2271160131,26567.254828891975,22440.888354864295,41625.01315642517,36029.25263015046,20398.47422201152,39537.06233020318,162023.28159346676,1039.2524527836918,59.16350908383542,57.864405854460806,61.776002466765284,82.70922321009525,261.58242572230046,180.81798154361536,335.3389049026195,231901.40959509677,35196.80604616381,11741.837718776404,31138.24642117833,15224.504088155874,26224.4176139789,32553.60647972007,79821.99122712413,1046088.8082549642,77596.02707376666,52355.28466415059,120973.12498434787,57492.24718843324,145533.02724958517,171323.59560572822,420815.50148895115,952.0453273721276,131.13307016118287,48.067651027362636,121.77098810176281,62.157800684183016,110.53878425250005,156.65603749977234,321.7209956453625
2118.0,114165.42829828385,12577.410826544286,6926.085132635252,11876.719289608058,7684.948278402475,15185.7759005963,18704.72292388477,41209.7659466125,568865.228927791,30932.345790203977,32274.654517485604,50733.86807300111,29877.588582923425,86463.00608959512,101344.6380794189,237239.12779516197,831.4023353616229,78.63610308218078,50.60642712184145,78.69318745454444,57.038722328569634,113.28781181789732,159.6138192980246,293.5262642585653,121435.29284841618,10118.113968190284,8443.127333210225,12514.261493417538,10117.986710791274,15508.07911925895,20580.666697544537,44153.057526003206,545780.5221625101,25121.578671063584,33847.46525963712,50675.0017283317,36377.97490323439,77965.2642803506,97447.4872236035,224345.75009629075,1144.902344365458,79.2931898706958,78.80818009176043,86.77450932014746,84.76619538439392,169.52016919545767,248.0531040859003,397.6869964171004,61565.8905195433,4322.121654024412,5244.169972294842,5061.263181683911,6618.4108733924195,6213.515573123926,9164.841374381454,24941.56789064243,272622.72809270764,12327.591659857355,20347.566948007065,22167.888539402673,23924.23269418111,30000.278910684614,41287.44320308162,122567.72613749343,1674.8193333794613,39.745066812839035,139.80713178662896,65.69817318250044,132.55986460071753,272.92051952384656,455.8150966469927,568.2734808259402,76768.63471809617,10618.628524857768,5370.624558869098,9577.278287266876,8591.86637820014,4373.365623943225,8577.663987933314,29659.207357025643,348782.0507673136,26611.32373336787,22545.93654981917,41764.24033219493,36287.834223293714,20688.736756691567,39648.68918702006,161235.2899849266,1036.0113205070961,58.99763729668704,57.4950035369657,61.44719101902774,82.61203779476321,262.62644513462465,179.62591431878138,333.2070914062473,233659.95241064637,35653.480060568654,11779.77162966612,31524.227003253498,15313.765056166514,26594.557221628518,32711.032158829144,80083.11928053392,1053625.3194773432,78487.80939809444,52749.490061132165,122414.8795187202,57900.07855198087,147988.96345330626,172717.9002292413,421366.1982648665,947.3804788196395,131.4977778273157,47.60429960778865,121.83979470730239,61.82030516829438,110.35458419035156,155.31045360994815,318.9532637086392
2119.0,114464.6209344298,12642.958643048632,6928.568998186095,11935.30650044133,7702.036958981221,15360.469983418938,18743.892076665,41151.38777368879,570089.5083787901,31029.72180136041,32403.020324094585,50967.1511039254,29982.017705231006,87715.7231343646,101817.59953450614,236174.2747753088,825.895686754619,78.56181415930173,50.136901879741664,78.43154833226097,56.70507078153386,113.10595577027584,158.2836127971893,290.6707830343152,122339.12750546203,10164.154544112615,8507.646891031842,12602.616716013052,10192.033989089814,15764.665393122783,20765.166159756584,44342.84381233538,549309.3560383886,25172.894107046184,34134.33709458971,50996.270638801,36655.43070427798,79361.04352749394,98417.60980217448,224571.77016400624,1141.9973587825648,79.30267206309205,78.58529283185874,86.65134970834559,84.64461127384341,169.73024743076778,247.25905166339723,395.82413381126247,61899.04752000025,4308.092347248073,5277.439785947657,5066.360619167154,6665.968536153939,6306.597726928911,9240.69684397627,25033.89166057825,273238.56790863397,12228.042860562398,20475.10049902066,22139.39396575021,24069.342464642177,30467.79455954743,41576.96123186568,122281.93232724545,1677.3079145908334,39.524348920712285,140.12536644056556,65.53982529954521,132.94310705741566,274.02979843341063,456.9038748462949,568.2415935928907,76943.63404771064,10661.049103537338,5385.699121490589,9610.329399473925,8643.266013597213,4431.219816940882,8599.137594808491,29612.932997862288,348940.91315457365,26654.855212179402,22649.70366922584,41901.769615577185,36543.26238237424,20975.459504363338,39758.95474070502,160456.9080301491,1032.8714736141483,58.83694900288691,57.13714504189221,61.12865492903218,82.51788942366034,263.63783894031377,178.4710991947235,331.1418970816368,235392.15707463745,36104.63275228619,11816.579452528998,31905.57303543583,15401.726038209543,26959.726367510393,32864.550112535544,80339.36931613104,1061069.9220262773,79368.7163282232,53138.88807522394,123839.05168072172,58302.93636231442,150414.9492155184,174095.20113783336,421910.1792264402,942.861406784417,131.85108837888183,47.155427920076356,121.9064511064188,61.493356387277245,110.17614038014531,154.00691921668093,316.2720233949384
2120.0,114762.44553103742,12707.790229225524,6931.106862239437,11993.32754169305,7719.132922751155,15532.887189316241,18782.525494891324,41095.67529092086,571298.6732686684,31125.89563953959,32529.801367658943,51197.55409743073,30085.157579115,88952.97453660592,102284.72195928368,235122.5680890337,820.5666719736478,78.48992165328981,49.68252261319353,78.17834918166409,56.382182187628125,112.92996604677127,156.99631618347777,287.9074141076239,123232.68865047274,10209.609614045667,8571.373635685517,12689.931929267103,10265.256110260463,16018.273696869992,20947.165208160437,44531.078456183735,552794.6240639485,25223.576019127817,34417.66730195038,51313.57326642507,36929.461125061775,80739.59093208003,99375.7555587878,224794.99986051468,1139.1860824120315,79.3118483783142,78.36959548356712,86.5321629872468,84.5269492313751,169.93354894880983,246.49061383516843,394.021363547548,62228.55933165391,4294.604569156368,5310.150110643202,5071.554529342895,6712.806383486886,6398.564025424982,9315.430223399318,25125.44949020031,273846.80476386956,12129.723058789603,20601.05956175014,22111.251176957634,24212.660756455578,30929.53841027603,41862.90496399812,121999.66683564243,1679.7162189889405,39.310750960589594,140.43333546050408,65.38658541281421,133.31398685422067,275.1032941523437,457.9575311682009,568.2107349802656,77117.84809765947,10703.143654702262,5400.580373827297,9643.135066444924,8694.189817843522,4488.342385475791,8620.323424204193,29568.133375161466,349097.8142777944,26697.849265326604,22752.18971308427,42037.601006572164,36795.53710739201,21258.642465026842,39867.858991258036,159688.13572913394,1029.8329121048362,58.68144420243535,56.790830369240595,60.82039419677843,82.42677809678642,264.6166071393676,177.35353617144168,329.1433219287888,237099.69215167296,36550.136905317035,11852.447888421668,32282.25122162836,15488.511061511788,27320.00719454601,33014.64933309519,80591.68854715215,1068422.6159017645,80238.74786415281,53523.47870642543,125245.64147035316,58700.82061943408,152810.984536222,175455.49833150467,422447.4443736745,938.4881112664634,132.19300181588136,46.721035964225784,121.97095729911211,61.17695434113156,110.00345282188106,152.74543431997066,313.6772747042592
2121.0,115059.74590157732,12771.915346988935,6933.779885408776,12050.822203648107,7736.28459213881,15703.066710632464,18820.840438859,41043.03672390128,572492.7235974214,31220.867304741565,32654.997648178804,51425.077053517416,30187.00820457545,90174.76029631932,102746.00535375155,234084.0077363375,815.4152910187056,78.42042556414486,49.24328932219698,77.93359000275353,56.07005654685271,112.75984264738337,155.75192945688997,285.23615747848646,124116.3444018213,10254.478807769616,8634.33805695892,12776.225863382002,10337.669461646166,16268.86336696576,21126.769179373397,44717.9996657252,556236.3262391863,25273.62440730837,34697.45588171901,51626.90961120383,37200.066165585755,82100.90649410877,100321.92449344347,225015.43918581802,1136.4685152538445,79.32071881636229,78.16108804688513,86.41694915685157,84.4132092569892,170.13007374958377,245.74779060121398,392.2786856259585,62554.38264298338,4281.665926370546,5342.293711371028,5076.861475278473,6758.912378989,6489.3774427601375,9389.024387154172,25216.24732105998,274447.4386584153,12032.63225453896,20725.444136195496,22083.460173024952,24354.187569621325,31385.51046287062,42145.274399478905,121720.92966268463,1682.0442465737694,39.10427293247101,140.73103884644482,65.23845352230765,133.67250399113186,276.14100668064566,458.9760656127093,568.1809049880604,77291.85717090711,10744.937990388573,5415.322287261927,9675.750521298494,8744.657745966144,4544.714461436575,8641.31372732767,29525.160437227634,349252.7541369739,26740.305892809458,22853.394681394493,42171.73450517956,37044.6583983471,21538.285638682013,39975.40193867918,158928.97308188214,1026.8956359791762,58.53112289533202,56.456059519010616,60.52240882226635,82.33870381414181,265.5627497317863,176.2732252489359,327.2113659477011,238784.19641055475,36989.867575375916,11887.560304453307,32654.22886030753,15574.241938528256,27675.480378818957,33161.81008075942,80841.00727231111,1075683.401103812,81097.90400588328,53903.261954737114,126634.64888761414,59093.73132333968,155177.06941541657,176798.7918102549,422977.99370656774,934.260592265771,132.52351813831424,46.301123740236875,122.03331328538223,60.87109902985753,109.83652151555901,151.52599891981757,311.16901763660377
2122.0,115357.35051745702,12835.343580763474,6936.667752660041,12107.829553131622,7753.539509162993,15871.047027123786,18859.050218676068,40993.87287593908,573671.659365051,31314.63679696627,32778.60916565413,51649.71997218506,30287.569581612366,91381.08041350466,103201.44971790964,233058.59371721934,810.441543889802,78.35332589186707,48.819202006752015,77.69727079553002,55.7686938592075,112.59558557211248,154.55045261742578,282.6570131469073,124990.4561848181,10298.761761795875,8696.570090279973,12861.516908010895,10409.29013263811,16516.394479212275,21304.081494801492,44903.84131807923,559634.4625641052,25323.039271587946,34973.70283389559,51936.27967313726,37467.245825850005,83444.99021358021,101256.11660614143,225233.08813991363,1133.8446573080078,79.32928337723635,77.95977052181264,86.30570821715962,84.30339135068547,170.31982183308966,245.03058196153373,390.5961000464921,62876.474929949494,4269.283887209648,5373.863484666285,5082.297718894496,6804.274705101713,6579.001626279703,9461.462521117057,25306.29098668071,275040.469592269,11936.770447810479,20848.254222356743,22056.020953952193,24493.922904139396,31835.71071733109,42424.06953830801,121445.72080837177,1684.2919973453331,38.904914836356504,141.01847659838754,65.09542962802543,134.01865846814974,277.14293601831656,459.95947817982125,568.1521036162748,77466.23101945508,10786.457453322582,5429.9778518793755,9708.229992914847,8794.689390173447,4600.317519768454,8662.199078091531,29484.359733304893,349405.73273211316,26782.22509462797,22953.318574156398,42304.17011139968,37290.62625523946,21814.389025328903,40081.58358296836,158179.42008839257,1024.059645237153,58.385985081577125,56.132832491202436,60.234698805496095,82.25366657572636,266.47626671757024,175.23016642720606,325.34602913837557,240447.27882429239,37423.70208989193,11922.09673378568,33021.47384452279,15659.038266941974,28026.225129574934,33306.503883775,81088.23887579986,1082852.2776324162,81946.18475341467,54278.23782015859,128006.07393250463,59481.66847403124,157513.20385310234,178125.08157408432,423501.8272251193,930.1788497823467,132.84263734618042,45.8956912481096,122.09351906522946,60.575790453454864,109.67534646117925,150.34861301622132,308.7472521919704
2123.0,115656.07250802129,12898.084337484437,6939.848673311678,12164.387933509053,7770.944335434714,16036.865905958322,18897.364194263373,40948.57712805966,574835.4805715572,31407.204116213765,32900.63592008482,51871.48285343398,30386.841710225697,92571.93488816198,103651.05505175803,232046.32603167978,805.6454305869272,78.2886226364563,48.410260666858655,77.4693915599928,55.47809412469235,112.43719482095824,153.3918856650854,280.16998111288444,125855.3787317127,10342.458119367137,8758.099116716821,12945.823112257853,10480.133914675866,16760.827848748726,21479.203660639603,45088.83295930727,562989.0330387062,25371.820611966483,35246.408158480204,52241.6834522254,37731.00010585439,84771.8420904943,102178.33189688176,225447.94672280346,1131.3145085745257,79.33754206093626,77.76564290835007,86.19844016817068,84.19749551246402,170.50279319932739,244.33898791612785,388.97360680914977,63194.79445599597,4257.465781690504,5404.852458609799,5087.879220964957,6848.881763110125,6667.400896526301,9532.728122536842,25395.586212557537,275625.89756543323,11842.137638604163,20969.489820233834,22028.93351973935,24631.866760009776,32280.13917365741,42699.290380485494,121174.04027270398,1686.4594713036256,38.712676672246104,141.29564871633244,64.95751372996756,134.35245028527407,278.1090821653563,460.90776886953586,568.1243308649109,77641.52884434236,10827.72691692086,5444.599076466614,9740.62670593556,8844.303979855154,4655.133378473191,8683.068373113669,29446.0704135774,349556.7500632134,26823.60687078217,23051.96139137016,42434.90782523223,37533.44067806908,22086.952624967522,40186.403924125676,157439.47674866547,1021.3249398787768,58.24603076117066,55.821149285815856,59.95726414646762,82.17166638153992,267.35715809671865,174.22435970625244,323.5473115008114,242090.5185700965,37851.520048008526,11956.23387563309,33383.95466189672,15743.017429664087,28372.3191892218,33449.19353838418,81334.2798272876,1089929.2454875766,82783.5901067469,54648.40630269011,129359.9166050248,59864.63207150883,159819.3878492795,179434.3676229929,424018.94492933154,926.2428838161871,133.15035943947998,45.50473848784403,122.1515746386534,60.291028611923814,109.51992765874142,149.21327660918215,306.41197837036026
2124.0,115956.70966055164,12960.146846597778,6943.399381034589,12220.534964686061,7788.544852157251,16200.560401716113,18935.9877753546,40907.535439005354,575984.1872169413,31498.569262484,33021.077911470995,52090.36569726412,30484.8245904155,93747.32372029139,104094.82135529668,231047.20467971865,801.026951110086,78.22631579791259,48.016465302516934,77.2499522961421,55.198257343307496,112.28467039392089,152.27622859986877,277.77506137641717,126711.4600816957,10385.567530457365,8818.953962977825,13029.162184677698,10550.216301247281,17002.12503005128,21652.235267871314,45273.19980441278,566300.0376629867,25419.968428444,35515.571855472816,52543.12094846819,37991.329005599,86081.46212485107,103088.57036566435,225660.01493448732,1128.8780690533938,79.34549486746215,77.57870520649719,86.0951450098853,84.09552174232482,170.6789878482971,243.67300846499631,387.41120591393087,63509.30027204806,4246.218801527747,5435.25379282805,5093.621641117154,6892.722173143003,6754.540247239864,9602.80500003509,25484.1386161573,276203.7225779079,11748.73382692,21089.15092982683,22002.197870386382,24768.019137232503,32718.795831849653,42970.93692601124,120905.88805568128,1688.546668448646,38.52755844013977,141.56255520027923,64.82470582813406,134.67387944250487,279.03944512176514,461.8209376818542,568.0975867339687,77818.29929564513,10868.770785290204,5459.236988512767,9772.99288076376,8893.520381582308,4709.144198609122,8704.008831717345,29410.625229169338,349705.8061302714,26864.451221272,23149.323133035647,42563.94764667739,37773.101666836,22355.976437597816,40289.86296215105,156709.14306270157,1018.6915199040436,58.111259934112546,55.521009902851105,59.69010484518098,82.09270323158263,268.20542386923216,173.25580508607482,321.8152130350094,243715.46502938168,38273.20332058324,11990.145095262347,33741.64039462519,15826.294594833851,28713.83883332946,33590.33310882455,81580.009681923,1096914.3046692912,83610.12006588001,55013.76740233168,130696.17690517461,60242.6221157725,162095.62140394776,180726.6499569806,424529.3468192043,922.4526943672895,133.4466844182129,45.12826545944023,122.20748000565433,60.01681350526428,109.37026510824585,148.11998969869995,304.163196171772
2125.0,116260.04442026671,13021.540160060074,6947.3951338521965,12276.307543108675,7806.385960126111,16362.166856389087,18975.122421496228,40871.126345234494,577117.7793012009,31588.732235777003,33139.935139812624,52306.36850367542,30581.518222181752,94907.2469098927,104532.74862852563,230061.22966133596,796.5861054592764,78.16640537623596,47.637815913726804,77.03895300397801,54.92918351505279,112.13801229100036,151.20348142177582,275.47225393750665,127559.04158089256,10428.089651771796,8879.162901411531,13111.55149327627,10619.552487888495,17240.248316933168,21823.273992269013,45457.16273734221,569567.476436948,25467.4827210205,35781.193924873405,52840.59216186572,38248.23252508382,87373.85031665051,103986.83201248932,225869.2927749645,1126.5353387446128,79.35314179681396,77.39895741625404,85.99582274230313,83.99747004026794,170.84840577999879,243.03264360813904,385.908897360836,63819.95221651373,4235.550000133801,5465.060778493133,5099.540337831661,6935.784774172806,6840.385345357635,9671.677273606001,25571.953706918786,276773.9446296913,11656.559012758,21207.23755113571,21975.814005893346,24902.380035807564,33151.680691907786,43239.009174885396,120641.26415730357,1690.5535887803978,38.34956014003753,141.8191960502281,64.69700592252492,134.9829459398422,279.9340248875427,462.6989846167755,568.0718712234468,77997.08047247492,10909.61299322768,5473.9416342091035,9805.37973356407,8942.357099107268,4762.332484291173,8725.10599593109,29378.350532144632,349852.90093329025,26904.7581460975,23245.403799152915,42691.289575735114,38009.60922154019,22621.460463219824,40391.96069704452,155988.41903050023,1016.1593853129539,57.98167260040283,55.23241434230804,59.43322090163612,82.01677712585449,269.02106403511044,172.32450256667326,320.1497337409687,245323.63778776734,38688.63605018806,12024.000423992937,34094.50071947707,15908.982715818573,29050.858870629992,33730.36792732915,81826.291080331,1103807.4551775637,84425.774630814,55374.321119083186,132014.854832954,60615.638606822125,164341.90451710726,182001.9285760474,425033.03289473575,918.8082814356594,133.73161228237913,44.76627216289806,122.2612351662321,59.75314513347625,109.22635880969237,147.06875228477477,302.0009055962067
2126.0,116566.84389032207,13082.273152338586,6951.909714140347,12331.741841763087,7824.511679729071,16521.720899381176,19014.965642047577,40839.720960922205,578236.2568243362,31677.693036092765,33257.20760510968,52519.49127266786,30676.922605524447,96051.70445696592,104964.83687144489,229088.4009765317,792.3228936344984,78.10889137142638,47.274312500488264,76.83639368350055,54.670872639928255,111.99722051219663,150.17364413080654,273.261558796153,128398.45788236987,10470.024146746913,8938.753650006798,13193.00806551016,10688.157372184007,17475.1607425445,21992.415594393886,45640.93831098349,572791.3493605886,25514.36348969598,36043.274366681995,53134.09709241803,38501.710664308834,88649.00666589265,104873.11683735668,226075.78024423504,1124.2863176481824,79.36048284899168,77.22639953762064,85.90047336542413,83.90334040629335,171.01104699443235,242.41789334555594,384.46668114986505,64126.710915282834,4225.4662926188885,5494.266838322796,5105.650368442425,6978.0586240156745,6924.902531014173,9739.329374616444,25659.036886252423,277336.56372078357,11565.613196118164,21323.749684160473,21949.78192626022,25034.949455734968,33578.79375383179,43503.50712710792,120380.16857757082,1692.4802322988808,38.1786817719394,142.06557126617912,64.57441401314017,135.2796497772861,280.792821462689,463.54190967429963,568.0471843333453,78178.39992298278,10950.277006220622,5488.762078448976,9837.83747626253,8990.832273363723,4814.6810826908295,8746.443730488802,29349.566275507168,349998.0344722697,26944.52764525867,23340.203389721966,42816.933612405395,38242.96334218163,22883.404701833555,40492.69712880608,155277.30465206126,1013.7285361055079,57.85726876004151,54.955362604186675,59.18661231583303,81.94388806435548,269.8040785943535,171.43045214804775,318.5508736186894,246916.5266350735,39097.70465110919,12057.966559196839,34442.505907794555,15991.19253121367,29383.452643017572,33869.73459412651,82073.96974861542,1110608.6970123937,85230.5538015489,55730.06745294461,133315.95038836298,60983.68154465772,166558.237188758,183260.2034801932,425530.0031559259,915.3096450212962,134.00514303197875,44.41875859821753,122.31284012038671,59.500023496559734,109.08820876308103,146.05956436740667,299.92510664366415
2127.0,116877.85983180984,13142.354520411227,6957.015428627412,12386.873310175866,7842.965150946132,16679.257447508142,19055.71099618076,40813.68297795996,579339.6197863497,31765.45166343127,33372.89530736225,52729.73400424156,30771.037740443615,97180.69636151122,105391.08608405442,228128.7186253058,788.2373156357543,78.05377378348389,46.92595506280135,76.64227433470958,54.42332471793399,111.86229505750983,149.18671672696098,271.14297595235485,129230.03694613192,10511.370685550506,8997.75337239264,13273.548588286874,10756.045553766562,17706.82607937248,22159.75391959586,45824.73874716725,575971.6564339099,25560.610734470447,36301.813180898534,53423.635740124926,38751.76342327407,89906.93117257748,105747.4248402663,226279.47734229956,1122.1310057641026,79.36751802399539,77.0610315705969,85.80909687924873,83.81313284040105,171.16691149159797,241.8287576772472,383.0845572810177,64429.53778172728,4215.974455791029,5522.865526580444,5111.966489136694,7019.532999331406,7008.058817541318,9805.746045805969,25745.39344754046,277891.57985118625,11475.89637700048,21438.68732890113,21924.101631486978,25165.727397014707,34000.13501762173,43764.43078267873,120122.60131648323,1694.3265990040918,38.01492333584533,142.30168084813192,64.45693009997977,135.56399095483644,281.61583484720444,464.34971285442754,568.0235260636654,78362.77464435472,10990.785820446587,5503.74640482794,9870.415316546689,9038.96368246669,4866.17318403613,8768.10422282969,29324.58601320097,350141.2067472072,26983.759718755475,23433.721904742735,42940.87975668832,38473.16402876041,23141.809153438968,40592.072257435706,154575.79992738547,1011.3989722817041,57.738048413028544,54.689854688487124,58.950279087771776,81.87403604708561,270.5544675469619,170.5736538301983,317.01863266817236,248495.59156532754,39500.29780934708,12092.206864298581,34785.62682549284,16073.032564842708,29711.69202554848,34008.86097744052,82323.87449835794,1117318.0301737774,86024.45757808466,56081.006403916086,134599.46357140157,61346.75092927936,168744.61941889967,184501.47466941818,426020.2576027767,911.9567851241961,134.26727666701174,44.08572476539877,122.36229486811831,59.25744859451475,108.95581496841191,145.09242594659545,297.93579931414365
2128.0,117193.82866375844,13201.792783766532,6962.783108394257,12441.736674413803,7861.788633349536,16834.810704997708,19097.548092880712,40793.36866595586,580427.8681872393,31852.008117792564,33486.99824657016,52937.096698396505,30863.863626939194,98294.2226235285,105811.49626635424,227182.18260765856,784.3293714630393,78.0010526124084,46.59274360066606,76.45659495760493,54.18653974906981,111.73323592693964,148.2426992102393,269.11650540611316,130054.10003912312,10552.128945081615,9056.188677838318,13353.189407964794,10823.231334317275,17935.20883924127,22325.380898013645,46008.77193666624,579108.3976569145,25606.22445534387,36556.81036752318,53709.20810498657,38998.39080197944,91147.62383670488,106609.75602121829,226480.3840691583,1120.069403092378,79.37424732182494,76.90285351518305,85.72169328377632,83.72684734259101,171.31599927149543,241.26523660321288,381.76252575429453,64728.39501670165,4207.081128156036,5550.850529075137,5118.5031549550395,7060.197395623495,7089.821891468262,9870.912341286768,25831.028576137007,278438.9930208994,11387.40855540496,21552.05048535766,21898.773121573653,25294.713859646763,34415.70448327751,44021.78014159793,119868.56237404062,1696.0926888960325,37.85828483175538,142.527524796087,64.34455418304374,135.83596947249322,282.4030650410888,465.12239415715817,568.0008964144072,78550.71108281452,11031.161962773398,5518.941715643629,9903.161457865584,9086.768741712523,4916.792321611719,8790.167983098263,29303.716900109583,350282.4177581051,27022.454366587957,23525.95934421537,43063.12800858363,38700.21128127643,23396.67381803611,40690.08608293347,153883.90485647222,1009.1706938415488,57.624011559364,54.43589059520917,58.7242212174523,81.80722107404476,271.2722308929344,169.75410761312506,315.5530108894164,250062.26277675902,39896.30648261649,12126.88136877528,35123.83493306036,16154.609125757243,30035.647426441115,34148.166213490586,82576.81722661755,1123935.4546617179,86807.48596042125,56427.13797199762,135865.39438206985,61704.84676068705,170901.05120753302,185725.74214372228,426503.79623528785,908.74970174436,134.51801318747806,43.767170664441686,122.40959940942665,59.02542042734136,108.82917742568475,144.16733702234137,296.0329836076465
2129.0,117515.47146313496,13260.59628440375,6969.282108874182,12496.365937083967,7881.023506103796,16988.414163489528,19140.662590945158,40779.126872234505,581501.0020270059,31937.362399176593,33599.51642273355,53141.579355132424,30955.40026501125,99392.28324301774,106226.06741834425,226248.79292358938,780.5990611163619,77.95072785820008,46.274678114082356,76.27935555218731,53.96051773333583,111.6100431204865,147.34159158064116,267.1821471574296,130870.96173522447,10592.298608970546,9114.085621253305,13431.946530353134,10889.728717565538,18160.274273312007,22489.38654457477,46193.241439195146,582201.5730295981,25651.20465231632,36808.26592655573,53990.814187002856,39241.59280042509,92371.08465827504,107460.11038021256,226678.50042480935,1118.1015096330034,79.38067074248045,76.75186537137878,85.6382625790072,83.64448391286312,171.45831033412477,240.72733012345273,380.5005865696942,65023.24560854258,4198.792809917512,5578.215663161525,5125.274519791357,7100.041527239101,7170.160112521463,9934.813626543702,25915.947349367838,278978.80322992057,11300.149731331603,21663.83915353004,21873.79639652025,25421.908843631143,34825.50215079918,44275.55520386543,119618.05175024304,1697.7785019747066,37.70876625966948,142.743103110044,64.23728626233203,136.0955853302567,283.154512044342,465.85995358249227,567.9792953855685,78742.70513362346,11071.427490759157,5534.394131895826,9936.123099429722,9134.26450357888,4966.522371758772,8812.713844144375,29287.259692056865,350421.66750496306,27060.611588756103,23616.915708139688,43183.67836809169,38924.1050997297,23647.99869562495,40786.738605299266,153201.61943932122,1007.0437007850298,57.515158199047896,54.193470324353044,58.508438704874656,81.74344314523307,271.95736863227233,168.9718134968277,314.15400828242275,251617.9406717988,40285.62390034642,12162.146768156566,35457.10228555878,16236.026308236973,30355.38778707606,34288.06070649142,82833.59291593239,1130460.9704762145,87579.6389485588,56768.46215718894,137113.74282036768,62057.96903888071,173027.53255465731,186933.00590310557,426980.6190534575,905.6883948817924,134.7573525933777,43.46309629534629,122.45475374431209,58.80393899503934,108.70829613489985,143.28429759464413,294.21665952417106
2130.0,117843.49396484203,13318.773186832717,6976.5803098530105,12550.79437733373,7900.7102679656355,17140.10060203518,19185.23619898465,40771.29902183691,582559.0213056472,32021.51450758341,33710.44983585242,53343.18197444966,31045.647654659755,100474.87821997901,106634.7995400246,225328.54957309904,777.0463845957146,77.90279952085875,45.971758603050205,76.11055611845602,53.745258670732156,111.49271663814997,146.4833938381668,265.3399012062999,131680.92991525703,10631.879367578886,9171.469703187297,13509.835620712038,10955.551409289086,18381.988372082902,22651.858958995483,46378.346483411224,585251.1825519599,25695.551325387685,37056.17985799623,54268.4539861739,39481.36941861093,93577.31363728785,108298.48791724918,226873.82640925533,1116.2273253859753,79.38678828596193,76.6080671391841,85.55880476494163,83.56604255121768,171.59384467948607,240.21503823796695,379.2987397272189,65314.05333306829,4191.115862976867,5604.954877739973,5132.294436392858,7139.055327369066,7249.042513624731,9997.435578434282,26000.154736530665,279511.010478252,11214.119904780397,21774.053333418327,21849.171456326723,25547.312348967862,35229.52802018682,44525.75596948127,119371.06944509057,1699.3840382401036,37.566367619587716,142.94841579000328,64.13512633784477,136.34283852812644,283.8701758569641,466.5623911304288,567.9587229771499,78939.2421410789,11111.603992652184,5550.148793286461,9969.34643621107,9181.467657724765,5015.347553875082,8835.818961523204,29275.508745806354,350558.9559877798,27098.2313852599,23706.590996515803,43302.53083521213,39144.8454841203,23895.783786205477,40882.0298245332,152528.94367593358,1005.0179931121601,57.41148833208003,53.96259387591856,58.30293155003867,81.6827022606507,272.60988076497495,168.22677148130643,312.8216248471891,253163.9958570834,40668.145563680206,12198.156424024728,35785.40153262268,16317.385991789677,30670.9805819959,34428.946128653275,83094.97963431712,1136894.5776172725,88340.91654249723,57104.97895949044,138344.50888629496,62406.117763860304,175124.0634602727,188123.26594756782,427450.726057287,902.7728645364854,134.98529488471067,43.17350165811249,122.49775787277432,58.59300429760897,108.59317109605719,142.44330766350404,292.48682706371955
2131.0,118178.58656171877,13376.331478073986,6984.744115469039,12605.054550850706,7920.888537284056,17289.90208709814,19231.446675422594,40770.21911752049,583601.9260231676,32104.464443012974,33819.79848592668,53541.904556347974,31134.605795884672,101542.00755441216,107037.69263139527,224421.45255618685,773.671341901099,77.85726760038452,45.68398506756975,75.95019665641134,53.54076256125852,111.38125647993039,145.66810598281614,263.5897675527286,132484.30576697984,10670.870917999488,9228.365869830235,13586.872003752425,11020.7128173139,18600.317865389097,22812.884325780826,46564.281966914066,588257.2262240039,25739.264474558084,37300.552161844804,54542.12750249963,39717.720656536985,94766.31077374345,109124.88863232813,227066.3620224942,1114.4468503513065,79.39259995226928,76.4714588185995,85.48331984157915,83.49152325765442,171.72260230757922,239.72836094675546,378.156985226867,65600.78275358051,4184.056510933298,5631.062253256452,5139.576456360073,7177.2289480479085,7326.438800899146,10058.764185188706,26083.6555988949,280035.6147658926,11129.319075751357,21882.69302502249,21824.89830099311,25670.924375656916,35627.78209144026,44772.3824384455,119127.61545858318,1700.909297692235,37.43108891151,143.14346283596444,64.03807440958175,136.57772906610293,284.5500564789553,467.2297068009691,567.9391791891555,79140.79689851592,11151.712587391066,5566.249858219584,10002.87665894312,9228.394530990505,5063.252430414957,8859.558813495227,29268.75201906161,350694.28320655704,27135.313756099367,23794.98520934366,43419.685409945334,39362.43243444819,24140.02908977772,40975.95974063518,151865.8775663082,1003.0935708229297,57.313001958460724,53.7432612499059,58.10769975294451,81.62499842029726,273.22976729104255,167.51898156656125,311.55586058371864,254701.7691434533,41043.76924547542,12235.060364014535,36108.70591846015,16398.787841151276,30982.491818905422,34571.21542018181,83361.73853526507,1143236.2760848827,89091.31874223652,57436.68837890167,139557.6925798523,62749.292935626,177190.64392437955,189296.5222771093,427914.117246776,900.0031107084478,135.2018400614771,42.89838675274046,122.53861179481345,58.39261633505005,108.4838023091565,141.6443672289209,290.8434862262891
2132.0,118521.42430454325,13433.278967658733,6993.838454213022,12659.178289862788,7941.597052000286,17437.84997255384,19279.467828495148,40776.21373975946,584629.7161795618,32186.212205465275,33927.56237295648,53737.747100827604,31222.27468868612,102593.67124631733,107434.74669245619,223527.50187285317,770.4739330325161,77.81413209677734,45.41135750764083,75.79827716605325,53.34702940491518,111.2756626458277,144.8957280145892,261.9317461967128,133281.38378509146,10709.27296405646,9284.79851301228,13663.070663636112,11085.226051514363,18815.23022240272,22972.546914224626,46751.23845624511,591219.7040457281,25782.344099827445,37541.382838101315,54811.83473598009,39950.64651420319,95938.07606764154,109939.3125254495,227256.10726452645,1112.7600845289785,79.3981057414026,76.34204040962433,85.41180780892,83.42092603217351,171.8445832184046,239.26729824981805,377.0753230686382,65883.39922086176,4177.620839083806,5656.532001702592,5147.133830146883,7214.552760153832,7402.319353663114,10118.785746409814,26166.454689701703,280552.6160928424,11045.747244244483,21989.758228342565,21800.976930519446,25792.744923698334,36020.26436455966,45015.43461075807,118887.68979072056,1702.3542803310993,37.3029301354364,143.32824424792742,63.94613047754325,136.8002569441858,285.1941539103148,467.86190059411257,567.9206640215779,79347.8336483062,11191.773924604653,5582.740503801364,10036.757954120798,9275.061087397731,5110.221906889308,8884.007201026268,29267.271070466046,350827.6491612946,27171.858701274472,23882.098346623327,43535.14209229101,39576.86595071328,24380.73460634169,41068.52835360524,151212.42111044555,1001.2704339173449,57.21969907818967,53.53547244631489,57.92274331359233,81.57033162417301,273.81702821047503,166.84844375259212,310.35671549200976,256232.5715459514,41412.3949903039,12273.005281813279,36426.98928185203,16480.329306285672,31289.986038671497,34715.25278927807,83634.61385774755,1149486.0658790492,89830.84554777665,57763.59041542309,140753.2939010387,63087.49455417761,179227.27394697728,190452.77489172976,428370.79262192396,897.3791333976757,135.40698812367674,42.6377515792301,122.5773155104294,58.20277510736265,108.38018977419804,140.88747629089477,289.2866370118825
2133.0,118872.66690202805,13489.623287628778,7003.926778928244,12713.196703138161,7962.873669647792,17583.97489968959,19329.46951625133,40789.60204674429,585642.3917748319,32266.757794940346,34033.74149694163,53930.70960788835,31308.654333063954,103629.86929569457,107825.96172320734,222646.6975230983,767.4541579899636,77.77339301003724,45.15387592326353,75.65479764738157,53.16405920170194,111.17593513584164,144.16625993348597,260.365837138254,134072.4517712289,10747.08521630521,9340.791470203783,13738.446243975892,11149.103923813089,19026.693651632933,23130.92907840952,46939.40218688821,594138.6160171351,25824.79020119577,37778.67188676582,55077.5756866152,40180.146991609596,97092.60951898243,110741.7595966131,227443.06213535322,1111.1670279190096,79.40330565336183,76.21981191225895,85.34426866696411,83.35425087477478,171.9597874119617,238.83185014715517,376.0537532525339,66161.8688731777,4171.8147944231705,5681.358466615639,5154.979507060442,7251.01735340869,7476.655224432355,10177.486873073129,26248.556654164102,281062.0144591032,10963.404410259764,22095.248943378494,21777.40734490569,25912.77399309203,36406.9748395449,45254.91248641896,118651.29244150322,1703.718986156687,37.18189129136689,143.50276002589285,63.85929454172901,137.01042216237516,285.8024681510436,468.4589725098589,567.9031774744225,79560.80608185804,11231.808184612028,5599.662925840113,10071.033504000508,9321.482928149433,5156.241231865629,8909.236247787469,29271.341059603095,350959.05385199067,27207.866220785265,23967.93040835478,43648.90088224923,39788.14603291568,24617.900335897353,41159.73566344343,150568.57430834544,999.5485823954068,57.1315796912671,53.339227465145505,57.748062231981756,81.5187018722778,274.37166352327205,166.21515803939906,309.22418957206213,257757.6842838254,41773.925114451784,12312.134537160922,36740.22605615264,16562.105622385003,31593.526315323095,34861.43371213857,83914.33292621358,1155643.9469997694,90559.49695911768,58085.68506905447,141931.31284985496,63420.72261951532,181233.95352806684,191592.0237914296,428820.75218273257,894.9009326041645,135.60073907130987,42.39159613758147,122.61386901962224,58.02348061454682,108.28233349118166,140.17263484942572,287.8162794204978
2134.0,119232.95872082411,13545.37189253662,7015.071066810407,12767.140175985269,7984.755367352304,17728.306797204663,19381.617646552957,40810.6957743819,586639.9528089833,32346.10121143821,34138.335857882215,54120.79207753034,31393.744729018264,104650.60170254373,108211.33772364883,221779.03950692102,764.6120167734488,77.73505034016425,44.911540314437865,75.51975810039667,52.99185195161897,111.08207394997258,143.47970173950657,258.8920403773512,134857.79083396663,10784.307392032382,9396.368024515365,13813.013047835277,11212.35894818104,19234.677100925892,23288.111257206852,47128.95506326961,597013.9621382197,25866.6027786631,38012.419307838376,55339.350354404974,40406.22208875625,98229.91112776584,111532.22984581906,227627.22663497255,1109.6676805213888,79.40819968814696,76.10477332650325,85.2807024157114,83.29149778545835,172.06821488825076,238.42201663876648,375.0922757785528,66436.1586362757,4166.644185643987,5705.5361230785265,5163.126135261258,7286.613536378051,7549.418138919888,10234.854487526805,26329.966029466945,281563.80986467237,10882.290573797201,22199.165170130273,21754.189544151774,26031.011583838088,36787.91351639605,45490.81606542819,118418.42341093085,1705.0034151690109,37.06797237930146,143.66701016986002,63.77756660213918,137.20822472067107,286.3749992011414,469.02092254820866,567.8867195476892,79780.15733961805,11271.835078422551,5617.058338846289,10105.745486600175,9367.675291629905,5201.295996967949,8935.316400155287,29281.230746995854,351088.49727864814,27243.33631463171,24052.481394537957,43760.96177981995,39996.27268105537,24851.52627844473,41249.581670149666,149934.33716000817,997.9280162571074,57.04864379769286,53.15452630639804,57.58365650811307,81.47010916461176,274.89367322943417,165.6191244269821,308.15828282387594,259278.3587805247,42128.26420591945,12352.588155849942,37048.391269289474,16644.20980986936,31893.174256051312,35010.12493295524,84201.60615059012,1161709.9194470493,91277.27297625961,58402.97233979581,143091.749426301,63748.97713163896,183210.68266764688,192714.2689762082,429263.9959292003,892.56850832792,135.78309290437616,42.159920427794454,122.64827232239206,57.854732856602446,108.19023346010742,139.49984290451366,286.43241345213676
2135.0,119602.92878551841,13600.53205944541,7027.33181940777,12821.038370252832,8007.278241831771,17870.874881210228,19436.074177074624,40839.79923629612,587622.3992820077,32424.242454958796,34241.34545577835,54307.994509753415,31477.54587654899,105655.86846686483,108590.87469378058,220924.5278243231,761.9475093829611,77.69910408715813,44.684350681163785,75.39315852509803,52.830407654666125,110.99407908822016,142.83605343265074,257.5103559140049,135637.67538881916,10820.939215255934,9451.550904697837,13886.785037728669,11275.00334063748,19439.150257464746,23444.17197427681,47320.07465875769,599845.7424089875,25907.781832229404,38242.625101318925,55597.158739349594,40628.871805643066,99349.98089399205,112310.72327306741,227808.60076338678,1108.2620423361232,79.41278784575806,75.99692465235759,85.22110905516217,83.23266676422426,172.16986564727168,238.03779772465214,374.19089064669623,66706.23622338532,4162.114683136636,5729.0595777198,5171.5860617631515,7321.332336471137,7620.580496036058,10290.875823491702,26410.687244766817,282058.00230955135,10802.4057348568,22301.506908597996,21731.323528257806,26147.45769593648,37163.08039511309,45723.145347785816,118189.08269900334,1706.207567368062,36.9611733992401,143.82099467982945,63.70094665877371,137.39366461907346,286.91174706060787,469.5477507091613,567.8712902413761,80006.32001106828,11311.873847735802,5634.966976032466,10140.935075699135,9413.653053404794,5245.37213687689,8962.316427211495,29297.202494107936,351215.97944126365,27278.268982813795,24135.751305172947,43871.32478500338,40201.24589513232,25081.612433983806,41338.06637372404,149309.70966543388,996.4087355024548,56.97089139746704,52.98136897007215,57.429526141986194,81.42455350117498,275.3830573289612,165.06034291534112,307.15899524745123,260795.81666370336,42475.31912442167,12394.502829725334,37351.46054376284,16726.73267438703,32188.990001209437,35161.68446391543,84497.12702628231,1167683.9832208888,91984.17359920242,58715.45222764706,144234.60363037614,64072.258090548676,185157.46136571848,193819.51044606612,429700.52386132744,890.3818605689468,135.95404962287597,41.94272444986916,122.68052541873875,57.69653183352969,108.10388968097533,138.86910045615835,285.1350391067965
2136.0,119983.19077863575,13655.110887928939,7040.7680626209985,12874.920224329884,8030.477509396415,18011.707655229417,19492.9971153038,40877.20932382661,588589.7311939084,32501.181525502154,34342.7702906298,54492.31690455776,31560.057775656194,106645.66958865804,108964.57263360263,220083.16247530316,759.4606358185081,77.6655542510193,44.47230702344129,75.27499892148627,52.679726310843506,110.91195055058463,142.2353150129187,256.220783748215,136412.3731582399,10856.980416725057,9506.362285142259,13959.775835621467,11337.04901924999,19640.083547769602,23599.18783806829,47512.9342156629,602633.9568294345,25948.32736189468,38469.28926720742,55851.00084144877,40848.09614227013,100452.81881766084,113077.23987835803,227987.18452059382,1106.950113363206,79.41707012619504,75.89626588982141,85.16548858531601,83.17775781107241,172.2647396890247,237.67919340481203,373.34959785696253,66972.07013521892,4158.231818989289,5751.923568713678,5180.3713324332775,7355.164999940853,7690.115367888488,10345.53842606129,26490.7246211921,282544.5917937403,10723.74989343857,22402.274158781544,21708.809297223725,26262.112329387204,37532.47547569605,45951.90033349173,117963.27030572102,1707.331442753843,36.861494351182884,143.96471355580096,63.62943471163265,137.56674185758237,287.41271172944346,470.03945699271725,567.8568895554829,80239.71613472921,11351.943264941661,5653.42808931335,10176.642440838303,9459.430726221004,5288.455929329634,8990.303420743203,29319.51226334213,351341.50033984054,27312.66422533158,24217.740140259666,43979.989897799256,40403.06567514658,25308.158802514597,41425.18977416646,148694.6918246218,994.9907401314433,56.8983224905896,52.81975545616799,57.28567113360105,81.38203488196709,275.8398158218527,164.53881350447634,306.2263268427881,262311.24976522033,42814.99900138729,12438.011916684673,37649.410096646534,16809.762806814324,32481.032224312763,35316.46158520195,84801.57213417294,1173566.1383212768,92680.19882794603,59023.124732608354,145359.87546208146,64390.56549624432,187074.28962228124,194907.74820100318,430130.33597911464,888.3409893272318,136.1136092268091,41.74000820380548,122.71062830866236,57.548877545328345,108.02330215378535,138.28040750436037,283.9241563844806
2137.0,120374.34304063748,13709.11530007167,7055.43734670333,12928.81395314569,8054.387505948688,18150.832910197212,19552.540518540754,40923.21550603026,589541.948544687,32576.918423068277,34442.610362436855,54673.75926194324,31641.280426339865,107620.00506792302,109332.43154311497,219254.94345986145,757.1513960800874,77.63440083174744,44.27540934127043,75.16527928956096,52.53980792015108,110.83568833706609,141.67748648031034,255.02332387998135,137182.14517161882,10892.430733920199,9560.823785879878,14031.99872292976,11398.507604134444,19837.448137697647,23753.233541819045,47707.70264523818,605378.6053995601,25988.239367658945,38692.41180550388,56100.87666070275,41063.89509863736,101538.42489877246,113831.77966169103,228162.97790659431,1105.7318936026356,79.42104652945802,75.8027970388949,85.11384100617346,83.12677092600286,172.3528370135096,237.34620367924617,372.5683974093536,67233.62965997055,4155.000986987929,5774.122965779994,5189.493691992084,7388.102991883792,7757.996499782138,10398.83015170175,26570.08237184292,283023.5783172374,10646.32304954248,22501.466920681036,21686.64685104959,26374.97548419027,37896.09875814484,46177.08102254604,117740.9862310838,1708.3750413263547,36.768935235129696,144.09816679777404,63.56303076071586,137.72745643619785,287.87789320764756,470.49604139887634,567.8435174900121,80480.75719815718,11392.061633120236,5672.479949305787,10212.906747319956,9505.022460006874,5330.5339951199585,9019.34279524283,29348.409618041667,351465.059974376,27346.522042184966,24298.447899798153,44086.957118207814,40601.7320210981,25531.16538403708,41510.95187147695,148089.28363757278,993.6740301440761,56.83093707706052,52.66968576468569,57.152091482957736,81.34255330698856,276.2639487081099,164.05453619438745,305.36027760988765,263825.8201211357,43147.21523995965,12483.245440678154,37942.21673958745,16893.386583255713,32769.358132038746,35474.796844993,85115.60114062244,1179356.384748229,93365.34866249068,59325.98985467959,146467.56492141602,64703.89934872599,188961.16743733507,195978.9822410191,430553.4322825603,886.4458946027847,136.26177171617553,41.5517716896036,122.73858099216272,57.411769991998575,107.94847087853765,137.73376404911926,282.7997652851864
2138.0,120776.9685699211,13762.552040468714,7071.395746260395,12982.747048169742,8079.041686983292,18288.277724460615,19614.85449389853,40978.09982967987,590479.0513343413,32651.453147657154,34540.86567119917,54852.32158190991,31721.213828599946,108578.87490466023,109694.45142231754,218439.87077799867,755.0197901676986,77.60564382934265,44.09365763465115,75.0639996293222,52.41065248258881,110.76529244766411,141.16256783482575,253.91797630930455,137947.2457652878,10927.28991105313,9614.956472582195,14103.46664052064,11459.390417455063,20031.21593244297,23906.38186355551,47904.54452767844,608079.6881193696,26027.51784952218,38911.992716208406,56346.78619711133,41276.26867474482,102606.7991373266,114574.3426230663,228335.98092138913,1104.6073830544253,79.42471705554685,75.71651809957825,85.06616631773383,83.07970610901552,172.43415762072638,237.03882854795478,371.84728930386774,67490.88487331657,4152.4274426163165,5795.652770184244,5198.96458401337,7420.137996240199,7824.198310219272,10450.739168251896,26648.76460179116,283494.961880046,10570.125203168569,22599.08519429634,21664.836189735313,26486.047160345643,38253.950242459585,46398.68741494863,117522.23047509152,1709.338363085595,36.68349605108065,144.22135440574985,63.50173480602352,137.87580835491968,288.3072914952211,470.9175039276385,567.8311740449609,80729.84413794636,11432.246786041871,5692.159845328745,10249.766156207936,9550.442041871966,5371.593298098167,9049.49828790815,29384.137722489362,351586.65834487195,27379.84243337408,24377.874583788445,44192.22644622879,40797.24493298689,25750.63217855129,41595.35266565557,147493.4851042861,992.4586055403539,56.768735156879885,52.53115989562493,57.028787190056185,81.30610877623894,276.65545598773105,163.60751098507478,304.5608475487475,265340.65997171355,43471.881514996145,12530.330091708454,38229.857878805466,16977.688165043626,33054.02346422701,35637.022059462244,85439.85679746985,1185054.7225017312,94039.62310283603,59624.04759386086,147557.67200838047,65012.2596479937,190818.09481088034,197033.21256611447,430969.8127716671,884.6965763956016,136.39853709097537,41.378014907263314,122.76438346924014,57.28520917354032,107.87939585523189,137.2291700904352,281.7618658089154
2139.0,121191.63502282141,13815.427676225821,7088.697860250341,13036.746277411925,8104.472627587176,18424.068463778414,19680.085198303004,41042.13691926522,591401.0395628735,32724.785699268796,34637.536216917106,55028.003864457736,31799.85798243649,109522.27909886921,110050.63227121042,217637.94442971412,753.0658180813422,77.57928324380487,43.92705190358353,74.97115994076985,52.29225999815672,110.7007628823791,140.69055907646484,252.90474103618396,138707.922582515,10961.557699066856,9668.780856560974,14174.192188711999,11519.70848342433,20221.359576536714,24058.703666092973,48103.62011212108,610737.2049888575,26066.162807484405,39128.03199932088,56588.72945067471,41485.216870592434,103657.94153332354,115304.92876248398,228506.1935649774,1103.5765817185613,79.42808170446168,75.63742907187128,85.02246451999781,83.03656336011049,172.508701510675,236.75706801093753,371.18627354050653,67743.8066384153,4150.516303056017,5816.508114737574,5208.795150924227,7451.261915794013,7888.695890899447,10501.253954923226,26726.77530808083,283958.7424821629,10495.156354316801,22695.128979627592,21643.377313280995,26595.32735785335,38606.02992864017,46616.71951069963,117307.0030377443,1710.2214080315655,36.60517679903564,144.3342763797272,63.44554684755545,138.01179761374814,288.70090659216294,471.3038445790038,567.8198592203322,80987.367339727,11472.516088167195,5712.504085403339,10287.257824327546,9595.702896107232,5411.621145171167,9080.831958642219,29426.933341908283,351706.29545132606,27412.6253988988,24456.020192230513,44295.79788186246,40989.60441081295,25966.559186057184,41678.39215670228,146907.2962247625,991.3444663202753,56.71171673004761,52.40417784898603,56.915758254896474,81.27270128971868,277.0143376607178,163.19773787653804,303.82803665937,266856.8717614227,43788.913773068634,12579.389225830848,38512.31151509385,17062.749498738758,33335.08249387915,35803.46031277883,85774.96494203206,1190661.1515817957,94703.0221489824,59917.29795015207,148630.19672297407,65315.64639404743,192645.07174291674,198070.4391762887,431379.47744643246,883.0930347056863,136.5239053512085,41.21873785678482,122.7880357398943,57.16919508995365,107.8160770838684,136.76662562830802,280.8104579556659
2140.0,121618.89471361176,13867.74859695944,7107.396811983805,13090.837685422352,8130.712022439506,18558.23078132151,19748.3748384929,41115.59397699187,592307.9132302818,32796.91607790321,34732.62199959031,55200.80610958684,31877.212887849513,110450.21765055029,110400.97408979361,216849.16441500754,751.2894798210201,77.55531907513435,43.77559214806747,74.88676022390445,52.18463046685487,110.64209964121099,140.2614602052277,251.98361806061968,139464.41657350736,10995.233855635654,9722.316894768097,14244.18762727258,11579.47252830308,20407.852453846994,24210.267897035486,48305.08531664558,613351.156008025,26104.1742415456,39340.52965484135,56826.70642139265,41690.73968618032,104691.85208676307,116023.53807994393,228673.6158373585,1102.6394895950461,79.43114047620239,75.56552995577383,84.98273561296486,82.9973426792877,172.57646868335573,236.50092206819457,370.58535011926824,67992.36660590768,4149.272547186394,5836.684263796745,5218.996234005095,7481.466872172852,7951.46500671954,10550.363302299878,26804.11837972719,284414.9201235897,10421.416502987198,22789.59827667467,21622.270221686565,26702.8160767134,38952.3378166867,46831.17730979891,117095.30391904229,1711.0241761642665,36.53397747899476,144.43693271970668,63.394466885311786,138.1354242126831,289.0587384984742,471.65506335297243,567.8095730161236,81253.70663816736,11512.886434647078,5733.5479962528025,10325.417904265532,9640.818084184917,5450.605186302435,9113.404190053427,29477.02684246125,351823.9712937419,27444.87093875921,24532.884725124302,44397.67142510856,41178.810454576305,26178.946406554784,41760.07034461701,146330.71699900107,990.3316124838381,56.65988179656371,52.28873962476886,56.813004677478474,81.24233084742731,277.3405937270691,162.8252168687775,303.1618449417537,268375.5281389344,44098.23023246319,12630.542865153166,38789.55624381877,17148.650316129773,33612.588027159065,35974.4259571072,86121.53449710351,1196175.6719884102,95355.54580092961,60205.74092355329,149685.13906519802,65614.05958688709,194442.09823344433,199090.6620715421,431782.4263068578,881.6352695330296,136.63787649687495,41.07394053816795,122.80953780412538,57.06372774123837,107.75851456444703,136.34613066273815,279.94554172544065
2141.0,122059.28461449881,13919.521014796612,7127.544249123937,13145.04659329137,8157.790685811736,18690.789617672515,19819.861671019728,41198.73078278286,593199.6723365635,32867.84428356035,34826.12301921912,55370.728317297006,31953.278544838955,111362.69055970332,110745.47687806703,216073.5307338803,749.6907753867252,77.53375132333069,43.639278368103014,74.8108004787252,52.08776388868312,110.58930272415952,139.87527122111416,251.15460738261206,140216.96199541204,11028.318145165083,9775.583989795761,14313.464875422069,11638.692980400445,20590.668687578964,24361.141588775838,48509.09172827361,615921.5411768757,26141.55215170577,39549.48568276978,57060.71710926543,41892.83712150833,105708.5307976454,116730.17057544626,228838.24773853456,1101.7961066838866,79.43389337076906,75.50082075128635,84.9469795966354,82.96204406654724,172.63745913876838,236.27039071972595,370.04451904015434,68236.5372139169,4148.701015584602,5856.176613264211,5229.578373389736,7510.745205848017,8012.482095773742,10598.056312338655,26880.79759771772,284863.49480432615,10348.905649179764,22882.493085437683,21601.514914952073,26808.51331692578,39292.87390659908,47042.06081224658,116887.13311898515,1711.7466674836942,36.469898090957955,144.5293234256884,63.348494919292484,138.24668815172453,289.38078721415394,471.97116024954397,567.8003154323347,81529.23131697229,11553.374251322648,5755.325923302512,10364.281544370164,9685.800304758615,5488.533414512,9147.273687455485,29534.642191251027,351939.68587211566,27476.579052955265,24608.468182469904,44497.84707596738,41364.863064276935,26387.793840044098,41840.3872293999,145763.7474270027,989.4200440310484,56.61323035642823,52.184845222973266,56.7205264578023,81.21499744936521,277.6342241867852,162.48994796179284,302.5622723958995,269897.6719571255,44399.75138318014,12683.907697835797,39061.571254919974,17235.46813423349,33886.591403392646,36150.22461260727,86480.15747095634,1201598.2837215816,95997.19405867768,60489.37651406448,150722.4990350509,65907.49922651281,196209.17428246338,200093.8812518747,432178.6593529423,880.3232808776439,136.74045052797493,40.94362295141279,122.82888966193335,56.96880712739472,107.70670829696782,135.96768519372506,279.16711711823626
2142.0,122513.3263556295,13970.750964375096,7149.190343686293,13199.39759864963,8185.738551567548,18821.769200826137,19894.680002247787,41291.79969427693,594076.3168817261,32937.57031624028,34918.039275803356,55537.77048758842,32028.054953404866,112259.69782632827,111084.14063603079,215311.04338633062,748.2697047784682,77.51457998839416,43.51811056369017,74.74328070523278,52.00166026364167,110.54237213122504,139.5319921241244,250.41770900216036,140965.78641231277,11060.810338791942,9828.600989876335,14382.035511831002,11697.37997007385,20769.78314027471,24511.38985849566,48715.786602969376,618448.3604954041,26178.296537964947,39754.90008310625,57290.76151429289,42091.50917657661,106707.97766597026,117424.82624899092,229000.0892685031,1101.0464329850738,79.43634038816164,75.44330145840863,84.91519647100911,82.93066752188909,172.69167287691292,236.06547396553157,369.5637803031638,68476.29168804742,4148.806410525584,5874.98069058802,5240.551808065205,7539.08947613447,8071.724269353546,10644.322398369042,26956.81663501156,285304.4665243712,10277.62379289448,22973.813405916546,21581.11139307742,26912.419078490522,39627.63819837736,47249.37001804262,116682.49063757295,1712.3888819898586,36.41293863492523,144.61144849767183,63.30763094949759,138.34558943087254,289.6670527392027,472.252135268719,567.7920864689684,81814.30010888378,11593.99549472528,5777.871230679973,10403.882888751139,9730.661893663246,5525.394165876469,9182.497478867452,29599.996956320174,352053.439186451,27507.749741486965,24682.770564267234,44596.32483443871,41547.76223991485,26593.101486525127,41919.34281105083,145206.38750876713,988.6097609618969,56.57176240964108,52.09249464359956,56.638323595867995,81.19070109553226,277.8952290398665,162.19193115558437,302.0293190218065,271424.31627307396,44693.39998693403,12739.597078091712,39328.336332909836,17323.27825529478,34157.1424950679,36331.1531674345,86851.40895734163,1206928.9867813175,96627.96692222662,60768.20472168561,151742.27663253376,66195.96531292448,197946.299889973,201080.09671728616,432568.17658468627,879.1570687395246,136.83162744450803,40.827785096519264,122.84609131331828,56.88443324842253,107.66065828143071,135.63128922126893,278.4751841340558
2143.0,122981.52622508603,14021.444302843263,7172.383792038973,13253.914575668074,8214.584673162839,18951.193046188902,19972.960188354253,41395.04564682993,594937.8468657647,33006.09417594298,35008.370769342924,55701.93262046097,32101.54211354717,113141.23945042532,111416.9653636848,214561.70237235987,747.026267996242,77.4978050703247,43.412088734828984,74.68420090342676,51.92631959173032,110.50130786240719,139.23162291425845,249.77292291926562,141711.1106952342,11092.71021438435,9881.38618888245,14449.910774620666,11755.543329729055,20945.171413813347,24661.075908165287,48925.31286563903,620931.6139636147,26214.407400323085,39956.772855850664,57516.83963647498,42286.75585138512,107690.19269173787,118107.50510057785,229159.14042726628,1100.390468498621,79.43848152838012,75.39297207714061,84.8873862360861,82.90321304531312,172.73910989778918,235.88617180561167,369.14313390829784,68711.60404138717,4149.593295982101,5893.092154761914,5251.926475871892,7566.4924611908655,8129.169311947768,10689.15128509318,27032.179056539568,285737.83528372744,10207.570934131358,23063.55923811127,21561.059656062676,27014.533361407535,39956.63069202152,47453.10492718695,116481.37647480608,1712.9508196827455,36.3630991108966,144.68330793565767,63.27187497592696,138.43212805012703,289.91753507362085,472.4979884104967,567.7848861260244,82109.2611956802,11634.765652076596,5801.216301214811,10444.255077279679,9775.414823915022,5561.17611952904,9219.130915013682,29673.30230665128,352165.2312367443,27538.383004354368,24755.79187051635,44693.104700522556,41727.50798149007,26794.869345997842,41996.93708956989,144658.63724429405,987.9007632763913,56.53547795620241,52.01168788664752,56.56639609167533,81.16944178592837,278.12360828631233,161.93116645015195,301.5629848194749,272956.44434806256,44979.10107715385,12797.721026186384,39589.83185687423,17412.153766786625,34424.28970783504,36517.49977773967,87235.84713548695,1212167.781167607,97247.86439157653,61042.225546416674,152744.47185764599,66479.45784612224,199653.47505597438,202049.30846777698,432950.9780020908,878.1366331186676,136.91140724647465,40.72642697348745,122.8611427582801,56.81060610432191,107.62036451783571,135.33694274536987,277.8697427728971
2144.0,123464.37516888845,14071.606709860167,7197.171814902543,13308.620675057886,8244.357223645799,19079.083956579318,20054.82863532904,41508.706153513485,595784.2622886774,33073.415862668415,35097.117499838016,55863.21471591481,32173.740025266005,114007.3154319943,111743.95106102905,213825.50769196753,745.9604650400483,77.4834265691223,43.32121288151928,74.63356107330739,51.86174187294924,110.46610991770625,138.9741635915161,249.22024913392653,142453.14902213812,11124.017556541645,9933.957326326941,14517.101561363368,11813.192593820098,21116.80984941103,24810.26102454387,49137.80911013097,623371.3015815057,26249.884738780187,40155.10400100312,57738.9514758118,42478.57714593372,108655.17587494807,118778.2071302072,229315.40121482243,1099.8282132245092,79.44031679142456,75.34983260748209,84.86354889186639,82.87968063681947,172.77977020139767,235.73248423996586,368.7825798555548,68942.44907450571,4151.066097624678,5910.5067963252395,5263.71201350353,7592.947158019513,8184.795681242504,10732.533008585855,27106.888319204438,286163.6010823921,10138.747072890397,23151.730582021908,21541.35970390789,27114.856165676927,40279.85138753163,47653.26553967963,116283.79063068393,1713.4324805623662,36.32037951887208,144.74490173964548,63.241226998580856,138.5063040094878,290.1322342174073,472.70871967487767,567.7787144034966,82414.45220817754,11675.699741288488,5825.392536438803,10485.430245588484,9820.070705711529,5595.868297659444,9257.22766932384,29754.763012166844,352275.06202299864,27568.4788415574,24827.53210121727,44788.1866742189,41904.1002890025,26993.097418462286,42073.17006495702,144120.4966335837,987.2930509745324,56.504376996112015,51.942424952117136,56.50474394522462,81.15121952055365,278.31936192612307,161.70765384549557,301.1632697889046,274495.00964757794,45256.781958982705,12858.386228437914,39846.03880047217,17502.165541410075,34688.079980506314,36709.54386766897,87634.01327009939,1217314.6668804493,97856.88646672721,61311.43898825794,153729.08471038792,66757.97682610594,201330.69978046668,203001.5165033468,433327.0636051544,877.2619740150744,136.9797899338745,40.63954858231732,122.87404399681873,56.7473256950928,107.58582700618292,135.08464576602788,277.35079303476175
2145.0,123962.34879099161,14121.243687595477,7223.600157350043,13363.538324070556,8275.083495656836,19205.464022227756,20140.407798974964,41633.01130511631,596615.563150469,33139.53537641659,35184.2794672885,56021.61677394973,32244.648688561247,114857.92577103524,112065.09772806361,213102.45934515342,745.0722959098854,77.471444484787,43.24548300376133,74.59136121487461,51.807927107298255,110.43677829712223,138.7596141558975,248.7596876461456,143192.10887792511,11154.732156594484,9986.331587362862,14583.61842908222,11870.336998849394,21284.67552762081,24959.004579179353,49353.40959923605,625767.4233490783,26284.728553336317,40349.893518563666,57957.09703230334,42666.973060222605,109602.92721560095,119436.93233787884,229468.87163117193,1099.3596671627556,79.4418461772949,75.31388304943357,84.84368443834978,82.86007029640804,172.81365378773805,235.60441126859433,368.4821181449353,69168.8023754546,4153.229102821668,5927.220537363004,5275.917756507131,7618.446782466421,8238.582508121175,10774.457916294532,27180.947771880685,286581.76392036694,10071.152209171601,23238.32743764842,21522.011536613005,27213.38749129864,40597.30028490754,47849.85185552069,116089.73310520688,1713.8338646287214,36.28477985885161,144.79622990963506,63.21568701745899,138.56811730895552,290.3111501705627,472.8843290618624,567.7735713013935,82730.20022622877,11716.812310963081,5850.430356585845,10527.4395250717,9864.640786431639,5629.460065514003,9296.839737932958,29844.577443729588,352382.9315452131,27598.037253096107,24897.991256369933,44881.570755528,42077.539162452194,27187.785703918442,42148.0417372122,143591.96567663574,986.7866240563117,56.47845952937016,51.88470584000857,56.45336715651574,81.13603429940788,278.48248995929873,161.52139334161532,300.83017393009715,276040.93584130844,45526.3722092781,12921.696037216927,40096.9387319357,17593.38223709432,34948.55878505606,36907.55612936409,88046.43171136273,1222369.6439198444,98455.0331476788,61575.845047208924,154696.11519075945,67031.5222528757,202977.97406345044,203936.72082399586,433696.43339387735,876.5330914287512,137.03677550670776,40.567149923008955,122.88479502893428,56.69459202073514,107.55704574647211,134.87439828324278,276.9183349196488
2146.0,124475.90735329027,14170.360560729561,7251.713088806982,13418.689226497821,8306.789901428594,19330.354620776558,20229.816184907548,41768.1837701434,597431.7494511356,33204.45271718757,35269.85667169451,56177.13879456598,32314.268103432943,115693.0704675482,112380.40536478852,212392.557331918,744.3617606057542,77.46185881731867,43.18489910155487,74.55760132812816,51.76487529477753,110.41331300065485,138.58797460740266,248.391238455919,143928.1910544352,11184.853812604746,10038.525602783513,14649.471594251192,11926.985483367598,21448.746268332838,25107.36402840841,49572.244264686946,628119.97926633,26318.938843991367,40541.14140853205,58171.2763059496,42851.94359425165,110533.44671369654,120083.68072359286,229619.55167631595,1098.9848303133504,79.44306968599118,75.2851234029947,84.82779287553673,82.84438202407905,172.84076065681037,235.50195289149713,368.2417487764407,69390.64031976784,4156.086460639193,5943.229431505868,5288.552739283072,7642.984769221267,8290.509596664537,10814.916667039326,27254.3606554146,286992.32379765133,10004.786342974963,23323.349804990838,21503.015154178007,27310.127338272698,40908.977384149446,48042.8638747101,115899.20389837495,1714.154971881799,36.25630013083527,144.83729244562699,63.19525503256156,138.61756794852928,290.45428293308714,473.02481657144955,567.7694568197104,83056.82177872359,11758.117440392782,5876.359200591975,10570.313042884984,9909.135950635566,5661.941131395611,9338.017439681355,29942.937573141593,352488.8398033864,27627.05823897046,24967.1693359744,44973.256944449495,42247.824601839246,27378.93420236629,42221.552106335526,143073.04437345106,986.3814825217406,56.45772555597655,51.83853055032165,56.412265725548515,81.12388612249143,278.6129923858391,161.37238493851106,300.5636972430505,277595.1168031479,45787.80367661165,12987.75047094659,40342.51381406997,17685.870296996607,35205.77012662085,37111.79852296213,88473.60989493906,1227332.7122858032,99042.30443443131,61835.443723270146,155645.56329876053,67300.09412643143,204595.29790492522,204854.92142972385,434059.0873682599,875.9499853596888,137.08236396497443,40.509230995562184,122.89339585462662,56.65240508124912,107.53402073870355,134.70620029701476,276.57236842755805
2147.0,125005.49577561408,14218.96247645344,7281.553403051412,13474.094362671705,8339.501972786,19453.776417279998,20323.16834855523,41914.438794816364,598232.8211906784,33268.167884981274,35353.849113055956,56329.780777763175,32382.598269881113,116512.74952153307,112689.8739712036,211695.80165226076,743.8288591276587,77.45466956671753,43.139461174900035,74.53228141306867,51.73258643538696,110.3957140283045,138.45924494603145,248.11490156324976,144661.5896504468,11214.38232936561,10090.555449022408,14714.670932795116,11983.146687973702,21609.0006307742,25255.39491335653,49794.43870715896,630428.9693332613,26352.515610745446,40728.84767090844,58381.489296750515,43033.48874802092,111446.7343692349,120718.45228734918,229767.4413502528,1098.703702676293,79.44398731751345,75.26355366816547,84.81587420342693,82.8326158198322,172.86109080861456,235.42510910867426,368.06147175006896,69607.94007046183,4159.642181841188,5958.529663930132,5301.625695085019,7666.554771817411,8340.557424150602,10853.900231013042,27327.130102624276,287395.2807142438,9939.649474300479,23406.797684049103,21484.370556602928,27405.075706599084,41214.882685257115,48232.30159724782,115712.20301018801,1714.3958023216103,36.234940334822994,144.86808934762075,63.179931043888466,138.65465592820988,290.56163250498025,473.1301822036402,567.7663709584465,83394.62284358928,11799.628739560243,5903.207526095348,10614.079921945431,9953.566720064875,5693.301546663735,9380.809416114678,30050.028973145047,352592.78679752006,27655.541799180468,25035.066340030557,45063.24524098369,42414.95660716354,27566.54291380584,42293.70117232689,142563.7327240286,986.077626370807,56.44217507593137,51.8038990830565,56.38143965232314,81.11477498980412,278.71086920574487,161.26062863618282,300.36383972776576,279158.4166111927,46041.01048126946,13056.64621410269,40582.74680425362,17779.693949502234,35459.75654349937,37322.524276595665,88916.03834196896,1232203.8719783153,99618.70032698463,62090.23501644109,156577.4290343914,67563.69244677312,206182.67130489112,205756.118320531,434415.0255283018,875.5126558078945,137.1165553086743,40.46579179997709,122.89984647389605,56.620764876634496,107.51675198287725,134.58005180734375,276.31289355849043
2148.0,125551.54363572963,14267.05440446874,7313.162418213788,13529.773989464524,8373.24436114618,19575.749364204214,20420.574895159207,42071.98420307321,599018.7783690981,33330.680879797765,35436.25679137275,56479.542723541665,32449.63918790569,117316.96293298998,112993.50354730901,211012.19230618217,743.4735914755933,77.4498767329834,43.10916922379682,74.51540146969559,51.711060529126584,110.38398138007078,138.37342517178402,247.93067696813773,145392.49207167578,11243.317518401507,10142.436648153243,14779.225980089703,12038.828955315017,21765.41791350895,25403.15085993797,50020.11419626951,632694.3935498738,26385.45885359848,40913.01230569288,58587.736004706145,43211.60852153038,112342.7901822158,121341.24702914785,229912.54065298365,1098.5162842515922,79.44459907186155,75.24917384494601,84.8079284220202,82.82477168366762,172.87464424315064,235.37387992012566,367.9412870658215,69820.6795780345,4163.900138889371,5973.117551357718,5315.145056019993,7689.150662631897,8388.707141054729,10891.399889781122,27399.259138299567,287790.63467014726,9875.74160314816,23488.671074823247,21466.077743887752,27498.232596277772,41515.016188230824,48418.16502313391,115528.73044064609,1714.5563559481507,36.22070047081483,144.88862061561684,63.16971505143973,138.67938124799693,290.63319888624255,473.2004259584335,567.7643137176045,83743.89884778926,11841.359349138347,5931.002809436269,10658.76828093165,9997.943253642412,5723.531705734402,9425.262631483889,30166.030817422292,352694.77252761344,27683.48793372617,25101.682268538552,45151.53564513032,42578.93517842507,27750.61183823711,42364.488935186375,142064.0307283687,985.8750556035209,56.431808089234615,51.780811438213014,56.360888936839515,81.10870090134583,278.77612041901483,161.18612443463067,300.2306013842422,280731.6695477425,46285.92901525168,13128.476617213508,40817.621054438154,17874.915208224713,35710.55910715214,37539.977886392546,89374.19065906994,1236983.1229973848,100184.22082533893,62340.21892672211,157491.7123976518,67822.31721390085,207740.09426334852,206640.31149641733,434764.2478740036,875.2211027733651,137.13934953780765,40.43683233625368,122.90414688674223,56.59967140689147,107.50523947899289,134.49595281422975,276.13991031244507
2149.0,126114.46516934167,14314.641136987806,7346.579976777101,13585.747640288866,8408.04083751854,19696.292701427297,20522.142479773516,42241.02039656852,599789.6209863956,33391.991701637,35517.07970664506,56626.42463190137,32515.39085750675,118105.71070191891,113291.29409310468,210341.72929368188,743.2959576495621,77.44748031611633,43.094023248245236,74.50696149800896,51.700297575996395,110.37811505595397,138.33051528466032,247.83856467058087,146121.07903077945,11271.659197968163,10194.184167890011,14843.145930961593,12094.040330087151,21917.978154438253,25550.683578855744,50249.38767057836,634916.2519161688,26417.768572550503,41093.63531288528,58790.01642981642,43386.30291478006,113221.61415263942,121952.06494898876,230054.84958450825,1098.422575039242,79.44490494903565,75.24198393333626,84.80395553131699,82.82084961558532,172.8814209604187,235.34826532585143,367.88119472369766,70028.83758046645,4168.86406594327,5986.9895420562325,5329.118953048282,7710.766532885415,8434.940571049587,10927.407236281673,27470.750679202087,288178.38566536043,9813.062729518,23568.969977313278,21448.136716032473,27589.598007308814,41809.37789307033,48600.454152368286,115348.78618974928,1714.6366327614196,36.21358053881073,144.89888624961472,63.164607055215356,138.69174390789033,290.66898207687376,473.2355478358307,567.7632850971842,84104.93466732459,11883.32194049025,5959.771545657178,10704.405234283728,10042.275347472365,5752.622346080198,9471.42237274531,30291.115880595502,352794.7969936653,27710.896642607502,25167.01712149829,45238.128156889565,42739.76031562394,27931.140975660073,42433.91539491393,141573.93838647194,985.7737702198772,56.42662459588623,51.76926761579132,56.35061357909775,81.1056638571167,278.80874602565,161.14887233385465,300.1639822124805,282315.6800993037,46522.497942273025,13203.331696859945,41047.12051114827,17971.593872005527,35958.217422202215,37764.39511647625,89848.52353833792,1241670.4653430085,100738.865929494,62585.39545411318,158388.41338854175,68075.96842781463,209267.56678029694,207507.50095738276,435106.7544053656,875.0753262560978,137.15074665237427,40.42235260439205,122.90629709316539,56.589124672019956,107.49948322705077,134.4539033176727,276.0534186894226
2150.0,126694.65927008975,14361.727288733577,7381.844445576809,13642.034125097527,8443.9142925047,19815.424956239283,20627.973807264956,42421.74035467293,600545.3490425688,33452.100350499,35596.317858872804,56770.426502842245,32579.85327868425,118878.9928283198,113583.24560859065,209684.41261476013,743.2959576495621,77.44748031611633,43.094023248245236,74.50696149800896,51.700297575996395,110.37811505595397,138.33051528466032,247.83856467058087,146847.524547351,11299.407193052564,10245.812421586896,14906.439639688144,12148.788559034036,22066.6621308002,25698.042865601696,50482.37173758723,637094.5444321427,26449.4447676015,41270.716692485665,58988.33057208145,43557.57192776994,114083.20628050572,122550.90604687207,230194.36814482638,1098.422575039242,79.44490494903565,75.24198393333626,84.80395553131699,82.82084961558532,172.8814209604187,235.34826532585143,367.88119472369766,70232.39360322105,4174.5375588601955,6000.142215838896,5343.555215983561,7731.396692642362,8479.240211005124,10961.91417482547,27541.60753406527,288558.53369988286,9751.61285341,23647.694391519195,21430.547473037106,27679.17193969219,42097.96779977574,48779.16898495105,115172.3702574975,1714.6366327614196,36.21358053881073,144.89888624961472,63.164607055215356,138.69174390789033,290.66898207687376,473.2355478358307,567.7632850971842,84478.00462723311,11925.528715669352,5989.539248502611,10751.016892203208,10086.572434840256,5780.564548230326,9519.332249560537,30425.450538226753,352892.86019567767,27737.7679258245,25231.0708989098,45323.022776261394,42897.43201876007,28108.130326074745,42501.98055150958,141093.45569833764,985.7737702198772,56.42662459588623,51.76926761579132,56.35061357909775,81.1056638571167,278.80874602565,161.14887233385465,300.1639822124805,283911.2229565815,46750.65819776216,13281.29813567541,41271.22971548184,18069.78752491428,36202.76962643452,37996.002998965516,90339.47675734709,1246265.89901519,101282.63563945,62825.76459861419,159267.53200706132,68324.64608851438,210765.08885573657,208357.68670342726,435442.5451223866,875.0753262560978,137.15074665237427,40.42235260439205,122.90629709316539,56.589124672019956,107.49948322705077,134.4539033176727,276.0534186894226
2151.0,127263.24948882379,14407.871717444441,7416.403625000508,13697.194880210045,8479.070278391137,19932.17456595505,20731.688508206586,42598.84591361539,601285.9625376177,33511.00682638376,35673.97124805599,56911.54833636425,32643.026451438196,119636.8093121926,113869.35809376692,209040.24226941672,743.2959576495621,77.44748031611633,43.094023248245236,74.50696149800896,51.700297575996395,110.37811505595397,138.33051528466032,247.83856467058087,147559.441153591,11326.600228235277,10296.408110209797,14968.467474240206,12202.441823401972,22212.37242763483,25842.454966612706,50710.6961232559,639229.2710977958,26480.487438751483,41444.25644449404,59182.67843150122,43725.41556050001,114927.56656581469,123137.77032279779,230331.09633393804,1098.422575039242,79.44490494903565,75.24198393333626,84.80395553131699,82.82084961558532,172.8814209604187,235.34826532585143,367.88119472369766,70431.87850552013,4180.097581918782,6013.031836145905,5357.702753660132,7751.614249204181,8522.65385816155,10995.730974598375,27611.04725183137,288931.0787737141,9691.39197482416,23724.844317441006,21413.310014901665,27766.954393427895,42380.785908347054,48954.3095208822,114999.48264389066,1714.6366327614196,36.21358053881073,144.89888624961472,63.164607055215356,138.69174390789033,290.66898207687376,473.2355478358307,567.7632850971842,84843.61318794338,11966.891355344878,6018.711597291143,10796.696316964293,10129.98358046082,5807.9479063374465,9566.283928839468,30557.09850270523,352988.96213365113,27764.10178337717,25293.843600773092,45406.219503245775,43051.95028783344,28281.579889481134,42568.68440497331,140622.5826639659,985.7737702198772,56.42662459588623,51.76926761579132,56.35061357909775,81.1056638571167,278.80874602565,161.14887233385465,300.1639822124805,285474.8549567136,46974.25524814152,13357.705245714567,41490.85673572891,18166.01730476488,36442.430786582125,38222.97872380502,90820.61091197623,1250769.424013929,101815.52995520693,63061.3263602251,160129.06825321054,68568.3501960001,212232.66048966747,209190.86873455087,435771.62002506654,875.0753262560978,137.15074665237427,40.42235260439205,122.90629709316539,56.589124672019956,107.49948322705077,134.4539033176727,276.0534186894226
2152.0,127820.2358255415,14453.07442312039,7450.257515048221,13751.229905626375,8513.508795177859,20046.541530574545,20833.28658259838,42772.33707339582,602011.4614715442,33568.711129291274,35750.03987419469,57049.79013246751,32704.9103757686,120379.16015353745,114149.63154863345,208409.21825765175,743.2959576495621,77.44748031611633,43.094023248245236,74.50696149800896,51.700297575996395,110.37811505595397,138.33051528466032,247.83856467058087,148256.82884949938,11353.238303516278,10345.971233758783,15029.229434617713,12255.000123190994,22355.109044942277,25983.919881888785,50934.360827584365,641320.4319131315,26510.896586000446,41614.25456891043,59373.06000807563,43889.8338129703,115754.69500856638,123712.65777676574,230465.0341518434,1098.422575039242,79.44490494903565,75.24198393333626,84.80395553131699,82.82084961558532,172.8814209604187,235.34826532585143,367.88119472369766,70627.29228736435,4185.544135119029,6025.658402977258,5371.561566077998,7771.419202570847,8565.181512518864,11028.857635600427,27679.069832500096,289296.0208868554,9632.40009376048,23800.419755078696,21396.424341626112,27852.945368515953,42657.83221878419,49125.87576016163,114830.12334892894,1714.6366327614196,36.21358053881073,144.89888624961472,63.164607055215356,138.69174390789033,290.66898207687376,473.2355478358307,567.7632850971842,85201.76034945536,12007.409859516827,6047.28859202276,10841.443508566985,10172.508784334,5834.772420401561,9612.277410582088,30686.0597740312,353083.1028075826,27789.898215265468,25355.335227088115,45487.718337842765,43203.315122844164,28451.489665879213,42634.02695530512,140161.31928335718,985.7737702198772,56.42662459588623,51.76926761579132,56.35061357909775,81.1056638571167,278.80874602565,161.14887233385465,300.1639822124805,287006.57609969965,47193.28909341111,13432.553026977423,41706.00157188905,18260.283211557275,36677.200902645105,38445.32229099472,91291.9260022251,1255181.0403392236,102337.54887676463,63292.08073894609,160973.02212698938,68807.08075027187,213670.28168208938,210007.04705075358,436093.97911340673,875.0753262560978,137.15074665237427,40.42235260439205,122.90629709316539,56.589124672019956,107.49948322705077,134.4539033176727,276.0534186894226
2153.0,128365.61828024527,14497.335405761427,7483.406115719957,13804.139201346528,8547.22984286485,20158.52585009782,20932.76803044034,42942.21383401406,602721.8458443476,33625.213259221564,35824.52373728873,57185.151891152025,32765.505051675453,121106.04535235433,114424.0659731903,207791.3405794654,743.2959576495621,77.44748031611633,43.094023248245236,74.50696149800896,51.700297575996395,110.37811505595397,138.33051528466032,247.83856467058087,148939.6876350767,11379.32141889561,10394.501792233848,15088.725520820712,12306.46345840106,22494.871982722478,26122.437611429974,51153.365850572554,643368.0268781476,26540.67220934837,41780.711065734824,59559.47530180477,44050.82668518077,116564.59160876062,124275.56840877607,230596.1815985429,1098.422575039242,79.44490494903565,75.24198393333626,84.80395553131699,82.82084961558532,172.8814209604187,235.34826532585143,367.88119472369766,70818.63494875353,4190.877218460939,6038.0219163329675,5385.13165323716,7790.811552742381,8606.823174077073,11061.294157831595,27745.67527607149,289653.36003930744,9574.637210218967,23874.42070443227,21379.890453210468,27937.144864956328,42929.106731087384,49293.86770278943,114664.29237261233,1714.6366327614196,36.21358053881073,144.89888624961472,63.164607055215356,138.69174390789033,290.66898207687376,473.2355478358307,567.7632850971842,85552.4461117693,12047.08422818518,6075.270232697467,10885.25846701132,10214.148046459833,5861.038090422674,9657.312694788403,30812.3343522045,353175.28221747384,27815.157221489462,25415.545777854986,45567.5192800522,43351.52652379213,28617.859655269014,42698.00820250506,139709.66555651106,985.7737702198772,56.42662459588623,51.76926761579132,56.35061357909775,81.1056638571167,278.80874602565,161.14887233385465,300.1639822124805,288506.3863855417,47407.75973357088,13505.841479463963,41916.664223962645,18352.585245291542,36907.079974623484,38663.03370053465,91753.42202809367,1259500.7479910732,102848.6924041233,63518.02773477717,161799.3936283976,69040.83775132967,215077.95243300282,210806.22165203543,436409.6223874068,875.0753262560978,137.15074665237427,40.42235260439205,122.90629709316539,56.589124672019956,107.49948322705077,134.4539033176727,276.0534186894226
2154.0,128899.39685293367,14540.654665367563,7515.849427015678,13855.9227673705,8580.233421452125,20268.127524524854,21030.1328517325,43108.476195470386,603417.1156560273,33680.51321617459,35897.42283733823,57317.633612417514,32824.810479158754,121817.46490864312,114692.66136743734,207186.60923485723,743.2959576495621,77.44748031611633,43.094023248245236,74.50696149800896,51.700297575996395,110.37811505595397,138.33051528466032,247.83856467058087,149608.01751032213,11404.84957437326,10441.999785634973,15146.95573284915,12356.831829032195,22631.66124097543,26258.008155236235,51367.71119222081,645372.0559928446,26569.814308795314,41943.62593496723,59741.92431268854,44208.39417713148,117357.25636639763,124826.50221882868,230724.53867403505,1098.422575039242,79.44490494903565,75.24198393333626,84.80395553131699,82.82084961558532,172.8814209604187,235.34826532585143,367.88119472369766,71005.9064896877,4196.096831944506,6050.122376213015,5398.413015137615,7809.791299718773,8647.578842836165,11093.040541291894,27810.863582545724,290003.09623106767,9518.103324199605,23946.847165501687,21363.708349654746,28019.552882749012,43194.60944525629,49458.28534876556,114501.98971494062,1714.6366327614196,36.21358053881073,144.89888624961472,63.164607055215356,138.69174390789033,290.66898207687376,473.2355478358307,567.7632850971842,85895.67047488512,12085.914461349978,6102.656519315268,10928.14119229725,10254.901366838296,5886.744916400784,9701.389781458418,30935.92223722512,353265.50036332564,27839.87880204911,25474.47525307355,45645.62232987433,43496.58449067732,28780.689857650523,42760.62814657303,139267.62148342727,985.7737702198772,56.42662459588623,51.76926761579132,56.35061357909775,81.1056638571167,278.80874602565,161.14887233385465,300.1639822124805,289974.28581423627,47617.66716862092,13577.57060317418,42122.84469194962,18442.9234059676,37132.06800251718,38876.11295242481,92205.09898958214,1263728.5469694792,103348.96053728281,63739.167347717914,162608.18275743583,69269.62119917345,216455.67274240736,211588.39253839644,436718.5498470662,875.0753262560978,137.15074665237427,40.42235260439205,122.90629709316539,56.589124672019956,107.49948322705077,134.4539033176727,276.0534186894226
2155.0,129421.57154360699,14583.03220193875,7547.5874489354155,13906.580603698334,8612.519530939671,20375.34655385563,21125.381046474795,43271.12415776436,604097.2709065827,33734.61100015041,35968.73717434325,57447.23529626433,32882.8266582185,122513.41882240392,114955.41773137469,206595.0242238277,743.2959576495621,77.44748031611633,43.094023248245236,74.50696149800896,51.700297575996395,110.37811505595397,138.33051528466032,247.83856467058087,150261.81847523627,11429.822769949225,10488.465213962156,15203.920070703074,12406.10523508439,22765.47681970114,26390.63151330757,51577.3968525289,647332.5192572201,26598.32288434119,42102.99917660745,59920.407040727056,44362.53628882234,118132.68928147733,125365.45920692367,230850.1053783218,1098.422575039242,79.44490494903565,75.24198393333626,84.80395553131699,82.82084961558532,172.8814209604187,235.34826532585143,367.88119472369766,71189.10691016674,4201.202975569742,6061.959782617409,5411.405651779363,7828.3584435000275,8687.448518796147,11124.0967859813,27874.63475192263,290345.2294621375,9462.798435702398,24017.69913828702,21347.8780309589,28100.169421894054,43454.34036129124,49619.128698090026,114343.21537591402,1714.6366327614196,36.21358053881073,144.89888624961472,63.164607055215356,138.69174390789033,290.66898207687376,473.2355478358307,567.7632850971842,86231.43343880278,12123.900559011157,6129.447451876163,10970.091684424779,10294.768745469413,5911.892898335886,9744.508670592133,31056.823429093158,353353.7572451361,27864.0629569444,25532.123652743903,45722.02748730888,43638.48902349987,28939.980273023706,42821.88678750914,138835.1870641067,985.7737702198772,56.42662459588623,51.76926761579132,56.35061357909775,81.1056638571167,278.80874602565,161.14887233385465,300.1639822124805,291410.2743857861,47823.01139856113,13647.740398108097,42324.542975849894,18531.297693585482,37352.16498632625,39084.560046665145,92646.95688669044,1267864.437274445,103838.35327624322,63955.49957776895,163399.3895141034,69493.43109380318,217803.44261030285,212353.55970983644,437020.76149238535,875.0753262560978,137.15074665237427,40.42235260439205,122.90629709316539,56.589124672019956,107.49948322705077,134.4539033176727,276.0534186894226
2156.0,129932.1423522656,14624.468015475051,7578.620181479149,13956.112710329957,8644.088171327488,20480.182938090205,21218.51261466727,43430.15772089643,604762.3115960158,33787.50661114898,36038.46674830363,57573.95694269222,32939.55358885467,123193.90709363669,115212.33506500238,206016.58554637642,743.2959576495621,77.44748031611633,43.094023248245236,74.50696149800896,51.700297575996395,110.37811505595397,138.33051528466032,247.83856467058087,150901.0905298191,11454.241005623486,10533.898077215414,15259.618534382456,12454.283676557645,22896.318718899638,26520.307685644002,51782.42283149654,649249.416671277,26626.197935986085,42258.83079065584,60094.923485920284,44513.253020253505,118890.89035399973,125892.43937306094,230972.88171140195,1098.422575039242,79.44490494903565,75.24198393333626,84.80395553131699,82.82084961558532,172.8814209604187,235.34826532585143,367.88119472369766,71368.23621019063,4206.195649336637,6073.534135546153,5424.109563162411,7846.512984086137,8726.43220195702,11154.462891899839,27936.988784202225,290679.7597325174,9408.72254472736,24086.976622788225,21332.399497122966,28178.99448239141,43708.299479191985,49776.39775076287,114187.96935553258,1714.6366327614196,36.21358053881073,144.89888624961472,63.164607055215356,138.69174390789033,290.66898207687376,473.2355478358307,567.7632850971842,86559.73500352216,12161.042521168778,6155.64303038014,11011.109943393918,10333.75018235316,5936.482036228001,9786.669362189534,31175.037927808633,353440.0528629069,27887.70968617537,25588.49097686601,45796.73475235616,43777.24012225967,29095.73090138862,42881.7841253133,138412.36229854848,985.7737702198772,56.42662459588623,51.76926761579132,56.35061357909775,81.1056638571167,278.80874602565,161.14887233385465,300.1639822124805,292814.352100191,48023.792423391584,13716.350864265722,42521.75907566346,18617.708108145187,37567.37092605069,39288.374983255715,93078.99571941832,1271908.4189059662,104316.8706210045,64167.02442492966,164173.01389840076,69712.267435219,219121.2620366899,213101.72316635563,437316.2573233639,875.0753262560978,137.15074665237427,40.42235260439205,122.90629709316539,56.589124672019956,107.49948322705077,134.4539033176727,276.0534186894226
2157.0,130431.1092789092,14664.962105976429,7608.947624646903,14004.51908726543,8674.939342615597,20582.6366772285,21309.527556309917,43585.576884866336,605412.2377243236,33839.20004917028,36106.61155921954,57697.7985517014,32994.99127106736,123858.9297223414,115463.41336832028,205451.29320250373,743.2959576495621,77.44748031611633,43.094023248245236,74.50696149800896,51.700297575996395,110.37811505595397,138.33051528466032,247.83856467058087,151525.8336740706,11478.104281396065,10578.298375394721,15314.051123887317,12501.367153451969,23024.186938570878,26647.0366722455,51982.789129124256,651122.7482350147,26653.43946372995,42411.1207771122,60265.47364826825,44660.54437142473,119631.85958396469,126407.44271724066,231092.86767327494,1098.422575039242,79.44490494903565,75.24198393333626,84.80395553131699,82.82084961558532,172.8814209604187,235.34826532585143,367.88119472369766,71543.29438975935,4211.07485324519,6084.84543499924,5436.5247492867475,7864.25492147713,8764.529892318787,11184.1388590475,27997.92567938466,291006.6870422057,9355.875651274479,24154.679619005332,21317.272748146977,28256.028064241145,43956.48679895859,49930.09250678407,114036.2516537958,1714.6366327614196,36.21358053881073,144.89888624961472,63.164607055215356,138.69174390789033,290.66898207687376,473.2355478358307,567.7632850971842,86880.57516904332,12197.340347822812,6181.243254827225,11051.195969204688,10371.845677489559,5960.512330077097,9827.87185625063,31290.565733371393,353524.38721663854,27910.818989741965,25643.577225439927,45869.744125015925,43912.83778695672,29247.941742745246,42940.32015998553,137999.1471867529,985.7737702198772,56.42662459588623,51.76926761579132,56.35061357909775,81.1056638571167,278.80874602565,161.14887233385465,300.1639822124805,294186.51895745005,48220.01024311225,13783.402001647026,42714.49299139039,18702.154649646734,37777.68582169044,39487.557762196506,93501.2154877664,1275860.4918640407,104784.51257156664,64373.74188920058,164929.05591032762,69926.13022342074,220409.13102156782,213832.88290795387,437605.03734000114,875.0753262560978,137.15074665237427,40.42235260439205,122.90629709316539,56.589124672019956,107.49948322705077,134.4539033176727,276.0534186894226
2158.0,130918.47232353801,14704.51447344288,7638.569778438639,14051.799734504739,8705.07304480397,20682.70777127058,21398.42587140274,43737.38164967415,606047.049291507,33889.69131421435,36173.17160709083,57818.7601232917,33049.139704856454,124508.48670851819,115708.65264132846,204899.14719220958,743.2959576495621,77.44748031611633,43.094023248245236,74.50696149800896,51.700297575996395,110.37811505595397,138.33051528466032,247.83856467058087,152136.0479079909,11501.412597266954,10621.666108500081,15367.217839217625,12547.35566576735,23149.081478714877,26770.81847311209,52178.495745411645,652952.5139484341,26680.04746757277,42559.8691359765,60432.057527770834,44804.41034233621,120355.59697137243,126910.46923946262,231210.06326394266,1098.422575039242,79.44490494903565,75.24198393333626,84.80395553131699,82.82084961558532,172.8814209604187,235.34826532585143,367.88119472369766,71714.28144887289,4215.84058729541,6095.893680976676,5448.651210152382,7881.584255672954,8801.741589881436,11213.12468742429,28057.445437469803,291326.0113912055,9304.257755343762,24220.8081269383,21302.4977840309,28331.27016744316,44198.90232059118,50080.212966153566,113888.0622707044,1714.6366327614196,36.21358053881073,144.89888624961472,63.164607055215356,138.69174390789033,290.66898207687376,473.2355478358307,567.7632850971842,87193.95393536674,12232.794038973261,6206.248125217395,11090.349761857044,10409.055230878603,5983.983779883198,9868.116152775425,31403.40684578156,353606.7603063282,27933.390867644262,25697.382398465616,45941.05560528824,44045.28201759107,29396.61279709357,42997.4948915259,137595.54172871998,985.7737702198772,56.42662459588623,51.76926761579132,56.35061357909775,81.1056638571167,278.80874602565,161.14887233385465,300.1639822124805,295526.7749575633,48411.664857723124,13848.893810252,42902.74472303061,18784.637318090106,37983.10967324557,39682.10838348751,93913.61619173424,1279720.6561486665,105241.27912792965,64575.65197058148,165667.51554988377,70135.01945840857,221667.04956493754,214547.0389346314,437887.1015422993,875.0753262560978,137.15074665237427,40.42235260439205,122.90629709316539,56.589124672019956,107.49948322705077,134.4539033176727,276.0534186894226
2159.0,131394.23148615132,14743.125117874426,7667.486642854411,14097.954652047827,8734.489277892626,20780.396220216426,21485.207559945742,43885.57201531992,606666.7462975718,33938.9804062812,36238.14689191753,57936.84165746328,33101.99889022201,125142.57805216691,115948.052884027,204360.1475154934,743.2959576495621,77.44748031611633,43.094023248245236,74.50696149800896,51.700297575996395,110.37811505595397,138.33051528466032,247.83856467058087,152731.7332315792,11524.165953236157,10664.001276531486,15419.118680373422,12592.249213503783,23271.002339331655,26891.653088243755,52369.54268035887,654738.7138115318,26706.0219475146,42705.07586724891,60594.6751244281,44944.85093298794,121062.1025162227,127401.51893972691,231324.46848340298,1098.422575039242,79.44490494903565,75.24198393333626,84.80395553131699,82.82084961558532,172.8814209604187,235.34826532585143,367.88119472369766,71881.19738753143,4220.492851487286,6106.67887347847,5460.488945759304,7898.500986673651,8838.067294644976,11241.420377030207,28115.548058457665,291637.73277951346,9253.8688569352,24285.362146587122,21288.07460477467,28404.72079199753,44435.546044089555,50226.75912887142,113743.40120625791,1714.6366327614196,36.21358053881073,144.89888624961472,63.164607055215356,138.69174390789033,290.66898207687376,473.2355478358307,567.7632850971842,87499.8713024914,12267.40359462014,6230.657641550656,11128.571321351024,10445.378842520273,6006.896385646302,9907.402251763913,31513.561265039156,353687.1721319794,27955.425319882208,25749.906495943036,46010.66919317305,44174.57281416268,29541.744064433606,43053.30831993431,137201.5459244499,985.7737702198772,56.42662459588623,51.76926761579132,56.35061357909775,81.1056638571167,278.80874602565,161.14887233385465,300.1639822124805,296835.1201005309,48598.75626722421,13912.826290080684,43086.51427058415,18865.156113475292,38183.642480716015,39872.02684712871,94316.19783132157,1283488.9117598578,105687.17029009362,64772.75466907229,166388.39281707047,70338.93514018232,222895.0176667978,215244.19124638778,438162.4499302568,875.0753262560978,137.15074665237427,40.42235260439205,122.90629709316539,56.589124672019956,107.49948322705077,134.4539033176727,276.0534186894226
2160.0,131858.38676675045,14780.794039271046,7695.6982178941735,14142.983839894798,8763.18804188155,20875.702024066024,21569.872621938903,44030.14798180355,607271.3287425097,33987.067325370794,36301.5374136998,58052.04315421591,33153.568827163996,125761.20375328758,116181.61409641575,203834.29417235625,743.2959576495621,77.44748031611633,43.094023248245236,74.50696149800896,51.700297575996395,110.37811505595397,138.33051528466032,247.83856467058087,153312.88964483628,11546.364349303672,10705.303879488994,15469.753647354673,12636.047796661293,23389.949520421153,27009.540517640515,52555.92993396605,656481.347824312,26731.362903555404,42846.74097092915,60753.32643824021,45081.86614337982,121751.37621851575,127880.59181803359,231436.08333165795,1098.422575039242,79.44490494903565,75.24198393333626,84.80395553131699,82.82084961558532,172.8814209604187,235.34826532585143,367.88119472369766,72044.04220573504,4225.031645820823,6117.201012504596,5472.037956107532,7915.005114479214,8873.50700660941,11269.025927865236,28172.23354234824,291941.8512071313,9204.708956048802,24348.341677951896,21274.003210378396,28476.37993790423,44666.41796945403,50369.73099493766,113602.26846045631,1714.6366327614196,36.21358053881073,144.89888624961472,63.164607055215356,138.69174390789033,290.66898207687376,473.2355478358307,567.7632850971842,87798.32727041811,12301.169014763427,6254.471803827,11165.860647686612,10480.816512414602,6029.250147366394,9945.730153216104,31621.028991144078,353765.62269358855,27976.922346455794,25801.149517872273,46078.58488867059,44300.71017667157,29683.335544765356,43107.760445210864,136817.1597739427,985.7737702198772,56.42662459588623,51.76926761579132,56.35061357909775,81.1056638571167,278.80874602565,161.14887233385465,300.1639822124805,298111.55438635335,48781.28447161557,13975.199441133047,43265.80163405103,18943.711035802316,38379.28424410186,40057.31315312015,94708.96040652892,1287165.2586976085,106122.1860580584,64965.04998467308,167091.6877118853,70537.87726874219,224093.03532714958,215924.33984322348,438431.0825038731,875.0753262560978,137.15074665237427,40.42235260439205,122.90629709316539,56.589124672019956,107.49948322705077,134.4539033176727,276.0534186894226
2161.0,132310.93816533373,14817.521237632765,7723.204503557946,14186.887298045544,8791.169336770763,20968.62518281937,21652.42105738223,44171.109549125234,607860.7966263233,34033.95207148316,36363.34317243735,58164.36461354983,33203.84951568245,126364.36381188035,116409.33627849481,203321.58716279714,743.2959576495621,77.44748031611633,43.094023248245236,74.50696149800896,51.700297575996395,110.37811505595397,138.33051528466032,247.83856467058087,153879.51714776218,11568.007785469505,10745.573917372547,15519.122740161394,12678.751415239863,23505.92302198347,27124.480761302315,52737.65750623286,658180.4159867722,26756.07033569518,42984.86444701748,60908.01146920688,45215.45597351194,122423.41807825143,128347.68787438255,231544.9078087059,1098.422575039242,79.44490494903565,75.24198393333626,84.80395553131699,82.82084961558532,172.8814209604187,235.34826532585143,367.88119472369766,72202.81590348331,4229.456970296027,6127.460098055083,5483.298241197041,7931.096639089634,8908.060725774725,11295.941339929399,28227.50188914157,292238.36667405895,9156.778052684567,24409.746721032476,21260.283600841984,28546.247605163266,44891.5180966842,50509.12856435219,113464.66403329992,1714.6366327614196,36.21358053881073,144.89888624961472,63.164607055215356,138.69174390789033,290.66898207687376,473.2355478358307,567.7632850971842,88089.32183914681,12334.090299403137,6277.690612046439,11202.217740863827,10515.368240561567,6051.045065043491,9983.099857131985,31725.81002409638,353842.1119911593,27997.88194736508,25851.111464253238,46144.80269178056,44423.69410511777,29821.387238088806,43160.85126735545,136442.3832771978,985.7737702198772,56.42662459588623,51.76926761579132,56.35061357909775,81.1056638571167,278.80874602565,161.14887233385465,300.1639822124805,299356.07781502866,48959.2494708971,14036.013263409126,43440.606813431266,19020.30208507115,38570.03496340305,40237.9673014618,95091.90391735616,1290749.6969619046,106546.32643182404,65152.53791738387,167777.400234331,70731.84584408796,225261.10254599244,216587.48472513826,438692.9992631499,875.0753262560978,137.15074665237427,40.42235260439205,122.90629709316539,56.589124672019956,107.49948322705077,134.4539033176727,276.0534186894226
2162.0,132751.88568190267,14853.30671295955,7750.005499845728,14229.665026500155,8818.433162560243,21059.165696476495,21732.85286627573,44308.456717284644,608435.1499490163,34079.63464461827,36423.56416813053,58273.80603546486,33252.840955777356,126952.0582279449,116631.21943026416,202822.02648681652,743.2959576495621,77.44748031611633,43.094023248245236,74.50696149800896,51.700297575996395,110.37811505595397,138.33051528466032,247.83856467058087,154431.6157403561,11589.096261733646,10784.811390182173,15567.2259587936,12720.3600692395,23618.92284401852,27236.473819229246,52914.725397159666,659835.918298911,26780.144243933948,43119.44629551378,61058.73021732834,45345.62042338423,123078.22809542986,128802.80710877397,231650.9419145474,1098.422575039242,79.44490494903565,75.24198393333626,84.80395553131699,82.82084961558532,172.8814209604187,235.34826532585143,367.88119472369766,72357.51848077685,4233.7688249128905,6137.456130129904,5494.269801027843,7946.7755605049115,8941.728452140927,11322.166613222678,28281.353098837688,292527.2791802949,9110.076146842479,24469.577275829008,21246.91577616553,28614.32379377465,45110.84642578026,50644.95183711512,113330.58792478856,1714.6366327614196,36.21358053881073,144.89888624961472,63.164607055215356,138.69174390789033,290.66898207687376,473.2355478358307,567.7632850971842,88372.85500867722,12366.167448539252,6300.314066208974,11237.642600882617,10549.034026961175,6072.281138677586,10019.511363511558,31827.904363895996,353916.64002468844,28018.304122609967,25899.79233508597,46209.32260250319,44543.52459950122,29955.899144403946,43212.580786368126,136077.2164342158,985.7737702198772,56.42662459588623,51.76926761579132,56.35061357909775,81.1056638571167,278.80874602565,161.14887233385465,300.1639822124805,300568.69038656127,49132.65126506881,14095.267756908866,43610.9298087248,19094.929261281795,38755.89463861958,40413.98929215366,95465.02836380308,1294242.2265527674,106959.59141139063,65335.218467204584,168445.53038440595,70920.84086621976,226399.2193233265,217233.6258921319,438948.2002080851,875.0753262560978,137.15074665237427,40.42235260439205,122.90629709316539,56.589124672019956,107.49948322705077,134.4539033176727,276.0534186894226
2163.0,133181.22931645616,14888.150465251432,7776.101206757494,14271.317025258573,8844.97951925001,21147.323565037383,21811.168048619416,44442.18948628221,608994.3887105831,34124.11504477616,36482.20040077898,58380.36741996112,33300.5431474487,127524.28700148166,116847.26355172375,202335.61214441445,743.2959576495621,77.44748031611633,43.094023248245236,74.50696149800896,51.700297575996395,110.37811505595397,138.33051528466032,247.83856467058087,154969.18542261916,11609.6297780961,10823.016297917859,15614.063303251269,12760.873758660191,23728.948986526317,27345.519691421236,53087.13360674615,661447.8547607337,26803.58462827168,43250.486516418074,61205.48268260441,45472.35949299675,123715.80627005089,129245.94952120753,231754.18564918314,1098.422575039242,79.44490494903565,75.24198393333626,84.80395553131699,82.82084961558532,172.8814209604187,235.34826532585143,367.88119472369766,72508.14993761512,4237.967209671417,6147.189108729077,5504.952635599951,7962.04187872506,8974.510185708032,11347.701747745097,28333.78717143647,292808.5887258425,9064.603238522566,24527.833342341357,21233.89973634894,28680.60850373833,45324.40295674232,50777.200813226336,113200.04013492221,1714.6366327614196,36.21358053881073,144.89888624961472,63.164607055215356,138.69174390789033,290.66898207687376,473.2355478358307,567.7632850971842,88648.9267790096,12397.400462171796,6322.342166314593,11272.135227743041,10581.813871613425,6092.958368268668,10054.96467235483,31927.312010543134,353989.2067941782,28038.18887219058,25947.192130370502,46272.144620838284,44660.201659821956,30086.87126371082,43262.94900224892,135721.6592449964,985.7737702198772,56.42662459588623,51.76926761579132,56.35061357909775,81.1056638571167,278.80874602565,161.14887233385465,300.1639822124805,301749.39210094616,49301.48985413079,14152.962921632301,43776.770619931674,19167.59256443429,38936.863269751484,40585.379125195715,95828.33374586992,1297642.8474701776,107361.98099675804,65513.09163413536,169096.07816211038,71104.86233513759,227507.38565915194,217862.76334420504,439196.6853386814,875.0753262560978,137.15074665237427,40.42235260439205,122.90629709316539,56.589124672019956,107.49948322705077,134.4539033176727,276.0534186894226
2164.0,133598.96906899553,14922.052494508396,7801.491624293299,14311.843294320812,8870.80840684005,21233.098788502,21887.36660441326,44572.30785611731,609538.5129110292,34167.3932719568,36539.25187038305,58484.048767038505,33346.95609069649,128081.05013249021,117057.46864287366,201862.34413559086,743.2959576495621,77.44748031611633,43.094023248245236,74.50696149800896,51.700297575996395,110.37811505595397,138.33051528466032,247.83856467058087,155492.22619455057,11629.608334556868,10860.188640579589,15659.634773534395,12800.292483501951,23836.001449506894,27451.61837787828,53254.88213499257,663016.2253722342,26826.391488708403,43377.98510973034,61348.26886503528,45595.67318234944,124336.15260211464,129677.11511168354,231854.6390126124,1098.422575039242,79.44490494903565,75.24198393333626,84.80395553131699,82.82084961558532,172.8814209604187,235.34826532585143,367.88119472369766,72654.71027399822,4242.052124571602,6156.65903385259,5515.346744913353,7976.8955937500605,9006.405926476022,11372.546743496616,28384.804106938012,293082.29531069816,9020.359327724802,24584.51492056965,21221.235481392305,28745.10173505435,45532.18768957027,50905.87549268595,113073.02066370087,1714.6366327614196,36.21358053881073,144.89888624961472,63.164607055215356,138.69174390789033,290.66898207687376,473.2355478358307,567.7632850971842,88917.53715014347,12427.78934030075,6343.774912363319,11305.695621445075,10613.707774518318,6113.07675381676,10089.459783661796,32024.032964037557,354059.81229962606,28057.536196106794,25993.31085010681,46333.26874678603,44773.72528607995,30214.30359600938,43311.9559149978,135375.71170953984,985.7737702198772,56.42662459588623,51.76926761579132,56.35061357909775,81.1056638571167,278.80874602565,161.14887233385465,300.1639822124805,302898.18295818614,49465.765238083,14209.098757579455,43938.129247051904,19238.291994528594,39112.94085679871,40752.13680058799,96181.82006355638,1300951.5597141534,107753.49518792638,65686.1574181761,169729.04356744408,71283.91025084144,228585.6015534686,218474.89708135702,439438.4546549361,875.0753262560978,137.15074665237427,40.42235260439205,122.90629709316539,56.589124672019956,107.49948322705077,134.4539033176727,276.0534186894226
2165.0,134005.10493951902,14955.012800730436,7826.176752453081,14351.243833686904,8895.919825330355,21316.491366870363,21961.44853365729,44698.81182679057,610067.5225503509,34209.46932616021,36594.7185769424,58584.85007669717,33392.07978552076,128622.34762097085,117261.83470371383,201402.22246034522,743.2959576495621,77.44748031611633,43.094023248245236,74.50696149800896,51.700297575996395,110.37811505595397,138.33051528466032,247.83856467058087,156000.73805615082,11649.031931115936,10896.328418167404,15703.94036964297,12838.616243764773,23940.080232960245,27554.76987860046,53417.97098189869,664541.030133415,26848.5648252441,43501.942075450694,61487.088764620705,45715.56149144238,124939.26709162102,130096.30388020184,231952.30200483446,1098.422575039242,79.44490494903565,75.24198393333626,84.80395553131699,82.82084961558532,172.8814209604187,235.34826532585143,367.88119472369766,72797.19948992634,4246.023569613447,6165.8659055004555,5525.4521289680515,7991.336705579929,9037.415674444892,11396.701600477276,28434.403905342322,293348.398934864,8977.3444144492,24639.622010513758,21208.923011295537,28807.80348772271,45734.20062426394,51030.975875493845,112949.52951112478,1714.6366327614196,36.21358053881073,144.89888624961472,63.164607055215356,138.69174390789033,290.66898207687376,473.2355478358307,567.7632850971842,89178.6861220794,12457.33408292612,6364.612304355118,11338.323781988716,10644.715735675842,6132.636295321843,10122.996697432452,32118.06722437933,354128.4565410355,28076.34609435871,26038.14849429484,46392.69498034623,44884.095478275245,30338.196141299642,43359.601524614714,135039.37382784567,985.7737702198772,56.42662459588623,51.76926761579132,56.35061357909775,81.1056638571167,278.80874602565,161.14887233385465,300.1639822124805,304015.0629582809,49625.47741692539,14263.675264750287,44095.005690085374,19307.027551564726,39284.127399761244,40914.26231833051,96525.48731686287,1304168.3632846745,108134.13398489563,65854.41581932678,170344.42660040854,71457.9846133312,229633.86700627624,219070.0271035881,439673.5081568512,875.0753262560978,137.15074665237427,40.42235260439205,122.90629709316539,56.589124672019956,107.49948322705077,134.4539033176727,276.0534186894226
2166.0,134399.63692802825,14987.03138391756,7850.1565912368815,14389.518643356803,8920.313774720955,21397.50130014254,22033.413836351465,44821.70139830167,610581.4176285459,34250.34320738635,36648.60052045732,58682.77134893689,33435.91423192145,129148.17946692345,117460.36173424427,200955.2471186788,743.2959576495621,77.44748031611633,43.094023248245236,74.50696149800896,51.700297575996395,110.37811505595397,138.33051528466032,247.83856467058087,156494.72100741894,11667.900567773328,10931.435630681268,15746.980091577081,12875.845039448644,24041.185336886338,27654.97419358768,53576.400147464716,666022.2690442785,26870.104637878772,43622.35741357887,61621.942381360976,45832.02442027546,125525.14973857021,130503.51582676251,232047.17462585148,1098.422575039242,79.44490494903565,75.24198393333626,84.80395553131699,82.82084961558532,172.8814209604187,235.34826532585143,367.88119472369766,72935.61758539938,4249.881544796956,6174.809723672659,5535.268787764035,8005.365214214648,9067.539429614668,11420.16631868706,28482.586566649323,293606.89959833934,8935.558498695762,24693.154612173817,21196.96232605873,28868.713761743413,45930.44176082369,51152.501961650145,112829.56667719352,1714.6366327614196,36.21358053881073,144.89888624961472,63.164607055215356,138.69174390789033,290.66898207687376,473.2355478358307,567.7632850971842,89432.37369481724,12486.034690047918,6384.854342290012,11370.019709373957,10674.837755086017,6151.6369927839305,10155.575413666811,32209.414791568517,354195.1395184032,28094.618566946265,26081.705062934692,46450.42332151912,44991.312236407815,30458.548899581623,43405.88583109978,134712.64559991434,985.7737702198772,56.42662459588623,51.76926761579132,56.35061357909775,81.1056638571167,278.80874602565,161.14887233385465,300.1639822124805,305100.0321012295,49780.626390658,14316.692443144797,44247.39994903228,19373.79923554269,39450.42289863925,41071.75567842321,96859.33550578948,1307293.2581817554,108503.89738766561,66017.86683758748,170942.2272610013,71627.08542260704,230652.18201757548,219648.1534108985,439901.8458444253,875.0753262560978,137.15074665237427,40.42235260439205,122.90629709316539,56.589124672019956,107.49948322705077,134.4539033176727,276.0534186894226
2167.0,134782.56503452224,15018.10824406979,7873.431140644694,14426.667723330522,8943.990255011811,21476.128588318446,22103.26251249581,44940.976570650586,611080.1981456224,34290.01491563528,36700.89770092764,58777.812583757885,33478.459429898605,129658.54567034796,117653.04973446504,200521.41811059022,743.2959576495621,77.44748031611633,43.094023248245236,74.50696149800896,51.700297575996395,110.37811505595397,138.33051528466032,247.83856467058087,156974.1750483563,11686.214244529021,10965.510278121188,15788.753939336608,12911.9788705536,24139.316761285205,27752.23132284,53730.16963169071,667459.9421048196,26891.010926612445,43739.23112411517,61752.82971525591,45945.06196884879,126093.80054296192,130898.75095136555,232139.25687566085,1098.422575039242,79.44490494903565,75.24198393333626,84.80395553131699,82.82084961558532,172.8814209604187,235.34826532585143,367.88119472369766,73069.9645604173,4253.626050122127,6183.490488369221,5544.796721301327,8018.981119654239,9096.777191985308,11442.940898125962,28529.352090859025,293857.797301123,8895.001580464479,24745.112725549723,21185.35342568176,28927.832557116464,46120.91109924922,51270.45375115479,112713.13216190724,1714.6366327614196,36.21358053881073,144.89888624961472,63.164607055215356,138.69174390789033,290.66898207687376,473.2355478358307,567.7632850971842,89678.59986835656,12513.89116166613,6404.501026167997,11400.783403600806,10704.073832748834,6170.078846203002,10187.195932364866,32298.07566560513,354259.8612317324,28112.353613869465,26123.980556026265,46506.45377030454,45095.37556047766,30575.36187085531,43450.80883445288,134395.5270257458,985.7737702198772,56.42662459588623,51.76926761579132,56.35061357909775,81.1056638571167,278.80874602565,161.14887233385465,300.1639822124805,306153.0903870328,49931.212159280854,14368.150292762995,44395.31202389245,19438.60704646247,39611.82735343257,41224.616880866124,97183.3646303353,1310326.244405402,108862.78539623662,66176.51047295808,171522.44554922445,71791.21267866885,231640.54658736527,220209.2760032877,440123.4677176586,875.0753262560978,137.15074665237427,40.42235260439205,122.90629709316539,56.589124672019956,107.49948322705077,134.4539033176727,276.0534186894226
2168.0,135153.88925900115,15048.243381187087,7896.000400676508,14462.691073608084,8966.949266202966,21552.373231398145,22170.994562090353,45056.63734383758,611563.8641015742,34328.48445090698,36751.61011835337,58869.97378116,33519.715379452166,130153.44623124457,117839.89870437609,200100.7354360802,743.2959576495621,77.44748031611633,43.094023248245236,74.50696149800896,51.700297575996395,110.37811505595397,138.33051528466032,247.83856467058087,157439.10017896214,11703.97296138304,10998.552360487218,15829.2619129216,12947.0177370796,24234.47450615681,27846.54126635741,53879.279434576274,668854.0493150435,26911.283691445085,43852.56320705939,61879.75076630549,46054.67413716238,126645.2195047964,131282.00925401077,232228.5487542651,1098.422575039242,79.44490494903565,75.24198393333626,84.80395553131699,82.82084961558532,172.8814209604187,235.34826532585143,367.88119472369766,73200.24041498004,4257.25708558896,6191.908199590124,5554.035929579901,8032.184421898685,9125.128961556853,11465.025338793994,28574.70047797157,294101.09204321814,8855.673659755363,24795.496350641493,21174.096310164707,28985.159873841774,46305.60863954075,51384.831244007735,112600.22596526632,1714.6366327614196,36.21358053881073,144.89888624961472,63.164607055215356,138.69174390789033,290.66898207687376,473.2355478358307,567.7632850971842,89917.36464269814,12540.903497780766,6423.552355989085,11430.614864669296,10732.423968664292,6187.961855579083,10217.858253526623,32384.049846488997,354322.6216810194,28129.55123512837,26164.97497356962,46560.78632670249,45196.28545048479,30688.63505512069,43494.37053467412,134088.01810534007,985.7737702198772,56.42662459588623,51.76926761579132,56.35061357909775,81.1056638571167,278.80874602565,161.14887233385465,300.1639822124805,307174.2378156902,50077.234722793924,14418.048813604913,44538.74191466599,19501.4509843241,39768.34076414121,41372.84592565928,97497.57469050116,1313267.3219555996,109210.79801060849,66330.34672543866,172085.08146507698,71950.36638151674,232598.96071564683,220753.39488075627,440338.37377655285,875.0753262560978,137.15074665237427,40.42235260439205,122.90629709316539,56.589124672019956,107.49948322705077,134.4539033176727,276.0534186894226
2169.0,135513.60960146494,15077.436795269467,7917.864371332306,14497.588694189453,8989.190808294386,21626.235229381564,22236.609985135063,45168.683717862456,612032.4154964004,34365.751813201416,36800.7377727346,58959.25494114341,33559.68208058225,130632.88114961312,118020.90864397735,199693.19909514883,743.2959576495621,77.44748031611633,43.094023248245236,74.50696149800896,51.700297575996395,110.37811505595397,138.33051528466032,247.83856467058087,157889.4963992362,11721.176718335362,11030.56187777926,15868.504012332105,12980.961639026664,24326.65857150121,27937.904024139876,54023.72955612172,670204.5906749469,26930.92293237669,43962.35366241162,62002.705534509805,46160.86092521602,127179.40662407344,131653.29073469847,232315.0502616621,1098.422575039242,79.44490494903565,75.24198393333626,84.80395553131699,82.82084961558532,172.8814209604187,235.34826532585143,367.88119472369766,73326.44514908787,4260.774651197453,6200.062857335373,5562.986412599765,8044.975120947989,9152.594738329297,11486.419640691145,28618.631727986758,294336.78382462176,8817.574736568395,24844.305487449165,21163.19097950759,29040.695711919485,46484.53438169812,51495.63444020904,112490.84808727002,1714.6366327614196,36.21358053881073,144.89888624961472,63.164607055215356,138.69174390789033,290.66898207687376,473.2355478358307,567.7632850971842,90148.66801784153,12567.07169839181,6442.008331753258,11459.514092579351,10759.88816283239,6205.286020912157,10247.562377152059,32467.337334220356,354383.42086626723,28146.2114307229,26204.688315564792,46613.420990712955,45294.041906429185,30798.368452377792,43536.570931763425,133790.11883869674,985.7737702198772,56.42662459588623,51.76926761579132,56.35061357909775,81.1056638571167,278.80874602565,161.14887233385465,300.1639822124805,308163.474387203,50218.694081197136,14466.388005670491,44677.68962135282,19562.331049127533,39919.96313076526,41516.44281280262,97801.96568628679,1316116.49083235,109547.9352307812,66479.37559502944,172630.1350085591,72104.54653115057,233527.42440241927,221280.51004330383,440546.5640211057,875.0753262560978,137.15074665237427,40.42235260439205,122.90629709316539,56.589124672019956,107.49948322705077,134.4539033176727,276.0534186894226
2170.0,135861.72606191368,15105.688486316942,7939.023052612136,14531.36058507468,9010.714881286072,21697.714582268767,22300.108781629933,45277.1156927252,612485.8523301051,34401.81700251859,36848.28066407121,59045.656063707895,33598.35953328875,131096.85042545362,118196.07955326897,199298.80908779558,743.2959576495621,77.44748031611633,43.094023248245236,74.50696149800896,51.700297575996395,110.37811505595397,138.33051528466032,247.83856467058087,158325.36370917867,11737.825515386,11061.53882999737,15906.480237568047,13013.810576394808,24415.86895731838,28026.319596187448,54163.5199963271,671511.5661845334,26949.928649407313,44068.60249017198,62121.694019868824,46263.62233300999,127696.3619007932,132012.59539342846,232398.76139785253,1098.422575039242,79.44490494903565,75.24198393333626,84.80395553131699,82.82084961558532,172.8814209604187,235.34826532585143,367.88119472369766,73448.5787627404,4264.178746947608,6207.954461604976,5571.648170360929,8057.35321680216,9179.174522302608,11507.123803817425,28661.14584090473,294564.8726453352,8780.704810903606,24891.540135972715,21152.6374337104,29094.440071349516,46657.688325721305,51602.863339758725,112384.9985279189,1714.6366327614196,36.21358053881073,144.89888624961472,63.164607055215356,138.69174390789033,290.66898207687376,473.2355478358307,567.7632850971842,90372.50999378655,12592.395763499278,6459.868953460518,11487.481087331058,10786.466415253128,6222.051342202224,10276.308303241192,32547.938128799025,354442.25878747564,28162.334200653102,26243.120582011696,46664.3577623361,45388.64492831082,30904.56206262662,43577.41002572079,133501.829225816,985.7737702198772,56.42662459588623,51.76926761579132,56.35061357909775,81.1056638571167,278.80874602565,161.14887233385465,300.1639822124805,309120.8001015693,50355.59023449065,14513.167868959772,44812.15514395291,19621.2472408728,40066.69445330462,41655.40754229621,98096.53761769246,1318873.751035657,109874.19705675481,66623.59708172992,173157.60617967095,72253.75312757042,234425.93764768323,221790.6214909306,440748.03845131816,875.0753262560978,137.15074665237427,40.42235260439205,122.90629709316539,56.589124672019956,107.49948322705077,134.4539033176727,276.0534186894226
2171.0,136198.23864034784,15132.998454329485,7959.476444515965,14564.00674626371,9031.521485178051,21766.811290059723,22361.49095157497,45381.933268425826,612924.1746026853,34436.68001885856,36894.23879236334,59129.17714885372,33635.7477375717,131545.35405876613,118365.41143225087,198917.56541402105,743.2959576495621,77.44748031611633,43.094023248245236,74.50696149800896,51.700297575996395,110.37811505595397,138.33051528466032,247.83856467058087,158746.70210879063,11753.919352534955,11091.483217141562,15943.190588629463,13045.564549183988,24502.105663608254,28111.787982500075,54298.65075519228,672774.9758437972,26968.300842536868,44171.30969034015,62236.716222382565,46362.958360544086,128196.08533495563,132359.9232302008,232479.6821628376,1098.422575039242,79.44490494903565,75.24198393333626,84.80395553131699,82.82084961558532,172.8814209604187,235.34826532585143,367.88119472369766,73566.64125593803,4267.469372839423,6215.583012398915,5580.021202863392,8069.318709461191,9204.868313476829,11527.137828172827,28702.24281672537,294785.35850535857,8745.063882760964,24937.200296212173,21142.43567277307,29146.392952131893,46825.07047161052,51706.51794265674,112282.67728721286,1714.6366327614196,36.21358053881073,144.89888624961472,63.164607055215356,138.69174390789033,290.66898207687376,473.2355478358307,567.7632850971842,90588.89057053342,12616.875693103162,6477.134221110872,11514.515848924357,10812.158725926516,6238.257819449299,10304.09603179403,32625.852230225184,354499.13544464274,28177.91954491896,26280.271772910408,46713.59664157173,45480.09451612981,31007.215885867125,43616.88781654629,133223.1492666984,985.7737702198772,56.42662459588623,51.76926761579132,56.35061357909775,81.1056638571167,278.80874602565,161.14887233385465,300.1639822124805,310046.21495879116,50487.92318267437,14558.388403472747,44942.13848246646,19678.199559559886,40208.53473175936,41789.74011413998,98381.29048471751,1321539.1025655235,110189.5834885293,66763.01118554067,173667.4949784121,72397.98617077626,235294.50045143822,222283.72922363636,440942.7970671902,875.0753262560978,137.15074665237427,40.42235260439205,122.90629709316539,56.589124672019956,107.49948322705077,134.4539033176727,276.0534186894226
2172.0,136523.1473367666,15159.366699307137,7979.224547043802,14595.527177756574,9051.610619970315,21833.525352754463,22420.756494970192,45483.13644496447,613347.3823141415,34470.340862221274,36938.61215761089,59209.81819658048,33671.84669343111,131978.39204955057,118528.90428092294,198549.46807382486,743.2959576495621,77.44748031611633,43.094023248245236,74.50696149800896,51.700297575996395,110.37811505595397,138.33051528466032,247.83856467058087,159153.51159807047,11769.45822978222,11120.39503921181,15978.635065516348,13076.223557394242,24585.368690370935,28194.3091830778,54429.12183271721,673994.8196527415,26986.039511765448,44270.475262916356,62347.772142051,46458.869007818415,128678.57692656084,132695.2742450155,232557.81255661524,1098.422575039242,79.44490494903565,75.24198393333626,84.80395553131699,82.82084961558532,172.8814209604187,235.34826532585143,367.88119472369766,73680.63262868053,4270.6465288729005,6222.948509717211,5588.105510107141,8080.871598925086,9229.676111851923,11546.461713757348,28741.922655448754,294998.24140468996,8710.651952140479,24981.28596816748,21132.585696695678,29196.554354266587,46986.68081936548,51806.59824890308,112183.88436515183,1714.6366327614196,36.21358053881073,144.89888624961472,63.164607055215356,138.69174390789033,290.66898207687376,473.2355478358307,567.7632850971842,90797.80974808238,12640.511487203457,6493.804134704317,11540.618377359267,10836.965094852543,6253.905452653364,10330.925562810564,32701.079638498584,354554.05083776976,28192.96746352047,26316.1418882608,46761.13762841997,45568.390669886045,31106.329922099332,43655.004304239825,132954.07896134295,985.7737702198772,56.42662459588623,51.76926761579132,56.35061357909775,81.1056638571167,278.80874602565,161.14887233385465,300.1639822124805,310939.71895886667,50615.6929257483,14602.049609209405,45067.639636893284,19733.188005188793,40345.48396612949,41919.440528333995,98656.22428736291,1324112.545421947,110494.09452610461,66897.61790646108,174159.80140478327,72537.2456607681,236133.11281368422,222759.83324142126,441130.83986872155,875.0753262560978,137.15074665237427,40.42235260439205,122.90629709316539,56.589124672019956,107.49948322705077,134.4539033176727,276.0534186894226
2173.0,136836.45215117102,15184.793221249853,7998.267360195644,14625.92187955325,9070.982285662829,21897.85677035292,22477.90541181558,45580.72522234088,613755.4754644748,34502.79953260676,36981.40075981381,59287.57920688853,33706.65640086695,132395.96439780702,118686.55809928538,198194.5170672071,743.2959576495621,77.44748031611633,43.094023248245236,74.50696149800896,51.700297575996395,110.37811505595397,138.33051528466032,247.83856467058087,159545.79217701926,11784.44214712779,11148.274296208108,16012.8136682287,13105.78760102557,24665.65803760635,28273.883197920622,54554.9332289019,675171.0976113667,27003.144657092984,44366.09920790056,62454.8617788741,46551.35427483294,129143.83667560862,133018.64843787247,232633.1525791871,1098.422575039242,79.44490494903565,75.24198393333626,84.80395553131699,82.82084961558532,172.8814209604187,235.34826532585143,367.88119472369766,73790.55288096782,4273.710215048042,6230.050953559846,5595.901092092193,8092.011885193839,9253.597917427911,11565.095460570994,28780.185357074944,295203.52134333213,8677.469019042159,25023.797151838666,21123.087505478175,29244.924277753587,47142.51936898645,51903.10425849779,112088.6197617358,1714.6366327614196,36.21358053881073,144.89888624961472,63.164607055215356,138.69174390789033,290.66898207687376,473.2355478358307,567.7632850971842,90999.26752643267,12663.303145800179,6509.878694240848,11565.788672635794,10860.885522031216,6268.994241814428,10356.796896290785,32773.62035361939,354607.0049668571,28207.47795645767,26350.73092806305,46806.98072288073,45653.53338957952,31201.90417132327,43691.75948880149,132694.61830975034,985.7737702198772,56.42662459588623,51.76926761579132,56.35061357909775,81.1056638571167,278.80874602565,161.14887233385465,300.1639822124805,311801.31210179685,50738.89946371241,14644.151486169778,45188.658607233476,19786.212577759514,40477.54215641485,42044.50878487822,98921.33902562787,1326594.0796049233,110787.73016948094,67027.41724449162,174634.52545878396,72671.53159754601,236941.7747344218,223218.93354428533,441312.166855913,875.0753262560978,137.15074665237427,40.42235260439205,122.90629709316539,56.589124672019956,107.49948322705077,134.4539033176727,276.0534186894226
2174.0,137138.15308355994,15209.27802015767,8016.6048839714795,14655.190851653764,9089.63648225564,21959.805542855138,22532.937702111107,45674.69960055539,614148.4540536855,34534.056030015,37022.60459897227,59362.460179777816,33740.176859879255,132798.07110353553,118838.37288733808,197852.7123941677,743.2959576495621,77.44748031611633,43.094023248245236,74.50696149800896,51.700297575996395,110.37811505595397,138.33051528466032,247.83856467058087,159923.54384563598,11798.871104571675,11175.12098813048,16045.726396766511,13134.256680077942,24742.973705314544,28350.51002702851,54676.084943746544,676303.8097196753,27019.6162785195,44458.181525292784,62557.98513285188,46640.41416158769,129591.86458209906,133330.04580877174,232705.70223055265,1098.422575039242,79.44490494903565,75.24198393333626,84.80395553131699,82.82084961558532,172.8814209604187,235.34826532585143,367.88119472369766,73896.40201279997,4276.660431364842,6236.890343926837,5603.407948818541,8102.739568267452,9276.63373020479,11583.039068613773,28817.03092160387,295401.19832128426,8645.515083466,25064.73384722574,21113.941099120588,29291.50272259294,47292.58612047326,51996.03597144078,111996.88347696494,1714.6366327614196,36.21358053881073,144.89888624961472,63.164607055215356,138.69174390789033,290.66898207687376,473.2355478358307,567.7632850971842,91193.26390558509,12685.250668893323,6525.3578997204695,11590.026734753921,10883.920007462526,6283.524186932492,10381.710032234712,32843.47437558757,354657.99783190264,28221.4510237305,26384.03889231702,46851.12592495407,45735.52267521031,31293.93863353889,43727.15337023122,132444.76731192067,985.7737702198772,56.42662459588623,51.76926761579132,56.35061357909775,81.1056638571167,278.80874602565,161.14887233385465,300.1639822124805,312630.99438758095,50857.54279656678,14684.694034353783,45305.19539348694,19837.273277272092,40604.70930261564,42164.94488377264,99176.63469951265,1328983.7051144575,111070.49041865801,67152.40919963218,175091.667140414,72800.84398110988,237720.48621365038,223661.0301322285,441486.7780287645,875.0753262560978,137.15074665237427,40.42235260439205,122.90629709316539,56.589124672019956,107.49948322705077,134.4539033176727,276.0534186894226
2175.0,137428.25013393455,15232.821096030557,8034.237118371342,14683.334094058106,9107.573209748718,22019.37167026115,22585.85336585684,45765.05957960744,614526.3180817723,34564.110354446006,37062.22367508615,59434.46111524824,33772.408070468,133184.712166736,118984.34864508106,197524.0540547068,743.2959576495621,77.44748031611633,43.094023248245236,74.50696149800896,51.700297575996395,110.37811505595397,138.33051528466032,247.83856467058087,160286.76660392203,11812.74510211386,11200.935114978914,16077.373251129806,13161.630794551376,24817.315693495497,28424.189670401458,54792.57697725103,677392.9559776621,27035.454376045003,44546.72221509299,62657.14220398439,46726.04866808263,130022.66064603221,133629.4663577134,232775.4615107117,1098.422575039242,79.44490494903565,75.24198393333626,84.80395553131699,82.82084961558532,172.8814209604187,235.34826532585143,367.88119472369766,73998.1800241773,4279.497177823307,6243.466680818172,5610.626080286181,8113.054648145932,9298.783550182561,11600.292537885667,28852.45934903542,295591.2723385454,8614.790145412,25104.096054328696,21105.146477622908,29336.289688784625,47436.88107382597,52085.393387732176,111908.67551083904,1714.6366327614196,36.21358053881073,144.89888624961472,63.164607055215356,138.69174390789033,290.66898207687376,473.2355478358307,567.7632850971842,91379.79888553935,12706.354056482869,6540.241751143194,11613.332563713666,10906.068551146458,6297.495288007555,10405.664970642321,32910.641704403184,354707.02943290904,28234.886665339003,26416.06578102278,46893.573234639975,45814.35852677838,31382.43330874623,43761.18594852905,132204.52596785355,985.7737702198772,56.42662459588623,51.76926761579132,56.35061357909775,81.1056638571167,278.80874602565,161.14887233385465,300.1639822124805,313428.76581621915,50971.622924311356,14723.67725376153,45417.24999565378,19886.370103726455,40726.985404731786,42280.7488250173,99422.11130901717,1331281.4219505482,111342.375273636,67272.59377188269,175531.2264496738,72925.18281145976,238469.24725137022,224086.12300525076,441654.6733872749,875.0753262560978,137.15074665237427,40.42235260439205,122.90629709316539,56.589124672019956,107.49948322705077,134.4539033176727,276.0534186894226
2176.0,137706.74330229353,15255.422448868523,8051.1640633951965,14710.35160676628,9124.792468142079,22076.555152570912,22636.65240305274,45851.805159497715,614889.0675487345,34592.96250589976,37100.25798815545,59503.58201329983,33803.3500326332,133555.88758740833,119124.48537251433,197208.54204882437,743.2959576495621,77.44748031611633,43.094023248245236,74.50696149800896,51.700297575996395,110.37811505595397,138.33051528466032,247.83856467058087,160635.46045187645,11826.064139754373,11225.71667675342,16107.754231318542,13187.909944445892,24888.684002149206,28494.92212803951,54904.4093294152,678438.5363853277,27050.658949669483,44631.72127730114,62752.332992271644,46808.25779431775,130436.22486740806,133916.91008469745,232842.43041966434,1098.422575039242,79.44490494903565,75.24198393333626,84.80395553131699,82.82084961558532,172.8814209604187,235.34826532585143,367.88119472369766,74095.88691509946,4282.22045442343,6249.779964233842,5617.555486495118,8122.957124829262,9320.047377361223,11616.855868386692,28886.47063936983,295773.74339511566,8585.29420488016,25141.883773147536,21096.703640985143,29379.28517632865,47575.40422904458,52171.17650737194,111823.9958633581,1714.6366327614196,36.21358053881073,144.89888624961472,63.164607055215356,138.69174390789033,290.66898207687376,473.2355478358307,567.7632850971842,91558.87246629507,12726.613308568853,6554.530248509006,11635.70615951503,10927.331153083062,6310.907545039609,10428.661711513632,32975.12234006619,354754.09976987593,28247.78488128317,26446.81159418032,46934.322651938455,45890.040944283704,31467.388196945278,43793.85722369496,131973.89427754894,985.7737702198772,56.42662459588623,51.76926761579132,56.35061357909775,81.1056638571167,278.80874602565,161.14887233385465,300.1639822124805,314194.62638771127,51081.13984694616,14761.101144392951,45524.82241373385,19933.503057122674,40844.37046276328,42391.920608612156,99657.76885414172,1333487.2301131964,111603.38473441494,67387.97096124312,175953.2033865634,73044.54808859563,239188.05784758125,224494.2121633521,441815.8529314445,875.0753262560978,137.15074665237427,40.42235260439205,122.90629709316539,56.589124672019956,107.49948322705077,134.4539033176727,276.0534186894226
2177.0,137973.6325886376,15277.082078671589,8067.385719043067,14736.243389778272,9141.294257435724,22131.355989784395,22685.334813698813,45934.93634022585,615236.7024545744,34620.612484376274,37136.70753818028,59569.82287393265,33833.002746374856,133911.59736555276,119258.78306963788,196906.17637652025,743.2959576495621,77.44748031611633,43.094023248245236,74.50696149800896,51.700297575996395,110.37811505595397,138.33051528466032,247.83856467058087,160969.62538949883,11838.828217493192,11249.465673453973,16136.869337332784,13213.094129761454,24957.07863127567,28562.707399942658,55011.58200023936,679440.5509426764,27065.22999939295,44713.178711917346,62843.55749771357,46887.0415402931,130832.55724622657,134192.37698972377,232906.60895741056,1098.422575039242,79.44490494903565,75.24198393333626,84.80395553131699,82.82084961558532,172.8814209604187,235.34826532585143,367.88119472369766,74189.5226855664,4284.830261165216,6255.830194173866,5624.196167445333,8132.446998317465,9340.42521174077,11632.729060116837,28919.064792606932,295948.611490996,8557.027261870478,25178.09700368228,21088.612589207274,29420.489185225026,47708.155586129025,52253.38533035999,111742.84453452229,1714.6366327614196,36.21358053881073,144.89888624961472,63.164607055215356,138.69174390789033,290.66898207687376,473.2355478358307,567.7632850971842,91730.484647853,12746.028425151233,6568.223391817905,11657.14752215798,10947.707813272295,6323.760958028665,10450.700254848636,33036.91628257652,354799.2088428009,28260.14567156297,26476.276331789584,46973.37417684951,45962.56992772636,31548.803298136023,43825.16719572894,131752.87224100728,985.7737702198772,56.42662459588623,51.76926761579132,56.35061357909775,81.1056638571167,278.80874602565,161.14887233385465,300.1639822124805,314928.57610206056,51186.09356447112,14796.965706248076,45627.912647727215,19978.67213746071,40956.864476710136,42498.46023455719,99883.60733488567,1335601.129602401,111853.51880099461,67498.54076771358,176357.59795108225,73158.93981251748,239876.91800228335,224885.29760653255,441970.316661274,875.0753262560978,137.15074665237427,40.42235260439205,122.90629709316539,56.589124672019956,107.49948322705077,134.4539033176727,276.0534186894226
2178.0,138228.91799296727,15297.799985439726,8082.902085314926,14761.009443094106,9157.078577629623,22183.77418190169,22731.900597795055,46014.453121791805,615569.2227992913,34647.06028987557,37171.572325160465,59633.18369714675,33861.36621169295,134251.8415011692,119387.24173645175,196616.95703779475,743.2959576495621,77.44748031611633,43.094023248245236,74.50696149800896,51.700297575996395,110.37811505595397,138.33051528466032,247.83856467058087,161289.26141679063,11851.037335330335,11272.182105080605,16164.718569172477,13237.18335049808,25022.49958087492,28627.545486110845,55114.094989723206,680398.9996497069,27079.16752521537,44791.094518941536,62930.81572031016,46962.39990600866,131211.6577824877,134455.8670727924,232967.99712395103,1098.422575039242,79.44490494903565,75.24198393333626,84.80395553131699,82.82084961558532,172.8814209604187,235.34826532585143,367.88119472369766,74279.08733557821,4287.326598048661,6261.617370638241,5630.548123136856,8141.5242686105175,9359.917053321215,11647.912113076112,28950.2418087467,296115.8766261866,8529.989316382964,25212.735745932892,21080.873322289302,29459.901715473705,47835.13514507948,52332.01985669641,111665.22152433154,1714.6366327614196,36.21358053881073,144.89888624961472,63.164607055215356,138.69174390789033,290.66898207687376,473.2355478358307,567.7632850971842,91894.63543021293,12764.599406230045,6581.321181069899,11677.656651642565,10967.198531714175,6336.055526974722,10471.780600647338,33096.023531934145,354842.3566516866,28271.96903617846,26504.459993850694,47010.72780937307,46031.94547710623,31626.678612318487,43855.11586463106,131541.45985822842,985.7737702198772,56.42662459588623,51.76926761579132,56.35061357909775,81.1056638571167,278.80874602565,161.14887233385465,300.1639822124805,315630.61495926295,51286.484076886394,14831.270939326874,45726.520697634056,20021.87734474056,41064.467446572315,42600.36770285247,100099.62675124977,1337623.1204181584,112092.7774733753,67604.30319129417,176744.41014323066,73268.35798322539,240535.82771547697,225259.37933479217,442118.06457676366,875.0753262560978,137.15074665237427,40.42235260439205,122.90629709316539,56.589124672019956,107.49948322705077,134.4539033176727,276.0534186894226
2179.0,138472.5995152812,15317.576169172955,8097.713162210808,14784.649766713736,9172.145428723816,22233.809728922726,22776.349755341467,46090.35550419573,615886.6285828843,34672.305922397594,37204.852349096094,59693.66448294179,33888.440428587506,134576.61999425755,119509.8613729558,196340.88403264745,743.2959576495621,77.44748031611633,43.094023248245236,74.50696149800896,51.700297575996395,110.37811505595397,138.33051528466032,247.83856467058087,161594.36853375047,11862.691493265778,11293.865971633277,16191.301926837636,13260.177606655772,25084.94685094694,28689.43638654416,55211.94829786684,681313.8825064171,27092.471527136815,44865.46869837376,63014.107660061425,47034.33289146443,131573.52647619153,134707.38033390336,233026.59491928417,1098.422575039242,79.44490494903565,75.24198393333626,84.80395553131699,82.82084961558532,172.8814209604187,235.34826532585143,367.88119472369766,74364.58086513534,4289.70946507377,6267.14149362696,5636.611353569677,8150.188935708432,9378.522902102528,11662.405027264505,28980.00168778929,296275.5388006856,8504.180368417607,25245.799999899355,21073.485840231268,29497.522767074704,47956.34290589569,52407.08008638115,111591.12683278574,1714.6366327614196,36.21358053881073,144.89888624961472,63.164607055215356,138.69174390789033,290.66898207687376,473.2355478358307,567.7632850971842,92051.32481337417,12782.326251805256,6593.823616264985,11697.23354796875,10985.803308408698,6347.79125187777,10491.902748909737,33152.44408813933,354883.5431965318,28283.254975129603,26531.362580363497,47046.38354950928,46098.16759242338,31701.014139492654,43883.703230401195,131339.65712921176,985.7737702198772,56.42662459588623,51.76926761579132,56.35061357909775,81.1056638571167,278.80874602565,161.14887233385465,300.1639822124805,316300.74295931886,51382.31138419183,14864.016843629392,45820.64656345409,20063.118678962222,41167.179372349914,42697.64301349799,100305.82710323359,1339553.2025604737,112321.16075155682,67705.25823198442,177113.63996300907,73372.80260071931,241164.7869871617,225616.45734813093,442259.0966779125,875.0753262560978,137.15074665237427,40.42235260439205,122.90629709316539,56.589124672019956,107.49948322705077,134.4539033176727,276.0534186894226
2180.0,138704.67715558037,15336.410629871274,8111.818949730698,14807.164360637196,9186.494810718275,22281.46263084752,22818.682286338048,46162.643487437555,616188.9198053528,34696.34938194241,37236.547609987196,59751.26523131817,33914.2253970585,134885.93284481793,119626.64197915017,196077.95736107894,743.2959576495621,77.44748031611633,43.094023248245236,74.50696149800896,51.700297575996395,110.37811505595397,138.33051528466032,247.83856467058087,161884.94674037883,11873.790691299544,11314.51727311203,16216.619410328274,13282.076898234527,25144.42044149169,28748.380101242514,55305.141924670395,682185.1995128035,27105.142005157188,44936.301250213786,63093.433316967436,47102.84049666033,131918.1633273381,134946.91677305667,233082.40234341176,1098.422575039242,79.44490494903565,75.24198393333626,84.80395553131699,82.82084961558532,172.8814209604187,235.34826532585143,367.88119472369766,74446.00327423691,4291.97886224054,6272.402563140024,5642.38585874379,8158.440999611218,9396.242758084745,11676.207802682018,29008.344429734672,296427.59801449446,8479.600417974394,25277.28976558172,21066.450143033104,29533.352340028046,48071.77886857792,52478.56601941424,111520.56045988509,1714.6366327614196,36.21358053881073,144.89888624961472,63.164607055215356,138.69174390789033,290.66898207687376,473.2355478358307,567.7632850971842,92200.55279733754,12799.208961876908,6605.730697403153,11715.878211136527,11003.522143355856,6358.968132737815,10511.066699635838,33206.17795119174,354922.768477336,28294.0034884164,26556.98409132811,47080.34139725792,46161.23627367788,31771.809879658507,43910.92929303949,131147.46405395825,985.7737702198772,56.42662459588623,51.76926761579132,56.35061357909775,81.1056638571167,278.80874602565,161.14887233385465,300.1639822124805,316938.96010222955,51473.57548638749,14895.203419155574,45910.29024518774,20102.39614012574,41265.00025404282,42790.28616649372,100502.20839083716,1341391.376029348,112538.6686355392,67801.40588978495,177465.28741041684,73472.27366499919,241763.79581733738,225956.53164654862,442393.4129647212,875.0753262560978,137.15074665237427,40.42235260439205,122.90629709316539,56.589124672019956,107.49948322705077,134.4539033176727,276.0534186894226
2181.0,138925.15091386525,15354.303367534678,8125.21944787458,14828.5532248645,9200.126723613024,22326.732887676084,22858.898190784796,46231.317071517435,616476.0964666996,34719.19066850998,37266.65810783375,59805.985942275634,33938.72111710592,135179.78005285026,119737.58355503489,195828.17702308847,743.2959576495621,77.44748031611633,43.094023248245236,74.50696149800896,51.700297575996395,110.37811505595397,138.33051528466032,247.83856467058087,162160.99603667625,11884.334929431609,11334.136009516851,16240.671019644376,13302.881225234336,25200.920352509227,28804.376630205967,55393.67587013391,683012.9506688751,27117.178959276585,45003.59217446196,63168.79269102815,47167.92272159657,132245.56833592732,135174.47639025233,233135.41939633296,1098.422575039242,79.44490494903565,75.24198393333626,84.80395553131699,82.82084961558532,172.8814209604187,235.34826532585143,367.88119472369766,74523.35456288367,4294.134789548972,6277.400579177431,5647.8716386592005,8166.280460318861,9413.076621267845,11689.320439328661,29035.27003458268,296572.0542676133,8456.249465053363,25307.205042979967,21059.766230694848,29567.390434333713,48181.443033125965,52546.4776557957,111453.52240562953,1714.6366327614196,36.21358053881073,144.89888624961472,63.164607055215356,138.69174390789033,290.66898207687376,473.2355478358307,567.7632850971842,92342.31938210332,12815.247536444973,6617.042424484421,11733.59064114594,11020.355036555662,6369.586169554864,10529.27245282562,33257.225121091586,354960.03249410086,28304.21457603887,26581.32452674445,47112.60135261927,46221.15152086962,31839.065832816075,43936.794052545825,130964.8806324673,985.7737702198772,56.42662459588623,51.76926761579132,56.35061357909775,81.1056638571167,278.80874602565,161.14887233385465,300.1639822124805,317545.26638799545,51560.27638347335,14924.830665905447,45995.451742834346,20139.709728231075,41357.9300916511,42878.297161839626,100688.77061406092,1343137.640824779,112745.3011253225,67892.74616469517,177799.35248545432,73566.77117606511,242332.85420600462,226279.60223004557,442521.01343718934,875.0753262560978,137.15074665237427,40.42235260439205,122.90629709316539,56.589124672019956,107.49948322705077,134.4539033176727,276.0534186894226
2182.0,139134.02079013418,15371.254382163157,8137.914656642474,14848.816359395629,9213.041167408039,22369.620499408415,22896.997468681737,46296.376256435,616748.1585669207,34740.82978210028,37295.18384263576,59857.82661581439,33961.92758872986,135458.16161835453,119842.68610060982,195591.54301867666,743.2959576495621,77.44748031611633,43.094023248245236,74.50696149800896,51.700297575996395,110.37811505595397,138.33051528466032,247.83856467058087,162422.51642264228,11894.324207661984,11352.722180847706,16263.456754785917,13322.590587655232,25254.4465839995,28857.42597343451,55477.55013425705,683797.1359746244,27128.582389494946,45067.34147111813,63240.185782243614,47229.57956627285,132555.74150195916,135390.05918549042,233185.64607804682,1098.422575039242,79.44490494903565,75.24198393333626,84.80395553131699,82.82084961558532,172.8814209604187,235.34826532585143,367.88119472369766,74596.63473107501,4296.177246999065,6282.1355417392,5653.068693315896,8173.707317831365,9429.024491651844,11701.742937204428,29060.778502333393,296708.9075600405,8434.127509654478,25335.545832094118,21053.43410321655,29599.637049991776,48285.335399539865,52610.81499552552,111390.01267001867,1714.6366327614196,36.21358053881073,144.89888624961472,63.164607055215356,138.69174390789033,290.66898207687376,473.2355478358307,567.7632850971842,92476.62456767017,12830.441975509448,6627.758797508778,11750.370837996934,11036.301988008108,6379.645362328908,10546.5200084791,33305.58559783876,354995.3352468259,28313.88823799697,26604.38388661261,47143.16341559316,46277.91333399862,31902.781998965373,43961.29750892024,130791.90686473875,985.7737702198772,56.42662459588623,51.76926761579132,56.35061357909775,81.1056638571167,278.80874602565,161.14887233385465,300.1639822124805,318119.66181661567,51642.414075449444,14952.898583879001,46076.131056394464,20175.05944327823,41445.96888517471,42961.67599953578,100865.51377290416,1344791.9969467632,112941.05822090662,67979.27905671558,178115.83518812145,73656.29513391695,242871.96215316272,226585.66909862158,442641.89809531596,875.0753262560978,137.15074665237427,40.42235260439205,122.90629709316539,56.589124672019956,107.49948322705077,134.4539033176727,276.0534186894226
2183.0,139331.28678438897,15387.263673756723,8149.904576034372,14867.953764230577,9225.238142103339,22410.125466044483,22932.98012002882,46357.82104219064,617005.1061060175,34761.26672271336,37322.12481439319,59906.78725193425,33983.844811930205,135721.0775413309,119941.94961587501,195368.05534784347,743.2959576495621,77.44748031611633,43.094023248245236,74.50696149800896,51.700297575996395,110.37811505595397,138.33051528466032,247.83856467058087,162669.50789827618,11903.758525990677,11370.275787104643,16284.976615752967,13341.204985497152,25304.999135962567,28907.528130928138,55556.76471704005,684537.7554300586,27139.35229581227,45127.54914018223,63307.61259061368,47287.81103068939,132848.68282543373,135593.6651587707,233233.08238855554,1098.422575039242,79.44490494903565,75.24198393333626,84.80395553131699,82.82084961558532,172.8814209604187,235.34826532585143,367.88119472369766,74665.84377881186,4298.106234590819,6286.607450825308,5657.977022713898,8180.721572148726,9444.086369236724,11713.475296309316,29084.869832986937,296838.15789177903,8413.234551777763,25362.312132924126,21047.453760598142,29630.0921870021,48383.45596781974,52671.57803860363,111330.03125305314,1714.6366327614196,36.21358053881073,144.89888624961472,63.164607055215356,138.69174390789033,290.66898207687376,473.2355478358307,567.7632850971842,92603.46835403901,12844.792279070341,6637.879816476233,11766.218801689576,11051.3629977132,6389.145711059943,10562.809366596279,33351.25938143338,355028.6767355095,28323.024474290763,26626.162170932548,47172.02758617955,46331.521713064896,31962.958378106356,43984.43966216278,130628.54275077303,985.7737702198772,56.42662459588623,51.76926761579132,56.35061357909775,81.1056638571167,278.80874602565,161.14887233385465,300.1639822124805,318662.1463880903,51719.98856231575,14979.407173076259,46152.32818586797,20208.445285267208,41529.11663461374,43040.42267958212,101032.43786736748,1346354.444395299,113125.93992229161,68061.00456584599,178414.73551841782,73740.84553855487,243381.11965881256,226874.73225227682,442756.0669391036,875.0753262560978,137.15074665237427,40.42235260439205,122.90629709316539,56.589124672019956,107.49948322705077,134.4539033176727,276.0534186894226
2184.0,139516.9488966285,15402.331242315367,8161.189206050288,14885.96543936935,9236.717647698906,22448.247787584354,22966.84614482608,46415.65142878385,617246.9390839959,34780.50149034921,37347.481023106004,59952.86785063539,34004.472786707,135968.52782177916,120035.37410083055,195157.71401058816,743.2959576495621,77.44748031611633,43.094023248245236,74.50696149800896,51.700297575996395,110.37811505595397,138.33051528466032,247.83856467058087,162901.97046357908,11912.637884417689,11386.796828287645,16305.230602545469,13358.724418760157,25352.578008398366,28954.683102686813,55631.31961848287,685234.8090351688,27149.488678228598,45184.21518165444,63371.07311613842,47342.61711484618,133124.39230635084,135785.29431009333,233277.7283278566,1098.422575039242,79.44490494903565,75.24198393333626,84.80395553131699,82.82084961558532,172.8814209604187,235.34826532585143,367.88119472369766,74730.9817060931,4299.921752324235,6290.816306435755,5662.5966268531765,8187.32322327095,9458.262254022497,11724.517516643331,29107.544026543215,296959.8052628256,8393.5705914232,25387.503945469987,21041.825202839595,29658.755845364776,48475.80473796541,52728.7667850301,111273.5781547326,1714.6366327614196,36.21358053881073,144.89888624961472,63.164607055215356,138.69174390789033,290.66898207687376,473.2355478358307,567.7632850971842,92722.85074120958,12858.29844712766,6647.405481386763,11781.1345322238,11065.538065670917,6398.087215747993,10578.140527177155,33394.246471875376,355060.0569601543,28331.62328492021,26646.65937970421,47199.19386437848,46381.97665806843,32019.594970239054,44006.220512273365,130474.78829057005,985.7737702198772,56.42662459588623,51.76926761579132,56.35061357909775,81.1056638571167,278.80874602565,161.14887233385465,300.1639822124805,319172.72010241856,51792.9998440723,15004.356433497205,46224.04313125475,20239.86725419802,41607.37333996804,43114.537201978696,101189.54289745034,1347824.983170398,113299.94622947766,68137.92269208627,178696.05347634468,73820.42238997883,243860.32672295297,227146.791691011,442863.5199685507,875.0753262560978,137.15074665237427,40.42235260439205,122.90629709316539,56.589124672019956,107.49948322705077,134.4539033176727,276.0534186894226
2185.0,139691.00712685284,15416.457087839108,8171.768546690199,14902.851384811973,9247.479684194754,22483.987464027927,22998.59554307351,46469.867416215435,617473.6575008471,34798.53408500779,37371.25246877441,59996.06841191761,34023.811513060245,136200.51245969938,120122.95955547632,194960.519006912,743.2959576495621,77.44748031611633,43.094023248245236,74.50696149800896,51.700297575996395,110.37811505595397,138.33051528466032,247.83856467058087,163119.90411855048,11920.962282943005,11402.2853043967,16324.218715163443,13375.148887444233,25397.183201306954,28998.89088871058,55701.21483858553,685888.2967899612,27158.991536743903,45237.33959553449,63430.56735881802,47393.99781874313,133382.86994471078,135964.94663945833,233319.58389595273,1098.422575039242,79.44490494903565,75.24198393333626,84.80395553131699,82.82084961558532,172.8814209604187,235.34826532585143,367.88119472369766,74792.0485129194,4301.6238001993115,6294.762108570556,5666.927505733756,8193.512271198033,9471.552146009168,11734.86959820647,29128.80108300212,297073.8496731826,8375.1356285908,25411.121269731797,21036.548429941005,29685.62802507979,48562.38170997717,52782.38123480496,111220.6533750569,1714.6366327614196,36.21358053881073,144.89888624961472,63.164607055215356,138.69174390789033,290.66898207687376,473.2355478358307,567.7632850971842,92834.77172918206,12870.960479681395,6656.335792240393,11795.118029599653,11078.827191881293,6406.469876393023,10592.513490221725,33434.546869164704,355089.4759207574,28339.684669885293,26665.87551292769,47224.66225019007,46429.27816900926,32072.691775363466,44026.640059252095,130330.64348412998,985.7737702198772,56.42662459588623,51.76926761579132,56.35061357909775,81.1056638571167,278.80874602565,161.14887233385465,300.1639822124805,319651.3829596035,51861.44792071902,15027.746365141853,46291.27589255486,20269.32535007065,41680.73900123764,43184.01956672548,101336.82886315318,1349203.6132720588,113463.07714246435,68210.03343543659,178959.78906189982,73895.0256881888,244309.58334558495,227401.84741482438,442964.25718365656,875.0753262560978,137.15074665237427,40.42235260439205,122.90629709316539,56.589124672019956,107.49948322705077,134.4539033176727,276.0534186894226
2186.0,139853.46147506213,15429.64121032793,8181.642597954107,14918.611600558386,9257.524251590885,22517.344495375288,23028.22831477114,46520.469004484694,617685.2613565745,34815.364506689155,37393.43915139809,60036.38893578105,34041.86099098995,136417.03145509172,120204.70597981238,194776.47033681374,743.2959576495621,77.44748031611633,43.094023248245236,74.50696149800896,51.700297575996395,110.37811505595397,138.33051528466032,247.83856467058087,163323.30886319082,11928.731721566635,11416.741215431824,16341.94095360687,13390.47839154936,25438.814714688284,29040.151488999447,55766.450377347974,686498.218694435,27167.860871358178,45286.92238182262,63486.09531865217,47441.9531423803,133624.11574051328,136132.62214686561,233358.64909284157,1098.422575039242,79.44490494903565,75.24198393333626,84.80395553131699,82.82084961558532,172.8814209604187,235.34826532585143,367.88119472369766,74849.0441992906,4303.212378216052,6298.444857229699,5670.969659355633,8199.288715929979,9483.956045196706,11744.53154099873,29148.641002363842,297180.2911228488,8357.929663280564,25433.16410570942,21031.62344190227,29710.708726147146,48643.18688385463,52832.421387928116,111171.25691402644,1714.6366327614196,36.21358053881073,144.89888624961472,63.164607055215356,138.69174390789033,290.66898207687376,473.2355478358307,567.7632850971842,92939.23131795652,12882.778376731541,6664.670749037135,11808.169293817093,11091.230376344301,6414.293692995052,10605.928255729992,33472.160573301415,355116.9336173219,28347.208629186076,26683.81057060289,47248.43274361418,46473.42624588736,32122.248793479575,44045.69830309886,130196.10833145224,985.7737702198772,56.42662459588623,51.76926761579132,56.35061357909775,81.1056638571167,278.80874602565,161.14887233385465,300.1639822124805,320098.13495964085,51925.332792256006,15049.576968010193,46354.02646976817,20296.819572885102,41749.21361842275,43248.86977382251,101474.29576447581,1350490.3347002664,113615.33266125205,68277.33679589686,179205.9422750857,73964.65543318471,244728.889526708,227639.89942371694,443058.2785844228,875.0753262560978,137.15074665237427,40.42235260439205,122.90629709316539,56.589124672019956,107.49948322705077,134.4539033176727,276.0534186894226
2187.0,140004.3119412571,15441.88360978183,8190.811359842019,14933.246086608657,9266.851349887284,22548.318881626394,23055.744459918893,46567.45619359193,617881.7506511803,34830.99275539327,37414.04107097738,60073.829422225666,34058.621220496105,136618.08480795583,120280.61337383876,194605.568000294,743.2959576495621,77.44748031611633,43.094023248245236,74.50696149800896,51.700297575996395,110.37811505595397,138.33051528466032,247.83856467058087,163512.1846974994,11935.94620028858,11430.164561393003,16358.397317875779,13404.71293107555,25477.472548542402,29078.46490355339,55827.026234770325,687064.5747485855,27176.096682071446,45332.96354051873,63537.656995641155,47486.48308575765,133848.1296937586,136288.32083231537,233394.923918524,1098.422575039242,79.44490494903565,75.24198393333626,84.80395553131699,82.82084961558532,172.8814209604187,235.34826532585143,367.88119472369766,74901.96876520693,4304.687486374449,6301.8645524132,5674.723087718806,8204.652557466785,9495.473951585158,11753.503345020112,29167.063784628284,297279.1296118241,8341.952695492479,25453.632453403003,21027.05023872351,29733.997948566837,48718.22025959799,52878.88724439966,111125.38877164097,1714.6366327614196,36.21358053881073,144.89888624961472,63.164607055215356,138.69174390789033,290.66898207687376,473.2355478358307,567.7632850971842,93036.22950753274,12893.75213827812,6672.410351776936,11820.288324876197,11102.747619059961,6421.558665554083,10618.384823701954,33507.08758428551,355142.4300498447,28354.195162822467,26700.464552729878,47270.505344650875,46514.4208887028,32168.266024587385,44063.395243813706,130071.1828325373,985.7737702198772,56.42662459588623,51.76926761579132,56.35061357909775,81.1056638571167,278.80874602565,161.14887233385465,300.1639822124805,320512.97610253247,51984.65445868317,15069.848242102204,46412.29486289497,20322.34992264139,41812.797191523154,43309.08782326969,101601.94360141802,1351685.1474550352,113756.71278584062,68339.83277346707,179434.51311590083,74029.31162496656,245118.2452663222,227860.94771768834,443145.5841708475,875.0753262560978,137.15074665237427,40.42235260439205,122.90629709316539,56.589124672019956,107.49948322705077,134.4539033176727,276.0534186894226
2188.0,140143.55852543676,15453.18428620082,8199.274832353964,14946.754842962722,9275.46097908397,22576.910622781248,23081.14397851685,46610.828983536965,618063.1253846609,34845.41883112016,37433.05822751199,60108.389871251486,34074.0922015787,136803.67251829215,120350.68173755537,194447.81199735287,743.2959576495621,77.44748031611633,43.094023248245236,74.50696149800896,51.700297575996395,110.37811505595397,138.33051528466032,247.83856467058087,163686.53162147605,11942.605719108835,11442.555342280251,16373.587807970165,13417.852506022804,25513.156702869244,29113.83113237243,55882.94241085243,687587.3649524223,27183.698968883673,45375.46307162282,63585.252389784684,47527.58764887524,134054.91180444646,136432.04269580726,233428.40837300065,1098.422575039242,79.44490494903565,75.24198393333626,84.80395553131699,82.82084961558532,172.8814209604187,235.34826532585143,367.88119472369766,74950.82221066783,4306.049124674514,6305.021194121022,5678.187790823276,8209.60379580845,9506.10586517448,11761.785010270632,29184.069429795458,297370.36514011,8327.204725226564,25472.526312812377,21022.82882040459,29755.495692338834,48787.48183720734,52921.778804219495,111083.04894790052,1714.6366327614196,36.21358053881073,144.89888624961472,63.164607055215356,138.69174390789033,290.66898207687376,473.2355478358307,567.7632850971842,93125.76629791076,12903.8817643211,6679.554600459853,11831.475122776863,11113.378920028257,6428.264794070118,10629.883194137607,33539.327902117046,355165.96521832806,28360.644270794575,26715.837459308645,47290.8800533001,46552.26209745542,32210.743468686913,44079.73088139668,129955.86698738513,985.7737702198772,56.42662459588623,51.76926761579132,56.35061357909775,81.1056638571167,278.80874602565,161.14887233385465,300.1639822124805,320895.9063882786,52039.41292000054,15088.560187417897,46466.08107193499,20345.916399339494,41871.489720538855,43364.67371506713,101719.77237398007,1352788.0515363573,113887.21751623006,68397.52136814735,179645.5015843455,74088.99426353458,245477.65056442784,228064.9922967392,443226.17394293327,875.0753262560978,137.15074665237427,40.42235260439205,122.90629709316539,56.589124672019956,107.49948322705077,134.4539033176727,276.0534186894226
2189.0,140271.20122760136,15463.5432395849,8207.033015489906,14959.13786962066,9283.353139180923,22603.119718839916,23104.42687056498,46650.58737432002,618229.3855570204,34858.6427338698,37450.49062100216,60140.07028285847,34088.273934237746,136973.79458610027,120414.91107096229,194303.2023279902,743.2959576495621,77.44748031611633,43.094023248245236,74.50696149800896,51.700297575996395,110.37811505595397,138.33051528466032,247.83856467058087,163846.34963512223,11948.7102780274,11453.913558093569,16387.512423890013,13429.897116391112,25545.867177668857,29146.250175456524,55934.19890559443,688066.5893059355,27190.667731794903,45414.42097513488,63628.88150108304,47565.26683173301,134244.46207257707,136563.78773734163,233459.10245627086,1098.422575039242,79.44490494903565,75.24198393333626,84.80395553131699,82.82084961558532,172.8814209604187,235.34826532585143,367.88119472369766,74995.6045356738,4307.297293116235,6307.9147823532185,5681.363768669036,8214.142430954984,9515.851785964709,11769.376536750262,29199.657937865468,297453.9977077049,8313.685752482801,25489.845683937718,21018.95918694564,29775.201957463167,48850.97161668259,52961.09606738773,111044.2374428051,1714.6366327614196,36.21358053881073,144.89888624961472,63.164607055215356,138.69174390789033,290.66898207687376,473.2355478358307,567.7632850971842,93207.84168909052,12913.167254860495,6686.10349508583,11841.729687519151,11123.124279249196,6434.412078543141,10640.42336703696,33568.88152679583,355187.5391227697,28366.555953102295,26729.929290339198,47309.5568695619,46586.949872145386,32249.68112577814,44094.70521584774,129850.16079599566,985.7737702198772,56.42662459588623,51.76926761579132,56.35061357909775,81.1056638571167,278.80874602565,161.14887233385465,300.1639822124805,321246.9258168797,52089.60817620814,15105.712803957325,46515.385096888414,20367.51900297943,41925.291205470014,43415.62744921475,101827.78208216208,1353799.0469442408,114006.84685242035,68450.4025799376,179838.90768041945,74143.70334888855,245807.1054210246,228252.0331608689,443300.0479006776,875.0753262560978,137.15074665237427,40.42235260439205,122.90629709316539,56.589124672019956,107.49948322705077,134.4539033176727,276.0534186894226
2190.0,140387.24004775097,15472.960469934043,8214.085909249836,14970.39516658238,9290.52783017816,22626.946169802308,23125.593136063257,46686.73136594092,618380.5311682556,34870.664463642206,37466.338251447625,60168.870657046675,34101.16641847326,137128.45101138047,120473.30137405949,194171.73899220544,743.2959576495621,77.44748031611633,43.094023248245236,74.50696149800896,51.700297575996395,110.37811505595397,138.33051528466032,247.83856467058087,163991.63873843642,11954.259877044282,11464.239208832936,16400.171165635333,13440.846762180488,25575.603972941233,29175.722032805737,55980.79571899609,688502.2478091293,27197.0029708051,45449.83725105503,63668.54432953597,47599.520634331,134416.78049815027,136683.55595691828,233487.0061683338,1098.422575039242,79.44490494903565,75.24198393333626,84.80395553131699,82.82084961558532,172.8814209604187,235.34826532585143,367.88119472369766,75036.31574022444,4308.43199169962,6310.545317109757,5684.251021256095,8218.268462906371,9524.711713955803,11776.277924459026,29213.829308838034,297530.02731460903,8301.395777261201,25505.59056677887,21015.44133834655,29793.116743939838,48908.689598023535,52996.839033904245,111008.95425635487,1714.6366327614196,36.21358053881073,144.89888624961472,63.164607055215356,138.69174390789033,290.66898207687376,473.2355478358307,567.7632850971842,93282.455681072,12921.608609896324,6692.057035654922,11851.05201910305,11131.983696722778,6440.000518973165,10650.0053424,33595.74845832211,355207.1517631731,28371.930209745708,26742.740045821483,47326.5357934362,46618.48421277262,32285.078995861066,44108.31824716683,129754.06425836863,985.7737702198772,56.42662459588623,51.76926761579132,56.35061357909775,81.1056638571167,278.80874602565,161.14887233385465,300.1639822124805,321566.03438833525,52135.24022730599,15121.306091720415,46560.206937755145,20387.157733561166,41974.2016463165,43461.94902571263,101925.9727259642,1354718.1336786707,114115.60079441166,68498.47640883777,180014.73140412397,74193.43888102846,246106.60983611245,228422.07031007778,443367.2060440822,875.0753262560978,137.15074665237427,40.42235260439205,122.90629709316539,56.589124672019956,107.49948322705077,134.4539033176727,276.0534186894226
2191.0,140491.67498588574,15481.43597724829,8220.43351363379,14980.52673384794,9296.985052075666,22648.38997566846,23144.642775011722,46719.26095839964,618516.5622183639,34881.484020437354,37480.60111884868,60194.79099381597,34112.769654285206,137267.64179413262,120525.85264684694,194053.4219899999,743.2959576495621,77.44748031611633,43.094023248245236,74.50696149800896,51.700297575996395,110.37811505595397,138.33051528466032,247.83856467058087,164122.3989314186,11959.254516159477,11473.532294498378,16411.564033206116,13450.701443390917,25602.367088686395,29202.246704419988,56022.73285105779,688894.3404620067,27202.704685914272,45481.711899383015,63704.24087514373,47630.34905666913,134571.86708116633,136791.3473545373,233512.1195091918,1098.422575039242,79.44490494903565,75.24198393333626,84.80395553131699,82.82084961558532,172.8814209604187,235.34826532585143,367.88119472369766,75072.95582432042,4309.45322042467,6312.91279839063,5686.849548584439,8221.981891662626,9532.685649147801,11782.489173396903,29226.583542713463,297598.4539608238,8290.334799561762,25519.760961335964,21012.27527460741,29809.24005176885,48960.63578123057,53029.00770376916,110977.19938854953,1714.6366327614196,36.21358053881073,144.89888624961472,63.164607055215356,138.69174390789033,290.66898207687376,473.2355478358307,567.7632850971842,93349.608273856,12929.20582942856,6697.4152221671,11859.442117528557,11139.957172449007,6445.0301153601895,10658.629120226742,33619.92869669572,355224.8031395342,28376.767040724764,26754.269725755574,47341.81682492318,46646.86511933714,32316.93707893571,44120.569975354076,129667.57737450449,985.7737702198772,56.42662459588623,51.76926761579132,56.35061357909775,81.1056638571167,278.80874602565,161.14887233385465,300.1639822124805,321853.232102646,52176.30907329404,15135.340050707175,46600.54659453514,20404.832591084738,42018.22104307824,43503.638444560704,102014.34430538562,1355545.3117396624,114213.47934220362,68541.742854848,180172.972755457,74238.20085995438,246376.16380969185,228575.1037443659,443427.6483731456,875.0753262560978,137.15074665237427,40.42235260439205,122.90629709316539,56.589124672019956,107.49948322705077,134.4539033176727,276.0534186894226
2192.0,140584.50604200532,15488.96976152761,8226.07582864174,14989.532571417329,9302.724804873447,22667.45113643838,23161.57578741036,46748.1761516965,618637.4787073536,34891.10140425528,37493.279223205114,60217.831293166535,34123.083641673606,137391.36693435672,120572.56488932473,193948.2513213722,743.2959576495621,77.44748031611633,43.094023248245236,74.50696149800896,51.700297575996395,110.37811505595397,138.33051528466032,247.83856467058087,164238.63021407087,11963.694195372967,11481.792815089864,16421.691026602377,13459.46116002243,25626.156524904283,29225.824190299332,56060.01030177922,689242.8672645595,27207.772877122447,45510.04492011912,63735.97113790618,47657.75209874753,134709.7218216249,136887.1619301987,233534.44247884213,1098.422575039242,79.44490494903565,75.24198393333626,84.80395553131699,82.82084961558532,172.8814209604187,235.34826532585143,367.88119472369766,75105.52478796135,4310.360979291377,6315.017226195857,5689.159350654087,8225.28271722374,9539.773591540687,11788.010283563908,29237.920639491567,297659.27764634625,8280.502819384477,25532.35686760892,21009.460995728146,29823.571880950214,49006.8101663034,53057.602076982424,110948.97283938914,1714.6366327614196,36.21358053881073,144.89888624961472,63.164607055215356,138.69174390789033,290.66898207687376,473.2355478358307,567.7632850971842,93409.29946744117,12935.958913457214,6702.178054622369,11866.89998279564,11147.04470642786,6449.50086770421,10666.294700517185,33641.42224191666,355240.49325185723,28381.06644603947,26764.51833014139,47355.3999640227,46672.09259183893,32345.25537500206,44131.460400409356,129590.70014440305,985.7737702198772,56.42662459588623,51.76926761579132,56.35061357909775,81.1056638571167,278.80874602565,161.14887233385465,300.1639822124805,322108.5189598106,52212.81471417232,15147.814680917678,46636.40406722861,20420.543575550153,42057.349395755424,43540.69570575896,102092.89682042724,1356280.5811272177,114300.48249579662,68580.20191796808,180313.63173442046,74277.98928566634,246615.76734176185,228711.13346373287,443481.3748878685,875.0753262560978,137.15074665237427,40.42235260439205,122.90629709316539,56.589124672019956,107.49948322705077,134.4539033176727,276.0534186894226
2193.0,140665.73321610986,15495.561822772026,8231.012854273693,14997.412679290546,9307.747088571512,22684.129652112053,23176.392173259163,46773.47694583101,618743.2806352192,34899.51661509598,37504.372564517005,60237.99155509824,34132.10838063842,137499.62643205284,120613.43810149278,193856.2269863231,743.2959576495621,77.44748031611633,43.094023248245236,74.50696149800896,51.700297575996395,110.37811505595397,138.33051528466032,247.83856467058087,164340.33258639032,11967.57891468479,11489.020770607442,16430.552145824087,13467.125912074982,25646.972281594957,29246.454490443753,56092.62807116047,689547.8282167977,27212.207544429584,45534.83631326315,63763.73511782321,47681.729760566195,134830.34471952624,136970.99968390225,233553.97507728732,1098.422575039242,79.44490494903565,75.24198393333626,84.80395553131699,82.82084961558532,172.8814209604187,235.34826532585143,367.88119472369766,75134.02263114696,4311.155268299747,6316.858600525427,5691.180427465027,8228.170939589712,9545.975541134463,11792.841254960043,29247.840599172378,297712.49837118015,8271.899836729363,25543.378285597726,21006.99850170876,29836.11223148384,49047.212753242224,53082.62215354399,110924.2746088741,1714.6366327614196,36.21358053881073,144.89888624961472,63.164607055215356,138.69174390789033,290.66898207687376,473.2355478358307,567.7632850971842,93461.52926182837,12941.867861982295,6706.345533020734,11873.425614904396,11153.246298659375,6453.412776005226,10673.002083271314,33660.22909398506,355254.2221001384,28384.82842568987,26773.48585897899,47367.28521073472,46694.166630278014,32370.0338840601,44140.98952233277,129523.4325680645,985.7737702198772,56.42662459588623,51.76926761579132,56.35061357909775,81.1056638571167,278.80874602565,161.14887233385465,300.1639822124805,322331.8949598287,52244.75714994078,15158.729982351846,46667.77935583529,20434.29068695737,42091.58670434799,43573.12080930745,102161.63027108848,1356923.9418413236,114376.6102551905,68613.85359819817,180436.7083410131,74312.80415816436,246825.4204323236,228830.15946817913,443528.38558825216,875.0753262560978,137.15074665237427,40.42235260439205,122.90629709316539,56.589124672019956,107.49948322705077,134.4539033176727,276.0534186894226
2194.0,140735.35650819974,15501.212160981513,8235.244590529655,15004.167057467588,9312.051903169855,22698.425522689486,23189.09193255813,46795.16334080364,618833.9680019588,34906.72965295941,37513.88114278429,60255.27177961119,34139.84387117975,137592.420287221,120648.47228335108,193777.34898485264,743.2959576495621,77.44748031611633,43.094023248245236,74.50696149800896,51.700297575996395,110.37811505595397,138.33051528466032,247.83856467058087,164427.5060483788,11970.908674094913,11495.216161051057,16438.147390871265,13473.695699548614,25664.814358758384,29264.137604853284,56120.58615920142,689809.2233187127,27216.00868783569,45556.08607881518,63787.532814895014,47702.28204212488,134933.73577487015,137042.8606156483,233570.7173045252,1098.422575039242,79.44490494903565,75.24198393333626,84.80395553131699,82.82084961558532,172.8814209604187,235.34826532585143,367.88119472369766,75158.44935387741,4311.836087449778,6318.43692137935,5692.9127790172515,8230.64655876054,9551.291497929129,11796.9820875853,29256.343421756013,297758.11613532243,8264.525851596394,25552.825215302437,21004.887792549333,29846.861103369858,49081.84354204688,53104.06793345391,110903.10469700374,1714.6366327614196,36.21358053881073,144.89888624961472,63.164607055215356,138.69174390789033,290.66898207687376,473.2355478358307,567.7632850971842,93506.29765701747,12946.932675003793,6709.917657362187,11879.019013854733,11158.561949143514,6456.765840263241,10678.751268489146,33676.34925290081,355265.98968437983,28388.0529796759,26781.1723122684,47377.47256505928,46713.08723465432,32391.27260610987,44149.15734112425,129465.7746454883,985.7737702198772,56.42662459588623,51.76926761579132,56.35061357909775,81.1056638571167,278.80874602565,161.14887233385465,300.1639822124805,322523.3601027033,52272.13638059948,15168.085955009667,46694.672460355214,20446.073925306442,42120.932968855785,43600.913755206195,102220.54465736957,1357475.3938819831,114441.86262038517,68642.69789553844,180542.20257523534,74342.64547744831,247005.1230813762,228932.1817577044,443568.6804742947,875.0753262560978,137.15074665237427,40.42235260439205,122.90629709316539,56.589124672019956,107.49948322705077,134.4539033176727,276.0534186894226
2195.0,140793.37591827463,15505.920776156096,8238.771037409633,15009.795705948458,9315.639248668469,22710.338748170703,23199.67506530728,46813.235336614045,618909.5408075767,34912.740517845596,37521.80495800711,60269.67196670525,34146.29011329751,137669.74849986105,120677.66743489967,193711.61731696027,743.2959576495621,77.44748031611633,43.094023248245236,74.50696149800896,51.700297575996395,110.37811505595397,138.33051528466032,247.83856467058087,164500.15060003632,11973.683473603358,11500.378986420761,16444.47676174393,13479.17052244331,25679.68275639459,29278.873533527876,56143.884565902365,690027.0525703136,27219.176307340815,45573.79421677535,63807.36422912153,47719.408943423936,135019.8949876567,137102.7447254366,233584.66916055663,1098.422575039242,79.44490494903565,75.24198393333626,84.80395553131699,82.82084961558532,172.8814209604187,235.34826532585143,367.88119472369766,75178.80495615274,4312.403436741472,6319.7521887576095,5694.356405310789,8232.709574736235,9555.721461924682,11800.432781439675,29263.42910724236,297796.13093877485,8258.380863985607,25560.697656723027,21003.128868249813,29855.818496608204,49110.70253271737,53121.93941671221,110885.4631037785,1714.6366327614196,36.21358053881073,144.89888624961472,63.164607055215356,138.69174390789033,290.66898207687376,473.2355478358307,567.7632850971842,93543.60465300828,12951.153352521696,6712.894427646723,11883.680179646668,11162.991657880304,6459.56006047825,10683.542256170665,33689.78271866392,355275.7960045818,28390.740107997604,26787.577690009548,47385.96202699655,46728.85440496788,32408.97154115135,44155.96385678379,129417.72637667465,985.7737702198772,56.42662459588623,51.76926761579132,56.35061357909775,81.1056638571167,278.80874602565,161.14887233385465,300.1639822124805,322682.9143884298,52294.95240614838,15175.88259889126,46717.083380788674,20455.893290597323,42145.38818927906,43624.074543455135,102269.63997927055,1357934.9372492004,114496.23959138083,68666.73480998843,180630.11443708756,74367.51324351832,247154.87528892033,229017.20033230897,443602.2595459965,875.0753262560978,137.15074665237427,40.42235260439205,122.90629709316539,56.589124672019956,107.49948322705077,134.4539033176727,276.0534186894226
2196.0,140839.7914463344,15509.687668295763,8241.592194913595,15014.298624733157,9318.509125067358,22719.869328555673,23208.141571506592,46827.69293326236,618969.9990520707,34917.549209754565,37528.144010185315,60281.19211638065,34151.4471069917,137731.61106997312,120701.02355613859,193659.03198264664,743.2959576495621,77.44748031611633,43.094023248245236,74.50696149800896,51.700297575996395,110.37811505595397,138.33051528466032,247.83856467058087,164558.26624136203,11975.903313210112,11504.509246716509,16449.540258442066,13483.550380759058,25691.577474503523,29290.662276467545,56162.52329126297,690201.3159715907,27221.710402944867,45587.96072714331,63823.22936050275,47733.1104644631,135088.82235788603,137150.65201326733,233595.83064538258,1098.422575039242,79.44490494903565,75.24198393333626,84.80395553131699,82.82084961558532,172.8814209604187,235.34826532585143,367.88119472369766,75195.08943797307,4312.857316174822,6320.804402660232,5695.511306345608,8234.359987516795,9559.265433121125,11803.193336523182,29269.097655631354,297826.54278153693,8253.464873896963,25566.99560985953,21001.721728810164,29862.984411198893,49133.78972525386,53136.236603318845,110871.3498291984,1714.6366327614196,36.21358053881073,144.89888624961472,63.164607055215356,138.69174390789033,290.66898207687376,473.2355478358307,567.7632850971842,93573.45024980081,12954.529894536032,6715.275843874368,11887.409112280231,11166.535424869753,6461.795436650265,10687.375046315881,33700.52949127437,355283.6410607429,28392.88981065496,26792.701992202507,47392.75359654625,46741.46814121879,32423.130689184523,44161.40906931146,129379.28776162417,985.7737702198772,56.42662459588623,51.76926761579132,56.35061357909775,81.1056638571167,278.80874602565,161.14887233385465,300.1639822124805,322810.5578170125,52313.2052265875,15182.119913996468,46735.01211713537,20463.74878283,42164.952365617624,43642.603174054275,102308.91623679102,1358302.5719429757,114539.74116817731,68685.96434154866,180700.44392656884,74387.40745637429,247274.67705495545,229085.21519199247,443629.12280335795,875.0753262560978,137.15074665237427,40.42235260439205,122.90629709316539,56.589124672019956,107.49948322705077,134.4539033176727,276.0534186894226
2197.0,140874.6030923795,15512.51283740051,8243.708063041593,15017.675813821677,9320.66153236653,22727.017263844384,23214.491451156096,46838.53613074866,619015.3427354399,34921.15572868627,37532.898299319,60289.832228636966,34155.31485226236,137778.00799755714,120718.54064706773,193619.59298191126,743.2959576495621,77.44748031611633,43.094023248245236,74.50696149800896,51.700297575996395,110.37811505595397,138.33051528466032,247.83856467058087,164601.8529723558,11977.568192915176,11507.606941938295,16453.337880965642,13486.83527449587,25700.49851308525,29299.50383367231,56176.50233528349,690332.0135225459,27223.61097464795,45598.585609919326,63835.12820903868,47743.386605242464,135140.51788555805,137186.58247914037,233604.2017590012,1098.422575039242,79.44490494903565,75.24198393333626,84.80395553131699,82.82084961558532,172.8814209604187,235.34826532585143,367.88119472369766,75207.30279933818,4313.197725749838,6321.593563087188,5696.377482121725,8235.597797102206,9561.92341151846,11805.263752835803,29273.3490669232,297849.3516636075,8249.777881330478,25571.719074711877,21000.666374230466,29868.3588471419,49151.10511965611,53146.95949327381,110860.76487326324,1714.6366327614196,36.21358053881073,144.89888624961472,63.164607055215356,138.69174390789033,290.66898207687376,473.2355478358307,567.7632850971842,93595.83444739535,12957.062301046777,6717.061906045081,11890.205811755393,11169.193250111812,6463.471968779275,10690.249638924797,33708.58957073234,355289.52485286334,28394.502087647965,26796.545218847146,47397.8472737086,46750.92844340699,32433.750050209397,44165.492978707174,129350.4588003359,985.7737702198772,56.42662459588623,51.76926761579132,56.35061357909775,81.1056638571167,278.80874602565,161.14887233385465,300.1639822124805,322906.29038844845,52326.894841916874,15186.797900325386,46748.458669395324,20469.640402004534,42179.62549787155,43656.49964700365,102338.37342993173,1358578.2979633084,114572.36735077463,68700.38649021857,180753.19104368018,74402.3281160162,247364.52837948166,229136.22633675512,443649.2702463791,875.0753262560978,137.15074665237427,40.42235260439205,122.90629709316539,56.589124672019956,107.49948322705077,134.4539033176727,276.0534186894226
2198.0,140897.81085640923,15514.396283470334,8245.118641793582,15019.927273214016,9322.096470565977,22731.78255403688,23218.724704255743,46845.76492907291,619045.5718576864,34923.560074640765,37536.06782540808,60295.59230347457,34157.89334910945,137808.93928261317,120730.21870768715,193593.30031475445,743.2959576495621,77.44748031611633,43.094023248245236,74.50696149800896,51.700297575996395,110.37811505595397,138.33051528466032,247.83856467058087,164630.91079301923,11978.678112718546,11509.672072086185,16455.8696293147,13489.025203653746,25706.445872139717,29305.39820514216,56185.82169796381,690419.1452231844,27224.87802244998,45605.668865103326,63843.06077472929,47750.23736576206,135174.9815706727,137210.5361230557,233609.78250141404,1098.422575039242,79.44490494903565,75.24198393333626,84.80395553131699,82.82084961558532,172.8814209604187,235.34826532585143,367.88119472369766,75215.44504024874,4313.424665466515,6322.119670038488,5696.954932639134,8236.423003492491,9563.695397116679,11806.644030377565,29276.183341117725,297864.5575849883,8247.319886286159,25574.868051280097,20999.96280451065,29871.941804437214,49162.648715924384,53154.10808657714,110853.70823597313,1714.6366327614196,36.21358053881073,144.89888624961472,63.164607055215356,138.69174390789033,290.66898207687376,473.2355478358307,567.7632850971842,93610.7572457917,12958.750572053943,6718.252614158911,11892.070278072173,11170.965133606536,6464.589656865269,10692.166033997404,33713.96295703751,355293.4473809444,28395.57693897667,26799.10736994364,47401.24305848345,46757.2353115324,32440.82962422599,44168.21558497102,129331.23949281043,985.7737702198772,56.42662459588623,51.76926761579132,56.35061357909775,81.1056638571167,278.80874602565,161.14887233385465,300.1639822124805,322970.11210274015,52336.02125213648,15189.916557878008,46757.42303756867,20473.568148120892,42189.40758604086,43665.7639623032,102358.01155869228,1358762.1153101956,114594.11813917295,68710.00125599862,180788.35578842115,74412.27522244425,247424.42926249938,229170.2337665969,443662.7018750599,875.0753262560978,137.15074665237427,40.42235260439205,122.90629709316539,56.589124672019956,107.49948322705077,134.4539033176727,276.0534186894226
2199.0,140909.4147384245,15515.338006505248,8245.823931169565,15021.053002910185,9322.813939665708,22734.165199133124,23220.84133080557,46849.37932823507,619060.6864188111,34924.762247618004,37537.65258845264,60298.472340893444,34159.182597533,137824.40492514122,120736.05773799685,193580.15398117597,743.2959576495621,77.44748031611633,43.094023248245236,74.50696149800896,51.700297575996395,110.37811505595397,138.33051528466032,247.83856467058087,164645.4397033504,11979.233072620242,11510.704637160117,16457.135503489233,13490.120168232681,25709.41955166697,29308.34539087705,56190.48137930413,690462.7110735065,27225.511546351,45609.21049269536,63847.02705757453,47753.66274602188,135192.21341323,137222.5129450133,233612.57287262045,1098.422575039242,79.44490494903565,75.24198393333626,84.80395553131699,82.82084961558532,172.8814209604187,235.34826532585143,367.88119472369766,75219.51616070358,4313.538135324857,6322.3827235141525,5697.243657897839,8236.83560668763,9564.581389915784,11807.334169148435,29277.600478214976,297872.1605456793,8246.090888764,25576.442539564214,20999.611019650736,29873.733283084875,49168.42051405848,53157.682383228755,110850.17991732819,1714.6366327614196,36.21358053881073,144.89888624961472,63.164607055215356,138.69174390789033,290.66898207687376,473.2355478358307,567.7632850971842,93618.2186449901,12959.594707557519,6718.847968215816,11893.002511230567,11171.851075353887,6465.148500908276,10693.124231533715,33716.64965019013,355295.4086449839,28396.114364641002,26800.38844549186,47402.94095087086,46760.388745595126,32444.36941123428,44169.57688810293,129321.62983904788,985.7737702198772,56.42662459588623,51.76926761579132,56.35061357909775,81.1056638571167,278.80874602565,161.14887233385465,300.1639822124805,323002.02295988624,52340.58445724623,15191.475886654329,46761.905221655405,20475.532021179064,42194.2986301255,43670.396119953024,102367.83062307227,1358854.0239836373,114604.993533372,68714.80863888869,180805.93816079132,74417.24877565826,247454.37970400817,229187.23748151783,443669.41768940084,875.0753262560978,137.15074665237427,40.42235260439205,122.90629709316539,56.589124672019956,107.49948322705077,134.4539033176727,276.0534186894226
2200.0,140909.4147384245,15515.338006505248,8245.823931169565,15021.053002910185,9322.813939665708,22734.165199133124,23220.84133080557,46849.37932823507,619060.6864188111,34924.762247618004,37537.65258845264,60298.472340893444,34159.182597533,137824.40492514122,120736.05773799685,193580.15398117597,743.2959576495621,77.44748031611633,43.094023248245236,74.50696149800896,51.700297575996395,110.37811505595397,138.33051528466032,247.83856467058087,164645.4397033504,11979.233072620242,11510.704637160117,16457.135503489233,13490.120168232681,25709.41955166697,29308.34539087705,56190.48137930413,690462.7110735065,27225.511546351,45609.21049269536,63847.02705757453,47753.66274602188,135192.21341323,137222.5129450133,233612.57287262045,1098.422575039242,79.44490494903565,75.24198393333626,84.80395553131699,82.82084961558532,172.8814209604187,235.34826532585143,367.88119472369766,75219.51616070358,4313.538135324857,6322.3827235141525,5697.243657897839,8236.83560668763,9564.581389915784,11807.334169148435,29277.600478214976,297872.1605456793,8246.090888764,25576.442539564214,20999.611019650736,29873.733283084875,49168.42051405848,53157.682383228755,110850.17991732819,1714.6366327614196,36.21358053881073,144.89888624961472,63.164607055215356,138.69174390789033,290.66898207687376,473.2355478358307,567.7632850971842,93618.2186449901,12959.594707557519,6718.847968215816,11893.002511230567,11171.851075353887,6465.148500908276,10693.124231533715,33716.64965019013,355295.4086449839,28396.114364641002,26800.38844549186,47402.94095087086,46760.388745595126,32444.36941123428,44169.57688810293,129321.62983904788,985.7737702198772,56.42662459588623,51.76926761579132,56.35061357909775,81.1056638571167,278.80874602565,161.14887233385465,300.1639822124805,323002.02295988624,52340.58445724623,15191.475886654329,46761.905221655405,20475.532021179064,42194.2986301255,43670.396119953024,102367.83062307227,1358854.0239836373,114604.993533372,68714.80863888869,180805.93816079132,74417.24877565826,247454.37970400817,229187.23748151783,443669.41768940084,875.0753262560978,137.15074665237427,40.42235260439205,122.90629709316539,56.589124672019956,107.49948322705077,134.4539033176727,276.0534186894226
