Time,Coastal GDP (global) ssp126,Coastal GDP (Global) ssp126,Coastal Capital (global) ssp126,Coastal Capital (Global) ssp126,Coastal pop (global) ssp126,Coastal pop (Global) ssp126,Coastal GDP (global) ssp245,Coastal GDP (Global) ssp245,Coastal Capital (global) ssp245,Coastal Capital (Global) ssp245,Coastal pop (global) ssp245,Coastal pop (Global) ssp245,Coastal GDP (global) ssp370,Coastal GDP (Global) ssp370,Coastal Capital (global) ssp370,Coastal Capital (Global) ssp370,Coastal pop (global) ssp370,Coastal pop (Global) ssp370,Coastal GDP (global) ssp460,Coastal GDP (Global) ssp460,Coastal Capital (global) ssp460,Coastal Capital (Global) ssp460,Coastal pop (global) ssp460,Coastal pop (Global) ssp460,Coastal GDP (global) ssp585,Coastal GDP (Global) ssp585,Coastal Capital (global) ssp585,Coastal Capital (Global) ssp585,Coastal pop (global) ssp585,Coastal pop (Global) ssp585
2000.0,11293.316342801347,11293.316342801347,58623.22805197852,58623.22805197852,951.5125102797817,951.5125102797817,11293.316627802998,11293.316627802998,58623.22805197852,58623.22805197852,951.508745007687,951.508745007687,11293.314817597175,11293.314817597175,58623.22805197852,58623.22805197852,951.5318064081387,951.5318064081387,11293.316599566175,11293.316599566175,58623.22805197852,58623.22805197852,951.5172153077359,951.5172153077359,11293.318475786205,11293.318475786205,58623.22805197852,58623.22805197852,951.4880354655728,951.4880354655728
2001.0,11511.481803245812,11511.481803245812,60601.51372187199,60601.51372187199,962.9831154347019,962.9831154347019,11511.482077228218,11511.482077228218,60601.51372187199,60601.51372187199,962.9793236964206,962.9793236964206,11511.480428867768,11511.480428867768,60601.51372187199,60601.51372187199,963.0025475698337,963.0025475698337,11511.4820345466,11511.4820345466,60601.51372187199,60601.51372187199,962.987853856699,962.987853856699,11511.483768289796,11511.483768289796,60601.51372187199,60601.51372187199,962.9584688310032,962.9584688310032
2002.0,11804.2849153859,11804.2849153859,62644.87810926126,62644.87810926126,974.3069034377612,974.3069034377612,11804.285108198694,11804.285108198694,62644.87810926126,62644.87810926126,974.303089251543,974.303089251543,11804.283709436675,11804.283709436675,62644.87810926126,62644.87810926126,974.3264414896412,974.3264414896412,11804.28511160544,11804.28511160544,62644.87810926126,62644.87810926126,974.3116671452198,974.3116671452198,11804.286652755081,11804.286652755081,62644.87810926126,62644.87810926126,974.2821226029224,974.2821226029224
2003.0,12211.239600792447,12211.239600792447,64860.72849587212,64860.72849587212,985.5802818887892,985.5802818887892,12211.239893443284,12211.239893443284,64860.72849587212,64860.72849587212,985.576453813899,985.576453813899,12211.238222628948,12211.238222628948,64860.72849587212,64860.72849587212,985.5999065833082,985.5999065833082,12211.2398495394,12211.2398495394,64860.72849587212,64860.72849587212,985.5850680424146,985.5850680424146,12211.241580654207,12211.241580654207,64860.72849587212,64860.72849587212,985.5553914429273,985.5553914429273
2004.0,12808.294554606062,12808.294554606062,67374.75414589251,67374.75414589251,996.9160093134154,996.9160093134154,12808.294865533484,12808.294865533484,67374.75414589251,67374.75414589251,996.9121649285888,996.9121649285888,12808.292873062577,12808.292873062577,67374.75414589251,67374.75414589251,996.93570700708,996.93570700708,12808.29486863247,12808.29486863247,67374.75414589251,67374.75414589251,996.9208131942748,996.9208131942748,12808.29697746487,12808.29697746487,67374.75414589251,67374.75414589251,996.8910262389526,996.8910262389526
2005.0,13351.99471010399,13351.99471010399,70078.61039644042,70078.61039644042,1008.3791253504428,1008.3791253504428,13351.995066190866,13351.995066190866,70078.61039644042,70078.61039644042,1008.3752686153355,1008.3752686153355,13351.992843157816,13351.992843157816,70078.61039644042,70078.61039644042,1008.3988957192173,1008.3988957192173,13351.99503716422,13351.99503716422,70078.61039644042,70078.61039644042,1008.3839472394809,1008.3839472394809,13351.997429611745,13351.997429611745,70078.61039644042,70078.61039644042,1008.3540526480502,1008.3540526480502
2006.0,13982.14143020064,13982.14143020064,73252.27655686233,73252.27655686233,1019.9959617801642,1019.9959617801642,13982.141823261358,13982.141823261358,73252.27655686233,73252.27655686233,1019.9920891516241,1019.9920891516241,13982.139560790276,13982.139560790276,73252.27655686233,73252.27655686233,1020.0158130133185,1020.0158130133185,13982.141810542296,13982.141810542296,73252.27655686233,73252.27655686233,1020.0008045622687,1020.0008045622687,13982.144016805612,13982.144016805612,73252.27655686233,73252.27655686233,1019.9707823453498,1019.9707823453498
2007.0,14603.678835554987,14603.678835554987,76649.25619708667,76649.25619708667,1031.743275366537,1031.743275366537,14603.679233330635,14603.679233330635,76649.25619708667,76649.25619708667,1031.73938671871,1031.73938671871,14603.676999391882,14603.676999391882,76649.25619708667,76649.25619708667,1031.7632106604824,1031.7632106604824,14603.679210496526,14603.679210496526,76649.25619708667,76649.25619708667,1031.7481372110806,1031.7481372110806,14603.681573553886,14603.681573553886,76649.25619708667,76649.25619708667,1031.7179928569544,1031.7179928569544
2008.0,14880.509637537365,14880.509637537365,79890.00671996584,79890.00671996584,1043.5529671160473,1043.5529671160473,14880.509964004645,14880.509964004645,79890.00671996584,79890.00671996584,1043.549062538838,1043.549062538838,14880.507560523736,14880.507560523736,79890.00671996584,79890.00671996584,1043.572969736897,1043.572969736897,14880.509987222458,14880.509987222458,79890.00671996584,79890.00671996584,1043.5578445797923,1043.5578445797923,14880.512577175712,14880.512577175712,79890.00671996584,79890.00671996584,1043.5275962234082,1043.5275962234082
2009.0,14744.741620905399,14744.741620905399,83307.03780242024,83307.03780242024,1055.3435844499363,1055.3435844499363,14744.742040945855,14744.742040945855,83307.03780242024,83307.03780242024,1055.3396677921605,1055.3396677921605,14744.73943316559,14744.73943316559,83307.03780242024,83307.03780242024,1055.3636593768772,1055.3636593768772,14744.74207439049,14744.74207439049,83307.03780242024,83307.03780242024,1055.3484815584568,1055.3484815584568,14744.74484692295,14744.74484692295,83307.03780242024,83307.03780242024,1055.318125435166,1055.318125435166
2010.0,15520.627957310453,15520.627957310453,87060.34361292578,87060.34361292578,1067.0402805309552,1067.0402805309552,15520.628336959498,15520.628336959498,87060.34361292578,87060.34361292578,1067.0363512216902,1067.0363512216902,15520.625530487745,15520.625530487745,87060.34361292578,87060.34361292578,1067.060407110362,1067.060407110362,15520.62833523914,15520.62833523914,87060.34361292578,87060.34361292578,1067.0451876894026,1067.0451876894026,15520.631322676503,15520.631322676503,87060.34361292578,87060.34361292578,1067.0147507663678,1067.0147507663678
2011.0,16103.643355489537,16103.643355489537,90979.22759499638,90979.22759499638,1076.2538545893044,1076.2538545893044,16106.836987479239,16106.836987479239,90979.22759499638,90979.22759499638,1077.0795781780184,1077.0795781780184,16096.838278439625,16096.838278439625,90979.22759499638,90979.22759499638,1077.5381270552944,1077.5381270552944,16099.297860849718,16099.297860849718,90979.22759499638,90979.22759499638,1076.624402768628,1076.624402768628,16115.488043459207,16115.488043459207,90979.22759499638,90979.22759499638,1076.3878254615906,1076.3878254615906
2012.0,16718.628439494078,16718.628439494078,95255.27814418128,95255.27814418128,1085.5975406431598,1085.5975406431598,16725.571264627615,16725.571264627615,95255.27814418128,95255.27814418128,1087.275092717154,1087.275092717154,16705.207446401993,16705.207446401993,95255.27814418128,95255.27814418128,1088.1807303574467,1088.1807303574467,16709.89074978452,16709.89074978452,95255.27814418128,95255.27814418128,1086.352838868904,1086.352838868904,16743.152063288915,16743.152063288915,95255.27814418128,95255.27814418128,1085.8978929476136,1085.8978929476136
2013.0,17367.75568608746,17367.75568608746,99681.77895162262,99681.77895162262,1095.0741255657254,1095.0741255657254,17379.061330143664,17379.061330143664,99681.77895162262,99681.77895162262,1097.6261867885212,1097.6261867885212,17347.951578294553,17347.951578294553,99681.77895162262,99681.77895162262,1098.991699738706,1098.991699738706,17354.587656483265,17354.587656483265,99681.77895162262,99681.77895162262,1096.2339246129723,1096.2339246129723,17405.862616721854,17405.862616721854,99681.77895162262,99681.77895162262,1095.5481834362115,1095.5481834362115
2014.0,18053.364918793974,18053.364918793974,104207.43678274161,104207.43678274161,1104.6863878641605,1104.6863878641605,18069.711752715462,18069.711752715462,104207.43678274161,104207.43678274161,1108.1362870233902,1108.1362870233902,18027.457087333147,18027.457087333147,104207.43678274161,104207.43678274161,1109.974518771164,1109.974518771164,18035.733989902714,18035.733989902714,104207.43678274161,104207.43678274161,1106.2711097405681,1106.2711097405681,18106.035198557853,18106.035198557853,104207.43678274161,104207.43678274161,1105.3420182067298,1105.3420182067298
2015.0,18777.976477286004,18777.976477286004,109205.91606481383,109205.91606481383,1114.4373259577912,1114.4373259577912,18800.112693490588,18800.112693490588,109205.91606481383,109205.91606481383,1118.8088729084911,1118.8088729084911,18746.29668529592,18746.29668529592,109205.91606481383,109205.91606481383,1121.1327537655516,1121.1327537655516,18755.858279422035,18755.858279422035,109205.91606481383,109205.91606481383,1116.468059770198,1116.468059770198,18846.272406439304,18846.272406439304,109205.91606481383,109205.91606481383,1115.2829836535702,1115.2829836535702
2016.0,19552.265208352037,19552.265208352037,114346.29302551234,114346.29302551234,1122.3297716552947,1122.3297716552947,19562.22896091469,19562.22896091469,114346.29302551234,114346.29302551234,1128.1131130727915,1128.1131130727915,19477.017154714464,19477.017154714464,114346.29302551234,114346.29302551234,1131.446941856882,1131.446941856882,19505.644531669102,19505.644531669102,114346.29302551234,114346.29302551234,1125.08935078613,1125.08935078613,19662.444628408477,19662.444628408477,114346.29302551234,114346.29302551234,1123.4654854900784,1123.4654854900784
2017.0,20369.024593609905,20369.024593609905,119878.68867533372,119878.68867533372,1130.314978048677,1130.314978048677,20365.575129196848,20365.575129196848,119878.68867533372,119878.68867533372,1137.5418573781576,1137.5418573781576,20247.27254247401,20247.27254247401,119878.68867533372,119878.68867533372,1141.9192102894283,1141.9192102894283,20295.551228365177,20295.551228365177,119878.68867533372,119878.68867533372,1133.8367600252714,1133.8367600252714,20524.54025267501,20524.54025267501,119878.68867533372,119878.68867533372,1131.747024452149,1131.747024452149
2018.0,21231.012359662946,21231.012359662946,125525.91630965639,125525.91630965639,1138.3942934561892,1138.3942934561892,21212.7751882239,21212.7751882239,125525.91630965639,125525.91630965639,1147.0971306256342,1147.0971306256342,21059.58971397421,21059.58971397421,125525.91630965639,125525.91630965639,1152.552348981061,1152.552348981061,21128.10614940306,21128.10614940306,125525.91630965639,125525.91630965639,1142.7125465680742,1142.7125465680742,21435.600154601256,21435.600154601256,125525.91630965639,125525.91630965639,1140.129137161899,1140.129137161899
2019.0,22141.18535759282,22141.18535759282,131421.4422826395,131421.4422826395,1146.5690509258393,1146.5690509258393,22106.639441453804,22106.639441453804,131421.4422826395,131421.4422826395,1156.7810805317506,1156.7810805317506,21916.673734899392,21916.673734899392,131421.4422826395,131421.4422826395,1163.3492887445402,1163.3492887445402,22006.01209043182,22006.01209043182,131421.4422826395,131421.4422826395,1151.719219917333,1151.719219917333,22398.883789061587,22398.883789061587,131421.4422826395,131421.4422826395,1148.6133592567587,1148.6133592567587
2020.0,23102.71125760371,23102.71125760371,134201.02642377815,134201.02642377815,1154.8407379814462,1154.8407379814462,23050.168230582924,23050.168230582924,134201.02642377815,134201.02642377815,1166.5956534001884,1166.5956534001884,22821.41647626739,22821.41647626739,134201.02642377815,134201.02642377815,1174.3129642772283,1174.3129642772283,22932.157527844454,22932.157527844454,134201.02642377815,134201.02642377815,1160.8592011570342,1160.8592011570342,23417.89064969686,23417.89064969686,134201.02642377815,134201.02642377815,1157.2012537098065,1157.2012537098065
2021.0,24034.495607787798,24034.495607787798,137303.80769798244,137303.80769798244,1161.3506868919624,1161.3506868919624,23873.239006048894,23873.239006048894,137199.5216156707,137199.5216156707,1174.9202296429028,1174.9202296429028,23531.41010319844,23531.41010319844,137082.54363622153,137082.54363622153,1184.0644316380076,1184.0644316380076,23752.195963357943,23752.195963357943,137146.30100967386,137146.30100967386,1168.2155427624243,1168.2155427624243,24511.20238437188,24511.20238437188,137503.2211796384,137503.2211796384,1164.1568849056864,1164.1568849056864
2022.0,25014.649912096364,25014.649912096364,140703.75328652197,140703.75328652197,1167.9318725893463,1167.9318725893463,24733.742874950003,24733.742874950003,140421.82606829255,140421.82606829255,1183.3502870598093,1183.3502870598093,24270.990390518356,24270.990390518356,140134.49132512958,140134.49132512958,1193.966944339757,1193.966944339757,24608.516539606873,24608.516539606873,140313.74133741562,140313.74133741562,1175.6834805012136,1175.6834805012136,25667.81973689445,25667.81973689445,141186.90728700696,141186.90728700696,1171.1938156171116,1171.1938156171116
2023.0,26046.088860648815,26046.088860648815,144412.43037947203,144412.43037947203,1174.5853914079485,1174.5853914079485,25633.6272487988,25633.6272487988,143875.0567837996,143875.0567837996,1191.8872830308942,1191.8872830308942,25041.571010179916,25041.571010179916,143362.2976023526,143362.2976023526,1204.0231364780186,1204.0231364780186,25502.943427007856,25502.943427007856,143709.7758953985,143709.7758953985,1183.2649435884146,1183.2649435884146,26891.95791071621,26891.95791071621,145269.27376983326,145269.27376983326,1178.3130456422423,1178.3130456422423
2024.0,27131.90746027556,27131.90746027556,148442.89688186895,148442.89688186895,1181.3120953153543,1181.3120953153543,26574.952348563766,26574.952348563766,147567.24658160406,147567.24658160406,1200.5328151463623,1200.5328151463623,25844.640028294576,25844.640028294576,146772.06942341386,146772.06942341386,1214.235707210114,1214.235707210114,26437.40423362116,26437.40423362116,147341.8101407824,147341.8101407824,1190.9621700004357,1190.9621700004357,28188.129148348024,28188.129148348024,149769.70276502488,149769.70276502488,1185.51581012261,1185.51581012261
2025.0,28275.40814827031,28275.40814827031,152798.31683668014,152798.31683668014,1188.11294814985,1188.11294814985,27559.892120734068,27559.892120734068,151489.1751914062,151489.1751914062,1209.2886523843626,1209.2886523843626,26681.763371506033,26681.763371506033,150347.9903695274,150347.9903695274,1224.607421687593,1224.607421687593,27413.925680494373,27413.925680494373,151202.36649078902,151202.36649078902,1198.777213060385,1198.777213060385,29561.177971505986,29561.177971505986,154703.12800941087,154703.12800941087,1192.8034327802538,1192.8034327802538
2026.0,29377.19084101953,29377.19084101953,157419.21322832134,157419.21322832134,1193.0976191225238,1193.0976191225238,28402.013709662853,28402.013709662853,155535.72450460258,155535.72450460258,1216.4781265819893,1216.4781265819893,27307.59237462779,27307.59237462779,153956.62636833795,153956.62636833795,1233.6568998027706,1233.6568998027706,28278.450362246727,28278.450362246727,155198.68562469815,155198.68562469815,1204.7112433830155,1204.7112433830155,30983.942915341533,30983.942915341533,160042.96446932573,160042.96446932573,1198.3551065437846,1198.3551065437846
2027.0,30532.137630116875,30532.137630116875,162317.72614322382,162317.72614322382,1198.135775983381,1198.135775983381,29275.709976770937,29275.709976770937,159713.27086334172,159713.27086334172,1223.7556477461194,1223.7556477461194,27952.7258418311,27952.7258418311,157603.34607063123,157603.34607063123,1242.850036634147,1242.850036634147,29174.622703502155,29174.622703502155,159336.57716892674,159336.57716892674,1210.7458577462744,1210.7458577462744,32487.4556758091,32487.4556758091,165809.87021273057,165809.87021273057,1203.9714106444344,1203.9714106444344
2028.0,31743.164371099298,31743.164371099298,167507.00392949072,167507.00392949072,1203.2281014535413,1203.2281014535413,30182.319847283048,30182.319847283048,164028.4500887494,164028.4500887494,1231.1226371333632,1231.1226371333632,28617.840903358447,28617.840903358447,161293.57814172152,161293.57814172152,1252.1892722165555,1252.1892722165555,30103.720910613552,30103.720910613552,163622.08256084615,163622.08256084615,1216.8829628894791,1216.8829628894791,34076.838371134116,34076.838371134116,172026.3356686059,172026.3356686059,1209.6531717249718,1209.6531717249718
2029.0,33013.36060838616,33013.36060838616,173001.1571352261,173001.1571352261,1208.3752042726603,1208.3752042726603,31123.240210452026,31123.240210452026,168488.21649208452,168488.21649208452,1238.5801505346092,1238.5801505346092,29303.63372848376,29303.63372848376,165032.79787368557,165032.79787368557,1261.676906372877,1261.676906372877,31067.083252582546,31067.083252582546,168061.6044976837,168061.6044976837,1223.1244865744231,1223.1244865744231,35757.56747267475,35757.56747267475,178716.81462532294,178716.81462532294,1215.4012939637971,1215.4012939637971
2030.0,34345.997541929566,34345.997541929566,178797.92912295958,178797.92912295958,1213.577684821705,1213.577684821705,32099.93630358093,32099.93630358093,173082.2150071252,173082.2150071252,1246.129653545935,1246.129653545935,30010.838801473317,30010.838801473317,168806.2098365961,168806.2098365961,1271.315696914422,1271.315696914422,32066.10538841466,32066.10538841466,172644.13667059917,172644.13667059917,1229.472472811161,1229.472472811161,37535.47966512719,37535.47966512719,185887.11399103337,185887.11399103337,1221.2165276288422,1221.2165276288422
2031.0,35582.016735588004,35582.016735588004,184804.9185982958,184804.9185982958,1217.4187119712133,1217.4187119712133,32932.656062203416,32932.656062203416,177712.9473840727,177712.9473840727,1252.1858752155956,1252.1858752155956,30519.930527907738,30519.930527907738,172500.65308425104,172500.65308425104,1279.2757668139075,1279.2757668139075,32919.69809615903,32919.69809615903,177269.8651301161,177269.8651301161,1234.1864670071238,1234.1864670071238,39241.35905663473,39241.35905663473,193431.7452673532,193431.7452673532,1225.6757630157647,1225.6757630157647
2032.0,36872.085281267005,36872.085281267005,191034.72211886707,191034.72211886707,1221.304797735341,1221.304797735341,33791.80464654601,33791.80464654601,182387.6445133897,182387.6445133897,1258.31785494105,1258.31785494105,31040.98772927638,31040.98772927638,176123.98485965555,176123.98485965555,1287.3643327390703,1287.3643327390703,33798.9804322163,33798.9804322163,181945.28949092925,181945.28949092925,1238.9919304405703,1238.9919304405703,41036.07988663427,41036.07988663427,201372.22619172314,201372.22619172314,1230.1911737492246,1230.1911737492246
2033.0,38218.90443797846,38218.90443797846,197500.5328444199,197500.5328444199,1225.2365198359184,1225.2365198359184,34678.34074370118,34678.34074370118,187113.56544164338,187113.56544164338,1264.5265095677642,1264.5265095677642,31574.345524914028,31574.345524914028,179683.81779178054,179683.81779178054,1295.5836950516948,1295.5836950516948,34704.8035020371,34704.8035020371,186676.87788077263,186676.87788077263,1243.8901846757049,1243.8901846757049,42924.792194442496,42924.792194442496,209731.47084769726,209731.47084769726,1234.7634412776827,1234.7634412776827
2034.0,39625.32000602298,39625.32000602298,204216.15203806476,204216.15203806476,1229.214344815401,1229.214344815401,35593.27030667025,35593.27030667025,191897.92232898413,191897.92232898413,1270.8130605292001,1270.8130605292001,32120.339288232382,32120.339288232382,183187.43714113176,183187.43714113176,1303.935741247764,1303.935741247764,35638.05312420137,35638.05312420137,191471.08720575875,191471.08720575875,1248.8830457381662,1248.8830457381662,44912.96626677442,44912.96626677442,218533.7659443547,218533.7659443547,1239.393222750616,1239.393222750616
2035.0,41094.32936810766,41094.32936810766,211172.4200373344,211172.4200373344,1233.2386932176003,1233.2386932176003,36537.6364943952,36537.6364943952,196736.86706300057,196736.86706300057,1277.1782146715564,1277.1782146715564,32679.325042512748,32679.325042512748,186631.6223470146,186631.6223470146,1312.422694713877,1312.422694713877,36599.63986648059,36599.63986648059,196320.36640248954,196320.36640248954,1253.9720406196989,1253.9720406196989,47006.42204594728,47006.42204594728,227770.00285475227,227770.00285475227,1244.0812011644339,1244.0812011644339
2036.0,42386.15901826011,42386.15901826011,218243.9180548029,218243.9180548029,1235.7563634658698,1235.7563634658698,37392.68609754806,37392.68609754806,201573.66392915446,201573.66392915446,1282.0554167416228,1282.0554167416228,33132.197790585924,33132.197790585924,189966.65295810538,189966.65295810538,1319.5290622827215,1319.5290622827215,37428.670910541136,37428.670910541136,201151.34195439084,201151.34195439084,1257.4146637259903,1257.4146637259903,48857.37910613334,48857.37910613334,237254.25350559645,237254.25350559645,1247.2882282910393,1247.2882282910393
2037.0,43727.71213998408,43727.71213998408,225443.7674655152,225443.7674655152,1238.312381952632,1238.312381952632,38272.67569356257,38272.67569356257,206416.45287225963,206416.45287225963,1286.9983847110495,1286.9983847110495,33594.61624450984,33594.61624450984,193201.428368869,193201.428368869,1326.7566856195474,1326.7566856195474,38279.16816905325,38279.16816905325,205971.62804213533,205971.62804213533,1260.9445284230121,1260.9445284230121,50791.59666024532,50791.59666024532,247007.07776176542,247007.07776176542,1250.5450978622841,1250.5450978622841
2038.0,45121.23358709596,45121.23358709596,232785.35384580353,232785.35384580353,1240.907086139511,1240.907086139511,39178.46512155316,39178.46512155316,211273.31936559002,211273.31936559002,1292.0079099071431,1292.0079099071431,34066.817734787146,34066.817734787146,196344.41054583443,196344.41054583443,1334.1071230223054,1334.1071230223054,39151.75135930102,39151.75135930102,210788.66564379112,210788.66564379112,1264.5628467183328,1264.5628467183328,52813.311807952385,52813.311807952385,257049.62065237158,257049.62065237158,1253.8522916954932,1253.8522916954932
2039.0,46569.07466668953,46569.07466668953,240282.27819845488,240282.27819845488,1243.5408126818622,1243.5408126818622,40110.94439618447,40110.94439618447,216152.2841246256,216152.2841246256,1297.0846618972826,1297.0846618972826,34549.05383942593,34549.05383942593,199403.78559103655,199403.78559103655,1341.5823796207876,1341.5823796207876,40047.062197568805,40047.062197568805,215609.71132513232,215609.71132513232,1268.2710379901184,1268.2710379901184,54927.004179010924,54927.004179010924,267403.76258265733,267403.76258265733,1257.2104051531671,1257.2104051531671
2040.0,48073.70732518045,48073.70732518045,247924.1594394378,247924.1594394378,1246.2138273993849,1246.2138273993849,41071.041368861115,41071.041368861115,221050.84157855329,221050.84157855329,1302.2295786885347,1302.2295786885347,35041.579868032386,35041.579868032386,202378.34377927496,202378.34377927496,1349.18415452353,1349.18415452353,40965.7614426714,40965.7614426714,220428.26614963083,220428.26614963083,1272.0704189447988,1272.0704189447988,57137.399716284206,57137.399716284206,278058.0722096837,278058.0722096837,1260.6198560521993,1260.6198560521993
2041.0,49370.23063338155,49370.23063338155,255587.41346046538,255587.41346046538,1247.2938521831375,1247.2938521831375,41943.113680733186,41943.113680733186,225920.8783480791,225920.8783480791,1305.8742595652436,1305.8742595652436,35437.21013846799,35437.21013846799,205230.29087569666,205230.29087569666,1355.6381444940293,1355.6381444940293,41747.45065464186,41747.45065464186,225178.72420517044,225178.72420517044,1274.2127202984527,1274.2127202984527,59084.74334363147,59084.74334363147,288837.7318121231,288837.7318121231,1262.4933476372023,1262.4933476372023
2042.0,50710.694464340464,50710.694464340464,263286.4790432596,263286.4790432596,1248.4077243402285,1248.4077243402285,42838.770264722945,42838.770264722945,230771.30426997112,230771.30426997112,1309.5766177153014,1309.5766177153014,35840.43663049383,35840.43663049383,207968.90724093484,207968.90724093484,1362.2094327635716,1362.2094327635716,42546.45795904032,42546.45795904032,229869.7447657245,229869.7447657245,1276.4424672166356,1276.4424672166356,61108.6540845374,61108.6540845374,299763.71210756456,299763.71210756456,1264.4132444059728,1264.4132444059728
2043.0,52096.903917135096,52096.903917135096,271035.6651278105,271035.6651278105,1249.5558130459042,1249.5558130459042,43758.7805271459,43758.7805271459,235610.83888507957,235610.83888507957,1313.337119001573,1313.337119001573,36251.44006118674,36251.44006118674,210603.06016424642,210603.06016424642,1368.8995537065869,1368.8995537065869,43363.2241792688,43363.2241792688,234509.71672886147,234509.71672886147,1278.7607424559874,1278.7607424559874,63212.597585822215,63212.597585822215,310857.35965128307,310857.35965128307,1266.379718511853,1266.379718511853
2044.0,53530.738136026026,53530.738136026026,278849.2872249972,278849.2872249972,1250.738108305758,1250.738108305758,44703.94801263282,44703.94801263282,240447.99532572407,240447.99532572407,1317.1562873211408,1317.1562873211408,36670.40119937295,36670.40119937295,213141.2218062132,213141.2218062132,1375.7100329045768,1375.7100329045768,44198.19319060954,44198.19319060954,239106.6638334028,239106.6638334028,1281.1685228504691,1281.1685228504691,65400.23454181199,65400.23454181199,322140.0747779093,322140.0747779093,1268.3934141823793,1268.3934141823793
2045.0,55014.17015821224,55014.17015821224,286715.24818773766,286715.24818773766,1251.9548911242828,1251.9548911242828,45675.10694283478,45675.10694283478,245279.51857328595,245279.51857328595,1321.034803568435,1321.034803568435,37097.51413741361,37097.51413741361,215582.26859704082,215582.26859704082,1382.642558575354,1382.642558575354,45051.82488688393,45051.82488688393,243653.95796107696,243653.95796107696,1283.6670955877914,1283.6670955877914,67675.39357282862,67675.39357282862,333598.26201952936,333598.26201952936,1270.4544084934973,1270.4544084934973
2046.0,56251.61454282856,56251.61454282856,294503.78685075947,294503.78685075947,1251.5658216442598,1251.5658216442598,46540.49655239011,46540.49655239011,250052.54758362583,250052.54758362583,1323.3889227128805,1323.3889227128805,37422.13952420597,37422.13952420597,217888.79621440978,217888.79621440978,1388.5091780205278,1388.5091780205278,45755.204535044475,45755.204535044475,248084.31566270386,248084.31566270386,1284.4938063871598,1284.4938063871598,69649.59293605482,69649.59293605482,345055.1906595191,345055.1906595191,1270.9905151544665,1270.9905151544665
2047.0,57526.35597959123,57526.35597959123,302231.7075728327,302231.7075728327,1251.2096502972806,1251.2096502972806,47427.901987786885,47427.901987786885,254777.17724076018,254777.17724076018,1325.7945072021294,1325.7945072021294,37752.92644258339,37752.92644258339,220070.8665971992,220070.8665971992,1394.4888186696196,1394.4888186696196,46472.00889008879,46472.00889008879,252408.0692113807,252408.0692113807,1285.4113716213292,1285.4113716213292,71692.38144844785,71692.38144844785,356533.8527386266,356533.8527386266,1271.5733109550122,1271.5733109550122
2048.0,58839.805405774,58839.805405774,309915.4443726295,309915.4443726295,1250.8864102867387,1250.8864102867387,48338.02244366493,48338.02244366493,259463.17327126814,259463.17327126814,1328.251902605162,1328.251902605162,38090.01682244803,38090.01682244803,222138.00073406327,222138.00073406327,1400.5829074989208,1400.5829074989208,47202.53536101897,47202.53536101897,256634.9903940976,256634.9903940976,1286.4205992096952,1286.4205992096952,73806.57579251399,73806.57579251399,368057.2365549227,368057.2365549227,1272.20297151441,1272.20297151441
2049.0,60193.44162402977,60193.44162402977,317571.1599181177,317571.1599181177,1250.5961283891468,1250.5961283891468,49271.592785642904,49271.592785642904,264120.0864794495,264120.0864794495,1330.761541143391,1330.761541143391,38433.56260507899,38433.56260507899,224099.27271575626,224099.27271575626,1406.7928601092628,1406.7928601092628,47947.09212853089,47947.09212853089,260774.44631032864,260774.44631032864,1287.5224014479709,1287.5224014479709,75995.12920580088,75995.12920580088,379648.0186183788,379648.0186183788,1272.87972188415,1272.87972188415
2050.0,61588.80489378483,61588.80489378483,325191.1748934666,325191.1748934666,1250.3387882335758,1250.3387882335758,50229.36446682956,50229.36446682956,268747.35085383593,268747.35085383593,1333.3237594100012,1333.3237594100012,38783.70516285414,38783.70516285414,225956.96632114614,225956.96632114614,1413.1198605617165,1413.1198605617165,48705.99140008731,48705.99140008731,264823.68436917855,264823.68436917855,1288.7176593321199,1288.7176593321199,78261.12378259518,78261.12378259518,391298.34173069755,391298.34173069755,1273.6037403191003,1273.6037403191003
2051.0,62771.44036647094,62771.44036647094,332667.8164567142,332667.8164567142,1248.67021860041,1248.67021860041,51108.11559518089,51108.11559518089,273304.06423384184,273304.06423384184,1334.4536923843932,1334.4536923843932,39069.99898113038,39069.99898113038,227689.14178852623,227689.14178852623,1418.2155564968643,1418.2155564968643,49353.238684108874,49353.238684108874,268732.6544812625,268732.6544812625,1288.2909556843886,1288.2909556843886,80276.7308064361,80276.7308064361,402866.01551570976,402866.01551570976,1272.9704513026843,1272.9704513026843
2052.0,63986.97537534942,63986.97537534942,340020.3920709459,340020.3920709459,1247.036803274844,1247.036803274844,52008.58109471044,52008.58109471044,277801.17747551104,277801.17747551104,1335.6297853610915,1335.6297853610915,39362.04090915894,39362.04090915894,229305.64035160406,229305.64035160406,1423.4147942294157,1423.4147942294157,50011.81094985762,50011.81094985762,272512.72478284535,272512.72478284535,1287.9573016458044,1287.9573016458044,82356.62355616988,82356.62355616988,414376.4703016567,414376.4703016567,1272.387113823292,1272.387113823292
2053.0,65236.57462327481,65236.57462327481,347267.493618275,347267.493618275,1245.438382145913,1245.438382145913,52931.44208594916,52931.44208594916,282249.2755049214,282249.2755049214,1336.85201086565,1336.85201086565,39659.9648263036,39659.9648263036,230815.92050247043,230815.92050247043,1428.7186019380713,1428.7186019380713,50681.94361173962,50681.94361173962,276174.717408686,276174.717408686,1287.7172262635015,1287.7172262635015,84503.2412774797,84503.2412774797,425854.6930751586,425854.6930751586,1271.8537136911893,1271.8537136911893
2054.0,66521.46834929266,66521.46834929266,354427.13396491547,354427.13396491547,1243.8749277241702,1243.8749277241702,53877.41291036101,53877.41291036101,286658.6100338622,286658.6100338622,1338.1206692768358,1338.1206692768358,39963.907311441675,39963.907311441675,232228.8516928199,232228.8516928199,1434.1280520556631,1434.1280520556631,51363.87716003932,51363.87716003932,279728.8812679308,279728.8812679308,1287.5712946490946,1287.5712946490946,86719.13206813484,86719.13206813484,437325.22733964387,437325.22733964387,1271.3703036769696,1271.3703036769696
2055.0,67842.92205182083,67842.92205182083,361499.5982094364,361499.5982094364,1242.3462966124905,1242.3462966124905,54847.23326502084,54847.23326502084,291033.1619585601,291033.1619585601,1339.435864687045,1339.435864687045,40274.008467967324,40274.008467967324,233550.63634271343,233550.63634271343,1439.6442203936967,1439.6442203936967,52057.8593984541,52057.8593984541,283178.24817129987,283178.24817129987,1287.5200788778652,1287.5200788778652,89006.96779419197,89006.96779419197,448790.29312757216,448790.29312757216,1270.937118857891,1270.937118857891
2056.0,69002.2396833967,69002.2396833967,368414.8937733995,368414.8937733995,1239.5279352733583,1239.5279352733583,55773.26631669815,55773.26631669815,295353.51156972535,295353.51156972535,1339.4665815036817,1339.4665815036817,40560.95329981602,40560.95329981602,234778.85872901708,234778.85872901708,1444.061363779036,1444.061363779036,52687.503081350056,52687.503081350056,286499.74268081953,286499.74268081953,1285.9687436116533,1285.9687436116533,91116.4042175485,91116.4042175485,460160.03833575256,460160.03833575256,1269.2586623097986,1269.2586623097986
2057.0,70191.58418767682,70191.58418767682,375192.53330323694,375192.53330323694,1236.7488088570972,1236.7488088570972,56721.652128146474,56721.652128146474,299630.10082028166,299630.10082028166,1339.5399491037297,1339.5399491037297,40853.71022262866,40853.71022262866,235921.76968782017,235921.76968782017,1448.5718454975133,1448.5718454975133,53327.56805758949,53327.56805758949,289704.09588974155,289704.09588974155,1284.51321128279,1284.51321128279,93288.62941735392,93288.62941735392,471459.8600624286,471459.8600624286,1267.6348644177842,1267.6348644177842
2058.0,71411.94500926849,71411.94500926849,381851.3408344605,381851.3408344605,1234.0086633620347,1234.0086633620347,57693.088245453524,57693.088245453524,303873.1299204848,303873.1299204848,1339.6560990187168,1339.6560990187168,41152.411831484955,41152.411831484955,236987.2469804935,236987.2469804935,1453.176261468378,1453.176261468378,53978.2561552752,53978.2561552752,292801.49655106966,292801.49655106966,1283.1537640873216,1283.1537640873216,95525.85000051197,95525.85000051197,482714.7417954609,482714.7417954609,1266.0657053328418,1266.0657053328418
2059.0,72664.3630455469,72664.3630455469,388409.4571266153,388409.4571266153,1231.3074611713405,1231.3074611713405,58688.28358641698,58688.28358641698,308092.3979312049,308092.3979312049,1339.815035108325,1339.815035108325,41457.19599766557,41457.19599766557,237982.75455691808,237982.75455691808,1457.8754522907109,1457.8754522907109,54639.78126510643,54639.78126510643,295801.68720294966,295801.68720294966,1281.8906706838568,1281.8906706838568,97830.36139929667,97830.36139929667,493949.14790390735,493949.14790390735,1264.5510925926746,1264.5510925926746
2060.0,73949.90108943656,73949.90108943656,394867.5975211088,394867.5975211088,1228.6449131270408,1228.6449131270408,59707.987046373644,59707.987046373644,312291.2027977643,312291.2027977643,1340.0167514584289,1340.0167514584289,41768.20737297146,41768.20737297146,238913.7784909124,238913.7784909124,1462.6703090872836,1462.6703090872836,55312.343937470316,55312.343937470316,298706.2435816482,298706.2435816482,1280.7241182958255,1280.7241182958255,100204.56001484081,100204.56001484081,505165.65885620564,505165.65885620564,1263.091032764604,1263.091032764604
2061.0,75071.572856916,75071.572856916,401161.92625800835,401161.92625800835,1224.8273348720206,1224.8273348720206,60680.058461745866,60680.058461745866,316449.5442613126,316449.5442613126,1339.1376607328868,1339.1376607328868,42066.47230696207,42066.47230696207,239780.08134565593,239780.08134565593,1466.6463038319835,1466.6463038319835,55910.601700137595,55910.601700137595,301490.1211703694,301490.1211703694,1278.239977218522,1278.239977218522,102400.10729228245,102400.10729228245,516281.9177516935,516281.9177516935,1260.5002180217261,1260.5002180217261
2062.0,76220.20178265571,76220.20178265571,407311.87102315435,407311.87102315435,1221.0536508859182,1221.0536508859182,61674.958373737856,61674.958373737856,320577.5472737674,320577.5472737674,1338.2993130323675,1338.2993130323675,42370.79753162969,42370.79753162969,240588.48328396858,240588.48328396858,1470.7065038221167,1470.7065038221167,56518.252313650395,56518.252313650395,304163.71681733604,304163.71681733604,1275.8555242368773,1275.8555242368773,104656.71371763645,104656.71371763645,527323.0323512717,527323.0323512717,1257.9673868146654,1257.9673868146654
2063.0,77396.5958575956,77396.5958575956,413335.97629055113,413335.97629055113,1217.3234460979286,1217.3234460979286,62693.36604057547,62693.36604057547,324685.0238352443,324685.0238352443,1337.5013975065879,1337.5013975065879,42681.32258325894,42681.32258325894,241345.40626633,241345.40626633,1474.851615515491,1474.851615515491,57135.46647941285,57135.46647941285,306736.9103473876,306736.9103473876,1273.570761056468,1273.570761056468,106976.35983362245,106976.35983362245,538313.729237659,538313.729237659,1255.4923690589903,1255.4923690589903
2064.0,78601.61350600488,78601.61350600488,419252.2182209864,419252.2182209864,1213.6366025675777,1213.6366025675777,63736.00058467743,63736.00058467743,328781.57888466277,328781.57888466277,1336.744086487071,1336.744086487071,42998.18949878469,42998.18949878469,242057.04509723803,242057.04509723803,1479.0821528265976,1479.0821528265976,57762.41772893752,57762.41772893752,309219.0292091779,309219.0292091779,1271.3856652038282,1271.3856652038282,109361.1130197261,109361.1130197261,549277.9100973695,549277.9100973695,1253.075024912057,1253.075024912057
2065.0,79836.12934974414,79836.12934974414,425059.8129548919,425059.8129548919,1209.9927140611358,1209.9927140611358,64803.59812552377,64803.59812552377,332869.1155887863,332869.1155887863,1336.0272710790562,1336.0272710790562,43321.54269000424,43321.54269000424,242727.40459035442,242727.40459035442,1483.3986319384273,1483.3986319384273,58399.28533530584,58399.28533530584,311610.71286085923,311610.71286085923,1269.3001781100593,1269.3001781100593,111813.11153775634,111813.11153775634,560215.9109019464,560215.9109019464,1250.7152392468147,1250.7152392468147
2066.0,80873.3782280791,80873.3782280791,430693.5523629032,430693.5523629032,1205.1767950038727,1205.1767950038727,65800.2977908603,65800.2977908603,336924.617000542,336924.617000542,1334.2983076755734,1334.2983076755734,43620.87092040246,43620.87092040246,243354.51672899118,243354.51672899118,1487.0832017793773,1487.0832017793773,58937.278417809284,58937.278417809284,313884.99277779285,313884.99277779285,1265.9541046257982,1265.9541046257982,114041.51699002336,114041.51699002336,571040.8899978292,571040.8899978292,1247.1882830355482,1247.1882830355482
2067.0,81933.69725574626,81933.69725574626,436172.7002984744,436172.7002984744,1200.4111770051384,1200.4111770051384,66819.64360458673,66819.64360458673,340958.0058388717,340958.0058388717,1332.6089049256268,1332.6089049256268,43926.47638764958,43926.47638764958,243944.10797439952,243944.10797439952,1490.8447597442473,1490.8447597442473,59483.29603707209,59483.29603707209,316052.1413002759,316052.1413002759,1262.7128021361027,1262.7128021361027,116327.50126421406,116327.50126421406,581777.7782257969,581777.7782257969,1243.7239700389118,1243.7239700389118
2068.0,83017.72903305423,83017.72903305423,441515.66085901647,441515.66085901647,1195.6955030770698,1195.6955030770698,67862.28713465523,67862.28713465523,344978.8388347594,344978.8388347594,1330.958663797986,1330.958663797986,44238.49816689913,44238.49816689913,244501.5927487984,244501.5927487984,1494.6837224876565,1494.6837224876565,60037.47910821923,60037.47910821923,318121.8668845678,318121.8668845678,1259.5759846602616,1259.5759846602616,118672.78906165018,118672.78906165018,592450.8970477671,592450.8970477671,1240.3219927224445,1240.3219927224445
2069.0,84126.14121278656,84126.14121278656,446740.06231453427,446740.06231453427,1191.0294789575823,1191.0294789575823,68928.9244860894,68928.9244860894,348996.5062947818,348996.5062947818,1329.3477016040085,1329.3477016040085,44557.08993364878,44557.08993364878,245032.16670737168,245032.16670737168,1498.6005677640346,1498.6005677640346,60599.96237895128,60599.96237895128,320103.36711373006,320103.36711373006,1256.5433580251297,1256.5433580251297,121079.18027924273,121079.18027924273,603083.9005605563,603083.9005605563,1236.9821751584834,1236.9821751584834
2070.0,85259.60882567639,85259.60882567639,451844.5937537163,451844.5937537163,1186.4126003640579,1186.4126003640579,70020.26090491666,70020.26090491666,353011.9657802631,353011.9657802631,1327.7757770312971,1327.7757770312971,44882.39154925077,44882.39154925077,245538.7441394184,245538.7441394184,1502.5954673738927,1502.5954673738927,61170.899161336056,61170.899161336056,321996.8724261542,321996.8724261542,1253.6147371276559,1253.6147371276559,123548.50386612237,123548.50386612237,613676.1126192166,613676.1126192166,1233.704028984333,1233.704028984333
2071.0,86186.2129400608,86186.2129400608,456766.3583934226,456766.3583934226,1180.678596536569,1180.678596536569,71028.09835172832,71028.09835172832,356999.4886121649,356999.4886121649,1325.2533090585168,1325.2533090585168,45180.16618619985,45180.16618619985,246017.93718017836,246017.93718017836,1506.1571296871223,1506.1571296871223,61636.489370954936,61636.489370954936,323776.08927808865,323776.08927808865,1249.5643771831787,1249.5643771831787,125782.48201998128,125782.48201998128,624142.7557594823,624142.7557594823,1229.3299879423846,1229.3299879423846
2072.0,87132.30834507605,87132.30834507605,461524.65220726706,461524.65220726706,1175.0024125917143,1175.0024125917143,72058.16428718998,72058.16428718998,360968.94819200813,360968.94819200813,1322.7698056986108,1322.7698056986108,45484.53242648467,45484.53242648467,246474.714673459,246474.714673459,1509.790496471156,1509.790496471156,62109.009857328725,62109.009857328725,325451.21557947574,325451.21557947574,1245.6255970087193,1245.6255970087193,128070.58632977733,128070.58632977733,634508.8816218555,634508.8816218555,1225.0243595931538,1225.0243595931538
2073.0,88098.37933942724,88098.37933942724,466137.6900902754,466137.6900902754,1169.3835387918443,1169.3835387918443,73111.08699841415,73111.08699841415,364929.98636484495,364929.98636484495,1320.3250262950414,1320.3250262950414,45795.63600097655,45795.63600097655,246913.87067408088,246913.87067408088,1513.4958802547405,1513.4958802547405,62588.58052540814,62588.58052540814,327031.99079653603,327031.99079653603,1241.7979559820633,1241.7979559820633,130414.31564718996,130414.31564718996,644798.615908372,644798.615908372,1220.7867453460035,1220.7867453460035
2074.0,89084.93097467755,89084.93097467755,470623.0243516543,470623.0243516543,1163.8214917046528,1163.8214917046528,74187.51931960533,74187.51931960533,368891.9743133415,368891.9743133415,1317.9188589054465,1317.9188589054465,46113.62497126934,46113.62497126934,247339.85721113923,247339.85721113923,1517.2735632291092,1517.2735632291092,63075.31269786351,63075.31269786351,328527.57567328785,328527.57567328785,1238.0808551866417,1238.0808551866417,132815.24259127933,132815.24259127933,655035.4291558695,655035.4291558695,1216.616913831004,1216.616913831004
2075.0,90092.48110063793,90092.48110063793,474984.3400709596,474984.3400709596,1158.3157493715562,1158.3157493715562,75288.13873472685,75288.13873472685,372857.1842284053,372857.1842284053,1315.5511542083939,1315.5511542083939,46438.66139121212,46438.66139121212,247755.5170884278,247755.5170884278,1521.1240226009263,1521.1240226009263,63569.330519685755,63569.330519685755,329941.47997077665,329941.47997077665,1234.473867298533,1234.473867298533,135274.94306825884,135274.94306825884,665224.9652851521,665224.9652851521,1212.5142309184855,1212.5142309184855
2076.0,90948.13484817643,90948.13484817643,479183.4972890235,479183.4972890235,1151.714991911074,1151.714991911074,76319.1648876647,76319.1648876647,376806.58711085113,376806.58711085113,1312.3120445032287,1312.3120445032287,46743.87428851271,46743.87428851271,248159.2584409116,248159.2584409116,1524.6647771090775,1524.6647771090775,63996.34385079133,63996.34385079133,331262.00312644744,331262.00312644744,1229.821478583588,1229.821478583588,137563.51547142694,137563.51547142694,675314.7507315207,675314.7507315207,1207.351416972847,1207.351416972847
2077.0,91820.67704369145,91820.67704369145,483237.92021786567,483237.92021786567,1145.180855179127,1145.180855179127,77372.08386941109,77372.08386941109,380749.5706485912,380749.5706485912,1309.1126184067734,1309.1126184067734,47055.788469319334,47055.788469319334,248555.22117302608,248555.22117302608,1528.2713721792754,1528.2713721792754,64429.68968293667,64429.68968293667,332498.1762556141,332498.1762556141,1225.2870776539773,1225.2870776539773,139904.2941967968,139904.2941967968,685327.8066021381,685327.8066021381,1202.2639126602583,1202.2639126602583
2078.0,92710.48257807014,92710.48257807014,487164.20726150984,487164.20726150984,1138.7125332840876,1138.7125332840876,78447.4802694453,78447.4802694453,384695.21931622934,384695.21931622934,1305.9523805901526,1305.9523805901526,47374.54449401837,47374.54449401837,248947.33937059113,248947.33937059113,1531.9438912956653,1531.9438912956653,64869.4593032549,64869.4593032549,333658.6590228079,333658.6590228079,1220.8696609109215,1220.8696609109215,142298.64797033658,142298.64797033658,695286.4351234173,695286.4351234173,1197.2512485693703,1197.2512485693703
2079.0,93617.95879762253,93617.95879762253,490978.21558483166,490978.21558483166,1132.3095431427942,1132.3095431427942,79545.9747210337,79545.9747210337,388652.41351032304,388652.41351032304,1302.8312318147778,1302.8312318147778,47700.29550985759,47700.29550985759,249339.4054614132,249339.4054614132,1535.6826711617537,1535.6826711617537,65315.76554572614,65315.76554572614,334751.5858698762,334751.5858698762,1216.568711772333,1216.568711772333,144747.99548429245,144747.99548429245,705212.2517399947,705212.2517399947,1192.3130622430429,1192.3130622430429
2080.0,94543.51174866653,94543.51174866653,494681.0054701054,494681.0054701054,1125.9712730040135,1125.9712730040135,80668.20442714459,80668.20442714459,392622.03266801033,392622.03266801033,1299.7489266933082,1299.7489266933082,48033.19401679177,48033.19401679177,249732.91298823734,249732.91298823734,1539.4879297651628,1539.4879297651628,65768.7071270724,65768.7071270724,335778.848798325,335778.848798325,1212.3834312674317,1212.3834312674317,147253.74988140803,147253.74988140803,715107.3506384578,715107.3506384578,1187.4485945272827,1187.4485945272827
2081.0,95306.8874964387,95306.8874964387,498231.4341291635,498231.4341291635,1118.5167046808142,1118.5167046808142,81711.33308750561,81711.33308750561,396581.8340072943,396581.8340072943,1295.8882284863776,1295.8882284863776,48340.357908449245,48340.357908449245,250123.75706451316,250123.75706451316,1543.1014153503709,1543.1014153503709,66148.58378525045,66148.58378525045,336726.4337279042,336726.4337279042,1207.3006790880313,1207.3006790880313,149569.70157223486,149569.70157223486,724913.0580656963,724913.0580656963,1181.499522340412,1181.499522340412
2082.0,96084.76181991125,96084.76181991125,501645.8879011795,501645.8879011795,1111.1397446693807,1111.1397446693807,82775.8657677671,82775.8657677671,400541.0756892288,400541.0756892288,1292.0678147515143,1292.0678147515143,48654.265879750004,48654.265879750004,250515.61403421868,250515.61403421868,1546.7752025539187,1546.7752025539187,66534.3049734715,66534.3049734715,337602.7445708447,337602.7445708447,1202.341382351353,1202.341382351353,151935.70612773325,151935.70612773325,734651.4053783284,734651.4053783284,1175.6343750453138,1175.6343750453138
2083.0,96877.41408934504,96877.41408934504,504939.9683554097,504939.9683554097,1103.8394128343887,1103.8394128343887,83862.35246530709,83862.35246530709,404508.58268597216,404508.58268597216,1288.2872872789287,1288.2872872789287,48975.065378769184,48975.065378769184,250911.92120990416,250911.92120990416,1550.5098088301115,1550.5098088301115,66925.96389430597,66925.96389430597,338415.7093469192,338415.7093469192,1197.504550716081,1197.504550716081,154352.97952532594,154352.97952532594,744343.5719793328,744343.5719793328,1169.8524536410646,1169.8524536410646
2084.0,97685.15309642206,97685.15309642206,508128.57769060263,508128.57769060263,1096.6149465271358,1096.6149465271358,84971.3703960033,84971.3703960033,408493.03684290464,408493.03684290464,1284.5464148325004,1284.5464148325004,49302.90089650201,49302.90089650201,251316.0317732278,251316.0317732278,1554.3053073924368,1554.3053073924368,67323.64938634328,67323.64938634328,339172.8678349696,339172.8678349696,1192.789130409026,1192.789130409026,156822.7684808011,156822.7684808011,754010.3884725838,754010.3884725838,1164.1529930707034,1164.1529930707034
2085.0,98508.2851459387,98508.2851459387,511213.19416048826,511213.19416048826,1089.46559245857,1089.46559245857,86103.5161627369,86103.5161627369,412496.03338237363,412496.03338237363,1280.8449055349597,1280.8449055349597,49637.919206168524,49637.919206168524,251730.0491287577,251730.0491287577,1558.16172216019,1558.16172216019,67727.45371477607,67727.45371477607,339877.2487443849,339877.2487443849,1188.1943029006866,1188.1943029006866,159346.36882570427,159346.36882570427,763654.2203235555,763654.2203235555,1158.53538335176,1158.53538335176
2086.0,99184.61663754638,99184.61663754638,514159.4704106944,514159.4704106944,1081.2756083195852,1081.2756083195852,87166.88743010625,87166.88743010625,416499.655614969,416499.655614969,1276.5379946950393,1276.5379946950393,49960.66338602034,49960.66338602034,252153.19048330258,252153.19048330258,1561.8572707074288,1561.8572707074288,68078.41670560381,68078.41670560381,340520.9975932688,340520.9975932688,1182.8209351003827,1182.8209351003827,161693.94224014427,161693.94224014427,773224.0484875758,773224.0484875758,1151.89827852641,1151.89827852641
2087.0,99873.27239520666,99873.27239520666,516982.41543750634,516982.41543750634,1073.1748409189854,1073.1748409189854,88251.2546600837,88251.2546600837,420512.56259937113,420512.56259937113,1272.2708128240504,1272.2708128240504,50290.261936959214,50290.261936959214,252588.392896277,252588.392896277,1565.6074984973382,1565.6074984973382,68434.90544548979,68434.90544548979,341111.394815915,341111.394815915,1177.572221394223,1177.572221394223,164089.6054853851,164089.6054853851,782740.6561570241,782740.6561570241,1145.3546040205517,1145.3546040205517
2088.0,100574.47464704895,100574.47464704895,519696.3114848464,519696.3114848464,1065.1623007851795,1065.1623007851795,89357.12644032967,89357.12644032967,424543.1291165118,424543.1291165118,1268.0429017993754,1268.0429017993754,50626.856933616466,50626.856933616466,253038.51592578363,253038.51592578363,1569.412710116498,1569.412710116498,68797.00578526614,68797.00578526614,341655.40897784586,341655.40897784586,1172.4471636473575,1172.4471636473575,166534.44507694858,166534.44507694858,792223.944445793,792223.944445793,1138.9033442594298,1138.9033442594298
2089.0,101288.45231658182,101288.45231658182,522314.7748737997,522314.7748737997,1057.2369789449697,1057.2369789449697,90485.04335284604,90485.04335284604,428599.4953929465,428599.4953929465,1263.854028469623,1263.854028469623,50970.582773927905,50970.582773927905,253506.2979367062,253506.2979367062,1573.272805721498,1573.272805721498,69164.80675734607,69164.80675734607,342159.55633832887,342159.55633832887,1167.4445426586012,1167.4445426586012,169029.58800875867,169029.58800875867,801693.2892450505,801693.2892450505,1132.5435728889217,1132.5435728889217
2090.0,102015.43256663452,102015.43256663452,524838.6594438361,524838.6594438361,1049.3978759339975,1049.3978759339975,91635.56044245852,91635.56044245852,432682.98190470354,432682.98190470354,1259.7039527950744,1259.7039527950744,51321.593783056655,51321.593783056655,253993.5378559432,253993.5378559432,1577.1880629173436,1577.1880629173436,69538.39114478658,69538.39114478658,342626.6180826657,342626.6180826657,1162.5633134197187,1162.5633134197187,171576.20271080994,171576.20271080994,811150.0912829458,811150.0912829458,1126.2744890042381,1126.2744890042381
2091.0,102601.63687012732,102601.63687012732,527235.9846011029,527235.9846011029,1040.6030133202714,1040.6030133202714,92719.7787700577,92719.7787700577,436776.6379289273,436776.6379289273,1255.089526385161,1255.089526385161,51664.77622041103,51664.77622041103,254500.03191914596,254500.03191914596,1580.989564816267,1580.989564816267,69868.04580290403,69868.04580290403,343050.83101378096,343050.83101378096,1157.0784108007622,1157.0784108007622,173950.38915087035,173950.38915087035,820545.5782898546,820545.5782898546,1119.0584977829617,1119.0584977829617
2092.0,103198.33077182867,103198.33077182867,529520.6638788913,529520.6638788913,1031.9094094122008,1031.9094094122008,93824.49601014602,93824.49601014602,440888.50244126277,440888.50244126277,1250.5137087685523,1250.5137087685523,52014.946091180995,52014.946091180995,255028.11016018852,255028.11016018852,1584.8416980218976,1584.8416980218976,70203.00463951398,70203.00463951398,343438.44832246285,343438.44832246285,1151.7175647086801,1151.7175647086801,176370.99820229804,176370.99820229804,829899.353318382,829899.353318382,1111.945640089755,1111.945640089755
2093.0,103805.67963156196,103805.67963156196,531705.9065340003,531705.9065340003,1023.3158079573974,1023.3158079573974,94950.20733526957,94950.20733526957,445026.44045432005,445026.44045432005,1245.9763229046048,1245.9763229046048,52372.24022918438,52372.24022918438,255580.07993538486,255580.07993538486,1588.7448574880975,1588.7448574880975,70543.35058758061,70543.35058758061,343795.37703503226,343795.37703503226,1146.4795467588845,1146.4795467588845,178839.03010517015,178839.03010517015,839230.3956060933,839230.3956060933,1104.9347683510264,1104.9347683510264
2094.0,104423.84265007272,104423.84265007272,533804.086584952,533804.086584952,1014.8209581803136,1014.8209581803136,96097.39204072449,96097.39204072449,449198.07553933817,449198.07553933817,1241.476926710811,1241.476926710811,52736.796206919105,52736.796206919105,256158.16682183207,256158.16682183207,1592.6989066638325,1592.6989066638325,70889.16191685885,70889.16191685885,344127.13616857264,344127.13616857264,1141.363139563617,1141.363139563617,181355.51598334196,181355.51598334196,848556.9913789916,848556.9913789916,1098.0247428540868,1098.0247428540868
2095.0,105052.99502574935,105052.99502574935,535813.5853349965,535813.5853349965,1006.4236586448454,1006.4236586448454,97266.57310845089,97266.57310845089,453403.71992655576,453403.71992655576,1237.0153783007736,1237.0153783007736,53108.757517383616,53108.757517383616,256763.74822518814,256763.74822518814,1596.7040062297824,1596.7040062297824,71240.52246899315,71240.52246899315,344434.8571901159,344434.8571901159,1136.3672900392755,1136.3672900392755,183921.50094694726,183921.50094694726,857876.9871211797,857876.9871211797,1091.2144102075433,1091.2144102075433
2096.0,105523.01009329046,105523.01009329046,537698.1176644916,537698.1176644916,997.0918111055245,997.0918111055245,98362.8869511077,98362.8869511077,457624.73499299004,457624.73499299004,1232.1807687626324,1232.1807687626324,53472.317857141075,53472.317857141075,257396.57141133992,257396.57141133992,1600.5276245181158,1600.5276245181158,71534.12037275713,71534.12037275713,344709.62200998195,344709.62200998195,1130.821466844006,1130.821466844006,186288.9495650124,186288.9495650124,867133.7570146875,867133.7570146875,1083.4752300390835,1083.4752300390835
2097.0,106001.83847610345,106001.83847610345,539471.1073798342,539471.1073798342,987.874859856844,987.874859856844,99478.9144474067,99478.9144474067,461868.79295363184,461868.79295363184,1227.3837360399527,1227.3837360399527,53843.069658356275,53843.069658356275,258058.53569508626,258058.53569508626,1604.398757818574,1604.398757818574,71832.7618754231,71832.7618754231,344957.1403431013,344957.1403431013,1125.3979733833241,1125.3979733833241,188701.12276997126,188701.12276997126,876346.6836690169,876346.6836690169,1075.8507868432168,1075.8507868432168
2098.0,106489.57138073705,106489.57138073705,541145.0867905009,541145.0867905009,978.771049377213,978.771049377213,100615.11122008332,100615.11122008332,466143.2041494089,466143.2041494089,1222.6242564003192,1222.6242564003192,54221.14624812439,54221.14624812439,258751.45983738467,258751.45983738467,1608.3173678114874,1608.3173678114874,72136.51641480545,72136.51641480545,345182.58799233835,345182.58799233835,1120.0954467876459,1120.0954467876459,191158.94538192762,191158.94538192762,885534.511428565,885534.511428565,1068.3397045649356,1068.3397045649356
2099.0,106986.34159119095,106986.34159119095,542732.1527453224,542732.1527453224,969.7790858408479,969.7790858408479,101771.90989875654,101771.90989875654,470455.1669601294,470455.1669601294,1217.9018207870683,1217.9018207870683,54606.6863935802,54606.6863935802,259477.2090589265,259477.2090589265,1612.2836958420767,1612.2836958420767,72445.46108148432,72445.46108148432,345391.02524172154,345391.02524172154,1114.9126343654532,1114.9126343654532,193663.3235125558,193663.3235125558,894715.2230933051,894715.2230933051,1060.9403857692346,1060.9403857692346
2100.0,107492.2564819801,107492.2564819801,544243.6088576688,544243.6088576688,960.8973945392289,960.8973945392289,102949.78554681808,102949.78554681808,474811.75199207745,474811.75199207745,1213.2163601695065,1213.2163601695065,54999.825440966764,54999.825440966764,260237.50512797115,260237.50512797115,1616.2975365055804,1616.2975365055804,72759.67106883465,72759.67106883465,345587.15164574655,345587.15164574655,1109.8483651832737,1109.8483651832737,196215.2448107788,196215.2448107788,903906.0904376681,903906.0904376681,1053.6515599059744,1053.6515599059744
2101.0,107977.85588529272,107977.85588529272,545739.9504088913,545739.9504088913,952.193337063642,952.193337063642,104109.12175211447,104109.12175211447,479124.7711737059,479124.7711737059,1208.6246087642949,1208.6246087642949,55390.29184006883,55390.29184006883,260990.1982363246,260990.1982363246,1620.231100355815,1620.231100355815,73060.06533722002,73060.06533722002,345781.316785732,345781.316785732,1104.8853813847363,1104.8853813847363,198705.69871344283,198705.69871344283,913005.0491085893,913005.0491085893,1046.5085105599803,1046.5085105599803
2102.0,108444.2751137985,108444.2751137985,547221.1773989903,547221.1773989903,943.666913414088,943.666913414088,105250.4138011835,105250.4138011835,483394.2245050147,483394.2245050147,1204.1265665714357,1204.1265665714357,55778.02731720339,55778.02731720339,261735.2883839885,261735.2883839885,1624.0843873927784,1624.0843873927784,73347.42465790219,73347.42465790219,345973.5206616758,345973.5206616758,1100.0236829698447,1100.0236829698447,201136.8901094841,201136.8901094841,922012.0991060643,922012.0991060643,1039.5112377312494,1039.5112377312494
2103.0,108892.6341381052,108892.6341381052,548687.2898279666,548687.2898279666,935.3181235905636,935.3181235905636,106374.15028750153,106374.15028750153,487620.1119860042,487620.1119860042,1199.7222335909285,1199.7222335909285,56162.97438616979,56162.97438616979,262472.7755709626,262472.7755709626,1627.8573976164703,1627.8573976164703,73622.51925117958,73622.51925117958,346163.7632735803,346163.7632735803,1095.2632699385983,1095.2632699385983,203510.99409204282,203510.99409204282,930927.2404300937,930927.2404300937,1032.6597414197854,1032.6597414197854
2104.0,109324.03758675556,109324.03758675556,550138.2876958199,550138.2876958199,927.1469675930749,927.1469675930749,107480.81311148299,107480.81311148299,491802.4336166749,491802.4336166749,1195.4116098227737,1195.4116098227737,56545.07634824929,56545.07634824929,263202.65979724505,263202.65979724505,1631.5501310268967,1631.5501310268967,73886.10878638823,73886.10878638823,346352.04462144425,346352.04462144425,1090.6041422909884,1090.6041422909884,205830.1559584626,205830.1559584626,939750.4730806827,939750.4730806827,1025.9540216255868,1025.9540216255868
2105.0,109739.5747462304,109739.5747462304,551574.1710025477,551574.1710025477,919.153445421621,919.153445421621,108570.87748048305,108570.87748048305,495941.1893970254,495941.1893970254,1191.1946952669643,1191.1946952669643,56924.27729220587,56924.27729220587,263924.9410628376,263924.9410628376,1635.162587624045,1635.162587624045,74138.94238190014,74138.94238190014,346538.36470526725,346538.36470526725,1086.0463000270336,1086.0463000270336,208096.49121028953,208096.49121028953,948481.79705783,948481.79705783,1019.3940783486494,1019.3940783486494
2106.0,110140.31956094786,110140.31956094786,552994.9397481547,552994.9397481547,911.3375570761925,911.3375570761925,109644.81190879266,109644.81190879266,500036.3793270557,500036.3793270557,1187.0714899235143,1187.0714899235143,57300.522094285305,57300.522094285305,264639.6193677393,264639.6193677393,1638.6947674079292,1638.6947674079292,74381.75860512536,74381.75860512536,346722.72352505114,346722.72352505114,1081.5897431467122,1081.5897431467122,210312.08555327615,210312.08555327615,957121.2123615318,957121.2123615318,1012.9799115889814,1012.9799115889814
2107.0,110527.33063326155,110527.33063326155,554400.5939326353,554400.5939326353,903.6993025568019,903.6993025568019,110703.07821764343,110703.07821764343,504088.0034067677,504088.0034067677,1183.041993792407,1183.041993792407,57673.75641821588,57673.75641821588,265346.6947119504,265346.6947119504,1642.1466703785447,1642.1466703785447,74615.28547251092,74615.28547251092,346905.1210807946,346905.1210807946,1077.234471650038,1077.234471650038,212478.99489737643,212478.99489737643,965668.7189917889,965668.7189917889,1006.7115213465788,1006.7115213465788
2108.0,110901.65122346372,110901.65122346372,555791.1335559931,555791.1335559931,896.2386818634394,896.2386818634394,111746.13153520483,111746.13153520483,508096.06163616147,508096.06163616147,1179.1062068736567,1179.1062068736567,58043.926715207665,58043.926715207665,266046.16709547216,266046.16709547216,1645.518296535883,1645.518296535883,74840.24044953978,74840.24044953978,347085.557372497,347085.557372497,1072.980485537009,1072.980485537009,214599.24535674712,214599.24535674712,974124.3169486001,974124.3169486001,1000.5889076214382,1000.5889076214382
2109.0,111264.30924978163,111264.30924978163,557166.5586182297,557166.5586182297,888.9556949961155,888.9556949961155,112774.42029658581,112774.42029658581,512060.5540152329,512060.5540152329,1175.264129167255,1175.264129167255,58410.9802239536,58410.9802239536,266738.0365183026,266738.0365183026,1648.8096458799603,1648.8096458799603,75057.33045073312,75057.33045073312,347264.0324001605,347264.0324001605,1068.8277848076193,1068.8277848076193,216674.83324975052,216674.83324975052,982488.0062319703,982488.0062319703,994.6120704135643,994.6120704135643
2110.0,111616.31728838077,111616.31728838077,558526.8691193415,558526.8691193415,881.8503419548181,881.8503419548181,113788.38624383305,113788.38624383305,515981.48054398707,515981.48054398707,1171.5157606732073,1171.5157606732073,58774.86497062782,58774.86497062782,267422.30298044253,267422.30298044253,1652.0207184107626,1652.0207184107626,75267.25183964844,75267.25183964844,347440.54616378254,347440.54616378254,1064.7763694618775,1064.7763694618775,218707.72509895125,218707.72509895125,990759.7868419006,990759.7868419006,988.78100972296,988.78100972296
2111.0,111958.67257336329,111958.67257336329,559872.065059329,559872.065059329,874.9226227395555,874.9226227395555,114788.46442593237,114788.46442593237,519858.841222421,519858.841222421,1167.8611013915083,1167.8611013915083,59135.5297688876,59135.5297688876,268098.96648189286,268098.96648189286,1655.151514128295,1655.151514128295,75470.69042888042,75470.69042888042,347615.0986633655,347615.0986633655,1060.8262394997764,1060.8262394997764,220699.85763111885,220699.85763111885,998939.6587783792,998939.6587783792,983.0957255496162,983.0957255496162
2112.0,112292.35699676756,112292.35699676756,561202.1464381936,561202.1464381936,868.1725373503252,868.1725373503252,115775.08319880844,115775.08319880844,523692.63605053385,523692.63605053385,1164.3001513221595,1164.3001513221595,59492.92421987207,59492.92421987207,268768.02702265093,268768.02702265093,1658.2020330325593,1658.2020330325593,75668.32148006077,75668.32148006077,347787.6898989072,347787.6898989072,1056.9773949213202,1056.9773949213202,222653.13777722404,222653.13777722404,1007027.6220414216,1007027.6220414216,977.5562178935376,977.5562178935376
2113.0,112618.33710857024,112618.33710857024,562517.113255935,562517.113255935,861.6000857871269,861.6000857871269,116748.66422532397,116748.66422532397,527482.8650283301,527482.8650283301,1160.8329104651657,1160.8329104651657,59846.99871220245,59846.99871220245,269429.4846027209,269429.4846027209,1661.1722751235507,1661.1722751235507,75860.80970385818,75860.80970385818,347958.3198704093,347958.3198704093,1053.2298357265074,1053.2298357265074,224569.4426724436,224569.4426724436,1015023.6766310143,1015023.6766310143,972.1624867547253,972.1624867547253
2114.0,112937.56411668276,112937.56411668276,563816.9655125536,563816.9655125536,855.2052680499612,855.2052680499612,117709.62247528146,117709.62247528146,531229.5281558054,531229.5281558054,1157.4593788205218,1157.4593788205218,60197.70442198225,60197.70442198225,270083.3392220987,270083.3392220987,1664.0622404012731,1664.0622404012731,76048.80925997843,76048.80925997843,348126.98857787,348126.98857787,1049.583561915339,1049.583561915339,226450.61965615538,226450.61965615538,1022927.8225471708,1022927.8225471708,966.914532133179,966.914532133179
2115.0,113250.97388695557,113250.97388695557,565101.7032080481,565101.7032080481,848.9880841388301,848.9880841388301,118658.36622542048,118658.36622542048,534932.6254329601,534932.6254329601,1154.1795563882267,1154.1795563882267,60544.9933127972,60544.9933127972,270729.5908807868,270729.5908807868,1666.8719288657267,1666.8719288657267,76232.96375716403,76232.96375716403,348293.6960212917,348293.6960212917,1046.038573487812,1046.038573487812,228298.48627194416,228298.48627194416,1030740.0597898759,1030740.0597898759,961.812354028893,961.812354028893
2116.0,113559.48694317504,113559.48694317504,566371.3263424168,566371.3263424168,842.948534053725,842.948534053725,119595.29705942127,119595.29705942127,538592.1568597979,538592.1568597979,1150.9934431682852,1150.9934431682852,60888.818135715264,60888.818135715264,271368.23957878444,271368.23957878444,1669.6013405169049,1669.6013405169049,76413.90625319486,76413.90625319486,348458.44220067194,348458.44220067194,1042.5948704439322,1042.5948704439322,230114.8302675947,230114.8302675947,1038460.3883591398,1038460.3883591398,956.8559524418771,956.8559524418771
2117.0,113864.00846706443,113864.00846706443,567625.8349156658,567625.8349156658,837.0866177946584,837.0866177946584,120520.80986790045,120520.80986790045,542208.1224363131,542208.1224363131,1147.901039160693,1147.901039160693,61229.13242928643,61229.13242928643,271999.2853160905,271999.2853160905,1672.250475354822,1672.250475354822,76592.2592548878,76592.2592548878,348621.2271160131,348621.2271160131,1039.2524527836918,1039.2524527836918,231901.40959509677,231901.40959509677,1046088.8082549642,1046088.8082549642,952.0453273721276,952.0453273721276
2118.0,114165.42829828385,114165.42829828385,568865.228927791,568865.228927791,831.4023353616229,831.4023353616229,121435.29284841618,121435.29284841618,545780.5221625101,545780.5221625101,1144.902344365458,1144.902344365458,61565.8905195433,61565.8905195433,272622.72809270764,272622.72809270764,1674.8193333794613,1674.8193333794613,76768.63471809617,76768.63471809617,348782.0507673136,348782.0507673136,1036.0113205070961,1036.0113205070961,233659.95241064637,233659.95241064637,1053625.3194773432,1053625.3194773432,947.3804788196395,947.3804788196395
2119.0,114464.6209344298,114464.6209344298,570089.5083787901,570089.5083787901,825.895686754619,825.895686754619,122339.12750546203,122339.12750546203,549309.3560383886,549309.3560383886,1141.9973587825648,1141.9973587825648,61899.04752000025,61899.04752000025,273238.56790863397,273238.56790863397,1677.3079145908334,1677.3079145908334,76943.63404771064,76943.63404771064,348940.91315457365,348940.91315457365,1032.8714736141483,1032.8714736141483,235392.15707463745,235392.15707463745,1061069.9220262773,1061069.9220262773,942.861406784417,942.861406784417
2120.0,114762.44553103742,114762.44553103742,571298.6732686684,571298.6732686684,820.5666719736478,820.5666719736478,123232.68865047274,123232.68865047274,552794.6240639485,552794.6240639485,1139.1860824120315,1139.1860824120315,62228.55933165391,62228.55933165391,273846.80476386956,273846.80476386956,1679.7162189889405,1679.7162189889405,77117.84809765947,77117.84809765947,349097.8142777944,349097.8142777944,1029.8329121048362,1029.8329121048362,237099.69215167296,237099.69215167296,1068422.6159017645,1068422.6159017645,938.4881112664634,938.4881112664634
2121.0,115059.74590157732,115059.74590157732,572492.7235974214,572492.7235974214,815.4152910187056,815.4152910187056,124116.3444018213,124116.3444018213,556236.3262391863,556236.3262391863,1136.4685152538445,1136.4685152538445,62554.38264298338,62554.38264298338,274447.4386584153,274447.4386584153,1682.0442465737694,1682.0442465737694,77291.85717090711,77291.85717090711,349252.7541369739,349252.7541369739,1026.8956359791762,1026.8956359791762,238784.19641055475,238784.19641055475,1075683.401103812,1075683.401103812,934.260592265771,934.260592265771
2122.0,115357.35051745702,115357.35051745702,573671.659365051,573671.659365051,810.441543889802,810.441543889802,124990.4561848181,124990.4561848181,559634.4625641052,559634.4625641052,1133.8446573080078,1133.8446573080078,62876.474929949494,62876.474929949494,275040.469592269,275040.469592269,1684.2919973453331,1684.2919973453331,77466.23101945508,77466.23101945508,349405.73273211316,349405.73273211316,1024.059645237153,1024.059645237153,240447.27882429239,240447.27882429239,1082852.2776324162,1082852.2776324162,930.1788497823467,930.1788497823467
2123.0,115656.07250802129,115656.07250802129,574835.4805715572,574835.4805715572,805.6454305869272,805.6454305869272,125855.3787317127,125855.3787317127,562989.0330387062,562989.0330387062,1131.3145085745257,1131.3145085745257,63194.79445599597,63194.79445599597,275625.89756543323,275625.89756543323,1686.4594713036256,1686.4594713036256,77641.52884434236,77641.52884434236,349556.7500632134,349556.7500632134,1021.3249398787768,1021.3249398787768,242090.5185700965,242090.5185700965,1089929.2454875766,1089929.2454875766,926.2428838161871,926.2428838161871
2124.0,115956.70966055164,115956.70966055164,575984.1872169413,575984.1872169413,801.026951110086,801.026951110086,126711.4600816957,126711.4600816957,566300.0376629867,566300.0376629867,1128.8780690533938,1128.8780690533938,63509.30027204806,63509.30027204806,276203.7225779079,276203.7225779079,1688.546668448646,1688.546668448646,77818.29929564513,77818.29929564513,349705.8061302714,349705.8061302714,1018.6915199040436,1018.6915199040436,243715.46502938168,243715.46502938168,1096914.3046692912,1096914.3046692912,922.4526943672895,922.4526943672895
2125.0,116260.04442026671,116260.04442026671,577117.7793012009,577117.7793012009,796.5861054592764,796.5861054592764,127559.04158089256,127559.04158089256,569567.476436948,569567.476436948,1126.5353387446128,1126.5353387446128,63819.95221651373,63819.95221651373,276773.9446296913,276773.9446296913,1690.5535887803978,1690.5535887803978,77997.08047247492,77997.08047247492,349852.90093329025,349852.90093329025,1016.1593853129539,1016.1593853129539,245323.63778776734,245323.63778776734,1103807.4551775637,1103807.4551775637,918.8082814356594,918.8082814356594
2126.0,116566.84389032207,116566.84389032207,578236.2568243362,578236.2568243362,792.3228936344984,792.3228936344984,128398.45788236987,128398.45788236987,572791.3493605886,572791.3493605886,1124.2863176481824,1124.2863176481824,64126.710915282834,64126.710915282834,277336.56372078357,277336.56372078357,1692.4802322988808,1692.4802322988808,78178.39992298278,78178.39992298278,349998.0344722697,349998.0344722697,1013.7285361055079,1013.7285361055079,246916.5266350735,246916.5266350735,1110608.6970123937,1110608.6970123937,915.3096450212962,915.3096450212962
2127.0,116877.85983180984,116877.85983180984,579339.6197863497,579339.6197863497,788.2373156357543,788.2373156357543,129230.03694613192,129230.03694613192,575971.6564339099,575971.6564339099,1122.1310057641026,1122.1310057641026,64429.53778172728,64429.53778172728,277891.57985118625,277891.57985118625,1694.3265990040918,1694.3265990040918,78362.77464435472,78362.77464435472,350141.2067472072,350141.2067472072,1011.3989722817041,1011.3989722817041,248495.59156532754,248495.59156532754,1117318.0301737774,1117318.0301737774,911.9567851241961,911.9567851241961
2128.0,117193.82866375844,117193.82866375844,580427.8681872393,580427.8681872393,784.3293714630393,784.3293714630393,130054.10003912312,130054.10003912312,579108.3976569145,579108.3976569145,1120.069403092378,1120.069403092378,64728.39501670165,64728.39501670165,278438.9930208994,278438.9930208994,1696.0926888960325,1696.0926888960325,78550.71108281452,78550.71108281452,350282.4177581051,350282.4177581051,1009.1706938415488,1009.1706938415488,250062.26277675902,250062.26277675902,1123935.4546617179,1123935.4546617179,908.74970174436,908.74970174436
2129.0,117515.47146313496,117515.47146313496,581501.0020270059,581501.0020270059,780.5990611163619,780.5990611163619,130870.96173522447,130870.96173522447,582201.5730295981,582201.5730295981,1118.1015096330034,1118.1015096330034,65023.24560854258,65023.24560854258,278978.80322992057,278978.80322992057,1697.7785019747066,1697.7785019747066,78742.70513362346,78742.70513362346,350421.66750496306,350421.66750496306,1007.0437007850298,1007.0437007850298,251617.9406717988,251617.9406717988,1130460.9704762145,1130460.9704762145,905.6883948817924,905.6883948817924
2130.0,117843.49396484203,117843.49396484203,582559.0213056472,582559.0213056472,777.0463845957146,777.0463845957146,131680.92991525703,131680.92991525703,585251.1825519599,585251.1825519599,1116.2273253859753,1116.2273253859753,65314.05333306829,65314.05333306829,279511.010478252,279511.010478252,1699.3840382401036,1699.3840382401036,78939.2421410789,78939.2421410789,350558.9559877798,350558.9559877798,1005.0179931121601,1005.0179931121601,253163.9958570834,253163.9958570834,1136894.5776172725,1136894.5776172725,902.7728645364854,902.7728645364854
2131.0,118178.58656171877,118178.58656171877,583601.9260231676,583601.9260231676,773.671341901099,773.671341901099,132484.30576697984,132484.30576697984,588257.2262240039,588257.2262240039,1114.4468503513065,1114.4468503513065,65600.78275358051,65600.78275358051,280035.6147658926,280035.6147658926,1700.909297692235,1700.909297692235,79140.79689851592,79140.79689851592,350694.28320655704,350694.28320655704,1003.0935708229297,1003.0935708229297,254701.7691434533,254701.7691434533,1143236.2760848827,1143236.2760848827,900.0031107084478,900.0031107084478
2132.0,118521.42430454325,118521.42430454325,584629.7161795618,584629.7161795618,770.4739330325161,770.4739330325161,133281.38378509146,133281.38378509146,591219.7040457281,591219.7040457281,1112.7600845289785,1112.7600845289785,65883.39922086176,65883.39922086176,280552.6160928424,280552.6160928424,1702.3542803310993,1702.3542803310993,79347.8336483062,79347.8336483062,350827.6491612946,350827.6491612946,1001.2704339173449,1001.2704339173449,256232.5715459514,256232.5715459514,1149486.0658790492,1149486.0658790492,897.3791333976757,897.3791333976757
2133.0,118872.66690202805,118872.66690202805,585642.3917748319,585642.3917748319,767.4541579899636,767.4541579899636,134072.4517712289,134072.4517712289,594138.6160171351,594138.6160171351,1111.1670279190096,1111.1670279190096,66161.8688731777,66161.8688731777,281062.0144591032,281062.0144591032,1703.718986156687,1703.718986156687,79560.80608185804,79560.80608185804,350959.05385199067,350959.05385199067,999.5485823954068,999.5485823954068,257757.6842838254,257757.6842838254,1155643.9469997694,1155643.9469997694,894.9009326041645,894.9009326041645
2134.0,119232.95872082411,119232.95872082411,586639.9528089833,586639.9528089833,764.6120167734488,764.6120167734488,134857.79083396663,134857.79083396663,597013.9621382197,597013.9621382197,1109.6676805213888,1109.6676805213888,66436.1586362757,66436.1586362757,281563.80986467237,281563.80986467237,1705.0034151690109,1705.0034151690109,79780.15733961805,79780.15733961805,351088.49727864814,351088.49727864814,997.9280162571074,997.9280162571074,259278.3587805247,259278.3587805247,1161709.9194470493,1161709.9194470493,892.56850832792,892.56850832792
2135.0,119602.92878551841,119602.92878551841,587622.3992820077,587622.3992820077,761.9475093829611,761.9475093829611,135637.67538881916,135637.67538881916,599845.7424089875,599845.7424089875,1108.2620423361232,1108.2620423361232,66706.23622338532,66706.23622338532,282058.00230955135,282058.00230955135,1706.207567368062,1706.207567368062,80006.32001106828,80006.32001106828,351215.97944126365,351215.97944126365,996.4087355024548,996.4087355024548,260795.81666370336,260795.81666370336,1167683.9832208888,1167683.9832208888,890.3818605689468,890.3818605689468
2136.0,119983.19077863575,119983.19077863575,588589.7311939084,588589.7311939084,759.4606358185081,759.4606358185081,136412.3731582399,136412.3731582399,602633.9568294345,602633.9568294345,1106.950113363206,1106.950113363206,66972.07013521892,66972.07013521892,282544.5917937403,282544.5917937403,1707.331442753843,1707.331442753843,80239.71613472921,80239.71613472921,351341.50033984054,351341.50033984054,994.9907401314433,994.9907401314433,262311.24976522033,262311.24976522033,1173566.1383212768,1173566.1383212768,888.3409893272318,888.3409893272318
2137.0,120374.34304063748,120374.34304063748,589541.948544687,589541.948544687,757.1513960800874,757.1513960800874,137182.14517161882,137182.14517161882,605378.6053995601,605378.6053995601,1105.7318936026356,1105.7318936026356,67233.62965997055,67233.62965997055,283023.5783172374,283023.5783172374,1708.3750413263547,1708.3750413263547,80480.75719815718,80480.75719815718,351465.059974376,351465.059974376,993.6740301440761,993.6740301440761,263825.8201211357,263825.8201211357,1179356.384748229,1179356.384748229,886.4458946027847,886.4458946027847
2138.0,120776.9685699211,120776.9685699211,590479.0513343413,590479.0513343413,755.0197901676986,755.0197901676986,137947.2457652878,137947.2457652878,608079.6881193696,608079.6881193696,1104.6073830544253,1104.6073830544253,67490.88487331657,67490.88487331657,283494.961880046,283494.961880046,1709.338363085595,1709.338363085595,80729.84413794636,80729.84413794636,351586.65834487195,351586.65834487195,992.4586055403539,992.4586055403539,265340.65997171355,265340.65997171355,1185054.7225017312,1185054.7225017312,884.6965763956016,884.6965763956016
2139.0,121191.63502282141,121191.63502282141,591401.0395628735,591401.0395628735,753.0658180813422,753.0658180813422,138707.922582515,138707.922582515,610737.2049888575,610737.2049888575,1103.5765817185613,1103.5765817185613,67743.8066384153,67743.8066384153,283958.7424821629,283958.7424821629,1710.2214080315655,1710.2214080315655,80987.367339727,80987.367339727,351706.29545132606,351706.29545132606,991.3444663202753,991.3444663202753,266856.8717614227,266856.8717614227,1190661.1515817957,1190661.1515817957,883.0930347056863,883.0930347056863
2140.0,121618.89471361176,121618.89471361176,592307.9132302818,592307.9132302818,751.2894798210201,751.2894798210201,139464.41657350736,139464.41657350736,613351.156008025,613351.156008025,1102.6394895950461,1102.6394895950461,67992.36660590768,67992.36660590768,284414.9201235897,284414.9201235897,1711.0241761642665,1711.0241761642665,81253.70663816736,81253.70663816736,351823.9712937419,351823.9712937419,990.3316124838381,990.3316124838381,268375.5281389344,268375.5281389344,1196175.6719884102,1196175.6719884102,881.6352695330296,881.6352695330296
2141.0,122059.28461449881,122059.28461449881,593199.6723365635,593199.6723365635,749.6907753867252,749.6907753867252,140216.96199541204,140216.96199541204,615921.5411768757,615921.5411768757,1101.7961066838866,1101.7961066838866,68236.5372139169,68236.5372139169,284863.49480432615,284863.49480432615,1711.7466674836942,1711.7466674836942,81529.23131697229,81529.23131697229,351939.68587211566,351939.68587211566,989.4200440310484,989.4200440310484,269897.6719571255,269897.6719571255,1201598.2837215816,1201598.2837215816,880.3232808776439,880.3232808776439
2142.0,122513.3263556295,122513.3263556295,594076.3168817261,594076.3168817261,748.2697047784682,748.2697047784682,140965.78641231277,140965.78641231277,618448.3604954041,618448.3604954041,1101.0464329850738,1101.0464329850738,68476.29168804742,68476.29168804742,285304.4665243712,285304.4665243712,1712.3888819898586,1712.3888819898586,81814.30010888378,81814.30010888378,352053.439186451,352053.439186451,988.6097609618969,988.6097609618969,271424.31627307396,271424.31627307396,1206928.9867813175,1206928.9867813175,879.1570687395246,879.1570687395246
2143.0,122981.52622508603,122981.52622508603,594937.8468657647,594937.8468657647,747.026267996242,747.026267996242,141711.1106952342,141711.1106952342,620931.6139636147,620931.6139636147,1100.390468498621,1100.390468498621,68711.60404138717,68711.60404138717,285737.83528372744,285737.83528372744,1712.9508196827455,1712.9508196827455,82109.2611956802,82109.2611956802,352165.2312367443,352165.2312367443,987.9007632763913,987.9007632763913,272956.44434806256,272956.44434806256,1212167.781167607,1212167.781167607,878.1366331186676,878.1366331186676
2144.0,123464.37516888845,123464.37516888845,595784.2622886774,595784.2622886774,745.9604650400483,745.9604650400483,142453.14902213812,142453.14902213812,623371.3015815057,623371.3015815057,1099.8282132245092,1099.8282132245092,68942.44907450571,68942.44907450571,286163.6010823921,286163.6010823921,1713.4324805623662,1713.4324805623662,82414.45220817754,82414.45220817754,352275.06202299864,352275.06202299864,987.2930509745324,987.2930509745324,274495.00964757794,274495.00964757794,1217314.6668804493,1217314.6668804493,877.2619740150744,877.2619740150744
2145.0,123962.34879099161,123962.34879099161,596615.563150469,596615.563150469,745.0722959098854,745.0722959098854,143192.10887792511,143192.10887792511,625767.4233490783,625767.4233490783,1099.3596671627556,1099.3596671627556,69168.8023754546,69168.8023754546,286581.76392036694,286581.76392036694,1713.8338646287214,1713.8338646287214,82730.20022622877,82730.20022622877,352382.9315452131,352382.9315452131,986.7866240563117,986.7866240563117,276040.93584130844,276040.93584130844,1222369.6439198444,1222369.6439198444,876.5330914287512,876.5330914287512
2146.0,124475.90735329027,124475.90735329027,597431.7494511356,597431.7494511356,744.3617606057542,744.3617606057542,143928.1910544352,143928.1910544352,628119.97926633,628119.97926633,1098.9848303133504,1098.9848303133504,69390.64031976784,69390.64031976784,286992.32379765133,286992.32379765133,1714.154971881799,1714.154971881799,83056.82177872359,83056.82177872359,352488.8398033864,352488.8398033864,986.3814825217406,986.3814825217406,277595.1168031479,277595.1168031479,1227332.7122858032,1227332.7122858032,875.9499853596888,875.9499853596888
2147.0,125005.49577561408,125005.49577561408,598232.8211906784,598232.8211906784,743.8288591276587,743.8288591276587,144661.5896504468,144661.5896504468,630428.9693332613,630428.9693332613,1098.703702676293,1098.703702676293,69607.94007046183,69607.94007046183,287395.2807142438,287395.2807142438,1714.3958023216103,1714.3958023216103,83394.62284358928,83394.62284358928,352592.78679752006,352592.78679752006,986.077626370807,986.077626370807,279158.4166111927,279158.4166111927,1232203.8719783153,1232203.8719783153,875.5126558078945,875.5126558078945
2148.0,125551.54363572963,125551.54363572963,599018.7783690981,599018.7783690981,743.4735914755933,743.4735914755933,145392.49207167578,145392.49207167578,632694.3935498738,632694.3935498738,1098.5162842515922,1098.5162842515922,69820.6795780345,69820.6795780345,287790.63467014726,287790.63467014726,1714.5563559481507,1714.5563559481507,83743.89884778926,83743.89884778926,352694.77252761344,352694.77252761344,985.8750556035209,985.8750556035209,280731.6695477425,280731.6695477425,1236983.1229973848,1236983.1229973848,875.2211027733651,875.2211027733651
2149.0,126114.46516934167,126114.46516934167,599789.6209863956,599789.6209863956,743.2959576495621,743.2959576495621,146121.07903077945,146121.07903077945,634916.2519161688,634916.2519161688,1098.422575039242,1098.422575039242,70028.83758046645,70028.83758046645,288178.38566536043,288178.38566536043,1714.6366327614196,1714.6366327614196,84104.93466732459,84104.93466732459,352794.7969936653,352794.7969936653,985.7737702198772,985.7737702198772,282315.6800993037,282315.6800993037,1241670.4653430085,1241670.4653430085,875.0753262560978,875.0753262560978
2150.0,126694.65927008975,126694.65927008975,600545.3490425688,600545.3490425688,743.2959576495621,743.2959576495621,146847.524547351,146847.524547351,637094.5444321427,637094.5444321427,1098.422575039242,1098.422575039242,70232.39360322105,70232.39360322105,288558.53369988286,288558.53369988286,1714.6366327614196,1714.6366327614196,84478.00462723311,84478.00462723311,352892.86019567767,352892.86019567767,985.7737702198772,985.7737702198772,283911.2229565815,283911.2229565815,1246265.89901519,1246265.89901519,875.0753262560978,875.0753262560978
2151.0,127263.24948882379,127263.24948882379,601285.9625376177,601285.9625376177,743.2959576495621,743.2959576495621,147559.441153591,147559.441153591,639229.2710977958,639229.2710977958,1098.422575039242,1098.422575039242,70431.87850552013,70431.87850552013,288931.0787737141,288931.0787737141,1714.6366327614196,1714.6366327614196,84843.61318794338,84843.61318794338,352988.96213365113,352988.96213365113,985.7737702198772,985.7737702198772,285474.8549567136,285474.8549567136,1250769.424013929,1250769.424013929,875.0753262560978,875.0753262560978
2152.0,127820.2358255415,127820.2358255415,602011.4614715442,602011.4614715442,743.2959576495621,743.2959576495621,148256.82884949938,148256.82884949938,641320.4319131315,641320.4319131315,1098.422575039242,1098.422575039242,70627.29228736435,70627.29228736435,289296.0208868554,289296.0208868554,1714.6366327614196,1714.6366327614196,85201.76034945536,85201.76034945536,353083.1028075826,353083.1028075826,985.7737702198772,985.7737702198772,287006.57609969965,287006.57609969965,1255181.0403392236,1255181.0403392236,875.0753262560978,875.0753262560978
2153.0,128365.61828024527,128365.61828024527,602721.8458443476,602721.8458443476,743.2959576495621,743.2959576495621,148939.6876350767,148939.6876350767,643368.0268781476,643368.0268781476,1098.422575039242,1098.422575039242,70818.63494875353,70818.63494875353,289653.36003930744,289653.36003930744,1714.6366327614196,1714.6366327614196,85552.4461117693,85552.4461117693,353175.28221747384,353175.28221747384,985.7737702198772,985.7737702198772,288506.3863855417,288506.3863855417,1259500.7479910732,1259500.7479910732,875.0753262560978,875.0753262560978
2154.0,128899.39685293367,128899.39685293367,603417.1156560273,603417.1156560273,743.2959576495621,743.2959576495621,149608.01751032213,149608.01751032213,645372.0559928446,645372.0559928446,1098.422575039242,1098.422575039242,71005.9064896877,71005.9064896877,290003.09623106767,290003.09623106767,1714.6366327614196,1714.6366327614196,85895.67047488512,85895.67047488512,353265.50036332564,353265.50036332564,985.7737702198772,985.7737702198772,289974.28581423627,289974.28581423627,1263728.5469694792,1263728.5469694792,875.0753262560978,875.0753262560978
2155.0,129421.57154360699,129421.57154360699,604097.2709065827,604097.2709065827,743.2959576495621,743.2959576495621,150261.81847523627,150261.81847523627,647332.5192572201,647332.5192572201,1098.422575039242,1098.422575039242,71189.10691016674,71189.10691016674,290345.2294621375,290345.2294621375,1714.6366327614196,1714.6366327614196,86231.43343880278,86231.43343880278,353353.7572451361,353353.7572451361,985.7737702198772,985.7737702198772,291410.2743857861,291410.2743857861,1267864.437274445,1267864.437274445,875.0753262560978,875.0753262560978
2156.0,129932.1423522656,129932.1423522656,604762.3115960158,604762.3115960158,743.2959576495621,743.2959576495621,150901.0905298191,150901.0905298191,649249.416671277,649249.416671277,1098.422575039242,1098.422575039242,71368.23621019063,71368.23621019063,290679.7597325174,290679.7597325174,1714.6366327614196,1714.6366327614196,86559.73500352216,86559.73500352216,353440.0528629069,353440.0528629069,985.7737702198772,985.7737702198772,292814.352100191,292814.352100191,1271908.4189059662,1271908.4189059662,875.0753262560978,875.0753262560978
2157.0,130431.1092789092,130431.1092789092,605412.2377243236,605412.2377243236,743.2959576495621,743.2959576495621,151525.8336740706,151525.8336740706,651122.7482350147,651122.7482350147,1098.422575039242,1098.422575039242,71543.29438975935,71543.29438975935,291006.6870422057,291006.6870422057,1714.6366327614196,1714.6366327614196,86880.57516904332,86880.57516904332,353524.38721663854,353524.38721663854,985.7737702198772,985.7737702198772,294186.51895745005,294186.51895745005,1275860.4918640407,1275860.4918640407,875.0753262560978,875.0753262560978
2158.0,130918.47232353801,130918.47232353801,606047.049291507,606047.049291507,743.2959576495621,743.2959576495621,152136.0479079909,152136.0479079909,652952.5139484341,652952.5139484341,1098.422575039242,1098.422575039242,71714.28144887289,71714.28144887289,291326.0113912055,291326.0113912055,1714.6366327614196,1714.6366327614196,87193.95393536674,87193.95393536674,353606.7603063282,353606.7603063282,985.7737702198772,985.7737702198772,295526.7749575633,295526.7749575633,1279720.6561486665,1279720.6561486665,875.0753262560978,875.0753262560978
2159.0,131394.23148615132,131394.23148615132,606666.7462975718,606666.7462975718,743.2959576495621,743.2959576495621,152731.7332315792,152731.7332315792,654738.7138115318,654738.7138115318,1098.422575039242,1098.422575039242,71881.19738753143,71881.19738753143,291637.73277951346,291637.73277951346,1714.6366327614196,1714.6366327614196,87499.8713024914,87499.8713024914,353687.1721319794,353687.1721319794,985.7737702198772,985.7737702198772,296835.1201005309,296835.1201005309,1283488.9117598578,1283488.9117598578,875.0753262560978,875.0753262560978
2160.0,131858.38676675045,131858.38676675045,607271.3287425097,607271.3287425097,743.2959576495621,743.2959576495621,153312.88964483628,153312.88964483628,656481.347824312,656481.347824312,1098.422575039242,1098.422575039242,72044.04220573504,72044.04220573504,291941.8512071313,291941.8512071313,1714.6366327614196,1714.6366327614196,87798.32727041811,87798.32727041811,353765.62269358855,353765.62269358855,985.7737702198772,985.7737702198772,298111.55438635335,298111.55438635335,1287165.2586976085,1287165.2586976085,875.0753262560978,875.0753262560978
2161.0,132310.93816533373,132310.93816533373,607860.7966263233,607860.7966263233,743.2959576495621,743.2959576495621,153879.51714776218,153879.51714776218,658180.4159867722,658180.4159867722,1098.422575039242,1098.422575039242,72202.81590348331,72202.81590348331,292238.36667405895,292238.36667405895,1714.6366327614196,1714.6366327614196,88089.32183914681,88089.32183914681,353842.1119911593,353842.1119911593,985.7737702198772,985.7737702198772,299356.07781502866,299356.07781502866,1290749.6969619046,1290749.6969619046,875.0753262560978,875.0753262560978
2162.0,132751.88568190267,132751.88568190267,608435.1499490163,608435.1499490163,743.2959576495621,743.2959576495621,154431.6157403561,154431.6157403561,659835.918298911,659835.918298911,1098.422575039242,1098.422575039242,72357.51848077685,72357.51848077685,292527.2791802949,292527.2791802949,1714.6366327614196,1714.6366327614196,88372.85500867722,88372.85500867722,353916.64002468844,353916.64002468844,985.7737702198772,985.7737702198772,300568.69038656127,300568.69038656127,1294242.2265527674,1294242.2265527674,875.0753262560978,875.0753262560978
2163.0,133181.22931645616,133181.22931645616,608994.3887105831,608994.3887105831,743.2959576495621,743.2959576495621,154969.18542261916,154969.18542261916,661447.8547607337,661447.8547607337,1098.422575039242,1098.422575039242,72508.14993761512,72508.14993761512,292808.5887258425,292808.5887258425,1714.6366327614196,1714.6366327614196,88648.9267790096,88648.9267790096,353989.2067941782,353989.2067941782,985.7737702198772,985.7737702198772,301749.39210094616,301749.39210094616,1297642.8474701776,1297642.8474701776,875.0753262560978,875.0753262560978
2164.0,133598.96906899553,133598.96906899553,609538.5129110292,609538.5129110292,743.2959576495621,743.2959576495621,155492.22619455057,155492.22619455057,663016.2253722342,663016.2253722342,1098.422575039242,1098.422575039242,72654.71027399822,72654.71027399822,293082.29531069816,293082.29531069816,1714.6366327614196,1714.6366327614196,88917.53715014347,88917.53715014347,354059.81229962606,354059.81229962606,985.7737702198772,985.7737702198772,302898.18295818614,302898.18295818614,1300951.5597141534,1300951.5597141534,875.0753262560978,875.0753262560978
2165.0,134005.10493951902,134005.10493951902,610067.5225503509,610067.5225503509,743.2959576495621,743.2959576495621,156000.73805615082,156000.73805615082,664541.030133415,664541.030133415,1098.422575039242,1098.422575039242,72797.19948992634,72797.19948992634,293348.398934864,293348.398934864,1714.6366327614196,1714.6366327614196,89178.6861220794,89178.6861220794,354128.4565410355,354128.4565410355,985.7737702198772,985.7737702198772,304015.0629582809,304015.0629582809,1304168.3632846745,1304168.3632846745,875.0753262560978,875.0753262560978
2166.0,134399.63692802825,134399.63692802825,610581.4176285459,610581.4176285459,743.2959576495621,743.2959576495621,156494.72100741894,156494.72100741894,666022.2690442785,666022.2690442785,1098.422575039242,1098.422575039242,72935.61758539938,72935.61758539938,293606.89959833934,293606.89959833934,1714.6366327614196,1714.6366327614196,89432.37369481724,89432.37369481724,354195.1395184032,354195.1395184032,985.7737702198772,985.7737702198772,305100.0321012295,305100.0321012295,1307293.2581817554,1307293.2581817554,875.0753262560978,875.0753262560978
2167.0,134782.56503452224,134782.56503452224,611080.1981456224,611080.1981456224,743.2959576495621,743.2959576495621,156974.1750483563,156974.1750483563,667459.9421048196,667459.9421048196,1098.422575039242,1098.422575039242,73069.9645604173,73069.9645604173,293857.797301123,293857.797301123,1714.6366327614196,1714.6366327614196,89678.59986835656,89678.59986835656,354259.8612317324,354259.8612317324,985.7737702198772,985.7737702198772,306153.0903870328,306153.0903870328,1310326.244405402,1310326.244405402,875.0753262560978,875.0753262560978
2168.0,135153.88925900115,135153.88925900115,611563.8641015742,611563.8641015742,743.2959576495621,743.2959576495621,157439.10017896214,157439.10017896214,668854.0493150435,668854.0493150435,1098.422575039242,1098.422575039242,73200.24041498004,73200.24041498004,294101.09204321814,294101.09204321814,1714.6366327614196,1714.6366327614196,89917.36464269814,89917.36464269814,354322.6216810194,354322.6216810194,985.7737702198772,985.7737702198772,307174.2378156902,307174.2378156902,1313267.3219555996,1313267.3219555996,875.0753262560978,875.0753262560978
2169.0,135513.60960146494,135513.60960146494,612032.4154964004,612032.4154964004,743.2959576495621,743.2959576495621,157889.4963992362,157889.4963992362,670204.5906749469,670204.5906749469,1098.422575039242,1098.422575039242,73326.44514908787,73326.44514908787,294336.78382462176,294336.78382462176,1714.6366327614196,1714.6366327614196,90148.66801784153,90148.66801784153,354383.42086626723,354383.42086626723,985.7737702198772,985.7737702198772,308163.474387203,308163.474387203,1316116.49083235,1316116.49083235,875.0753262560978,875.0753262560978
2170.0,135861.72606191368,135861.72606191368,612485.8523301051,612485.8523301051,743.2959576495621,743.2959576495621,158325.36370917867,158325.36370917867,671511.5661845334,671511.5661845334,1098.422575039242,1098.422575039242,73448.5787627404,73448.5787627404,294564.8726453352,294564.8726453352,1714.6366327614196,1714.6366327614196,90372.50999378655,90372.50999378655,354442.25878747564,354442.25878747564,985.7737702198772,985.7737702198772,309120.8001015693,309120.8001015693,1318873.751035657,1318873.751035657,875.0753262560978,875.0753262560978
2171.0,136198.23864034784,136198.23864034784,612924.1746026853,612924.1746026853,743.2959576495621,743.2959576495621,158746.70210879063,158746.70210879063,672774.9758437972,672774.9758437972,1098.422575039242,1098.422575039242,73566.64125593803,73566.64125593803,294785.35850535857,294785.35850535857,1714.6366327614196,1714.6366327614196,90588.89057053342,90588.89057053342,354499.13544464274,354499.13544464274,985.7737702198772,985.7737702198772,310046.21495879116,310046.21495879116,1321539.1025655235,1321539.1025655235,875.0753262560978,875.0753262560978
2172.0,136523.1473367666,136523.1473367666,613347.3823141415,613347.3823141415,743.2959576495621,743.2959576495621,159153.51159807047,159153.51159807047,673994.8196527415,673994.8196527415,1098.422575039242,1098.422575039242,73680.63262868053,73680.63262868053,294998.24140468996,294998.24140468996,1714.6366327614196,1714.6366327614196,90797.80974808238,90797.80974808238,354554.05083776976,354554.05083776976,985.7737702198772,985.7737702198772,310939.71895886667,310939.71895886667,1324112.545421947,1324112.545421947,875.0753262560978,875.0753262560978
2173.0,136836.45215117102,136836.45215117102,613755.4754644748,613755.4754644748,743.2959576495621,743.2959576495621,159545.79217701926,159545.79217701926,675171.0976113667,675171.0976113667,1098.422575039242,1098.422575039242,73790.55288096782,73790.55288096782,295203.52134333213,295203.52134333213,1714.6366327614196,1714.6366327614196,90999.26752643267,90999.26752643267,354607.0049668571,354607.0049668571,985.7737702198772,985.7737702198772,311801.31210179685,311801.31210179685,1326594.0796049233,1326594.0796049233,875.0753262560978,875.0753262560978
2174.0,137138.15308355994,137138.15308355994,614148.4540536855,614148.4540536855,743.2959576495621,743.2959576495621,159923.54384563598,159923.54384563598,676303.8097196753,676303.8097196753,1098.422575039242,1098.422575039242,73896.40201279997,73896.40201279997,295401.19832128426,295401.19832128426,1714.6366327614196,1714.6366327614196,91193.26390558509,91193.26390558509,354657.99783190264,354657.99783190264,985.7737702198772,985.7737702198772,312630.99438758095,312630.99438758095,1328983.7051144575,1328983.7051144575,875.0753262560978,875.0753262560978
2175.0,137428.25013393455,137428.25013393455,614526.3180817723,614526.3180817723,743.2959576495621,743.2959576495621,160286.76660392203,160286.76660392203,677392.9559776621,677392.9559776621,1098.422575039242,1098.422575039242,73998.1800241773,73998.1800241773,295591.2723385454,295591.2723385454,1714.6366327614196,1714.6366327614196,91379.79888553935,91379.79888553935,354707.02943290904,354707.02943290904,985.7737702198772,985.7737702198772,313428.76581621915,313428.76581621915,1331281.4219505482,1331281.4219505482,875.0753262560978,875.0753262560978
2176.0,137706.74330229353,137706.74330229353,614889.0675487345,614889.0675487345,743.2959576495621,743.2959576495621,160635.46045187645,160635.46045187645,678438.5363853277,678438.5363853277,1098.422575039242,1098.422575039242,74095.88691509946,74095.88691509946,295773.74339511566,295773.74339511566,1714.6366327614196,1714.6366327614196,91558.87246629507,91558.87246629507,354754.09976987593,354754.09976987593,985.7737702198772,985.7737702198772,314194.62638771127,314194.62638771127,1333487.2301131964,1333487.2301131964,875.0753262560978,875.0753262560978
2177.0,137973.6325886376,137973.6325886376,615236.7024545744,615236.7024545744,743.2959576495621,743.2959576495621,160969.62538949883,160969.62538949883,679440.5509426764,679440.5509426764,1098.422575039242,1098.422575039242,74189.5226855664,74189.5226855664,295948.611490996,295948.611490996,1714.6366327614196,1714.6366327614196,91730.484647853,91730.484647853,354799.2088428009,354799.2088428009,985.7737702198772,985.7737702198772,314928.57610206056,314928.57610206056,1335601.129602401,1335601.129602401,875.0753262560978,875.0753262560978
2178.0,138228.91799296727,138228.91799296727,615569.2227992913,615569.2227992913,743.2959576495621,743.2959576495621,161289.26141679063,161289.26141679063,680398.9996497069,680398.9996497069,1098.422575039242,1098.422575039242,74279.08733557821,74279.08733557821,296115.8766261866,296115.8766261866,1714.6366327614196,1714.6366327614196,91894.63543021293,91894.63543021293,354842.3566516866,354842.3566516866,985.7737702198772,985.7737702198772,315630.61495926295,315630.61495926295,1337623.1204181584,1337623.1204181584,875.0753262560978,875.0753262560978
2179.0,138472.5995152812,138472.5995152812,615886.6285828843,615886.6285828843,743.2959576495621,743.2959576495621,161594.36853375047,161594.36853375047,681313.8825064171,681313.8825064171,1098.422575039242,1098.422575039242,74364.58086513534,74364.58086513534,296275.5388006856,296275.5388006856,1714.6366327614196,1714.6366327614196,92051.32481337417,92051.32481337417,354883.5431965318,354883.5431965318,985.7737702198772,985.7737702198772,316300.74295931886,316300.74295931886,1339553.2025604737,1339553.2025604737,875.0753262560978,875.0753262560978
2180.0,138704.67715558037,138704.67715558037,616188.9198053528,616188.9198053528,743.2959576495621,743.2959576495621,161884.94674037883,161884.94674037883,682185.1995128035,682185.1995128035,1098.422575039242,1098.422575039242,74446.00327423691,74446.00327423691,296427.59801449446,296427.59801449446,1714.6366327614196,1714.6366327614196,92200.55279733754,92200.55279733754,354922.768477336,354922.768477336,985.7737702198772,985.7737702198772,316938.96010222955,316938.96010222955,1341391.376029348,1341391.376029348,875.0753262560978,875.0753262560978
2181.0,138925.15091386525,138925.15091386525,616476.0964666996,616476.0964666996,743.2959576495621,743.2959576495621,162160.99603667625,162160.99603667625,683012.9506688751,683012.9506688751,1098.422575039242,1098.422575039242,74523.35456288367,74523.35456288367,296572.0542676133,296572.0542676133,1714.6366327614196,1714.6366327614196,92342.31938210332,92342.31938210332,354960.03249410086,354960.03249410086,985.7737702198772,985.7737702198772,317545.26638799545,317545.26638799545,1343137.640824779,1343137.640824779,875.0753262560978,875.0753262560978
2182.0,139134.02079013418,139134.02079013418,616748.1585669207,616748.1585669207,743.2959576495621,743.2959576495621,162422.51642264228,162422.51642264228,683797.1359746244,683797.1359746244,1098.422575039242,1098.422575039242,74596.63473107501,74596.63473107501,296708.9075600405,296708.9075600405,1714.6366327614196,1714.6366327614196,92476.62456767017,92476.62456767017,354995.3352468259,354995.3352468259,985.7737702198772,985.7737702198772,318119.66181661567,318119.66181661567,1344791.9969467632,1344791.9969467632,875.0753262560978,875.0753262560978
2183.0,139331.28678438897,139331.28678438897,617005.1061060175,617005.1061060175,743.2959576495621,743.2959576495621,162669.50789827618,162669.50789827618,684537.7554300586,684537.7554300586,1098.422575039242,1098.422575039242,74665.84377881186,74665.84377881186,296838.15789177903,296838.15789177903,1714.6366327614196,1714.6366327614196,92603.46835403901,92603.46835403901,355028.6767355095,355028.6767355095,985.7737702198772,985.7737702198772,318662.1463880903,318662.1463880903,1346354.444395299,1346354.444395299,875.0753262560978,875.0753262560978
2184.0,139516.9488966285,139516.9488966285,617246.9390839959,617246.9390839959,743.2959576495621,743.2959576495621,162901.97046357908,162901.97046357908,685234.8090351688,685234.8090351688,1098.422575039242,1098.422575039242,74730.9817060931,74730.9817060931,296959.8052628256,296959.8052628256,1714.6366327614196,1714.6366327614196,92722.85074120958,92722.85074120958,355060.0569601543,355060.0569601543,985.7737702198772,985.7737702198772,319172.72010241856,319172.72010241856,1347824.983170398,1347824.983170398,875.0753262560978,875.0753262560978
2185.0,139691.00712685284,139691.00712685284,617473.6575008471,617473.6575008471,743.2959576495621,743.2959576495621,163119.90411855048,163119.90411855048,685888.2967899612,685888.2967899612,1098.422575039242,1098.422575039242,74792.0485129194,74792.0485129194,297073.8496731826,297073.8496731826,1714.6366327614196,1714.6366327614196,92834.77172918206,92834.77172918206,355089.4759207574,355089.4759207574,985.7737702198772,985.7737702198772,319651.3829596035,319651.3829596035,1349203.6132720588,1349203.6132720588,875.0753262560978,875.0753262560978
2186.0,139853.46147506213,139853.46147506213,617685.2613565745,617685.2613565745,743.2959576495621,743.2959576495621,163323.30886319082,163323.30886319082,686498.218694435,686498.218694435,1098.422575039242,1098.422575039242,74849.0441992906,74849.0441992906,297180.2911228488,297180.2911228488,1714.6366327614196,1714.6366327614196,92939.23131795652,92939.23131795652,355116.9336173219,355116.9336173219,985.7737702198772,985.7737702198772,320098.13495964085,320098.13495964085,1350490.3347002664,1350490.3347002664,875.0753262560978,875.0753262560978
2187.0,140004.3119412571,140004.3119412571,617881.7506511803,617881.7506511803,743.2959576495621,743.2959576495621,163512.1846974994,163512.1846974994,687064.5747485855,687064.5747485855,1098.422575039242,1098.422575039242,74901.96876520693,74901.96876520693,297279.1296118241,297279.1296118241,1714.6366327614196,1714.6366327614196,93036.22950753274,93036.22950753274,355142.4300498447,355142.4300498447,985.7737702198772,985.7737702198772,320512.97610253247,320512.97610253247,1351685.1474550352,1351685.1474550352,875.0753262560978,875.0753262560978
2188.0,140143.55852543676,140143.55852543676,618063.1253846609,618063.1253846609,743.2959576495621,743.2959576495621,163686.53162147605,163686.53162147605,687587.3649524223,687587.3649524223,1098.422575039242,1098.422575039242,74950.82221066783,74950.82221066783,297370.36514011,297370.36514011,1714.6366327614196,1714.6366327614196,93125.76629791076,93125.76629791076,355165.96521832806,355165.96521832806,985.7737702198772,985.7737702198772,320895.9063882786,320895.9063882786,1352788.0515363573,1352788.0515363573,875.0753262560978,875.0753262560978
2189.0,140271.20122760136,140271.20122760136,618229.3855570204,618229.3855570204,743.2959576495621,743.2959576495621,163846.34963512223,163846.34963512223,688066.5893059355,688066.5893059355,1098.422575039242,1098.422575039242,74995.6045356738,74995.6045356738,297453.9977077049,297453.9977077049,1714.6366327614196,1714.6366327614196,93207.84168909052,93207.84168909052,355187.5391227697,355187.5391227697,985.7737702198772,985.7737702198772,321246.9258168797,321246.9258168797,1353799.0469442408,1353799.0469442408,875.0753262560978,875.0753262560978
2190.0,140387.24004775097,140387.24004775097,618380.5311682556,618380.5311682556,743.2959576495621,743.2959576495621,163991.63873843642,163991.63873843642,688502.2478091293,688502.2478091293,1098.422575039242,1098.422575039242,75036.31574022444,75036.31574022444,297530.02731460903,297530.02731460903,1714.6366327614196,1714.6366327614196,93282.455681072,93282.455681072,355207.1517631731,355207.1517631731,985.7737702198772,985.7737702198772,321566.03438833525,321566.03438833525,1354718.1336786707,1354718.1336786707,875.0753262560978,875.0753262560978
2191.0,140491.67498588574,140491.67498588574,618516.5622183639,618516.5622183639,743.2959576495621,743.2959576495621,164122.3989314186,164122.3989314186,688894.3404620067,688894.3404620067,1098.422575039242,1098.422575039242,75072.95582432042,75072.95582432042,297598.4539608238,297598.4539608238,1714.6366327614196,1714.6366327614196,93349.608273856,93349.608273856,355224.8031395342,355224.8031395342,985.7737702198772,985.7737702198772,321853.232102646,321853.232102646,1355545.3117396624,1355545.3117396624,875.0753262560978,875.0753262560978
2192.0,140584.50604200532,140584.50604200532,618637.4787073536,618637.4787073536,743.2959576495621,743.2959576495621,164238.63021407087,164238.63021407087,689242.8672645595,689242.8672645595,1098.422575039242,1098.422575039242,75105.52478796135,75105.52478796135,297659.27764634625,297659.27764634625,1714.6366327614196,1714.6366327614196,93409.29946744117,93409.29946744117,355240.49325185723,355240.49325185723,985.7737702198772,985.7737702198772,322108.5189598106,322108.5189598106,1356280.5811272177,1356280.5811272177,875.0753262560978,875.0753262560978
2193.0,140665.73321610986,140665.73321610986,618743.2806352192,618743.2806352192,743.2959576495621,743.2959576495621,164340.33258639032,164340.33258639032,689547.8282167977,689547.8282167977,1098.422575039242,1098.422575039242,75134.02263114696,75134.02263114696,297712.49837118015,297712.49837118015,1714.6366327614196,1714.6366327614196,93461.52926182837,93461.52926182837,355254.2221001384,355254.2221001384,985.7737702198772,985.7737702198772,322331.8949598287,322331.8949598287,1356923.9418413236,1356923.9418413236,875.0753262560978,875.0753262560978
2194.0,140735.35650819974,140735.35650819974,618833.9680019588,618833.9680019588,743.2959576495621,743.2959576495621,164427.5060483788,164427.5060483788,689809.2233187127,689809.2233187127,1098.422575039242,1098.422575039242,75158.44935387741,75158.44935387741,297758.11613532243,297758.11613532243,1714.6366327614196,1714.6366327614196,93506.29765701747,93506.29765701747,355265.98968437983,355265.98968437983,985.7737702198772,985.7737702198772,322523.3601027033,322523.3601027033,1357475.3938819831,1357475.3938819831,875.0753262560978,875.0753262560978
2195.0,140793.37591827463,140793.37591827463,618909.5408075767,618909.5408075767,743.2959576495621,743.2959576495621,164500.15060003632,164500.15060003632,690027.0525703136,690027.0525703136,1098.422575039242,1098.422575039242,75178.80495615274,75178.80495615274,297796.13093877485,297796.13093877485,1714.6366327614196,1714.6366327614196,93543.60465300828,93543.60465300828,355275.7960045818,355275.7960045818,985.7737702198772,985.7737702198772,322682.9143884298,322682.9143884298,1357934.9372492004,1357934.9372492004,875.0753262560978,875.0753262560978
2196.0,140839.7914463344,140839.7914463344,618969.9990520707,618969.9990520707,743.2959576495621,743.2959576495621,164558.26624136203,164558.26624136203,690201.3159715907,690201.3159715907,1098.422575039242,1098.422575039242,75195.08943797307,75195.08943797307,297826.54278153693,297826.54278153693,1714.6366327614196,1714.6366327614196,93573.45024980081,93573.45024980081,355283.6410607429,355283.6410607429,985.7737702198772,985.7737702198772,322810.5578170125,322810.5578170125,1358302.5719429757,1358302.5719429757,875.0753262560978,875.0753262560978
2197.0,140874.6030923795,140874.6030923795,619015.3427354399,619015.3427354399,743.2959576495621,743.2959576495621,164601.8529723558,164601.8529723558,690332.0135225459,690332.0135225459,1098.422575039242,1098.422575039242,75207.30279933818,75207.30279933818,297849.3516636075,297849.3516636075,1714.6366327614196,1714.6366327614196,93595.83444739535,93595.83444739535,355289.52485286334,355289.52485286334,985.7737702198772,985.7737702198772,322906.29038844845,322906.29038844845,1358578.2979633084,1358578.2979633084,875.0753262560978,875.0753262560978
2198.0,140897.81085640923,140897.81085640923,619045.5718576864,619045.5718576864,743.2959576495621,743.2959576495621,164630.91079301923,164630.91079301923,690419.1452231844,690419.1452231844,1098.422575039242,1098.422575039242,75215.44504024874,75215.44504024874,297864.5575849883,297864.5575849883,1714.6366327614196,1714.6366327614196,93610.7572457917,93610.7572457917,355293.4473809444,355293.4473809444,985.7737702198772,985.7737702198772,322970.11210274015,322970.11210274015,1358762.1153101956,1358762.1153101956,875.0753262560978,875.0753262560978
2199.0,140909.4147384245,140909.4147384245,619060.6864188111,619060.6864188111,743.2959576495621,743.2959576495621,164645.4397033504,164645.4397033504,690462.7110735065,690462.7110735065,1098.422575039242,1098.422575039242,75219.51616070358,75219.51616070358,297872.1605456793,297872.1605456793,1714.6366327614196,1714.6366327614196,93618.2186449901,93618.2186449901,355295.4086449839,355295.4086449839,985.7737702198772,985.7737702198772,323002.02295988624,323002.02295988624,1358854.0239836373,1358854.0239836373,875.0753262560978,875.0753262560978
2200.0,140909.4147384245,140909.4147384245,619060.6864188111,619060.6864188111,743.2959576495621,743.2959576495621,164645.4397033504,164645.4397033504,690462.7110735065,690462.7110735065,1098.422575039242,1098.422575039242,75219.51616070358,75219.51616070358,297872.1605456793,297872.1605456793,1714.6366327614196,1714.6366327614196,93618.2186449901,93618.2186449901,355295.4086449839,355295.4086449839,985.7737702198772,985.7737702198772,323002.02295988624,323002.02295988624,1358854.0239836373,1358854.0239836373,875.0753262560978,875.0753262560978
