Time,Coastal GDP (global) ssp126,Coastal GDP (0-10) ssp126,Coastal GDP (10-20) ssp126,Coastal GDP (20-30) ssp126,Coastal GDP (30-40) ssp126,Coastal GDP (40-50) ssp126,Coastal GDP (50-60) ssp126,Coastal GDP (60-70) ssp126,Coastal GDP (70-80) ssp126,Coastal GDP (80-90) ssp126,Coastal GDP (90-100) ssp126,Coastal Capital (global) ssp126,Coastal Capital (0-10) ssp126,Coastal Capital (10-20) ssp126,Coastal Capital (20-30) ssp126,Coastal Capital (30-40) ssp126,Coastal Capital (40-50) ssp126,Coastal Capital (50-60) ssp126,Coastal Capital (60-70) ssp126,Coastal Capital (70-80) ssp126,Coastal Capital (80-90) ssp126,Coastal Capital (90-100) ssp126,Coastal pop (global) ssp126,Coastal pop (0-10) ssp126,Coastal pop (10-20) ssp126,Coastal pop (20-30) ssp126,Coastal pop (30-40) ssp126,Coastal pop (40-50) ssp126,Coastal pop (50-60) ssp126,Coastal pop (60-70) ssp126,Coastal pop (70-80) ssp126,Coastal pop (80-90) ssp126,Coastal pop (90-100) ssp126,Coastal GDP (global) ssp245,Coastal GDP (0-10) ssp245,Coastal GDP (10-20) ssp245,Coastal GDP (20-30) ssp245,Coastal GDP (30-40) ssp245,Coastal GDP (40-50) ssp245,Coastal GDP (50-60) ssp245,Coastal GDP (60-70) ssp245,Coastal GDP (70-80) ssp245,Coastal GDP (80-90) ssp245,Coastal GDP (90-100) ssp245,Coastal Capital (global) ssp245,Coastal Capital (0-10) ssp245,Coastal Capital (10-20) ssp245,Coastal Capital (20-30) ssp245,Coastal Capital (30-40) ssp245,Coastal Capital (40-50) ssp245,Coastal Capital (50-60) ssp245,Coastal Capital (60-70) ssp245,Coastal Capital (70-80) ssp245,Coastal Capital (80-90) ssp245,Coastal Capital (90-100) ssp245,Coastal pop (global) ssp245,Coastal pop (0-10) ssp245,Coastal pop (10-20) ssp245,Coastal pop (20-30) ssp245,Coastal pop (30-40) ssp245,Coastal pop (40-50) ssp245,Coastal pop (50-60) ssp245,Coastal pop (60-70) ssp245,Coastal pop (70-80) ssp245,Coastal pop (80-90) ssp245,Coastal pop (90-100) ssp245,Coastal GDP (global) ssp370,Coastal GDP (0-10) ssp370,Coastal GDP (10-20) ssp370,Coastal GDP (20-30) ssp370,Coastal GDP (30-40) ssp370,Coastal GDP (40-50) ssp370,Coastal GDP (50-60) ssp370,Coastal GDP (60-70) ssp370,Coastal GDP (70-80) ssp370,Coastal GDP (80-90) ssp370,Coastal GDP (90-100) ssp370,Coastal Capital (global) ssp370,Coastal Capital (0-10) ssp370,Coastal Capital (10-20) ssp370,Coastal Capital (20-30) ssp370,Coastal Capital (30-40) ssp370,Coastal Capital (40-50) ssp370,Coastal Capital (50-60) ssp370,Coastal Capital (60-70) ssp370,Coastal Capital (70-80) ssp370,Coastal Capital (80-90) ssp370,Coastal Capital (90-100) ssp370,Coastal pop (global) ssp370,Coastal pop (0-10) ssp370,Coastal pop (10-20) ssp370,Coastal pop (20-30) ssp370,Coastal pop (30-40) ssp370,Coastal pop (40-50) ssp370,Coastal pop (50-60) ssp370,Coastal pop (60-70) ssp370,Coastal pop (70-80) ssp370,Coastal pop (80-90) ssp370,Coastal pop (90-100) ssp370,Coastal GDP (global) ssp460,Coastal GDP (0-10) ssp460,Coastal GDP (10-20) ssp460,Coastal GDP (20-30) ssp460,Coastal GDP (30-40) ssp460,Coastal GDP (40-50) ssp460,Coastal GDP (50-60) ssp460,Coastal GDP (60-70) ssp460,Coastal GDP (70-80) ssp460,Coastal GDP (80-90) ssp460,Coastal GDP (90-100) ssp460,Coastal Capital (global) ssp460,Coastal Capital (0-10) ssp460,Coastal Capital (10-20) ssp460,Coastal Capital (20-30) ssp460,Coastal Capital (30-40) ssp460,Coastal Capital (40-50) ssp460,Coastal Capital (50-60) ssp460,Coastal Capital (60-70) ssp460,Coastal Capital (70-80) ssp460,Coastal Capital (80-90) ssp460,Coastal Capital (90-100) ssp460,Coastal pop (global) ssp460,Coastal pop (0-10) ssp460,Coastal pop (10-20) ssp460,Coastal pop (20-30) ssp460,Coastal pop (30-40) ssp460,Coastal pop (40-50) ssp460,Coastal pop (50-60) ssp460,Coastal pop (60-70) ssp460,Coastal pop (70-80) ssp460,Coastal pop (80-90) ssp460,Coastal pop (90-100) ssp460,Coastal GDP (global) ssp585,Coastal GDP (0-10) ssp585,Coastal GDP (10-20) ssp585,Coastal GDP (20-30) ssp585,Coastal GDP (30-40) ssp585,Coastal GDP (40-50) ssp585,Coastal GDP (50-60) ssp585,Coastal GDP (60-70) ssp585,Coastal GDP (70-80) ssp585,Coastal GDP (80-90) ssp585,Coastal GDP (90-100) ssp585,Coastal Capital (global) ssp585,Coastal Capital (0-10) ssp585,Coastal Capital (10-20) ssp585,Coastal Capital (20-30) ssp585,Coastal Capital (30-40) ssp585,Coastal Capital (40-50) ssp585,Coastal Capital (50-60) ssp585,Coastal Capital (60-70) ssp585,Coastal Capital (70-80) ssp585,Coastal Capital (80-90) ssp585,Coastal Capital (90-100) ssp585,Coastal pop (global) ssp585,Coastal pop (0-10) ssp585,Coastal pop (10-20) ssp585,Coastal pop (20-30) ssp585,Coastal pop (30-40) ssp585,Coastal pop (40-50) ssp585,Coastal pop (50-60) ssp585,Coastal pop (60-70) ssp585,Coastal pop (70-80) ssp585,Coastal pop (80-90) ssp585,Coastal pop (90-100) ssp585
2000.0,11293.316342801347,1710.839037116891,1569.7010912302107,1578.562844707549,1345.349425213679,1049.4750361229794,1043.9330247705184,1208.9545450967682,671.6396891656943,632.276051737508,482.5855976395516,58623.22805197852,5292.333960755748,6244.284637122268,6563.293699132751,6508.440881624751,5468.4615312470005,5264.95551984,8747.100347806001,4181.192728028001,5097.410972532,5255.75377389,951.5125102797817,96.35219750600862,96.57516589859009,96.86695131079101,92.62931942895507,92.48467990429687,93.2765316796875,96.42630786328125,82.56387988739013,113.5658749453125,90.77160185546875,11293.316627802998,1710.8390368509788,1569.7010931922343,1578.5628428205139,1345.3497491904066,1049.475034021724,1043.9330186617574,1208.954510747215,671.6396863395362,632.276051737508,482.58560424112756,58623.22805197852,5292.333960755748,6244.284637122268,6563.293699132751,6508.440881624751,5468.4615312470005,5264.95551984,8747.100347806001,4181.192728028001,5097.410972532,5255.75377389,951.508745007687,96.35209603469515,96.57493811343383,96.86686305297852,92.62840952270507,92.4845835703125,93.2761541484375,96.42575786328125,82.56307965106201,113.5658749453125,90.77098810546875,11293.314817597175,1710.8390367871048,1569.70109533377,1578.562843938908,1345.347913030549,1049.475035993889,1043.9330221542943,1208.9545229159078,671.6397006968909,632.276051737508,482.5855950083568,58623.22805197852,5292.333960755748,6244.284637122268,6563.293699132751,6508.440881624751,5468.4615312470005,5264.95551984,8747.100347806001,4181.192728028001,5097.410972532,5255.75377389,951.5318064081387,96.35271751913118,96.57633386343383,96.86740329516601,92.63398834301758,92.485173265625,93.2784654609375,96.42911986328124,82.56798124676513,113.5658749453125,90.77474860546874,11293.316599566175,1710.8390370221775,1569.701094946647,1578.5628433187292,1345.349730385143,1049.4750387508993,1043.9330182806466,1208.9545193252266,671.6396932856036,632.276051737508,482.58557251359895,58623.22805197852,5292.333960755748,6244.284637122268,6563.293699132751,6508.440881624751,5468.4615312470005,5264.95551984,8747.100347806001,4181.192728028001,5097.410972532,5255.75377389,951.5172153077359,96.35232433474397,96.57545085562133,96.86706150610351,92.63045851489258,92.48480032617186,93.27700311718749,96.42699298828124,82.56488023895264,113.5658749453125,90.77236848046874,11293.318475786205,1710.8390381096892,1569.7010938952567,1578.562843153518,1345.3516317172446,1049.4750370062534,1043.933017314583,1208.9545112620133,671.6396574676229,632.276051737508,482.58559412252083,58623.22805197852,5292.333960755748,6244.284637122268,6563.293699132751,6508.440881624751,5468.4615312470005,5264.95551984,8747.100347806001,4181.192728028001,5097.410972532,5255.75377389,951.4880354655728,96.35153801601838,96.57368489468384,96.86637799047851,92.62339881176757,92.48405422070311,93.2740787734375,96.42273936328125,82.55867771942138,113.5658749453125,90.76761073046875
2001.0,11511.481803245812,1744.430546405744,1600.4065438286675,1607.4762850819156,1364.9345223745518,1068.757308847019,1065.3606791748145,1227.029091137192,685.9521972787965,651.296069829408,495.8385592877336,60601.51372187199,5429.2450082324,6411.964283081408,6757.060887182688,6695.168749848501,5658.3356529150005,5465.709801656,8989.509322348,4380.80211772,5330.313491932,5483.4044069560005,962.9831154347019,97.41639533416175,97.65346129566956,97.94203518041992,93.83050171313477,93.72322095898437,94.472985515625,97.44331057421874,83.49293389959716,114.934021953125,92.07424900976562,11511.482077228218,1744.4305455694057,1600.406547832032,1607.476285444643,1364.9348026480113,1068.7573058611567,1065.3606974931147,1227.029090935206,685.9521999209647,651.296069829408,495.8385316943095,60601.51372187199,5429.2450082324,6411.964283081408,6757.060887182688,6695.168749848501,5658.3356529150005,5465.709801656,8989.509322348,4380.80211772,5330.313491932,5483.4044069560005,962.9793236964206,97.41629311345864,97.6532319480133,97.94194636791991,93.82958470532226,93.72312390039062,94.47260614062499,97.44275782421875,83.49212810858154,114.934021953125,92.07362963476562,11511.480428867768,1744.4305456198426,1600.4065437066392,1607.476284600398,1364.933159977377,1068.7573092668617,1065.3606975655032,1227.0290722458776,685.9522138326713,651.296069829408,495.8385322232218,60601.51372187199,5429.2450082324,6411.964283081408,6757.060887182688,6695.168749848501,5658.3356529150005,5465.709801656,8989.509322348,4380.80211772,5330.313491932,5483.4044069560005,963.0025475698337,97.41691898687172,97.6546373230133,97.94249035229491,93.83520376782226,93.72371780859375,94.474933640625,97.44614244921874,83.49706427850342,114.934021953125,92.07741700976563,11511.4820345466,1744.430544372738,1600.4065454174658,1607.4762850360617,1364.9347874209548,1068.7573074455054,1065.3606877505335,1227.0290697923213,685.9521870801003,651.296069829408,495.8385504015448,60601.51372187199,5429.2450082324,6411.964283081408,6757.060887182688,6695.168749848501,5658.3356529150005,5465.709801656,8989.509322348,4380.80211772,5330.313491932,5483.4044069560005,962.987853856699,97.41652299248695,97.6537481980133,97.94214620385742,93.83164842407226,93.72334209179687,94.473460828125,97.44400069921875,83.4939408312378,114.934021953125,92.07502163476562,11511.483768289796,1744.4305447541049,1600.4065461806451,1607.4762861439756,1364.93652733357,1068.757307849249,1065.360688417195,1227.0290852433286,685.9521716548688,651.296069829408,495.8385408834855,60601.51372187199,5429.2450082324,6411.964283081408,6757.060887182688,6695.168749848501,5658.3356529150005,5465.709801656,8989.509322348,4380.80211772,5330.313491932,5483.4044069560005,962.9584688310032,97.4157310878849,97.65196981129455,97.94145789916992,93.82453932250976,93.72259078515624,94.470515859375,97.43971782421875,83.48769515350341,114.934021953125,92.07022913476563
2002.0,11804.2849153859,1780.8890181544962,1636.3167562094861,1639.4466163745235,1398.6905618966548,1097.3264297841204,1102.1849783888497,1245.387438424195,713.7076556748552,676.1190782466992,514.2163822320196,62644.87810926126,5586.065680564313,6636.930128687895,6954.046647444063,6880.118936056,5841.753556833,5666.126999576,9209.096278480001,4583.987850386,5573.141098752,5713.610932482,974.3069034377612,98.48711546570014,98.72967369117737,99.00893371875,95.01881874926758,94.9386289765625,95.647338328125,98.43025703710937,84.39573695471191,116.28107550781249,93.36932500854492,11804.285108198694,1780.8890194469918,1636.316764131997,1639.4466166154366,1398.6907942284972,1097.3264323051221,1102.184973464296,1245.3874318354492,713.7076183563792,676.1190782466992,514.2163795678318,62644.87810926126,5586.065680564313,6636.930128687895,6954.046647444063,6880.118936056,5841.753556833,5666.126999576,9209.096278480001,4583.987850386,5573.141098752,5713.610932482,974.303089251543,98.4870127579975,98.72944321070861,99.0088444140625,95.01789618676757,94.938531578125,95.64695604687499,98.42970103710937,84.39492537854004,116.28107550781249,93.36870313354491,11804.283709436675,1780.8890210344352,1636.3167631281526,1639.446617042626,1398.6893515184795,1097.326429435372,1102.1849719508423,1245.3874236204194,713.7076567213192,676.1190782466992,514.2163967383316,62644.87810926126,5586.065680564313,6636.930128687895,6954.046647444063,6880.118936056,5841.753556833,5666.126999576,9209.096278480001,4583.987850386,5573.141098752,5713.610932482,974.3264414896412,98.4876421015644,98.73085637477111,99.00939141406249,95.02354577270508,94.93912850976562,95.64929620312499,98.43310453710937,84.39988931018065,116.28107550781249,93.37251175854492,11804.28511160544,1780.8890195403858,1636.3167627276493,1639.4466175169357,1398.6907916806315,1097.3264301520683,1102.1849670800743,1245.3874289413195,713.7076501134742,676.1190782466992,514.216365606208,62644.87810926126,5586.065680564313,6636.930128687895,6954.046647444063,6880.118936056,5841.753556833,5666.126999576,9209.096278480001,4583.987850386,5573.141098752,5713.610932482,974.3116671452198,98.48724392511177,98.72996228883362,99.009045375,95.01997151489257,94.93875081835937,95.647815484375,98.43095128710937,84.39674943518067,116.28107550781249,93.37010150854492,11804.286652755081,1780.8890207655925,1636.316762432473,1639.446617165861,1398.6923024910006,1097.326432325408,1102.184968559814,1245.3874225079912,713.7076630834586,676.1190782466992,514.2163851767913,62644.87810926126,5586.065680564313,6636.930128687895,6954.046647444063,6880.118936056,5841.753556833,5666.126999576,9209.096278480001,4583.987850386,5573.141098752,5713.610932482,974.2821226029224,98.48644773047066,98.72817416773987,99.00835326562499,95.01282310864258,94.93799547460937,95.64485448437499,98.42664428710937,84.39047069299316,116.28107550781249,93.36528388354492
2003.0,12211.239600792447,1829.187739808192,1685.9714325197042,1682.991135537248,1446.8715189020038,1136.2993243918456,1149.0287912862093,1290.7424956734176,744.6709036417861,707.9819630022257,537.4942960297861,64860.72849587212,5738.133484313592,6846.1606850978815,7159.600840703126,7079.6643785875,6042.001354191,5891.094442704,9460.930275127,4810.106754596,5859.361545828,5973.674734724001,985.5802818887892,99.56671306798839,99.81247509149169,100.07500505810546,96.21002117749023,96.140914265625,96.82303604687499,99.40359571484375,85.2834408562622,117.60707335156249,94.65800725854491,12211.239893443284,1829.1877404140298,1685.971436093815,1682.9911337331428,1446.8717941087027,1136.299322849374,1149.028795475889,1290.742461435774,744.6709375943348,707.9819630022257,537.4943087359668,64860.72849587212,5738.133484313592,6846.1606850978815,7159.600840703126,7079.6643785875,6042.001354191,5891.094442704,9460.930275127,4810.106754596,5859.361545828,5973.674734724001,985.576453813899,99.56660990130138,99.8122434821167,100.07491530810546,96.20909504467772,96.14081631835937,96.822652453125,99.40303646484375,85.28262823126221,117.60707335156249,94.65738325854491,12211.238222628948,1829.1877408857022,1685.9714307403028,1682.9911352426848,1446.8701347549581,1136.2993247551408,1149.0287958241283,1290.7424948521002,744.6709036524676,707.9819630022257,537.494298919209,64860.72849587212,5738.133484313592,6846.1606850978815,7159.600840703126,7079.6643785875,6042.001354191,5891.094442704,9460.930275127,4810.106754596,5859.361545828,5973.674734724001,985.5999065833082,99.56724197930431,99.8136627321167,100.07546475341796,96.21476902905273,96.14141604101562,96.82500298437499,99.40645633984374,85.2876116140747,117.60707335156249,94.66120775854492,12211.2398495394,1829.187738345731,1685.9714323712487,1682.9911347639795,1446.8717877863837,1136.299326933842,1149.0287940913513,1290.742453933125,744.6709180931365,707.9819630022257,537.4943002183501,64860.72849587212,5738.133484313592,6846.1606850978815,7159.600840703126,7079.6643785875,6042.001354191,5891.094442704,9460.930275127,4810.106754596,5859.361545828,5973.674734724001,985.5850680424146,99.56684201848888,99.81276477899169,100.07511715966797,96.21117941967773,96.14103673437499,96.823515859375,99.40429208984375,85.2844586218872,117.60707335156249,94.65878800854492,12211.241580654207,1829.187741095697,1685.971431554754,1682.9911350632642,1446.8734928877896,1136.2993249125311,1149.028793893662,1290.7424822039425,744.6709208985831,707.9819630022257,537.4942951417352,64860.72849587212,5738.133484313592,6846.1606850978815,7159.600840703126,7079.6643785875,6042.001354191,5891.094442704,9460.930275127,4810.106754596,5859.361545828,5973.674734724001,985.5553914429273,99.56604233306408,99.81096869305419,100.07442199560546,96.20399869311522,96.14027789257813,96.820541640625,99.39996708984374,85.27815161993408,117.60707335156249,94.65394813354492
2004.0,12808.294554606062,1903.1204441400926,1754.4921851828365,1752.204646015707,1514.4490860632084,1194.4843186808052,1218.483314909948,1360.2177790996636,791.5274401245161,750.6753805677688,568.639959821486,67374.75414589251,5912.238631485054,7082.312295822593,7385.887941604876,7304.016335734001,6261.825881021,6146.428354512001,9761.532537915,5068.677575336001,6185.546221712,6266.2883707500005,996.9160093134154,100.65610947102356,100.91021446702575,101.14881667529296,97.42179740112304,97.34250265820312,98.02953178125,100.3842056015625,86.17032923400879,118.91155377343749,95.94094825048828,12808.294865533484,1903.120444314981,1754.4921898470934,1752.2046468989972,1514.449395696763,1194.4843214623957,1218.4833246383942,1360.2177609796017,791.5274172047395,750.6753805677688,568.6399839227176,67374.75414589251,5912.238631485054,7082.312295822593,7385.887941604876,7304.016335734001,6261.825881021,6146.428354512001,9761.532537915,5068.677575336001,6185.546221712,6266.2883707500005,996.9121649285888,100.65600588502502,100.90998197483825,101.14872665966796,97.42086687768554,97.34240446289063,98.02914684375,100.3836447265625,86.16951159924317,118.91155377343749,95.94032212548828,12808.292873062577,1903.120444798939,1754.4921847952896,1752.2046482156188,1514.4474213476028,1194.4843187784597,1218.4833153259704,1360.2177652354444,791.5274121433387,750.6753805677688,568.6399818541188,67374.75414589251,5912.238631485054,7082.312295822593,7385.887941604876,7304.016335734001,6261.825881021,6146.428354512001,9761.532537915,5068.677575336001,6185.546221712,6266.2883707500005,996.93570700708,100.6566403365631,100.91140657640075,101.14927815966796,97.42656357299805,97.34300629296875,98.03150590624999,100.3870764765625,86.17451466174316,118.91155377343749,95.94416125048828,12808.29486863247,1903.120444050541,1754.4921870777414,1752.204648134508,1514.449417263036,1194.4843194951932,1218.4833117386822,1360.2177899531416,791.5274093391358,750.6753805677688,568.6399610126904,67374.75414589251,5912.238631485054,7082.312295822593,7385.887941604876,7304.016335734001,6261.825881021,6146.428354512001,9761.532537915,5068.677575336001,6185.546221712,6266.2883707500005,996.9208131942748,100.65623893782043,100.9105052756195,101.14892927685547,97.42295998706054,97.342625515625,98.03001315624999,100.38490622656249,86.17134929455565,118.91155377343749,95.94173175048827,12808.29697746487,1903.1204432238787,1754.4921900525699,1752.2046471764777,1514.4514922049193,1194.4843181630793,1218.48332375305,1360.217770135149,791.5274280596475,750.6753805677688,568.6399841282985,67374.75414589251,5912.238631485054,7082.312295822593,7385.887941604876,7304.016335734001,6261.825881021,6146.428354512001,9761.532537915,5068.677575336001,6185.546221712,6266.2883707500005,996.8910262389526,100.65543616218567,100.90870262718201,101.14823148779297,97.41575239331054,97.34186387695313,98.02702825,100.3805636015625,86.16501931604003,118.91155377343749,95.93687475048827
2005.0,13351.99471010399,1967.2259582708298,1814.9321825373218,1815.1980812742104,1575.4819805565483,1249.5977450323755,1277.5230296056263,1423.6828044874105,834.5905795561727,794.3535683081217,599.4087804753598,70078.61039644042,6074.382603346821,7268.347178846459,7623.988280685126,7552.008246654001,6503.696228595,6432.450221984001,10111.317197159,5355.158931544001,6557.716714252,6599.544793374001,1008.3791253504428,101.75282880388832,102.02200424583435,102.23514758886718,98.66401126196288,98.55178692578124,99.284648890625,101.38813408105469,87.06707397894287,120.19422332031249,97.21926625317383,13351.995066190866,1967.2259547711906,1814.932180965967,1815.198080290218,1575.4823500688397,1249.597742229734,1277.5230243110989,1423.6827671744534,834.5906287318072,794.3535683081217,599.4087693394193,70078.61039644042,6074.382603346821,7268.347178846459,7623.988280685126,7552.008246654001,6503.696228595,6432.450221984001,10111.317197159,5355.158931544001,6557.716714252,6599.544793374001,1008.3752686153355,101.75272476995276,102.02177080052185,102.23505722167968,98.66307838696288,98.55168824023437,99.28426223437499,101.38757083105469,87.06625580706786,120.19422332031249,97.21863700317382,13351.992843157816,1967.225954991376,1814.932188349869,1815.1980823657532,1575.4801037229436,1249.5977440034053,1277.5230388662835,1423.682787261937,834.5905830828103,794.3535683081217,599.4087922053012,70078.61039644042,6074.382603346821,7268.347178846459,7623.988280685126,7552.008246654001,6503.696228595,6432.450221984001,10111.317197159,5355.158931544001,6557.716714252,6599.544793374001,1008.3988957192173,101.75336150860024,102.0232009294281,102.23561073730468,98.66879429321288,98.5522923828125,99.28663054687499,101.39101545605469,87.07127579144287,120.19422332031249,97.22249075317383,13351.99503716422,1967.2259561343888,1814.9321828615032,1815.1980802930052,1575.4823298945005,1249.5977409137524,1277.523037024534,1423.6827741158388,834.5905832398927,794.3535683081217,599.4087843786698,70078.61039644042,6074.382603346821,7268.347178846459,7623.988280685126,7552.008246654001,6503.696228595,6432.450221984001,10111.317197159,5355.158931544001,6557.716714252,6599.544793374001,1008.3839472394809,101.75295871441078,102.02229613645935,102.23526053417969,98.66517781665038,98.55191011523436,99.285132453125,101.38883620605468,87.06809906488037,120.19422332031249,97.22005287817382,13351.997429611745,1967.2259570289386,1814.9321803484336,1815.198082175273,1575.4846522154692,1249.5977428474225,1277.5230267594247,1423.6828007755678,834.5906352190929,794.3535683081217,599.4087839339853,70078.61039644042,6074.382603346821,7268.347178846459,7623.988280685126,7552.008246654001,6503.696228595,6432.450221984001,10111.317197159,5355.158931544001,6557.716714252,6599.544793374001,1008.3540526480502,101.75215305266761,102.02048672630309,102.23456027636718,98.65794420727539,98.55114578710938,99.28213595312499,101.38447908105468,87.06174686566162,120.19422332031249,97.21517737817382
2006.0,13982.14143020064,2042.9842089167144,1887.1081164206594,1886.2432300556234,1642.8871219937519,1307.3185994324951,1350.0861744896115,1498.0019601688443,887.0769871230261,845.2405264164042,635.1945051835277,73252.27655686233,6294.51936193479,7583.617292599057,7895.6657634415005,7825.943983667001,6767.862674614001,6753.404649856,10508.559264604,5669.843230896,6974.616981384001,6978.243353866001,1019.9959617801642,102.8580102696662,103.14823776544189,103.33480447265624,99.94098973559569,99.77099669726562,100.59776910156249,102.41878020898437,87.97905901068115,121.453628375,98.49368614331054,13982.141823261358,2042.9842105380058,1887.1081160099313,1886.2432276323564,1642.8875044325418,1307.318599075691,1350.0861639841837,1498.001974189607,887.0769615826439,845.2405264164042,635.1945394000111,73252.27655686233,6294.51936193479,7583.617292599057,7895.6657634415005,7825.943983667001,6767.862674614001,6753.404649856,10508.559264604,5669.843230896,6974.616981384001,6978.243353866001,1019.9920891516241,102.85790592432927,103.14800332403564,103.33471366796874,99.9400531887207,99.7708976484375,100.59738060156249,102.41821595898438,87.9782350692749,121.453628375,98.49305539331054,13982.139560790276,2042.9842093167313,1887.1081070138125,1886.243228345416,1642.885293857811,1307.3185945585528,1350.086161611861,1498.0019826253872,887.0769226125113,845.2405264164042,635.1945344318099,73252.27655686233,6294.51936193479,7583.617292599057,7895.6657634415005,7825.943983667001,6767.862674614001,6753.404649856,10508.559264604,5669.843230896,6974.616981384001,6978.243353866001,1020.0158130133185,102.85854527625798,103.14943894512939,103.33526944921874,99.9457933371582,99.77150413085937,100.59975828906249,102.42167458398437,87.98327623333739,121.453628375,98.49692439331054,13982.141810542296,2042.9842107061118,1887.1081164272798,1886.2432285306395,1642.8875093423642,1307.3186002123427,1350.086172458213,1498.001975563689,887.0769261939798,845.2405264164042,635.1945446912903,73252.27655686233,6294.51936193479,7583.617292599057,7895.6657634415005,7825.943983667001,6767.862674614001,6753.404649856,10508.559264604,5669.843230896,6974.616981384001,6978.243353866001,1020.0008045622687,102.8581408115363,103.14853081231689,103.33491785546875,99.9421621262207,99.77112052148438,100.59825432031249,102.41948645898437,87.98008638763427,121.453628375,98.49447689331055,13982.144016805612,2042.9842114322353,1887.1081117601832,1886.2432282091966,1642.8897933087583,1307.3185961455265,1350.0861643930034,1498.001978597238,887.0769232636087,845.2405264164042,635.1944832794759,73252.27655686233,6294.51936193479,7583.617292599057,7895.6657634415005,7825.943983667001,6767.862674614001,6753.404649856,10508.559264604,5669.843230896,6974.616981384001,6978.243353866001,1019.9707823453498,102.85733182899236,103.14671390216064,103.33421465234375,99.9348983371582,99.77035287890625,100.5952455703125,102.41511070898437,87.97370644818115,121.453628375,98.48957964331055
2007.0,14603.678835554987,2113.8409613732974,1956.594557128356,1954.5672278626841,1704.9131775271214,1364.0135964568326,1417.8474249431033,1577.691409083318,942.0511960688248,898.5029508174879,673.6563342939393,76649.25619708667,6504.287250976578,7864.71414798871,8174.776262207875,8117.3278727015,7044.559521876001,7118.784737856,10975.292911708,6019.72407112,7432.719149288,7397.070271364,1031.743275366537,103.97408890891074,104.28874006340027,104.44601709545898,101.24681744018554,100.99935465234374,101.95698458593749,103.47475209179687,88.90115867767334,122.6924864921875,99.76287535864257,14603.679233330635,2113.8409612411956,1956.5945742874112,1954.5672283230244,1704.9135709559212,1364.0135937509738,1417.8474274561752,1577.6913825834747,942.0512089954198,898.5029508174879,673.6563349195296,76649.25619708667,6504.287250976578,7864.71414798871,8174.776262207875,8117.3278727015,7044.559521876001,7118.784737856,10975.292911708,6019.72407112,7432.719149288,7397.070271364,1031.73938671871,103.97398409116173,104.28850512980651,104.44592600170898,101.24587697924804,100.999255140625,101.95659486718749,103.47418446679687,88.90033244134521,122.6924864921875,99.76224110864257,14603.676999391882,2113.840961208864,1956.5945719433491,1954.5672269955596,1704.9113036269725,1364.0135962385293,1417.8474246289873,1577.6913907594483,942.0512368743429,898.5029508174879,673.6563362983181,76649.25619708667,6504.287250976578,7864.71414798871,8174.776262207875,8117.3278727015,7044.559521876001,7118.784737856,10975.292911708,6019.72407112,7432.719149288,7397.070271364,1031.7632106604824,103.97462609152794,104.28994681340026,104.44648400170898,101.25164132299804,100.99986429492186,101.9589822734375,103.47765721679687,88.90539604486084,122.6924864921875,99.76612610864257,14603.679210496526,2113.840962424127,1956.5945672146563,1954.5672278080856,1704.913558250293,1364.0135950821125,1417.8474134035066,1577.691368774871,942.0512217924205,898.5029508174879,673.6563449289397,76649.25619708667,6504.287250976578,7864.71414798871,8174.776262207875,8117.3278727015,7044.559521876001,7118.784737856,10975.292911708,6019.72407112,7432.719149288,7397.070271364,1031.7481372110806,103.9742199565792,104.28903455949401,104.44613097827148,101.24799399487304,100.99947891992187,101.95747152343749,103.47545971679688,88.90219258587646,122.6924864921875,99.76366848364258,14603.681573553886,2113.8409620911534,1956.5945732997013,1954.5672248079914,1704.9159383605604,1364.0135998581827,1417.847416816724,1577.6913994321362,942.0511665619447,898.5029508174879,673.6563415079812,76649.25619708667,6504.287250976578,7864.71414798871,8174.776262207875,8117.3278727015,7044.559521876001,7118.784737856,10975.292911708,6019.72407112,7432.719149288,7397.070271364,1031.7179928569544,103.9734076005001,104.28721042668151,104.44542479858399,101.24070044018555,100.99870834179687,101.9544506484375,103.47106659179687,88.89578490814209,122.6924864921875,99.75875260864257
2008.0,14880.509637537365,2137.614467855366,1982.9351271404357,1978.6884665252082,1731.5344455225697,1388.9660316202232,1455.2416091456819,1619.8458214277346,966.9181147911648,927.7239112607912,691.04164224821,79890.00671996584,6645.91364920942,8000.235441756022,8419.009969081875,8392.886785934501,7316.131574396,7489.141448224001,11468.105994734,6394.433462876001,7929.323583648001,7834.824810106001,1043.5529671160473,105.09678644327211,105.43996304386901,105.5629410090332,102.56672968554687,102.23597692382812,103.3329172890625,104.54935569726563,89.82284558251953,123.92054756249999,101.02490387915039,14880.509964004645,2137.6144670773806,1982.9351344501392,1978.6884657972057,1731.5348316770053,1388.9660322690129,1455.2416018494876,1619.8458311992779,966.9180531335211,927.7239112607912,691.0416352908453,79890.00671996584,6645.91364920942,8000.235441756022,8419.009969081875,8392.886785934501,7316.131574396,7489.141448224001,11468.105994734,6394.433462876001,7929.323583648001,7834.824810106001,1043.549062538838,105.09668124887514,105.43972704386901,105.56284957153319,102.56578508398437,102.23587715820312,103.3325259765625,104.54878707226563,89.82201456689452,123.92054756249999,101.02426725415039,14880.507560523736,2137.614469171465,1982.9351268360138,1978.6884675702013,1731.5324076070067,1388.96602913409,1455.241591779268,1619.8458293430197,966.9180893586748,927.7239112607912,691.0416384632276,79890.00671996584,6645.91364920942,8000.235441756022,8419.009969081875,8392.886785934501,7316.131574396,7489.141448224001,11468.105994734,6394.433462876001,7929.323583648001,7834.824810106001,1043.572969736897,105.09732554849671,105.44117362980651,105.5634096027832,102.57156990429687,102.23648829492187,103.33492153906249,104.55227169726562,89.82709607861328,123.92054756249999,101.0281658791504,14880.509987222458,2137.614466850535,1982.9351300164287,1978.688467385125,1731.5348345663933,1388.9660314790451,1455.2416125601376,1619.8458298636626,966.9180991676429,927.7239112607912,691.0416040727193,79890.00671996584,6645.91364920942,8000.235441756022,8419.009969081875,8392.886785934501,7316.131574396,7489.141448224001,11468.105994734,6394.433462876001,7929.323583648001,7834.824810106001,1043.5578445797923,105.09691789529847,105.44025837980651,105.5630553137207,102.56790984960936,102.23610165820313,103.33340632031249,104.55006707226562,89.82388202392578,123.92054756249999,101.02569850415038,14880.512577175712,2137.614470844499,1982.9351271535377,1978.6884663850124,1731.5374103646,1388.9660322458003,1455.2415939723544,1619.8458596430705,966.9180693327007,927.7239112607912,691.0416359733687,79890.00671996584,6645.91364920942,8000.235441756022,8419.009969081875,8392.886785934501,7316.131574396,7489.141448224001,11468.105994734,6394.433462876001,7929.323583648001,7834.824810106001,1043.5275962234082,105.09610281430483,105.43842764152527,105.5623467199707,102.56059129492186,102.23532828320312,103.3303743203125,104.54565857226562,89.8174526352539,123.92054756249999,101.02076637915039
2009.0,14744.741620905399,2078.5514554069205,1943.3708149877127,1942.5735275265315,1703.7809538092777,1380.2065267858782,1460.6783726285842,1597.2421246552365,978.3204441915589,952.1955152160376,707.8218856976482,83307.03780242024,6784.300447272903,8221.760809171066,8644.65174466375,8624.4415347965,7570.857324676001,7855.912297152,11940.034725548001,6828.6884698720005,8505.414779472001,8330.975669796,1055.3435844499363,106.22423152030991,106.59527157476806,106.67676030566406,103.88072881787109,103.48042506249999,104.68378417968749,105.63955975781249,90.73223286730956,125.15066275,102.27992761401367,14744.742040945855,2078.5514577080476,1943.3708087416717,1942.573526759598,1703.7813915338452,1380.206524124052,1460.6783697856608,1597.2420959475655,978.3204639532258,952.1955152160376,707.821887176139,83307.03780242024,6784.300447272903,8221.760809171066,8644.65174466375,8624.4415347965,7570.857324676001,7855.912297152,11940.034725548001,6828.6884698720005,8505.414779472001,8330.975669796,1055.3396677921605,106.22412604026842,106.59503439508056,106.67666854785156,103.87978137255858,103.48032486132811,104.6833916171875,105.6389881328125,90.73140108605956,125.15066275,102.27928898901366,14744.73943316559,2078.551456468295,1943.370820351887,1942.573528372683,1703.7787234296209,1380.2065250927214,1460.6783693310201,1597.2421451045632,978.3204728557237,952.1955152160376,707.8218769430238,83307.03780242024,6784.300447272903,8221.760809171066,8644.65174466375,8624.4415347965,7570.857324676001,7855.912297152,11940.034725548001,6828.6884698720005,8505.414779472001,8330.975669796,1055.3636593768772,106.22477252146959,106.59648658258057,106.67723054785155,103.88558569287109,103.4809382578125,104.6857958671875,105.64248638281249,90.73649978527831,125.15066275,102.28320098901366,14744.74207439049,2078.5514547996204,1943.3708185123637,1942.5735288253065,1703.7813841303557,1380.206522573121,1460.6783840183614,1597.2421150800772,978.3204665032202,952.1955152160376,707.8218847320169,83307.03780242024,6784.300447272903,8221.760809171066,8644.65174466375,8624.4415347965,7570.857324676001,7855.912297152,11940.034725548001,6828.6884698720005,8505.414779472001,8330.975669796,1055.3484815584568,106.22436346281481,106.59556800836181,106.67687504003906,103.88191347412109,103.48055014453125,104.6842752109375,105.6402732578125,90.7332740958252,125.15066275,102.28072611401366,14744.74484692295,2078.5514558140053,1943.3708079332578,1942.5735275924949,1703.7841857763924,1380.2065237365848,1460.678376919855,1597.242118328044,978.3204464306685,952.1955152160376,707.8218891755989,83307.03780242024,6784.300447272903,8221.760809171066,8644.65174466375,8624.4415347965,7570.857324676001,7855.912297152,11940.034725548001,6828.6884698720005,8505.414779472001,8330.975669796,1055.318125435166,106.22354542741441,106.5937306021118,106.67616393847656,103.87456923193359,103.47977405078124,104.6812328046875,105.6358485078125,90.72682225793457,125.15066275,102.27577586401367
2010.0,15520.627957310453,2147.9823327307276,2019.3543885926777,2025.688424114205,1783.0169688014125,1451.2863951198997,1552.0451910913453,1691.6292197841028,1060.0140627520852,1026.3807859457597,763.2301883782372,87060.34361292578,6919.576679492604,8448.686922676157,8884.1138226405,8878.0755650685,7849.872066188001,8250.420747552,12473.227378052,7314.542172352,9148.07339936,8893.754859544,1067.0402805309552,107.35609803838634,107.74952284474182,107.78067231347656,105.17196053320312,104.73098778710937,105.97753009374999,106.73893871093749,91.61757398181152,126.39153103125,103.52546519628906,15520.628336959498,2147.9823328863276,2019.3544021371113,2025.688424663103,1783.0174332333993,1451.2863983773823,1552.0451952435337,1691.6292035194685,1060.0139736006251,1026.3807859457597,763.2301873527982,87060.34361292578,6919.576679492604,8448.686922676157,8884.1138226405,8878.0755650685,7849.872066188001,8250.420747552,12473.227378052,7314.542172352,9148.07339936,8893.754859544,1067.0363512216902,107.35599220177745,107.74928548536681,107.78058032910155,105.17101043164062,104.73088745117187,105.97713659374999,106.7383658359375,91.61673716540527,126.39153103125,103.52482469628906,15520.625530487745,2147.9823326232477,2019.3543914185452,2025.6884230547762,1783.0146058785638,1451.2863939592187,1552.0451816193374,1691.6292140101732,1060.014002494276,1026.3807859457597,763.2301994838505,87060.34361292578,6919.576679492604,8448.686922676157,8884.1138226405,8878.0755650685,7849.872066188001,8250.420747552,12473.227378052,7314.542172352,9148.07339936,8893.754859544,1067.060407110362,107.35664047521496,107.75074107130432,107.78114378222656,105.17683048632811,104.731502390625,105.97954709375,106.7418725859375,91.62185024743651,126.39153103125,103.52874794628906,15520.62833523914,2147.9823323654477,2019.354387769058,2025.688424391805,1783.017413496215,1451.2863973682063,1552.0451878591139,1691.6292164632757,1060.0140299153911,1026.3807859457597,763.230159664871,87060.34361292578,6919.576679492604,8448.686922676157,8884.1138226405,8878.0755650685,7849.872066188001,8250.420747552,12473.227378052,7314.542172352,9148.07339936,8893.754859544,1067.0451876894026,107.35623032573986,107.74981992286682,107.78078731347655,105.17314797070313,104.73111335546875,105.978022,106.7396542109375,91.61861648767089,126.39153103125,103.52626507128906,15520.631322676503,2147.9823294927287,2019.354387550968,2025.6884247419755,1783.020358033385,1451.2863954348977,1552.0451805586838,1691.629229360052,1060.0140507160247,1026.3807859457597,763.2301808420302,87060.34361292578,6919.576679492604,8448.686922676157,8884.1138226405,8878.0755650685,7849.872066188001,8250.420747552,12473.227378052,7314.542172352,9148.07339936,8893.754859544,1067.0147507663678,107.35540998083019,107.74797782130432,107.78007432910155,105.16578338476562,104.73033508398437,105.974971375,106.73521771093749,91.61214822790527,126.39153103125,103.52130182128906
2011.0,16103.643355489537,2204.8771696030476,2079.449400092894,2088.7400744899783,1844.6688545082777,1505.013917448192,1622.77966850265,1756.2534048381751,1113.760604739872,1085.1008893863518,802.9993718800694,90979.22759499638,7029.943589369666,8624.012237962963,9128.88238207225,9145.5513681995,8147.210866388001,8675.740099904,13053.225609768,7832.332179512,9841.224448112001,9501.104813708,1076.2538545893044,108.27504167511987,108.65860435839843,108.6699290390625,106.21227600585937,105.74097846289062,106.97808909375,107.58080862499999,92.26174886364745,127.32132270312499,104.55505576245116,16106.836987479239,2204.9729955554662,2079.6928447200494,2088.851459111482,1845.0277039078806,1505.3623076478393,1623.2262096406544,1756.6532713141776,1114.0575468844697,1085.545959264666,803.4466894325743,90979.22759499638,7029.943589369666,8624.012237962963,9128.88238207225,9145.5513681995,8147.210866388001,8675.740099904,13053.225609768,7832.332179512,9841.224448112001,9501.104813708,1077.0795781780184,108.34411634243202,108.72773297688293,108.73383630444336,106.29291775561524,105.8325469765625,107.0594813203125,107.65444163476562,92.33133830889892,127.43146209375,104.67170446435546,16096.838278439625,2203.13486270927,2078.031151732909,2087.0955081902925,1843.7416285186828,1504.6242375384772,1621.4891488477392,1755.8018127546702,1113.5550897471394,1085.673105820767,803.6917325797176,90979.22759499638,7029.943589369666,8624.012237962963,9128.88238207225,9145.5513681995,8147.210866388001,8675.740099904,13053.225609768,7832.332179512,9841.224448112001,9501.104813708,1077.5381270552944,108.36195111527681,108.74701876460266,108.75191703027343,106.33353303125,105.89369106835937,107.09607501562499,107.69086102343749,92.37798941174316,127.515606140625,104.76948445410156,16099.297860849718,2203.896632038985,2078.6673732970057,2087.870472292836,1844.2123341381932,1504.630518259429,1622.341651243925,1755.9615756866708,1113.5576933474417,1085.010089114856,803.1495214303501,90979.22759499638,7029.943589369666,8624.012237962963,9128.88238207225,9145.5513681995,8147.210866388001,8675.740099904,13053.225609768,7832.332179512,9841.224448112001,9501.104813708,1076.624402768628,108.31353457090472,108.68598542544555,108.68875504785156,106.2569931833496,105.79069563867186,106.9995253984375,107.61032573242187,92.27559969122314,127.366506578125,104.63648150219726,16115.488043459207,2206.6660129226575,2081.1475451644715,2090.4755195322127,1846.2011717237592,1505.9683568916726,1624.8316888261677,1757.4070090140217,1114.4592757111536,1085.2457806772854,803.0856829958009,90979.22759499638,7029.943589369666,8624.012237962963,9128.88238207225,9145.5513681995,8147.210866388001,8675.740099904,13053.225609768,7832.332179512,9841.224448112001,9501.104813708,1076.3878254615906,108.30394726778889,108.68603708729553,108.69702676293944,106.23331405444335,105.74904970703125,107.0019566328125,107.59861775195311,92.26108324713134,127.306939171875,104.54985377832031
2012.0,16718.628439494078,2263.879735214246,2142.2654933435106,2154.808794995346,1909.24271359105,1561.432319885214,1697.7489873834577,1824.3901339545876,1171.1421774055461,1148.2822217268358,845.4358619942974,95255.27814418128,7172.13509800719,8859.489950261586,9401.4848387195,9442.689076735001,8466.390316352,9139.660502528,13649.46696012,8388.098206472001,10590.22453872,10145.638656266,1085.5975406431598,109.20657433137703,109.58025079396057,109.5710146430664,107.26990563427734,106.76395960156249,107.995786375,108.4350232890625,92.9145273317871,128.26235378125,105.59814486181641,16725.571264627615,2264.103353227394,2142.8007963936984,2155.074220463371,1910.0168697192682,1562.1813220279348,1698.7105685791764,1825.255112068013,1171.7872268109072,1149.24346654928,846.3983287885352,95255.27814418128,7172.13509800719,8859.489950261586,9401.4848387195,9442.689076735001,8466.390316352,9139.660502528,13649.46696012,8388.098206472001,10590.22453872,10145.638656266,1087.275092717154,109.34698112021493,109.7207014912262,109.70073404003905,107.43458687353515,106.94971282226562,108.1609726484375,108.58489492382812,93.05613593798827,128.485176875,105.83519598461913,16705.207446401993,2260.374699658946,2139.4114103125107,2151.488356140118,1907.3884154704522,1560.6980603761433,1695.0672696447411,1823.5351823373458,1170.7587753735256,1149.543010951089,846.9422661371173,95255.27814418128,7172.13509800719,8859.489950261586,9401.4848387195,9442.689076735001,8466.390316352,9139.660502528,13649.46696012,8388.098206472001,10590.22453872,10145.638656266,1088.1807303574467,109.38314783886146,109.75861187753296,109.73716704492188,107.51093117749024,107.07360506835937,108.23144314062499,108.65511352734374,93.14517698162841,128.655709765625,106.02982393505859,16709.89074978452,2261.8937305454165,2140.685146059319,2153.046119735203,1908.328545565555,1560.661528016701,1696.8570972586624,1823.820918428144,1170.7287822298485,1148.101933986555,845.7669479591268,95255.27814418128,7172.13509800719,8859.489950261586,9401.4848387195,9442.689076735001,8466.390316352,9139.660502528,13649.46696012,8388.098206472001,10590.22453872,10145.638656266,1086.352838868904,109.28578571717071,109.63644313354492,109.61000162768555,107.36052897631835,106.86558421289062,108.0391622265625,108.49532001953125,92.94208539538573,128.3547651875,105.76316237231445,16743.152063288915,2267.5386831997944,2145.7660744142095,2158.3900822133064,1912.4162973695363,1563.3899376092443,1702.0891940939628,1826.7721718679416,1172.6054267460843,1148.5761298814546,845.608065893356,95255.27814418128,7172.13509800719,8859.489950261586,9401.4848387195,9442.689076735001,8466.390316352,9139.660502528,13649.46696012,8388.098206472001,10590.22453872,10145.638656266,1085.8978929476136,109.26569698089313,109.63754069114684,109.62655840307616,107.31952886889648,106.78085078125,108.0483020625,108.475179546875,92.91918198797607,128.233275515625,105.591778109375
2013.0,17367.75568608746,2325.0876482780923,2207.964461437883,2224.0890539312545,1976.9108391964196,1620.7085009659652,1777.25828944382,1896.2748513237214,1232.436094286527,1216.2895208725865,890.7364263511955,99681.77895162262,7303.362404027008,9076.162038698856,9673.676061651751,9748.390062341,8794.70352504,9620.535148992001,14277.470643896,8985.274422744,11391.473217600002,10810.731426632,1095.0741255657254,110.15090227232932,110.51471671655273,110.48417413061523,108.3452943647461,107.80012952343749,109.0311651953125,109.30185963867187,93.57613523260498,129.214769875,106.65497861645507,17379.061330143664,2325.4744674288986,2208.845066399125,2224.5557140424435,1978.1620418713296,1621.9154943953326,1778.8105869080819,1897.6763453683166,1233.4858928979415,1217.8469570024342,892.2887638297282,99681.77895162262,7303.362404027008,9076.162038698856,9673.676061651751,9748.390062341,8794.70352504,9620.535148992001,14277.470643896,8985.274422744,11391.473217600002,10810.731426632,1097.6261867885212,110.364856624825,110.72850179888916,110.68155821240234,108.59651845581054,108.082645671875,109.282193421875,109.53004995507813,93.79136790777588,129.552889015625,107.01560572436523,17347.951578294553,2319.8024812740878,2203.65840874576,2219.061981628756,1974.1299295342924,1619.682049261691,1773.0753498391389,1895.0729588850047,1231.90744267654,1218.3696534524452,893.191322996775,99681.77895162262,7303.362404027008,9076.162038698856,9673.676061651751,9748.390062341,8794.70352504,9620.535148992001,14277.470643896,8985.274422744,11391.473217600002,10810.731426632,1098.991699738706,110.4205415584998,110.78583908291625,110.73719155786132,108.70954015063477,108.27158464257812,109.3861658203125,109.63500273632812,93.92361179919433,129.8120845,107.31013789038086,17354.587656483265,2322.071734470971,2205.570132250505,2221.4092546847464,1975.5391939846813,1619.5464210763137,1775.8972389766147,1895.4458355656623,1231.8045789128232,1216.0206538312852,891.2826127296837,99681.77895162262,7303.362404027008,9076.162038698856,9673.676061651751,9748.390062341,8794.70352504,9620.535148992001,14277.470643896,8985.274422744,11391.473217600002,10810.731426632,1096.2339246129723,110.27328286297225,110.60152046929932,110.54482421899414,108.48428256079102,107.95603946484374,109.0975023125,109.39503556054687,93.61834616766357,129.35643837499998,106.90665262036133,17405.862616721854,2330.701981255413,2213.380294107772,2229.635223738494,1981.8457497344161,1623.7198687382559,1784.1496170262906,1899.9637715592653,1234.735270410342,1216.7371262900026,890.9937138615719,99681.77895162262,7303.362404027008,9076.162038698856,9673.676061651751,9748.390062341,8794.70352504,9620.535148992001,14277.470643896,8985.274422744,11391.473217600002,10810.731426632,1095.5481834362115,110.24089330451297,110.60280227421569,110.56894488549804,108.4249654350586,107.82593216015624,109.1147388671875,109.36517455664062,93.58671818218994,129.170748390625,106.64726538012695
2014.0,18053.364918793974,2388.604935281167,2276.7200831082405,2296.789888653177,2047.856896095153,1683.0205336267848,1861.6385000060066,1972.160086330493,1297.9419591208477,1289.5193390898678,939.1126974822273,104207.43678274161,7405.794206892235,9225.153283720363,9950.219425407,10074.317801046001,9138.56785768,10134.069310208,14924.999052628002,9612.051766296001,12232.539424352,11509.724654512002,1104.6863878641605,111.10825114780616,111.4622697242279,111.40964717749023,109.43890610473632,108.84968544140625,110.0848025546875,110.18160844921874,94.24679055023194,130.17874146875,107.72568524560546,18069.711752715462,2389.1933649581374,2278.004509314707,2297.510344756702,2049.6528185582256,1684.748901986625,1863.8657201065344,1974.1774517704032,1299.4600498577654,1291.7608192755274,941.3377721308558,104207.43678274161,7405.794206892235,9225.153283720363,9950.219425407,10074.317801046001,9138.56785768,10134.069310208,14924.999052628002,9612.051766296001,12232.539424352,11509.724654512002,1108.1362870233902,111.3980233733201,111.75146035661315,111.67659518505859,109.7792427133789,109.23160508398438,110.4237776171875,110.49026155859374,94.5373184855957,130.6348069375,108.2131957121582,18027.457087333147,2381.524581894217,2270.9467436305426,2290.025581294163,2044.1531683036933,1681.7629229932375,1855.8317498833171,1970.6768202542742,1297.3063165257636,1292.5638453157917,942.6653572381284,104207.43678274161,7405.794206892235,9225.153283720363,9950.219425407,10074.317801046001,9138.56785768,10134.069310208,14924.999052628002,9612.051766296001,12232.539424352,11509.724654512002,1109.974518771164,111.47444624145507,111.82901529563904,111.75228458129882,109.92986872045898,109.48794300781249,110.560738953125,110.6308665078125,94.71353851727295,130.9849735625,108.61084338378906,18035.733989902714,2384.5342432972952,2273.4961918071544,2293.1692312988653,2046.0292570269735,1681.465142320831,1859.7914313097738,1971.0916383440733,1297.0831811168046,1289.162790781497,939.9108825994573,104207.43678274161,7405.794206892235,9225.153283720363,9950.219425407,10074.317801046001,9138.56785768,10134.069310208,14924.999052628002,9612.051766296001,12232.539424352,11509.724654512002,1106.2711097405681,111.27632595440483,111.58154354379272,111.49352622924805,109.62879395507812,109.06235437695312,110.1751345859375,110.30980168164062,94.30459438812255,130.37188068749998,108.06715433789061,18106.035198557853,2396.2631014421227,2284.172560700084,2304.430274971029,2054.682618372085,1687.1388559213601,1871.3732866659425,1977.2403282404239,1301.1542490730983,1290.1256212192957,939.4543019524373,104207.43678274161,7405.794206892235,9225.153283720363,9950.219425407,10074.317801046001,9138.56785768,10134.069310208,14924.999052628002,9612.051766296001,12232.539424352,11509.724654512002,1105.3420182067298,111.22976935817337,111.58213865592955,111.52447869946289,109.55019762353515,108.88449814453125,110.202007984375,110.26898431640625,94.26392496142577,130.11949478124998,107.71652368164062
2015.0,18777.976477286004,2454.540957054444,2348.718626923194,2373.136839444398,2122.2773051359045,1748.5601617763764,1951.2461386228513,2052.317881077893,1367.9839429839674,1368.4009238512695,990.7937004157376,109205.91606481383,7565.690040693614,9502.906493112223,10259.083787199,10413.240018713,9498.377296712,10667.680912256,15636.411393452001,10273.358238976001,13132.57419728,12256.593686420001,1114.4373259577912,112.07884136359881,112.42320052296448,112.34768552319335,110.55121774511719,109.91283946484374,111.157269359375,111.07454025195312,94.9267127880249,131.1544281875,108.8105907512207,18800.112693490588,2455.373452208517,2350.471227529734,2374.169444551311,2124.6925545377007,1750.87882609749,1954.2418667890463,2055.0377230652944,1370.0403380940454,1371.4253190950544,993.7819415224262,109205.91606481383,7565.690040693614,9502.906493112223,10259.083787199,10413.240018713,9498.377296712,10667.680912256,15636.411393452001,10273.358238976001,13132.57419728,12256.593686420001,1118.8088729084911,112.44677291827202,112.78991226902771,112.6861489777832,110.98332075146484,110.39685017382811,111.58636593749999,111.46585974999999,95.29422158251953,131.73121296875,109.4282075793457,18746.29668529592,2445.6537511659376,2341.463996951413,2364.6044958072584,2117.657434299373,1747.1406155345235,1943.6812686426972,2050.6285053591523,1367.2863893587623,1372.5721811201945,995.6080470566525,109205.91606481383,7565.690040693614,9502.906493112223,10259.083787199,10413.240018713,9498.377296712,10667.680912256,15636.411393452001,10273.358238976001,13132.57419728,12256.593686420001,1121.1327537655516,112.54518243124676,112.88847900178527,112.78273209643554,111.17243947143554,110.72300506640624,111.755696375,111.64307186328125,95.51521242016601,132.174733625,109.93220141479492,18755.858279422035,2449.3909952629892,2344.6496199870076,2368.550552543328,2119.9968859419746,1746.6098248925352,1948.8972624202145,2051.033418559858,1366.8881515957169,1367.957403961442,991.8841642569507,109205.91606481383,7565.690040693614,9502.906493112223,10259.083787199,10413.240018713,9498.377296712,10667.680912256,15636.411393452001,10273.358238976001,13132.57419728,12256.593686420001,1116.468059770198,112.29522833861827,112.57685131695555,112.45638443896483,110.79463639624024,110.18480389453124,111.2726935390625,111.24000892968749,95.00112029309082,131.40129875,109.24503387304686,18846.272406439304,2464.335672576169,2358.339136326864,2383.0117832363244,2131.133178811957,1753.8401172681183,1964.1514996373458,2058.878707391589,1372.193143821652,1369.1713631340174,991.2178042352696,109205.91606481383,7565.690040693614,9502.906493112223,10259.083787199,10413.240018713,9498.377296712,10667.680912256,15636.411393452001,10273.358238976001,13132.57419728,12256.593686420001,1115.2829836535702,112.23257394257163,112.57589786914062,112.49344660864257,110.69581249902343,109.956755703125,111.31093412499999,111.18689985937499,94.95113133111572,131.07975954687498,108.79977216870117
2016.0,19552.265208352037,2530.0227191384984,2428.5555964124583,2456.0537758357627,2202.329138433813,1822.1600346410933,2040.730848739661,2135.9624960199453,1439.495806403875,1451.0979585908049,1045.8568341360954,114346.29302551234,7718.1992769034305,9737.497585786146,10583.46244541075,10749.786023174001,9865.749396768,11235.78253632,16336.658740280001,10971.600639824,14092.223999232001,13055.332381814002,1122.3297716552947,112.89462839987802,113.20620987510681,113.11685509423828,111.45813094433593,110.81128905078124,111.9681911953125,111.77506917578124,95.42983393109131,131.95069143749998,109.71887255126953,19562.22896091469,2529.3764710370765,2428.9924444426597,2455.457231701351,2203.6195229940477,1823.3535295210704,2042.9901390600983,2137.5762316995897,1440.224621381008,1452.4003518028935,1048.238417274898,114346.29302551234,7718.1992769034305,9737.497585786146,10583.46244541075,10749.786023174001,9865.749396768,11235.78253632,16336.658740280001,10971.600639824,14092.223999232001,13055.332381814002,1128.1131130727915,113.37926262766217,113.69145065032959,113.56471482080077,112.03022041357421,111.4475985390625,112.53971727343749,112.29601110742188,95.91570949743652,132.71220776562498,110.5362203774414,19477.017154714464,2514.6109514224313,2415.3488181972675,2441.0357756812614,2192.692928397659,1816.5841858718302,2028.5387834725445,2130.432814907014,1435.6706380516584,1452.5446531806538,1049.5576055322015,114346.29302551234,7718.1992769034305,9737.497585786146,10583.46244541075,10749.786023174001,9865.749396768,11235.78253632,16336.658740280001,10971.600639824,14092.223999232001,13055.332381814002,1131.446941856882,113.53053129728126,113.84438889199829,113.70986197973632,112.3087391755371,111.89877457617187,112.80299095312499,112.55423806054687,96.2358095953369,133.33241637499998,111.22919095214843,19505.644531669102,2521.729080772771,2421.538164248165,2448.4829777689183,2197.735016923683,1817.7971111703948,2036.4435348531413,2132.384524199374,1436.1494706180633,1447.6947056324382,1045.68994548217,114346.29302551234,7718.1992769034305,9737.497585786146,10583.46244541075,10749.786023174001,9865.749396768,11235.78253632,16336.658740280001,10971.600639824,14092.223999232001,13055.332381814002,1125.08935078613,113.19210883225726,113.41784970198059,113.26703954980468,111.78755123120116,111.17081036523437,112.128188,112.00361934570311,95.53233152484131,132.288697140625,110.30115509448241,19662.444628408477,2545.0723908902473,2443.4126690557478,2471.7173105823517,2215.923197188068,1831.274844405159,2059.773500465634,2146.482941927631,1446.5755944669452,1454.317860038735,1047.8943193879322,114346.29302551234,7718.1992769034305,9737.497585786146,10583.46244541075,10749.786023174001,9865.749396768,11235.78253632,16336.658740280001,10971.600639824,14092.223999232001,13055.332381814002,1123.4654854900784,113.10714992892122,113.413092279541,113.31618581982421,111.6486074279785,110.87442813085937,112.15938295312499,111.92582289257813,95.45670382434082,131.854658796875,109.70945343603515
2017.0,20369.024593609905,2608.4059226353747,2511.970361495658,2542.984743292286,2286.210643482638,1899.7102552737915,2135.13108531246,2224.168581471364,1515.7879430860976,1539.9600335553823,1104.6950240048618,119878.68867533372,7908.548777132067,10059.758124911637,10936.936787119,11104.925697113,10253.875300288,11826.633572544,17069.575231972,11705.121473568,15112.36568192,13900.948028766,1130.314978048677,113.72034643751668,113.99814142933654,113.89473697070312,112.37713693847655,111.72026573828124,112.78797799218749,112.48445691992187,95.9379823908081,132.75583896875,110.6380942626953,20365.575129196848,2606.197890126274,2511.0003442495386,2540.6400601255923,2286.2841640288916,1899.671430545627,2136.567356269823,2224.5483408579553,1515.0032542988533,1539.2813560500986,1106.3809326442022,119878.68867533372,7908.548777132067,10059.758124911637,10936.936787119,11104.925697113,10253.875300288,11826.633572544,17069.575231972,11705.121473568,15112.36568192,13900.948028766,1137.5418573781576,114.3246889432516,114.60469635409545,114.45462112768554,113.09270957250976,112.5124243828125,113.50478003125,113.13791189648437,96.54446027319335,133.705833765625,111.65973103124999,20247.27254247401,2586.169329637166,2492.5028719974225,2521.1262757987884,2271.259048072282,1889.7040261866846,2117.9755336479448,2214.5283626885575,1508.512953643467,1538.3288272249774,1107.1653135767237,119878.68867533372,7908.548777132067,10059.758124911637,10936.936787119,11104.925697113,10253.875300288,11826.633572544,17069.575231972,11705.121473568,15112.36568192,13900.948028766,1141.9192102894283,114.53184072138929,114.81466533195496,114.65083159130859,113.46406947338866,113.09290191601562,113.8642231796875,113.47967639062499,96.96630300708007,134.507370875,112.54732780297851,20295.551228365177,2596.7800494003554,2501.7967674090214,2532.2036473936823,2279.111261947603,1892.7058392662757,2128.7069886830604,2218.074918175903,1509.8951836064355,1533.1827042709117,1103.0938682119113,119878.68867533372,7908.548777132067,10059.758124911637,10936.936787119,11104.925697113,10253.875300288,11826.633572544,17069.575231972,11705.121473568,15112.36568192,13900.948028766,1133.8367600252714,114.10316437372111,114.27090649713135,114.0891120390625,112.79660505102538,112.17102603710937,112.9942978203125,112.77964630078125,96.07018611877442,133.188711109375,111.37310467797852,20524.54025267501,2629.021964047227,2532.4237818355714,2564.856444779598,2304.894152805467,1912.96616018529,2160.861383504391,2238.9773801453325,1526.0486054596054,1545.9587632301875,1108.5316166822404,119878.68867533372,7908.548777132067,10059.758124911637,10936.936787119,11104.925697113,10253.875300288,11826.633572544,17069.575231972,11705.121473568,15112.36568192,13900.948028766,1131.747024452149,113.9928345871892,114.26027162911987,114.14860648706055,112.61468257739257,111.80291328320313,113.018001640625,112.67456946289062,95.96728786547851,132.63800284375,110.62985407543945
2018.0,21231.012359662946,2689.8274768185474,2599.161151180811,2634.1707733427584,2374.141164212415,1981.4586193731698,2234.755595404012,2317.232709088772,1597.2115002267312,1635.4696507546178,1167.5837192611843,125525.91630965639,8049.935196014655,10272.265378023196,11286.455466549502,11473.232823251,10664.054287344,12446.315846528001,17830.235095908,12481.079786272001,16205.620734528002,14816.721695238,1138.3942934561892,114.5561305241518,114.79911513949584,114.68144114111328,113.30845127539062,112.6399213125,113.6167418984375,113.20285100976562,96.45117216143798,133.57000920312498,111.56845979077148,21212.7751882239,2685.969310493883,2596.68502271502,2629.9482869195253,2372.896264009334,1980.0698545741575,2235.2716355763014,2316.2369714868278,1594.7052432689961,1632.5184837587296,1168.4741154210496,125525.91630965639,8049.935196014655,10272.265378023196,11286.455466549502,11473.232823251,10664.054287344,12446.315846528001,17830.235095908,12481.079786272001,16205.620734528002,14816.721695238,1147.0971306256342,115.28326314212894,115.52983074241638,115.35603687475586,114.17107446289062,113.59157025976562,114.48169728124999,113.9917996953125,97.1805697545166,134.71228593749998,112.79900247509765,21059.58971397421,2660.4524816136686,2573.1066048157,2605.0947486934506,2353.55483327724,1966.728790049959,2212.2757019964765,2303.189187864043,1586.1322227170303,1630.3630062135537,1168.6921367330322,125525.91630965639,8049.935196014655,10272.265378023196,11286.455466549502,11473.232823251,10664.054287344,12446.315846528001,17830.235095908,12481.079786272001,16205.620734528002,14816.721695238,1152.552348981061,115.54941059425067,115.79955351950073,115.60588790332031,114.63879406958007,114.30572066210937,114.93960234375,114.41967110351563,97.70688073937988,135.699876640625,113.8869514050293,21128.10614940306,2674.668656928191,2585.6075953661084,2619.934142616135,2364.327755182596,1971.5625722210266,2225.975631106657,2308.379845713439,1588.4435367196072,1624.855581469815,1164.3508320795418,125525.91630965639,8049.935196014655,10272.265378023196,11286.455466549502,11473.232823251,10664.054287344,12446.315846528001,17830.235095908,12481.079786272001,16205.620734528002,14816.721695238,1142.7125465680742,115.02866289816761,115.13623751194763,114.92280114746093,113.82213683081054,113.18569954296875,113.8711682421875,113.56837164648437,96.61476250073241,134.10153315624999,112.46117309106445,21435.600154601256,2716.3379403047893,2625.5946975505813,2662.7002193555236,2398.2892457756725,1999.1854155284877,2267.7684214902483,2336.687222451278,1610.9958322725367,1644.6152100254033,1173.4259498467507,125525.91630965639,8049.935196014655,10272.265378023196,11286.455466549502,11473.232823251,10664.054287344,12446.315846528001,17830.235095908,12481.079786272001,16205.620734528002,14816.721695238,1140.129137161899,114.88979053116178,115.11758184814452,114.99084149658202,113.59428588916015,112.74235968164062,113.886945921875,113.43332308789061,96.48293287805176,133.42983679687498,111.56123903051757
2019.0,22141.18535759282,2774.4318967451018,2690.3392119407526,2729.8698851758445,2466.3524557592436,2067.6701891804555,2339.935974223819,2415.4745626474864,1684.146362388458,1738.14663997853,1234.81817955309,131421.4422826395,8242.132756999186,10561.357912514808,11663.24507954,11838.4763414635,11074.914230464,13069.3684064,18617.464452792003,13282.923358592001,17334.722905856,15736.836838018002,1146.5690509258393,115.40212383982562,115.60926291371155,115.47710534057617,114.25225952319336,113.57040165234375,114.45462352343749,113.93044247460936,96.9694986786499,134.3933194375,112.51001354199218,22106.639441453804,2768.8299518708536,2686.2493827321487,2723.627923434626,2463.6792378383752,2064.8024946296136,2339.422241934141,2412.9442047276193,1679.6858744937779,1732.5969712119,1234.801158580689,131421.4422826395,8242.132756999186,10561.357912514808,11663.24507954,11838.4763414635,11074.914230464,13069.3684064,18617.464452792003,13282.923358592001,17334.722905856,15736.836838018002,1156.7810805317506,116.25520306898211,116.46705275274658,116.26915864282226,115.26560460327148,114.68526307617186,115.47066048437499,114.85790963867187,97.82417652276611,135.7317493125,113.95430242944336,21916.673734899392,2737.5911485505308,2657.352260220796,2693.1746115716583,2439.793046785743,2047.9026433191686,2311.742174782889,2396.70908205592,1668.870709873844,1729.1199148499195,1234.418142888898,131421.4422826395,8242.132756999186,10561.357912514808,11663.24507954,11838.4763414635,11074.914230464,13069.3684064,18617.464452792003,13282.923358592001,17334.722905856,15736.836838018002,1163.3492887445402,116.58354573379802,116.79931309973144,116.5752768173828,115.83331505688476,115.53755775390624,116.029337046875,115.37455119335937,98.45771418859863,136.9102198125,115.2484580415039,22006.01209043182,2755.5268906127585,2673.163990708399,2711.910855599185,2453.598980329213,2054.6092453151887,2328.558639487611,2403.5932396344224,1672.1360257855886,1723.1806870258104,1229.7335359335561,131421.4422826395,8242.132756999186,10561.357912514808,11663.24507954,11838.4763414635,11074.914230464,13069.3684064,18617.464452792003,13282.923358592001,17334.722905856,15736.836838018002,1151.719219917333,115.9688869434409,116.01405978895568,115.7683127236328,114.86448609350586,114.21511031249999,114.7589997734375,114.37009943749999,97.16617076110839,135.02745240625,113.56564167700195,22398.883789061587,2807.182559829505,2723.1619872321344,2765.538713126945,2496.3674778698214,2090.223152527398,2380.872023142294,2439.9605274213714,1701.831595027517,1750.8512323377981,1242.8945205467526,131421.4422826395,8242.132756999186,10561.357912514808,11663.24507954,11838.4763414635,11074.914230464,13069.3684064,18617.464452792003,13282.923358592001,17334.722905856,15736.836838018002,1148.6133592567587,115.7981810720663,115.985170987854,115.84304662158202,114.58764106665039,113.69293155859374,114.766397890625,114.20226077929686,97.00373482525634,134.23033353124998,112.50366092358398
2020.0,23102.71125760371,2862.372046026479,2785.729261870033,2830.356913029221,2563.0931510368155,2158.629186897356,2451.0253488094704,2519.2350039716607,1777.0004418077538,1848.553053812736,1306.7168503422427,134201.02642377815,8376.474487044074,10758.045914519564,11871.876526105001,12011.5930950495,11265.020086704,13349.003611968,18955.448591096003,13652.058844256,17848.368214528,16113.137052508,1154.8407379814462,116.25847180876255,116.42871156221008,116.28184342651366,115.2087842446289,114.5118666796875,115.301752484375,114.66736875390625,97.49300729919433,135.225891078125,113.46304064404296,23050.168230582924,2854.9266805633106,2779.908228280542,2821.9402937458303,2558.8699728627657,2154.139675816057,2449.359555780952,2514.9941148013786,1770.325258578944,1840.0386369843973,1305.665813168754,134201.02642377815,8376.474487044074,10758.045914519564,11871.876526105001,12011.5930950495,11265.020086704,13349.003611968,18955.448591096003,13652.058844256,17848.368214528,16113.137052508,1166.5956534001884,117.24073045080185,117.41654411497497,117.19414383935546,116.3765874362793,115.79370774609374,116.47185264843749,115.73648601562499,98.47533822381591,136.76441628125,115.12584664355468,22821.41647626739,2817.723688340959,2745.444376646606,2785.6149368792703,2530.19883885017,2133.4863901612,2416.699122277019,2495.4020115513654,1757.0949727646703,1835.1082826571853,1304.6438561389311,134201.02642377815,8376.474487044074,10758.045914519564,11871.876526105001,12011.5930950495,11265.020086704,13349.003611968,18955.448591096003,13652.058844256,17848.368214528,16113.137052508,1174.3129642772283,117.63456695940303,117.81421589692687,117.55925005761718,117.04800629492188,116.78877006249999,117.1336576953125,116.34458776171874,99.21891218530273,138.13877156249998,116.63222580102538,22932.157527844454,2839.494120779193,2764.6717156444947,2808.385947142434,2547.1529439391493,2142.103876714252,2436.7844874629973,2504.0286934505225,1761.3406707707634,1828.6605669887158,1299.5345049519613,134201.02642377815,8376.474487044074,10758.045914519564,11871.876526105001,12011.5930950495,11265.020086704,13349.003611968,18955.448591096003,13652.058844256,17848.368214528,16113.137052508,1160.8592011570342,116.92412441881417,116.90460511138916,116.62587740063476,115.92399676098633,115.25951007617186,115.65795328124999,115.18507297460937,97.72456408776856,135.966691609375,114.68680543603516,23417.89064969686,2901.7275486548997,2825.3780534213674,2873.682079056548,2599.404844297309,2186.3903137449865,2500.5765826440597,2549.1733880506386,1799.0021360846022,1865.27569448417,1317.2800092582622,134201.02642377815,8376.474487044074,10758.045914519564,11871.876526105001,12011.5930950495,11265.020086704,13349.003611968,18955.448591096003,13652.058844256,17848.368214528,16113.137052508,1157.2012537098065,116.71817679998588,116.86319513119507,116.7053685324707,115.5950013798828,114.65477571679688,115.6565124765625,114.98161072265624,97.52973344805908,135.03956340624998,113.45731609594726
2021.0,24034.495607787798,2949.3654345375153,2879.6458867800143,2927.766700324459,2656.8158953935094,2246.484153204982,2556.9471710090133,2618.5925217685844,1864.5178243018174,1956.0217748530542,1378.3382456148183,137303.80769798244,8456.483622728572,10886.944506079351,12083.3772577325,12195.025887624,11505.592029904,13664.009550848,19322.684790392002,14153.257109872,18485.52766944,16550.905273362,1161.3506868919624,116.96803668105554,117.08714731600952,116.92189775732422,115.99155189624022,115.27847548632812,115.959734171875,115.22949151367187,97.85376062780762,135.82576821875,114.23482322290039,23873.239006048894,2932.5230747161067,2863.4708733989614,2907.7362654845188,2642.5243234325885,2232.2131416377742,2544.3246846277675,2603.55267766068,1846.412790142253,1932.0142859235127,1368.4668890247447,137199.5216156707,8453.914102056297,10883.227542236857,12077.197088983501,12189.665895312,11498.281186672,13656.145721344,19309.026041744,14134.806852880001,18461.078431808,16536.178752634,1174.9202296429028,118.10351540971803,118.22935041799926,117.9778364399414,117.3430121665039,116.75467870117187,117.3121583828125,116.46379654492188,98.98720882788085,137.60304862499999,116.14562412695312,23531.41010319844,2882.395205632204,2816.081713393973,2858.08274293871,2601.5605134496714,2200.470617841841,2499.111906141195,2572.4629469514075,1823.6649612371664,1917.318796363065,1360.260699249223,137082.54363622153,8444.911294729458,10871.569562884573,12064.033814321001,12178.4908869405,11487.744929808001,13641.976028480001,19294.585238372,14122.495214704,18448.535765376,16528.200900606,1184.0644316380076,118.56802948912762,118.70082914949035,118.40672987280273,118.1422366298828,117.92778618554686,118.1007723984375,117.18231431445312,99.87247196301269,139.240932890625,117.9223287446289,23752.195963357943,2917.557543108047,2848.6394534201077,2895.6428711286003,2631.1642107520697,2219.2950915327706,2532.414740260761,2591.896502872316,1836.485105013294,1918.621127100362,1360.4793181695554,137146.30100967386,8452.373274021807,10880.751891248525,12074.0822324425,12186.903570205,11494.470883264,13651.432568896002,19301.713888284,14127.862235952001,18449.575008064003,16527.135457296,1168.2155427624243,117.73552210258865,117.6314899370575,117.3132111574707,116.81439405004882,116.12795252929686,116.3558439375,115.81968515429686,98.10735897131347,136.6787438125,115.63134111035156,24511.20238437188,3005.845095017957,2937.139748141537,2990.2304259775924,2709.7749991588303,2288.9007469528165,2626.7133192518177,2665.4326038171507,1900.3847029942344,1988.08594792607,1398.6947951339519,137503.2211796384,8466.45803309761,10901.309034266309,12101.533168392501,12210.360066516001,11521.269577024,13690.740972672002,19347.948307916,14177.082907568001,18514.253855808,16572.265256378,1164.1568849056864,117.51937899752903,117.60525460884094,117.42829652050781,116.44744888549805,115.45171421875,116.37200653125,115.60465202929687,97.89271869555664,135.6046921875,114.23072223095703
2022.0,25014.649912096364,3039.71332354203,2977.646705548235,3029.653463538463,2754.8460862030647,2338.8855930389523,2668.372951468302,2723.0000113373626,1957.3327784524488,2070.6048040978544,1454.5941948696557,140703.75328652197,8543.031405967371,11029.466270405106,12309.623598862501,12395.861814035,11765.914540176002,14008.227044544,19733.81767144,14695.275391952,19183.673273152002,17038.862275988,1167.9318725893463,117.6854347904725,117.75243794438171,117.56868200756836,116.78402472924805,116.05342969140625,116.6241016796875,115.79842975195312,98.21789133666992,136.43213246874998,115.01530818920898,24733.742874950003,3012.7916361901052,2950.2559201776457,2997.0061196924075,2729.5983592561947,2313.858878315327,2643.6402848825323,2696.0392490607637,1926.4676391319483,2029.2463129736138,1434.838475269521,140421.82606829255,8536.591698675218,11019.588713082345,12293.2838019405,12381.4787896105,11746.291751056,13985.770762368002,19696.939825648,14646.465229088,19118.17376224,16997.241734584,1183.3502870598093,118.97739591230248,119.05201960380553,118.77111032836913,118.32305168579101,117.72782719921875,118.16179989062499,117.20096856640625,99.50480970776367,138.45226384375,117.17904032177734,24270.990390518356,2949.1007980678487,2889.2110437417364,2933.2506335379358,2675.5838907708107,2270.2619617774494,2584.9565108595893,2652.672890477186,1893.3979612471535,2003.8009271745086,1418.7537728641632,140134.49132512958,8516.705278212754,10993.34885981429,12263.305292213001,12355.581270583501,11721.09876704,13952.24821024,19661.047318236,14614.479734,19083.401794368,16973.274800422,1193.966944339757,119.51687009985828,119.60102271322631,119.26729600952147,119.25498568774414,119.08469355664062,119.0800992734375,118.03318209570313,100.53529913970947,140.35997325,119.23352251391601,24608.516539606873,2998.2309005884217,2935.763269365509,2986.355370270781,2718.511724884519,2299.882102459637,2632.3629007188047,2683.6068167575695,1915.459623688321,2013.5917157654392,1424.7521151077674,140313.74133741562,8533.975368349124,11015.096612143492,12287.616971315501,12376.3803550515,11738.618323456001,13976.696121472001,19681.853122512002,14632.20660744,19093.716202304,16977.581653372003,1175.6834805012136,118.55992675350237,118.36900703659057,118.01066104003905,117.71964310131835,117.00912814648437,117.06194860156249,116.46542458007812,98.49535948260498,137.401955,116.59042675903319,25667.81973689445,3114.46016124663,3054.350020552739,3112.7814885247294,2825.812419712254,2397.2807146722057,2760.2449956354217,2788.3190528838645,2008.6374229050616,2120.003631508991,1485.9298292525455,141186.90728700696,8565.780812965502,11062.639497604441,12351.745058124501,12431.975866980501,11803.358561616,14070.978868416001,19795.788943272,14754.666759376001,19256.758526272002,17093.21439238,1171.1938156171116,118.33037670912218,118.35584057009888,118.15951841870117,117.31134897509764,116.25758934960938,117.095722296875,116.2358985234375,98.2591015649414,136.17576653125,115.01265267797851
2023.0,26046.088860648815,3133.576586936947,3079.947590646669,3136.2682901988533,2857.41841484563,2436.1074407416504,2785.627152918083,2832.757356135534,2055.7952928598124,2192.791174381476,1535.7995609841191,144412.43037947203,8636.064932395937,11185.587158034114,12551.135853979,12614.233987269,12046.764268752,14382.829151808,20189.898321880002,15280.50539432,19946.032965632003,17579.378345402,1174.5853914079485,118.41075892651844,118.42466345018005,118.22227920776366,117.58636412377929,116.83682723046874,117.29494094531249,116.37431605859375,98.5854503618164,137.04517015624998,115.80462094726562,25633.6272487988,3095.8451223537713,3040.411841636622,3089.9189571489774,2820.2546093494107,2399.2642524113076,2747.528264465543,2792.6530527534824,2010.714072023798,2132.044052167523,1504.9930244883296,143875.0567837996,8624.443584793315,11167.032580650748,12520.487421683001,12587.0162855945,12009.552507344,14338.631794176,20119.6430855,15188.619610848002,19821.747286464,17497.882626746003,1191.8872830308942,119.86253323566723,119.88468901812743,119.57412096166992,119.3169382602539,118.71330661132812,119.02089716406249,117.94815895312499,100.02822459887695,139.3121608125,118.2262534152832,25041.571010179916,3017.920826529799,2964.938666735282,3011.24065065447,2752.3858085744,2342.9969668823023,2674.3935051006447,2736.1794569465237,1966.4559354987505,2094.782018100069,1480.2771751576302,143362.2976023526,8591.811051698507,11123.278421793608,12469.990388448,12542.8208532605,11965.485885632,14280.396254784,20055.103198628,15129.279894864001,19754.599234816,17449.532418428,1204.0231364780186,120.48137303392696,120.51502451281738,120.1411831472168,120.38661459960937,120.25982821484375,120.07181685937499,118.89746434179688,101.20753857165526,141.49619140625,120.56610179052734,25502.943427007856,3081.6181862039098,3026.1834689583966,3080.6848102800855,2809.3465530077415,2384.0348427331796,2736.8442880267644,2779.351693745654,1998.4751431511625,2113.861925195547,1492.5425157053967,143709.7758953985,8621.201980366306,11160.961765646223,12512.785252202,12579.965106602001,11997.900591488,14325.489041792001,20096.257454324,15166.608596176002,19782.725964992,17465.88014181,1183.2649435884146,119.39758420497655,119.11736123127746,118.71840546557617,118.64002546704101,117.90327661328125,117.77638465624999,117.12252069921874,98.88863686968993,138.1365235625,117.5642248186035,26891.95791071621,3227.8069858712925,3177.325615502901,3241.7058008492827,2947.85668693872,2511.9167630989805,2901.6550365252083,2918.270558050303,2124.2682618093454,2261.7303236271327,1579.421878443066,145269.27376983326,8674.42193609405,11242.142978968723,12623.274994085,12676.764495429501,12112.407065792,14491.464034176,20300.747769056,15388.193974688002,20080.537352512,17679.319169032,1178.3130456422423,119.15131075041198,119.1150798849945,118.89915752490234,118.18689509204101,117.07251705273437,117.82777932812499,116.87548288085937,98.62893894067382,136.75278115625,115.80310303124999
2024.0,27131.90746027556,3231.125166832822,3186.776986571318,3247.876881228843,2964.7799551974217,2538.4413195859584,2909.0549205667435,2948.1816380500886,2160.280065652757,2323.1000656737287,1622.2904609158732,148442.89688186895,8735.560937268241,11355.342324046209,12808.493328286,12850.4151289785,12349.026910080001,14789.101244224,20692.25754496,15911.535713744,20776.142952704,18175.020797578,1181.3120953153543,119.14410979017734,119.10391178939818,118.88277344140624,118.39870265234374,117.62878624999999,117.9723259609375,116.95719761523436,98.95651878533936,137.66487084374998,116.60289818676758,26574.952348563766,3181.802086155144,3134.095239729627,3186.653068508475,2914.6649270667876,2488.629285647138,2856.2238304638277,2893.6058432633,2099.3885878814463,2240.7343222608934,1579.155157587115,147567.24658160406,8717.430826985239,11325.50941363829,12759.192698419001,12806.385515543501,12288.636335632002,14715.558334144001,20577.803055604003,15762.950408448001,20574.031075648003,18039.748917542,1200.5328151463623,120.75909690168761,120.72750741117858,120.38701036791991,120.3249152211914,119.7113333359375,119.88956466406249,118.70556089648437,100.5575113803711,140.18285312499998,119.2874618425293,25844.640028294576,3088.939580868922,3043.376019189434,3092.180159428537,2832.088195476725,2418.8193535722457,2767.5908307617933,2823.1382166113885,2043.0106907494794,2190.502145822246,1544.9948358137867,146772.06942341386,8670.206807160344,11261.29254672799,12684.419654590502,12740.276019073,12221.358595936,14627.044370048001,20477.186802784003,15668.222491552002,20463.829251904,17958.232883638,1214.235707210114,121.4618254968419,121.44306670625305,121.0286041772461,121.53747598217772,121.45351201367187,121.076083375,119.77543114453124,101.8893360458374,142.6498128125,121.92055945605468,26437.40423362116,3167.8286399821072,3120.046843057347,3178.801909593412,2903.828808194362,2471.932686636615,2846.085329142082,2879.3336422288708,2085.755011521002,2219.737701619821,1564.0536616455338,147341.8101407824,8714.002500554368,11318.278267583024,12749.929585848,12797.722599375002,12272.829571392002,14698.574899904,20545.543263412,15732.671618832,20518.698332096003,17993.559501786,1190.9621700004357,120.24875108528995,119.87674298033141,119.43664492675781,119.57587064404296,118.81064364062499,118.4992971171875,117.79122460156249,99.2872533347168,138.8826211875,118.55312048242187,28188.129148348024,3346.133252624269,3306.40327756773,3377.3974640477686,3076.2691650713823,2633.2233971581213,3051.461328521643,3055.7555269341015,2247.8223129843786,2414.0210835229595,1679.6423399156313,149769.70276502488,8792.398279343204,11440.001031794187,12916.975397792,12945.2261086555,12449.693389344,14954.123834624,20864.990660116,16081.355855008002,20990.65906208,18334.279146268,1185.51581012261,119.98230313603783,119.88308775781249,119.64732348583983,119.07428965014648,117.89662702929687,118.56833734374999,117.5235505390625,99.00223219726563,137.3358145625,116.60224442089843
2025.0,28275.40814827031,3332.5385832453057,3298.3774588298197,3364.7625548752517,3077.194602417647,2646.1985453375455,3039.022824222104,3069.612793685368,2271.1846377768547,2462.089926241221,1714.4262216392242,152798.31683668014,8841.538243141236,11538.703097101914,13081.839608026501,13104.415693652501,12672.991607264,15227.149936576001,21240.988219888,16588.90333048,21674.946943744002,18826.840156806,1188.11294814985,119.88558190894412,119.79026957354736,119.55025468115234,119.22119934106445,118.42941900390625,118.65633953125,117.54724976757812,99.33106562634276,138.29132009375,117.41024862231444,27559.892120734068,3270.786963500159,3231.470143641043,3287.395579795294,3013.009034234934,2582.163596128273,2969.974251681406,2999.119225428836,2192.742418340696,2355.6668605992227,1657.5640473842375,151489.1751914062,8815.330095097546,11494.502937136125,13008.8941422,13038.9490736925,12583.026053088,15115.467189824001,21069.830510836,16368.1080712,21373.247708672003,18621.819409660002,1209.2886523843626,121.66726410411977,121.58061874691772,121.20992542602538,121.34721834643554,120.72207591601563,120.7679433203125,119.47335640039061,101.09277258068848,141.064568125,120.36290941845702,26681.763371506033,3162.2451421281626,3124.640129751346,3176.203614313183,2914.8198821865017,2497.880227358733,2864.726519222169,2913.711220512061,2123.24228476695,2291.215166613963,1613.079184652945,150347.9903695274,8751.541729113278,11406.59499603959,12905.713987156501,12947.027215692,12487.78379576,14990.46768352,20924.875383928,16228.958720048002,21207.849348672,18497.177509598,1224.607421687593,122.4585204178481,122.3853893795471,121.92980310375977,122.70794844482421,122.66608487109374,122.0931055625,120.66732075781249,102.58084349127196,143.82118321874998,123.29722244018554,27413.925680494373,3256.9760088116236,3217.5072737296214,3280.885249921102,3002.1259058986384,2563.764693760866,2960.323975103838,2983.7663289420207,2177.5360761518987,2331.542420294403,1639.497747880355,151202.36649078902,8812.302955326282,11486.762552586713,12998.7033952385,13029.2477034375,12563.003442176001,15095.073446912002,21028.426821020003,16329.252942336001,21299.922984192002,18559.670247564,1198.777213060385,121.11368160353707,120.64734430999755,120.16556434301758,120.5274859609375,119.73147564648437,119.2307889765625,118.47181673242187,99.69132330163573,139.6404484375,119.55728374829101,29561.177971505986,3469.7027628783576,3441.9423558968765,3520.279957519486,3211.4356156614876,2761.645412308347,3210.2169098885765,3201.2758426428377,2379.888512215533,2577.6926187292925,1787.0979837652037,154703.12800941087,8920.072828079254,11656.797189680117,13233.664679421001,13238.092810006501,12816.297401200001,15460.195135424001,21490.353428684,16836.330661648,21990.417083648,19060.90679162,1192.8034327802538,120.82349907184934,120.65998839944457,120.40415052392578,119.97372145361328,118.73005156445312,119.317499046875,118.18026713671874,99.37906518151856,137.92501953125,117.41017087060547
2026.0,29377.19084101953,3435.0188147009285,3408.888471427486,3478.1036737233303,3186.9429244103994,2750.9817444258842,3161.8177757246367,3186.179879344577,2373.0743043436373,2591.9924560882137,1804.1907968303644,157419.21322832134,8953.640315823583,11734.299472409282,13368.3612586225,13373.76755862,13014.901991744,15690.506600256002,21828.16250506,17301.091607680002,22628.172048896,19526.309869210003,1193.0976191225238,120.46901564164304,120.30917619743347,120.04753214208984,119.86068542602538,119.05107421679686,119.1496430859375,117.95973223828125,99.54171953222655,138.67837,118.03067064208985,28402.013709662853,3351.4196727178746,3317.463581527883,3374.0814525106434,3098.951933834699,2663.441663152415,3065.96930846659,3089.89159683326,2267.6898987448803,2448.5698579438676,1724.534743930761,155535.72450460258,8916.782517431799,11670.845948013251,13264.156952713502,13279.691026042,12885.780177712,15527.437873472001,21581.990327192,16986.081901088,22195.501399616,19227.456381322,1216.4781265819893,122.44071669682693,122.28708857217407,121.88139871289061,122.21597851879882,121.58475663476563,121.47794621874999,120.08919277148436,101.48089876342773,141.7363298125,121.28381988037108,27307.59237462779,3220.647033201692,3187.57722422121,3239.3654569965433,2978.5573003189947,2557.8246307156714,2937.467974195881,2982.4612421335114,2178.646195221668,2361.717193741753,1663.3281238808688,153956.62636833795,8833.853702716375,11554.976719386083,13126.836575639501,13156.508318496,12755.762639504,15357.068924480001,21380.798917396,16789.413824688,21956.907910592003,19044.49883544,1233.6568998027706,123.32765447888755,123.19191473098755,122.68705457470702,123.75135582080078,123.7619775625,122.96630318749999,121.42596040820312,103.1455134144287,144.82380646875,124.57535915600586,28278.450362246727,3341.800310718085,3307.8544384201064,3373.491258233488,3091.515800885079,2645.8303675569086,3060.625653731957,3076.781521093721,2252.985432476067,2423.285343561594,1704.28023556976,155198.68562469815,8915.415702311691,11664.22971551545,13254.7527656705,13270.620988304501,12862.416026032,15505.503739072,21532.811768900003,16940.008712464,22104.124778752,19148.801427676,1204.7112433830155,121.81675374504566,121.24008940841674,120.71092278149413,121.29868206298828,120.47608034179687,119.7508265625,118.96800089062499,99.91406770928954,140.15634996875,120.37946991210937,30983.942915341533,3604.9817842223547,3586.9181786706995,3670.120429946488,3353.703013642468,2895.535136329659,3371.412095268947,3351.9434585779504,2509.9624386372416,2740.7047636906645,1898.6616163550607,160042.96446932573,9058.422989793537,11893.121959794202,13572.828942014,13555.282418824001,13210.983261808,16006.425842048002,22173.453458928,17645.46870688,23071.214556032002,19855.762333204002,1198.3551065437846,121.52339457924604,121.2832049491577,121.00529562451172,120.69811847851562,119.3935198828125,119.8796358515625,118.66672018749999,99.59446295898437,138.27715728125,118.03359675024413
2027.0,30532.137630116875,3541.443293272686,3524.0067164153616,3596.334347686382,3301.514439210706,2860.9458075145553,3290.5403471181085,3308.205769802982,2480.4194647668273,2729.3890364764093,1899.338407852876,162317.72614322382,9071.906585463907,11942.24744850389,13668.624473862,13658.884884192,13375.640066848,16180.396686208001,22455.12130568,18050.241448064,23638.822237056,20275.841007346,1198.135775983381,121.05835235931205,120.83316748521423,120.5498490517578,120.50778417822265,119.67917313671875,119.64747853124999,118.37743493945312,99.75468728094482,139.07005940624998,118.65778961425781,29275.709976770937,3434.5244257822255,3406.288938124546,3463.694046952925,3187.906820855152,2747.8941033488536,3165.584333040686,3183.9618303978887,2345.6597368481125,2545.5491397046612,1794.646601715906,159713.27086334172,9021.804384987328,11854.550381918372,13525.328031716,13528.82654817,13197.402339536,15952.140486976,22114.880743092002,17618.073742112,23042.370852928,19857.893351906,1223.7556477461194,123.22341385444163,123.00165432051085,122.56078197412108,123.09655162988281,122.45800620703125,122.195268328125,120.71329286718749,101.87346315148925,142.41663671875,122.21657869458008,27952.7258418311,3280.5345776589234,3252.223016341908,3304.3013198150907,3044.1565102042096,2619.697654085751,3012.4417167215615,3053.3335030364456,2235.8559408738597,2434.698795833978,1715.4828072594642,157603.34607063123,8917.19519338841,11706.468447915333,13348.129021048,13368.943985215501,13025.737640512001,15727.414337792,21845.466270588,17350.624059872,22712.249114688002,19601.117999612,1242.850036634147,124.21129141747235,124.01111546014404,123.45652603222656,124.81290725292968,124.87540919335937,123.8502953671875,122.19699491015625,103.71864716961669,145.84221690625,125.87463292480469,29174.622703502155,3429.172168313213,3401.1351639712643,3469.179633402455,3183.968307436605,2730.9499110955703,3164.711268724248,3173.2307422499794,2331.418862996885,2518.9182002131356,1771.9384450987973,159336.57716892674,9023.339755370476,11850.667597413218,13518.361789825001,13522.005857898,13171.498947696,15930.474726528,22059.28539508,17566.093750048,22932.739667456,19762.109681612,1210.7458577462744,122.53160518867254,121.84219344871521,121.26524801708983,122.08380489916992,121.23261531054688,120.27720138281249,119.47439904296874,100.14109044482421,140.682326375,121.21537363647461,32487.4556758091,3746.459057019959,3739.065480225841,3827.6138773919824,3503.3504960020505,3037.1166816569016,3541.817226173537,3511.0104639388164,2648.2461633308208,2914.7992358993,2017.9769941699121,165809.87021273057,9207.57926186909,12149.323338605478,13935.4036113135,13897.5707895265,13635.190336448,16594.862077696,22916.794918992,18512.280326,24238.054429376003,20722.811122904,1203.9714106444344,122.231518906672,121.91339899990844,121.61328420605469,121.43196189794921,120.06427409179688,120.4481370234375,119.15976338476563,99.81213903131103,138.63348853124998,118.66344457128906
2028.0,31743.164371099298,3651.9989263273615,3643.9596593326,3719.7059235627594,3421.1552045634753,2976.385534334929,3425.5118707866886,3435.9798859389384,2593.5351106512244,2874.7257783417513,2000.2064772595734,167507.00392949072,9196.395357632018,12162.703280552198,13983.237344333002,13960.251396179501,13756.159486256001,16698.131548672,23123.363284956,18838.660609680002,24710.096157312,21078.005463918,1203.2281014535413,121.65365609860658,121.36230189222717,121.05727790673828,121.16259753466797,120.3137878671875,120.1498925625,118.80041449609375,99.96994777130126,139.46649934375,119.29172598046874,30182.319847283048,3520.1931165498663,3498.054777444105,3556.3497306803138,3279.994459114484,2835.66220760725,3268.9702961084517,3281.4643628561125,2426.784340926026,2646.7902881135988,1868.05626788288,164028.4500887494,9130.424123205887,12045.653053888036,13792.764412214501,13786.606882593002,13518.417607792,16390.276975872002,22669.157026868,18265.290153952003,23915.441344128,20514.418508236,1231.1226371333632,124.0154803448348,123.72441387678528,123.24817748339844,123.98912333544921,123.34197117578124,122.919994609375,121.345800203125,102.27054353015136,143.10563359374999,123.16149898071289,28617.840903358447,3341.955093319163,3318.6325232455742,3371.070068539713,3111.6808040828028,2683.5722125913994,3089.723937293403,3126.4033550243425,2294.934452887383,2510.248974172213,1769.6194822024258,161293.57814172152,9001.62464157103,11861.11813917048,13569.932464846,13584.575663366,13298.158926832,16102.054340224002,22319.40675636,17913.594919168,23475.11740608,20167.994884104002,1252.1892722165555,125.10969177983378,124.84319169288635,124.2384095012207,125.8929617302246,126.00671220507812,124.74520728906249,122.98065745117187,104.30033713739013,146.8766241875,127.19547924218749,30103.720910613552,3519.1791110108484,3497.4566996747853,3568.0656388511243,3279.599576484688,2819.2495928366134,3272.7348428730643,3273.2561703831925,2412.9627418064983,2618.6099528918944,1842.6065838008215,163622.08256084615,9136.087999700489,12046.092384577118,13789.832730495002,13783.617432745501,13490.711670496,16370.625294976002,22608.495635208,18208.674251872002,23787.20942368,20400.735737096,1216.8829628894791,123.25845035525369,122.45381890757751,121.82868974487305,122.88313652221679,122.001326140625,120.81001751562499,119.99127418945312,100.37245646405029,141.2185335,122.06525954980468,34076.838371134116,3894.469203251967,3898.791700096526,3993.2117466854934,3660.812329441115,3186.8891753861726,3722.009109820096,3679.000045084212,2795.296819522415,3100.75139613713,2145.606845708945,172026.3356686059,9367.70267424621,12425.815797191653,14322.4089962705,14265.842584317501,14090.481406464001,17227.716908032,23723.149302696,19440.53609136,25496.322194432003,21666.359713596,1209.6531717249718,122.9479628737297,122.55066412156677,122.22820490478514,122.17538271752929,120.74242002734374,121.0230738046875,119.65947447070312,100.03211494134521,138.99399759374998,119.29987626953124
2029.0,33013.36060838616,3766.88309347347,3768.987761845562,3848.4839501655365,3546.1253409740025,3097.614753072059,3567.072008129238,3569.8096564075563,2712.7560892327883,3028.4740636041693,2107.1538914818234,173001.1571352261,9327.182528253721,12395.86150908437,14312.853961511,14278.412333629001,14157.487935344001,17245.108379776,23834.526361584,19668.740438304,25845.396997760003,21935.586689980002,1208.3752042726603,122.25498787620639,121.89663729080199,121.56986213232422,121.82522728417968,120.95501261328124,120.656934609375,119.228760796875,100.18753611956787,139.8676595625,119.93258598754882,31123.240210452026,3608.5216276180613,3592.875216851534,3652.17028650698,3375.34185266887,2926.8964240171567,3376.2849223465632,3382.539114745615,2511.199916946198,2752.486070639002,1944.9247781120603,168488.21649208452,9242.681173905856,12244.211041334152,14066.836692471501,14053.316686953001,13849.379482096001,16842.565673344,23245.537499796003,18928.947153664,24816.366804864003,21198.374283656,1238.5801505346092,124.8170401464715,124.45548259620666,123.94369422753905,124.89388326318358,124.23682582226562,123.6521948359375,121.98686491210937,102.67214092669677,143.803407,124.1186168041992,29303.63372848376,3404.9572383760983,3386.8626284798597,3439.7326573607143,3181.1951586474597,2749.522291236489,3169.3927372769294,3201.746697837289,2355.9467036469405,2588.4617168875247,1825.8158987343866,165032.79787368557,9087.207556088824,12018.985100169743,13792.5844421425,13803.6674382745,13573.482222624001,16481.5492864,22803.197829388002,18479.328974128002,24246.740346304003,20746.054678166,1261.676906372877,126.02310440423393,125.68835332484436,125.03288691088866,126.99184727929686,127.156196796875,125.651183703125,123.77713940820313,104.89068830932617,147.92728843749998,128.538217798584,31067.083252582546,3611.9125778083585,3596.930605763994,3670.2716379846242,3378.531209575172,2910.8614292955745,3384.8567435312134,3377.005055410235,2497.749143899391,2722.540346158772,1916.4245031551359,168061.6044976837,9253.687291870501,12250.544651350174,14069.4776230355,14055.7004109655,13820.537750032001,16826.621126144,23181.153846736,18868.931969184003,24669.039702656002,21065.91012571,1223.1244865744231,123.99750936492013,123.07512403384399,122.40142528662109,123.6969665932617,122.78246334765625,121.34935446875,120.51882143945312,100.6082311422119,141.76517024999998,122.92942064770507,35757.56747267475,4049.3687110297033,4066.530192586681,4167.39572839408,3826.551628567772,3345.38813957909,3912.603772674854,3856.470839091118,2951.7110623195235,3299.3932784849535,2282.154119946975,178716.81462532294,9538.983591667315,12723.077944733122,14734.955793663,14661.085720061501,14578.567993264001,17907.390279552,24595.57020664,20434.267973104,26851.84469792,22691.070424718,1215.4012939637971,123.67283222748422,123.1950831124115,122.85015386596679,122.92853253710938,121.42804539453124,121.60454571874999,120.16597620898438,100.25442046154785,139.35876078125,119.94294365576171
2030.0,34345.997541929566,3886.3040933627303,3899.3438413262984,3982.9485748422358,3676.6994146869097,3224.9663299198487,3715.580034099243,3710.0183862196413,2838.4374735635533,3191.137544814156,2220.5618490949605,178797.92912295958,9464.226718649801,12641.568120806265,14657.4371874065,14613.176923155,14579.582861120001,17821.106046336,24587.910162120002,20539.877586112,27044.177627712,22848.865889542,1213.577684821705,122.86241439068985,122.4362244700775,122.08765422631835,122.49578282470702,121.60291556445311,121.1686530625,119.66252775,100.40748348828124,140.27362759375,120.58040145092772,32099.93630358093,3699.6100479085235,3690.8684911432774,3751.282080165322,3474.0810542006225,3021.752508347832,3487.6930908284926,3487.3323137571515,2599.051122369715,2862.8405987193714,2025.424996140618,173082.2150071252,9358.374038865462,12449.7458471587,14347.072373111001,14328.355016668002,14189.692151536,17307.91592128,23842.267584496003,19607.391761680003,25742.889206592,21908.511105738,1246.129653545935,125.62822766547251,125.1949577706604,124.64743361108398,125.8110344399414,125.1427062421875,124.39197723437499,122.63659454687499,103.07834274945068,144.51011025,125.08826903588867,30010.838801473317,3469.591708559759,3456.972164225035,3510.3529814015837,3252.7677655195494,2817.6270912574582,3251.53056241376,3279.445489400094,2418.9629410673524,2669.4337442048354,1884.1543534239079,168806.2098365961,9173.659316706558,12179.404295630036,14015.3540551035,14025.448639286002,13850.828811888001,16864.360961408,23294.579245232002,19045.549883904,25023.892489920003,21333.132137518,1271.315696914422,126.95180101900577,126.54681164956665,125.8401820024414,128.10993321801757,128.3242180078125,126.5683921875,124.58673051953124,105.48989450024413,148.99449834375,129.90323546655273,32066.10538841466,3707.4676222170597,3699.673829116416,3775.923358139923,3480.8898396456434,3005.923837567981,3501.2446725153677,3484.6320615181576,2585.915817787087,2830.894278230874,1993.540071676194,172644.13667059917,9375.991638366688,12463.622614328966,14356.789741565,14337.7057231505,14160.31891528,17297.289522432002,23775.543946592003,19545.121953168,25575.617940288,21756.134675428002,1229.472472811161,124.74901374435805,123.70629180587768,122.98361518798828,124.52560554077148,123.57625107617187,121.895300609375,121.05729125390624,100.8484877201538,142.32245287499998,123.80816299755858,37535.47966512719,4211.535603344469,4242.741307168305,4350.677539284179,4001.061013562928,3513.1850511807947,4114.256637597042,4044.018223324456,3118.126149248437,3511.612380474204,2428.2657599423546,185887.11399103337,9721.653382993052,13041.391868496852,15173.3997943805,15083.677238941002,15100.012335712001,18634.257894912,25534.590868752002,21493.852780960002,28305.593950208,23798.683875678,1221.2165276288422,124.40622860281086,123.84674746499633,123.47920760449219,123.69154314746093,122.12123981445312,122.1926344609375,120.67937809960937,100.47907804565429,139.72777021874998,120.59270016967773
2031.0,35582.016735588004,4003.3831888923914,4024.0393830521634,4109.100327855533,3799.9279605483794,3345.038411281324,3851.6977934187507,3837.8714255311074,2948.5893924880515,3335.0231273968748,2327.3457251234427,184804.9185982958,9606.75933044607,12897.517011605247,15012.824753713501,14960.555991101,15016.459814064001,18417.094666752,25370.81801012,21434.956606912,28284.115151424,23803.817262158,1217.4187119712133,123.35329809406184,122.85211576435852,122.47774385302733,123.02999649414062,122.12211966796875,121.534520234375,119.96294211328124,100.49626572460937,140.49641003124998,121.09329999414062,32932.656062203416,3782.5786101167014,3777.501809542287,3836.623372729532,3560.4375245843776,3104.6501767840755,3581.3323884219244,3575.7762958120193,2668.493856305884,2950.456885063371,2094.805142843193,177712.9473840727,9476.244246516297,12659.286085005435,14628.650846747501,14607.0630997495,14532.867246112,17776.386726272,24446.168589936,20284.0990456,26672.73539936,22629.446098774002,1252.1858752155956,126.30845852421999,125.79550548184204,125.20728271362304,126.57710435229491,125.90938267382812,124.97341974999999,123.13586265234375,103.34024114581298,145.01601878124998,125.92259914038085,30519.930527907738,3520.530042010319,3510.021241377037,3561.6181898620907,3306.7193618477554,2868.4981959730976,3310.953871047692,3335.696835169543,2458.746407231305,2721.3150663943898,1925.8313169945231,172500.65308425104,9259.32418611441,12338.767101740144,14232.459210124502,14244.407148534001,14122.628823488001,17239.10407616,23778.542656688,19593.764278912,25781.107763328,21910.547839162,1279.2757668139075,127.72251936165237,127.24395253025817,126.48120105078124,129.06024232421873,129.33482821875,127.31016546875,125.22952639257812,105.92856807409667,149.84361146875,131.12115192407225,32919.69809615903,3795.5628880445342,3791.792231507082,3868.5171990665303,3570.989491414919,3088.437157477294,3599.8389796408674,3576.3563890613077,2654.8852601490203,2915.0029652700196,2058.31553452745,177269.8651301161,9501.940830518099,12682.618693770442,14646.9428129025,14625.125450831001,14503.425598576001,17772.452747264,24378.354042332,20220.278024784002,26483.424395904003,22455.302533234,1234.1864670071238,125.35149854165458,124.18388529096984,123.40890372729491,125.19064500146484,124.2173118046875,122.2694125703125,121.43172366015625,100.93537970111083,142.66590775,124.53179895947265,39241.35905663473,4377.310456610437,4417.829392408346,4529.1802487855275,4172.5086316202205,3676.689409304543,4304.718709004063,4222.204374279387,3268.5104921779202,3703.330931501915,2569.0764109422776,193431.7452673532,9915.613223715145,13378.979769682048,15633.28276331,15529.968993194001,15648.385657344,19397.405632768,26526.121122016,22598.384631776,29830.486810944003,24973.116662604003,1225.6757630157647,125.02477796093987,124.37575292634583,123.98222524072266,124.31678866772461,122.68748915820312,122.63203953906249,121.05933289843749,100.57357124224853,139.9153716875,121.10841369458008
2032.0,36872.085281267005,4124.841368349606,4153.582199217527,4240.233070175094,3928.1939206784036,3470.656667917419,3993.764358161215,3971.0362963995326,3063.8165146349393,3485.9888864152736,2439.9719993179747,191034.72211886707,9754.890338657964,13163.934880422592,15379.634024939502,15321.119129325001,15469.085335664002,19034.342254720003,26184.716909568,22355.947877728002,29568.066423168002,24802.984944674,1221.304797735341,123.84898553442859,123.27216269792174,122.87203676538086,123.57081823681641,122.64690065234375,121.903978671875,120.26780906249999,100.58693302227783,140.72315184375,121.61202124804687,33791.80464654601,3867.840120532819,3866.6201492594137,3924.4277180273707,3649.43538559653,3190.3931361759655,3677.9450021410066,3666.8699580844313,2740.1523492723663,3041.135141198906,2166.985686257181,182387.6445133897,9596.367203484702,12872.95092219753,14911.988737699001,14889.799477636501,14879.485649136,18248.752571008,25058.040326648003,20960.271680224003,27607.488128448003,23362.499816908003,1258.31785494105,126.9963880756173,126.4027831209259,125.7737764790039,127.35358442700195,126.68543005664061,125.5607997265625,123.64223437109375,103.6058188326416,145.5292775625,126.76776228906249,31040.98772927638,3572.5353329509753,3564.210266569935,3614.009148401305,3361.9406197211433,2920.6671681456223,3371.7389997536848,3393.294695816618,2499.4224590100403,2774.4608930548484,1968.7081458521798,176123.98485965555,9344.324815503789,12497.252585758262,14444.380710327501,14460.969076142,14389.485649328,17606.573879168,24256.029544296,20125.327095392,26520.10380032,22479.537703420003,1287.3643327390703,128.50582474930906,127.95212020722961,127.13290791210937,130.02726972070312,130.36161234570312,128.06098571875,125.88343247656249,106.37454727252197,150.7066433125,132.35898902368163,33798.9804322163,3886.0008609234246,3886.4711801052727,3963.681529435386,3663.7160087082398,3173.531283042854,3701.5058536341385,3670.9115748579193,2725.9354585385167,3001.7821169856393,2125.4445659850257,181945.28949092925,9631.592871001894,12907.62662367939,14940.2801020115,14918.2664842185,14850.345636256001,18252.798947584,24990.400753136,20895.55503536,27393.861060352003,23164.561977330002,1238.9919304405703,125.96420578245878,124.66961971200561,123.84211660205078,125.86859232910156,124.86952925781249,122.6487954296875,121.815572984375,101.02618690704345,143.018793875,125.26851756103515,41036.07988663427,4550.62776667763,4601.141696066637,4716.153768897911,4352.38276478849,3849.057876425239,4505.102878898266,4409.383096677715,3427.1169790506374,3906.2226396605906,2718.89041949114,201372.22619172314,10121.122051960903,13736.367528643723,16115.6321617885,16000.973361896002,16225.275149728,20198.974997888003,27572.861591584002,23751.058558272,31431.321305472004,26218.639484490002,1230.1911737492246,125.65052140713786,124.910816637619,124.49125186328125,124.95037744482421,123.26026185937499,123.07673811718749,121.44503035546875,100.66992900134277,140.10656796875,121.62967909423827
2033.0,38218.90443797846,4250.879939331291,4288.1941918675075,4376.579991491225,4061.7374485217765,3602.1181798806515,4142.0738616174895,4109.764905775083,3184.374756427088,3644.4011426002958,2558.780020466051,197500.5328444199,9908.743368990066,13441.073719581836,15758.510419765002,15695.471762619001,15938.481713264002,19674.177525760002,27031.161994072,23304.876952128,30899.018835328003,25849.016552912002,1225.2365198359184,124.34952209336471,123.69640886413573,123.27058048339843,124.11832997753906,123.17732708789062,122.27708366406249,120.5771723515625,100.67947891430664,140.953902,122.1367143996582,34678.34074370118,3955.4712317981184,3958.306914498585,4014.7791222429037,3741.1687274754513,3279.0948311869483,3777.6364534665076,3760.7035171390157,2814.105016943672,3134.9876833898684,2242.087245560051,187113.56544164338,9718.821897425662,13090.8706915267,15197.4999725995,15176.9329642475,15230.134535088,18725.777981568,25678.690955064,21637.101059200002,28548.752969536003,24108.982415388,1264.5265095677642,127.69210661727905,127.01686912205504,126.34699646630858,128.1406362368164,127.47097229101561,126.15416507812499,124.15584560156249,103.87510160821533,146.04992124999998,127.6238952963867,31574.345524914028,3625.635873417228,3619.568704705958,3667.5558544102933,3418.4659718752982,2974.173680124897,3433.921203095883,3452.2773855690225,2541.0143271670486,2828.906648972097,2012.8258755762254,179683.81779178054,9428.78302142417,12655.039600771344,14651.586459468,14675.546458507,14651.993511632001,17967.542449152003,24727.959007944002,20641.551796256,27242.517692160003,23041.297794466,1295.5836950516948,129.30192549674797,128.67148065016173,127.79545575390624,131.0113096442871,131.4048517109375,128.8209559375,126.54859690429687,106.82798203173827,151.58390190625,133.61723501586914,34704.8035020371,3978.8516566717376,3983.790066404504,4061.4965402735825,3759.1548732455203,3261.2963537381697,3806.349898993275,3768.395412571351,2799.1346145593043,3091.317895912781,2195.016189666763,186676.87788077263,9765.015345974318,13138.754365755274,15237.141460562001,15217.444141067,15201.566368304,18739.0076928,25612.515962224003,21572.048564656,28308.341634816003,23885.042344614,1243.8901846757049,126.58729990667725,125.16362429441833,124.28338579052733,126.55970166455077,125.53311386132812,123.033510734375,122.20900588671874,101.12096754541015,143.3811496875,126.01842530419921,42924.792194442496,4731.887416852192,4793.11446999949,4912.05556116121,4541.151419604711,4030.8322422684178,4715.978385634794,4606.056621954146,3594.4321241348093,4120.967598762918,2878.3163540698342,209731.47084769726,10338.465695778958,14114.129271970802,16621.549974146503,16497.782887387002,16832.378617056,21041.235601664,28677.702906216,24955.223926016002,33113.186180224,27539.815787238003,1234.7634412776827,126.28353982361173,125.45200374038696,125.00635614379883,125.59244418017578,123.83961400585937,123.52682189843749,121.8365306640625,100.76816997784424,140.30135965624999,122.15660118725586
2034.0,39625.32000602298,4381.710857947824,4428.107894317349,4518.386218975651,4200.811178483279,3739.736924728745,4296.934624930082,4254.32129377255,3310.5356612395535,3810.646697958866,2684.128653669092,204216.15203806476,10068.455984563923,13729.21221246177,16150.1264166005,16084.255183634501,16425.713740976,20337.967817984,27911.789228560003,24283.831077248,32280.089929088,26944.710446948,1229.214344815401,124.85494699411201,124.12488406970215,123.67340837548828,124.6726133408203,123.71347207617187,122.653846328125,120.89111312695312,100.77394308679199,141.18869015625,122.66742726098633,35593.27030667025,4045.5516165732415,4052.648301255834,4107.764677939992,3835.7344469032987,3370.874587088837,3880.518314638896,3857.369870653852,2890.4317718613092,3232.138077401786,2320.238642353271,191897.92232898413,9843.692230825367,13313.184670288236,15485.596710301,15468.842296701501,15585.406452112002,19208.222272768002,26308.931197864,22315.738542048002,29498.094962752002,24870.212993324003,1270.8130605292001,128.3957148521218,127.63784464564513,126.92702280981445,128.93840582641602,128.26615962109375,126.75360449218749,124.67679418945312,104.14810620892334,146.57816815625,128.49123972729492,32120.339288232382,3679.860289571223,3676.1265527156997,3722.288876415681,3476.3319932365657,3029.0586669313784,3497.5375146876822,3512.6857846963685,2583.544208475522,2884.6852783065965,2058.22012319566,183187.43714113176,9512.819358702593,12812.303992085148,14854.527440928501,14888.548299327502,14910.723311248,18322.738755968003,25195.211001128002,21143.684592832,27949.900651584,23596.979737328,1303.935741247764,130.11101798912762,129.40219504403686,128.46900110498046,132.01267032592773,132.46484419921873,129.5901874453125,127.22524358984374,107.2889049020996,152.47551625,134.8961603972168,35638.05312420137,4074.187623466274,4083.8296814117703,4162.0442671296805,3857.393142191795,3351.826076577327,3914.477758833088,3868.909911742719,2874.5534483570295,3183.7049131680847,2267.1263013236153,191471.08720575875,9902.279974941388,13376.120036957358,15537.868047453001,15522.985364037,15557.584437520001,19231.764020096,26245.520756648002,22250.873359200003,29228.208168896002,24617.88304001,1248.8830457381662,127.22096033614301,125.66602108836364,124.73283460913085,127.26423411914062,126.20829484375,123.42361606249999,122.61221006640625,101.21977424017334,143.7532065625,126.78189381005859,44912.96626677442,4921.51349621605,4994.209660800864,5117.371308839445,4739.3096911143375,4222.591478683184,4937.9457578740175,4812.757776886992,3770.9724176010436,4348.2896279897695,3048.0050507686833,218533.7659443547,10567.959805156068,14512.897661171119,17152.1989034275,17021.575336806,17471.50298528,21926.571322624,29843.735726760002,26214.37190112,34881.44019712,28941.51210489,1239.393222750616,126.92390818880271,125.99938537113952,125.52762742944336,126.24308634667968,124.42565800976561,123.98232807031249,122.23391524218749,100.86827574389648,140.4997244375,122.68931391088867
2035.0,41094.32936810766,4517.5582614034165,4573.5686863373685,4665.909784714664,4345.68096764939,3883.8450940095363,4458.67126870951,4404.9823944771815,3442.582677257835,3985.1332216062942,2816.39701194256,211172.4200373344,10233.84755196152,14027.919264770406,16554.076134248502,16486.987853196002,16930.321610064002,21024.814115328,28824.948078872003,25291.090968608,33709.127808832,28089.286651454,1233.2386932176003,125.3653154297738,124.55763351371765,124.08056282641601,125.2337584645996,124.25540097070312,123.0343025859375,121.20966279882812,100.87031776190184,141.42754303125,123.20419583447266,36537.6364943952,4138.1642679928245,4149.734455634405,4203.475816878575,3933.2349015084496,3465.8570045255915,3986.704384892479,3956.9666299421183,2969.2189865211817,3332.7079231339544,2401.5721233656527,196736.86706300057,9970.91407255135,13539.684510090216,15776.165014641001,15765.356495126001,15945.127159232,19695.665199744002,26947.960131664,22995.519180704003,30454.619720256003,25645.855578992003,1277.1782146715564,129.10730698936652,128.2657891663208,127.51393487768554,129.74706530688476,129.0711090703125,127.35913965625,125.20516883984375,104.42488118920897,147.113952375,129.3698672006836,32679.325042512748,3735.2384712236085,3733.914629073225,3778.2399707422724,3535.5770294445165,3085.364026874747,3562.624462606584,3574.561207097146,2627.0368897006615,2941.834941681604,2104.933414068336,186631.6223470146,9596.314783726211,12968.767571360844,15053.084591097,15099.768727608502,15165.508331328001,18671.805988608,25657.089463144002,21631.409277792,28641.692499968,24146.181112382,1312.422694713877,130.9333164117379,130.14442664564513,129.15370814697266,133.03168204199218,133.54186033984374,130.36877446875,127.91355206835937,107.75744704577636,153.381742375,136.1961851697998,36599.63986648059,4172.083295408033,4186.674225545695,4265.409920171794,3958.521003147691,3445.2162053525753,4026.0014892931,3972.5610340450316,2952.2638642994198,3279.035239540763,2341.873589676536,196320.36640248954,10043.173413436298,13619.281114143212,15842.045758927501,15834.437688858501,15917.927898144,19730.207459328,26888.193552896002,22930.97093536,30151.90622816,25362.222353236,1253.9720406196989,127.86536083828115,126.17694443632507,125.19059699023437,127.98244622216797,126.89527648632811,123.8191854921875,123.02537560546874,101.32263246520995,144.1350375625,127.55918452099608,47006.42204594728,5119.956342341329,5204.916591026172,5332.614318803528,4947.38472539365,4424.952087459207,5171.644728256048,5030.0516659336345,3957.288650733417,4588.9627041800295,3228.6502318202392,227770.00285475227,10809.505618218443,14932.320860386282,17707.162999884502,17571.976538229002,18142.274129264002,22853.959209984,31069.269809624002,27526.466398912,36733.74541568,30423.321874570003,1244.0812011644339,127.57170979770422,126.55302935220337,126.05512706274413,126.90243320507813,125.01845497851562,124.4433484609375,122.63723554101561,100.97028872473145,140.70177834375,123.2277956977539
2036.0,42386.15901826011,4643.20702061044,4704.880479198094,4797.310815870586,4475.804438754338,4012.4663651558562,4599.364887791904,4535.251649617912,3552.2686378721646,4130.860949967022,2934.7437734218665,218243.9180548029,10403.39172142036,14333.561782719054,16964.387245289003,16897.8903308765,17443.86861488,21722.359488128,29753.581017968,26305.305492192,35157.202531584,29262.369829746003,1235.7563634658698,125.74797567016982,124.85654629319762,124.35005139990234,125.64197983422851,124.64871576367187,123.253914171875,121.37901310156249,100.8242476663208,141.4708658125,123.5830537524414,37392.68609754806,4225.942457326526,4239.854237513291,4291.008459969115,4023.2367264372315,3552.6864426395564,4081.324423047912,4046.2476577318052,3036.5903177990263,3419.5409684008737,2476.2544066827036,201573.66392915446,10099.773917081311,13768.611750022661,16066.4851430875,16063.822388133001,16305.353904752,20182.170045696002,27587.968110200003,23666.99204768,31405.688685824003,26426.797936678002,1282.0554167416228,129.69138666152955,128.75948772773742,127.96107460498047,130.40478579516602,129.73061405273438,127.8047550234375,125.58729457421875,104.55792090582275,147.456928,130.1011693959961,33132.197790585924,3782.5967407385933,3781.9622257809606,3823.718724240254,3584.8751565920875,3131.9550265913294,3614.914527836613,3624.3550654815426,2659.033003210634,2985.1476643708006,2143.6396557432568,189966.65295810538,9678.282502986258,13122.473207724577,15244.655363649501,15306.498920859001,15412.804188256001,19009.555677056,26106.622160736002,22097.19452112,29307.567880128,24680.998535590003,1319.5290622827215,131.62502762990474,130.75475666148375,129.69929633691405,133.91109905859375,134.4874108828125,131.0027326328125,128.46424720898437,108.08943546130371,154.110983125,137.3840732849121,37428.670910541136,4260.393843328763,4277.663416945708,4355.41260372923,4047.286534594195,3526.541903815586,4120.499533816167,4061.8111471471243,3015.379449913564,3356.5283316651035,2407.1541455857755,201151.34195439084,10186.270443193736,13865.437879397547,16145.6156971265,16147.860394407002,16277.404257072001,20226.365743232,27530.61277772,23601.017904608,31063.935653248,26106.821204386,1257.4146637259903,128.36659973659513,126.53751772035217,125.49225666967773,128.53563427612303,127.42150570312499,124.03613530468749,123.27561555078124,101.26692743261718,144.3084626875,128.17400864453126,48857.37910613334,5306.124140009452,5397.425187335467,5526.306324425999,5136.381980802196,4606.499073607778,5376.010637677144,5220.020174632095,4112.049637157892,4787.688278538836,3388.8736719464455,237254.25350559645,11061.147256751286,15367.370437462685,18277.606687075,18140.8890626815,18832.415483984,23804.737248,32329.231114816,28859.666186848,38626.486512448006,31954.703515530004,1247.2882282910393,128.0996586840601,126.97876719743347,126.45115489965819,127.40992105419922,125.46452408789062,124.741738828125,122.89329750585937,100.92984872131348,140.710527375,123.60878993749999
2037.0,43727.71213998408,4773.202339049593,4840.760953671051,4933.3069538649015,4610.727506839838,4146.455038725253,4745.427603073565,4670.1560068999925,3666.2013173986184,4282.618800264461,3058.855620196719,225443.7674655152,10577.250520343801,14646.447028643912,17381.7284497465,17317.637675981,17967.400927968,22431.904460032,30699.248121752003,27328.385611392,36627.203769216,30466.560900440003,1238.312381952632,126.13448322524548,125.15886359805297,124.62307620385742,126.05587193945311,125.04675280859374,123.4764148671875,121.55219695312499,100.77995850604248,141.51783271875,123.96693113232422,38272.67569356257,4316.025317748196,4332.378502391773,4380.873354120937,4115.812655457436,3642.309653503591,4178.670537966227,4137.925848980424,3105.8576199997865,3509.0866167220147,2553.735586672059,206416.45287225963,10230.380442136347,14000.158936947708,16357.022084764501,16364.689700209,16666.751945504002,20668.5931008,28229.906487936,24331.438702848,32353.039766016,27214.471705098003,1286.9983847110495,130.28184200507116,129.25880094248961,128.41388157983397,131.07171440356444,130.3983409550781,128.255209796875,125.97561407031249,104.69414490655517,147.80656940625,130.84226664501952,33594.61624450984,3830.8752984764747,3830.945698873665,3870.1193007631878,3635.2323186091485,3179.636402368964,3668.2398694559397,3675.185430174478,2691.647869946462,3029.3879977778824,2183.3460580636274,193201.428368869,9758.879445002325,13273.674953954212,15429.775210841,15509.239899535502,15653.294564432,19336.889943936003,26544.901090368003,22542.543415328,29949.426023936,25202.803821536003,1326.7566856195474,132.32809636007164,131.37516305805968,130.254750184082,134.80652458251953,135.44841592187498,131.6448206328125,129.02540230664061,108.42834216369629,154.85348665625,138.59168375354002,38279.16816905325,4350.805504975887,4370.864527039391,4447.5761894327725,4138.315113729618,3610.102140085686,4217.507320829488,4153.431139818787,3080.0498170644073,3436.01582148965,2474.5005945876123,205971.62804213533,10331.681979711078,14114.778015774755,16449.001353521002,16463.661934288502,16636.592213376,20721.067931904003,28173.770517448003,24262.260901888003,31965.871367808002,26852.941826416,1260.9445284230121,128.8770805835347,126.90553532714843,125.80131283447265,129.10120602050782,127.95842029101561,124.25776628125,123.53495248828125,101.21528029870605,144.4914638125,128.80151048559568,50791.59666024532,5500.0379483886945,5597.938392353946,5728.024171222622,5333.633665646835,4796.737047514286,5589.489587737057,5418.096456549263,4273.73722086557,4995.889210493182,3558.0129594739383,247007.07776176542,11323.20740277203,15818.633364078365,18864.572764982,18729.405467509,19543.517016064,24780.940215168,33626.183563976,30216.760227712002,40564.024265216,33539.833474288,1250.5450978622841,128.63408811680077,127.40994910455322,126.8526300456543,127.92481618774414,125.91631778515624,125.04462531249999,123.15443542382812,100.89111786212158,140.72261784375,123.99450018017578
2038.0,45121.23358709596,4907.73006769121,4981.39911025194,5074.0920432129005,4750.660516178497,4286.075189337305,4897.095863678615,4809.888286597146,3784.5699694343793,4440.686178626719,3189.0363620872713,232785.35384580353,10755.595202894354,14966.893998680678,17806.785408119,17746.9171645355,18502.002455584003,23154.776568832003,31663.538231832,28362.256770656,38122.011155008004,31704.576889662003,1240.907086139511,126.52486207211304,125.46460739094543,124.89967504614258,126.47549784472656,125.44955114062499,123.70183991406249,121.72924651757812,100.73745667108153,141.56849375,124.35585579223633,39178.46512155316,4408.486449683854,4427.3832635544095,4473.14596011355,4211.051347152149,3734.833924049732,4278.833819262732,4232.077766909161,3177.0843610913826,3601.438861509382,2634.1293682269593,211273.31936559002,10362.845708601997,14234.521858000491,16648.234552070502,16668.400632097,17029.978508016,21155.766870016003,28874.717061616,24990.116394880002,33298.393159616004,28010.344620676,1292.0079099071431,130.8787389917073,129.76378564370728,128.872430453125,131.74799270996093,131.07440639648436,128.71056686718748,126.37025846875,104.83361680444335,148.1628921875,131.59322138427734,34066.817734787146,3880.0968458738216,3880.887064807036,3917.464815625004,3686.675884951722,3228.4386502924544,3722.6247938657657,3727.077055119006,2724.8926518327767,3074.5804336250953,2224.0795387945063,196344.41054583443,9838.261004968654,13422.62178379276,15608.963341264502,15708.475870002501,15887.630134496001,19654.668528512,26972.993056776002,22968.869620832,30569.049588608003,25712.877616582,1334.1071230223054,133.04268305807207,132.00576807373045,130.82019100585936,135.71821630273436,136.42513401367188,132.29511978124998,129.597119546875,108.77415225732422,155.60944940624998,139.81928957653807,39151.75135930102,4443.374561520439,4466.337135045749,4541.959585330599,4231.670942517069,3695.966583287498,4317.097076017979,4247.493096759621,3146.317064781513,3517.5526534359205,2543.982660604619,210788.66564379112,10479.52048014521,14367.490741466932,16752.620632986,16782.245731965002,16996.050868768,21215.116757376003,28818.630079744,24915.908980704,32859.242396864,27601.838973772003,1264.5628467183328,129.39694011875392,127.28108784848023,126.11787842358397,129.67937786645507,128.50623171679686,124.4840977265625,123.80351966015624,101.16770834753417,144.68411753125,129.44188747875975,52813.311807952385,5702.071122075865,5806.831817695453,5938.148386432817,5539.551063545473,4996.1407006322015,5812.532043774646,5624.667307269138,4442.700308009651,5214.065798105171,3736.6032604119428,257049.62065237158,11596.029572728983,16286.729390081575,19469.13539513,19338.664372863,20277.220292496,25784.651523712,34962.752227272,31600.547031424,42550.870770432004,35183.020076232,1253.8522916954932,129.17505872051763,127.84661854541015,127.25962455566406,128.4472058457031,126.37390721679687,125.352034734375,123.42063901367187,100.85411972790527,140.73811303124998,124.38497030419921
2039.0,46569.07466668953,5046.985762118555,5126.9929751960335,5219.868299053074,4895.826180540942,4431.6044049720995,5054.615349829993,4954.650151257844,3907.569618380057,4605.353834775926,3325.6080905651284,240282.27819845488,10938.605688745507,15295.23398089789,18240.250817724,18186.440935971503,19048.7693824,23892.313721216,32648.066875448003,29408.819111616,39644.604449536004,32979.1732349,1243.5408126818622,126.91914472295427,125.77380250566101,125.17986954199218,126.90093825854491,125.85717245507811,123.9301849609375,121.91017754492186,100.69670093395996,141.62288003125,124.7499417265625,40110.94439618447,4503.402556710898,4524.947217275599,4567.903361970451,4309.042661405328,3830.3709120396766,4381.907955385477,4328.780358659491,3250.3346564215703,3696.698811715455,2717.555904600463,216152.2841246256,10497.283647877506,14471.899707968567,16940.575312702,16975.4071760175,17395.69855832,21644.517447552,29523.341050768002,25644.239781056003,34243.457620288005,28815.863822076,1297.0846618972826,131.48214890848254,130.27450006826783,129.33676673950194,132.4337281455078,131.758920046875,129.170848625,126.77127338671875,104.9763462376709,148.52596818749998,132.3541615517578,34549.05383942593,3930.284842704307,3931.808947160225,3965.7784137296185,3739.2338397592443,3278.3936338760855,3778.094105845213,3780.058156868958,2758.783691895861,3120.7468063059696,2265.871401280469,199403.78559103655,9916.576467290106,13569.554815355938,15782.713873886501,15904.675625484,16116.44438552,19963.71192704,27391.919798352003,23377.499529216002,31168.188872064,26212.500296828002,1341.5823796207876,133.76895805995082,132.64671508329772,131.39574473144532,136.64646190405273,137.41782716210938,132.95372237499998,130.17961808789062,109.12698484191894,156.3790231875,141.06732418762206,40047.062197568805,4538.158601712722,4564.142814414362,4638.622733908738,4327.420071267477,3784.206877714418,4419.346455667026,4344.070035081459,3214.225800470026,3601.1948779108793,2615.6739294217814,215609.71132513232,10629.90142980375,14623.771613038556,17056.8795393535,17104.0195435225,17356.336845088,21709.294277248002,29466.147159504002,25563.120753440002,33745.529785984,28354.71037815,1268.2710379901184,129.92631326502084,127.66428293811035,126.44204851708984,130.27037631152342,129.06514366601562,124.715187625,124.08146337890625,101.12427275805663,144.88656228124998,130.0953872491455,54927.004179010924,5912.617931100802,6024.5022374519385,6157.078819512499,5754.569243550117,5205.2125222058985,6045.616463323152,5840.145153648491,4619.306713843602,5442.740072289655,3925.2150220847366,267403.76258265733,11879.977040076958,16772.30912688834,20092.411567608,19969.862115434,21035.254054624,26818.027145472002,36341.709310720005,33013.882748032,44591.57214848,36888.757325322,1257.2104051531671,129.72263324702405,128.28884392012023,127.6721923852539,128.97720371533202,126.83734050585937,125.6640411171875,123.69200205468749,100.81886421356201,140.75698918749998,124.78029480664063
2040.0,48073.70732518045,5191.174594165025,5277.750516427515,5370.847897009487,5046.455667258735,4583.3362666424755,5218.244883018709,5104.654242099006,4035.410324156126,4776.92622371165,3468.906710691815,247924.1594394378,11126.04602566718,15630.932930179142,18681.629599277003,18635.617459572502,19607.167244656,24643.426784384003,33651.004078688005,30466.309623232002,41192.77332192,34289.252371862,1246.2138273993849,127.31735840059041,126.08647612471007,125.4636871574707,127.33221995141601,126.26966577929687,124.1614842734375,122.09506071484374,100.65775571270751,141.68098209375,125.1491371911621,41071.041368861115,4600.853480554818,4625.151484925447,4665.226568984605,4409.881900748418,3929.036689075156,4487.989946999962,4428.114191970496,3325.675835062649,3794.969546279703,2804.141724259885,221050.84157855329,10633.619559874187,14712.089972306596,17234.004567163,17285.5287756295,17763.813840624,22134.596923392,30175.115831208,26293.45156112,35187.77638624,29630.844160996003,1302.2295786885347,132.09214814301777,130.79099634104918,129.80696230102538,133.12907845336915,132.45199297460937,129.6361013515625,127.17875787109375,105.12236479089356,148.895878375,133.12529808691406,35041.579868032386,3981.4629082877736,3983.734286397203,4015.0845769739467,3792.9352060299093,3329.534187702342,3834.672554575615,3834.156419574881,2793.334939809815,3167.914676871099,2308.750111809951,202378.34377927496,9993.69189600914,13714.20864682879,15951.024191547502,16097.607191763502,16339.677755136001,20263.90134144,27801.15288936,23768.568334912,31746.896583424,26701.614948854003,1349.18415452353,134.50708368695163,133.29812194265747,131.98155340527344,137.5915279189453,138.42675785742188,133.6207030234375,130.77301988476563,109.48688680932617,157.16246028125,142.33603971350098,40965.7614426714,4635.217450507821,4664.344953967468,4737.62781715783,4425.6300830305045,3874.8971109888366,4524.331954762842,4443.238398066437,3283.8204878859947,3687.00325085755,2689.649935445997,220428.26614963083,10782.577758191163,14883.14530441465,17361.446485016,17428.454165675,17717.020923648,22202.937050112003,30115.132931856002,26203.151121760002,34623.59037248,29110.810036478,1272.0704189447988,130.46534833427953,128.05522621318053,126.77392725634765,130.87443090039062,129.63533902929686,124.951052453125,124.36893733984374,101.08497334020996,145.09891821875,130.762265859375,57137.399716284206,6132.094858399234,6251.365691439598,6385.23677537989,5979.145800281991,5424.486541095392,6289.242725970496,6064.961628661232,4803.9440973202045,5682.469151571041,4124.452446165099,278058.0722096837,12174.876021553138,17274.87185874857,20733.921510796,20622.410161528,21817.063848832,27879.803824128,37760.886086416,34454.534212576,46683.535483520005,38656.169201586,1260.6198560521993,130.2768749506979,128.73666049505616,128.09037906958008,129.51486747045897,127.30669731054687,125.98065146875,123.96857106640624,100.78534103198241,140.779298125,125.18051506372069
2041.0,49370.23063338155,5321.025503884099,5410.44077291315,5502.935423081784,5178.64913970511,4715.932162469846,5356.971034866788,5231.2303061975645,4139.642106618858,4918.838200127821,3594.5659835166134,255587.41346046538,11316.10847566905,15969.962974786304,19124.859741308002,19088.266981702,20168.671019968002,25395.712297088,34655.58361128,31515.248918048,42739.450851712005,35613.548588904,1247.2938521831375,127.57626481886435,126.25533611695862,125.60116941748046,127.59774638183593,126.51932496289062,124.2250190234375,122.11957243359375,100.47641895947265,141.54148159375,125.38151847485351,41943.113680733186,4692.704786706777,4717.907795611019,4754.87835322259,4502.702936681023,4019.235170943081,4582.648533253584,4516.829313282127,3390.7672840841424,3881.5959610597884,2883.8435458888584,225920.8783480791,10771.074810938137,14953.340646711513,17526.235017541003,17596.1226120145,18130.836329648002,22621.056241536,30823.210423616,26930.387287424,36121.373994432004,30447.240984218002,1305.8742595652436,132.56953924647235,131.1711978740692,130.13642488427735,133.67015182202147,132.99379720507812,129.942866046875,127.43381996875,105.12981778869629,149.07773025,133.7489144790039,35437.21013846799,4024.369890634323,4026.026718123095,4055.118442844619,3836.8379908485654,3371.8166999507025,3879.1716550417905,3876.223650889335,2818.470099684859,3204.576641811138,2344.59834863952,205230.29087569666,10068.557362108779,13854.661901596926,16111.907273663,16284.632848684001,16554.49721512,20551.342251008,28194.909334664,24137.121210528003,32298.320217472003,27174.341260852,1355.6381444940293,135.1324798828387,133.83773266941833,132.44843067529297,138.4179090029297,139.3217974609375,134.16795552343748,131.25054365820313,109.73918855224609,157.8102601875,143.51184688122558,41747.45065464186,4721.281350232688,4751.436241045104,4823.234160548279,4510.256652722441,3952.975559788133,4611.743939216531,4526.641054951669,3339.6017947210435,3756.6476966842993,2753.632204731716,225178.72420517044,10935.986796192848,15142.68213439867,17662.7125079395,17751.3974980415,18073.330009424,22689.083845504003,30756.214667472002,26826.699117184,35480.711492864,29859.906136150003,1274.2127202984527,130.86022733177805,128.29426147546386,126.94866007324218,131.3094296809082,130.03714569140624,125.0071872734375,124.49001046484375,100.88886287646484,145.1108845625,131.2660508684082,59084.74334363147,6335.933743421842,6457.142375811556,6590.862258774977,6181.618432732195,5620.099529862874,6500.839877749928,6259.536019665346,4957.101912891919,5881.570309848637,4300.038882872026,288837.7318121231,12478.439812315568,17789.043673450517,21385.389510714,21287.828125909,22610.756701376,28952.3489792,39196.218326224,35894.764565152,48787.791948544,40455.150169238004,1262.4933476372023,130.70749503774547,129.05280517922972,128.3748312224121,129.89136224267577,127.61737069921874,126.1299103828125,124.0887058984375,100.60902285015868,140.6072388125,125.41460531201172
2042.0,50710.694464340464,5454.945014351217,5547.213870489968,5639.0923753468,5315.227232000033,4853.4772667931375,5500.275518845907,5361.686317086958,4247.314172845777,5065.800349808067,3725.6623467728273,263286.4790432596,11509.000849701275,16312.707922944335,19570.689055025003,19545.176897307003,20734.446704864,26150.561690240003,35663.579781008004,32557.721593376,44287.738266752,36954.856282042005,1248.4077243402285,127.83830571535063,126.4270926255493,125.74175587011719,127.86813717651367,126.7729485390625,124.29104804687499,122.14752536328125,100.29705315411377,141.405730125,125.61812772436522,42838.770264722945,4786.838488790235,4812.9625206635155,4846.744318435354,4598.017813722194,4112.155699926307,4679.785852490987,4607.707014149514,3457.511602886883,3970.7067029098225,2966.3402507482615,230771.30426997112,10909.787175598993,15195.89582686358,17817.762167422003,17907.7018990385,18497.502179728002,23104.788836864,31468.704742808,27556.395098240002,37046.154569216,31266.611774192002,1309.5766177153014,133.05216316502379,131.55610674180602,130.470802578125,134.21934067382813,133.5427744628906,130.253691828125,127.6943687109375,105.14031096496582,149.26579703125,134.3812615583496,35840.43663049383,4068.0544935643093,4069.0672598004753,4095.909952584837,3881.603692224356,3415.0107835427566,3924.4387028303286,3919.046160890857,2844.0415682152707,3241.9646136076785,2381.299403233035,207968.90724093484,10141.359816041022,13991.225628871809,16265.922128146001,16466.295682952,16761.616507232,20826.97635456,28574.368441272003,24484.661588768002,32824.402521664,27632.078571428003,1362.2094327635716,135.76850914992428,134.3868926842041,132.92477014697266,139.25983172973633,140.23180381835937,134.7228554140625,131.73815377539063,109.99817324365235,158.47120275,144.70724005126954,42546.45795904032,4809.1489182354835,4840.354045209275,4910.610353587253,4596.742617887725,4032.9180587494548,4701.112588317591,4611.922809253514,3396.505178559591,3827.7632031829194,2819.380186057502,229869.7447657245,11090.278013366036,15402.645346900941,17961.173855474502,18073.335838019,18425.916746048002,23168.677792512,31390.541131152,27435.13735312,36318.640539392,30603.398149740002,1276.4424672166356,131.26387199584101,128.54051033346556,127.13073711206054,131.75660374633787,130.4494231953125,125.06787098437499,124.62035492578124,100.69735859729003,145.13328515625,131.78245116992187,61108.6540845374,6547.449573495966,6670.50022261694,6804.002888128101,6391.975982546956,5823.985737497983,6720.54559317467,6461.2267911680265,5116.018669092312,6088.734145738622,4484.214481077799,299763.71210756456,12791.035235826075,18315.46726471348,22047.922487033,21967.294160374,23417.985573184,30037.69722112,40650.339407856,37337.336315648005,50908.75518489601,42289.879256914006,1264.4132444059728,131.14424778884649,129.37410327740477,128.66448949365233,130.2745347915039,127.93311756640624,126.28318907812499,124.21347633984375,100.43461125720215,140.438702875,125.65277193798828
2043.0,52096.903917135096,5593.09188565488,5688.221388823525,5779.473197224992,5456.368792560723,4996.193549221445,5648.33608885128,5496.169110501036,4358.566360597938,5218.024932074907,3862.4586116246,271035.6651278105,11704.933079505636,16659.55090751288,20019.858831794,20007.130014932,21305.662147728002,26909.351863552,36676.745599248,33595.71497616,45840.75489152,38315.962815858,1249.5558130459042,128.1034766705532,126.60174186790466,125.8854683161621,128.14343831567382,127.03057948632812,124.3595928515625,122.17896514453125,100.11969657458495,141.2737204375,125.8591333811035,43758.7805271459,4883.32490680437,4910.384089269878,4940.89089135982,4695.907853011495,4207.898086942029,4779.476615405641,4700.80920866102,3525.9605754650197,4062.386220578896,3051.742079647762,235610.83888507957,11049.89437499882,15440.001183824294,18109.070513763,18220.7742607375,18864.525934416,23586.663249664,32112.65398044,28172.787526112003,37963.920860608,32090.547000516002,1313.337119001573,133.54007350540303,131.94576562483215,130.8101202734375,134.77673287817382,134.09901498828125,130.5685792734375,127.96040215625,105.15385319799805,149.46009440625,135.02248269750976,36251.44006118674,4112.535266836294,4112.87279435308,4137.4772822268915,3927.2530159629737,3459.1399762517035,3970.489901622729,3962.641198722845,2870.0598707336876,3280.0951703486126,2418.875584127809,210603.06016424642,10212.277983215025,14124.2010206134,16413.599625116,16643.116368592,16961.712229168003,21091.698353024,28940.677482272004,24812.597930336,33326.976214656,28076.202957254,1368.8995537065869,136.4153126881237,134.9457180663147,133.4106897368164,140.11754430761718,141.15699096875,135.28547413281248,132.2359944003906,110.26393568688964,159.1453975,145.92249621887206,43363.2241792688,4898.8631571674,4931.14135888202,4999.799944273194,4685.133861916784,4114.776996742484,4792.48825210515,4699.133246013638,3454.5573901828593,3900.383084221218,2886.946887764086,234509.71672886147,11245.601482480446,15663.295081262033,18257.3126417325,18394.750454448502,18775.405921248002,23642.619503616002,32019.229659984,28029.78475424,37139.10225504,31342.614974810003,1278.7607424559874,131.67639806333304,128.79405088496398,127.3202605842285,132.2161491467285,130.87236519335937,125.1331416875,124.76008291015624,100.51048844055175,145.16617009375,132.311635451416,63212.597585822215,6766.976472685539,6891.756856989533,7024.973723674693,6610.573989886769,6036.548555113136,6948.711056810404,6670.333498866431,5280.951106080339,6304.33734301514,4677.434982700258,310857.35965128307,13113.040522002,18854.799229087086,22722.637004296,22662.014791068003,24240.437683872,31137.920329984,42125.922301056,38784.989587584,53050.890166784004,44164.70803555,1266.379718511853,131.58718245504474,129.70060308305358,128.95939494262694,130.66444534301758,128.25397529296873,126.4405094296875,124.342881765625,100.26213872619628,140.27367696874998,125.8949105048828
2044.0,53530.738136026026,5735.634396753133,5833.62335559946,5924.238281705048,5602.261605542737,5144.313411990631,5801.3375770735865,5634.828086356884,4473.540563424756,5375.734725799971,4005.2261317799403,278849.2872249972,11904.120047660303,17010.882090377912,20473.116685226003,20474.929069481,21883.499110896002,27673.440728064,37696.815232624,34631.227231584,47401.528297984005,39699.728731100004,1250.738108305758,128.37180864721918,126.7793059293518,126.03231335839843,128.42368247558593,127.29223426171875,124.43064639843749,122.21386548046874,99.94432962225342,141.1454500625,126.10447206982421,44703.94801263282,4982.236932269067,5010.243336586889,5037.387582840581,4796.458993332636,4306.566152003137,4881.801129249126,4796.201787453964,3596.1666401893885,4156.723830742388,3140.161627965601,240447.99532572407,11191.533382933858,15685.900224073217,18400.634385831003,18535.842916780002,19232.630749392,24067.522299520002,32756.095246368,28780.806886336002,38876.452888832006,32920.576345658,1317.1562873211408,134.03331746887636,132.34020566744994,131.1544269423828,135.34244451733397,134.66259508789062,130.88758625,128.23195595312498,105.17043544506835,149.66071796875,135.67260202026367,36670.40119937295,4157.830862734634,4157.45980339686,4179.83832118222,3973.8068462931456,3504.2289683861864,4017.3418753971896,4007.0245455192635,2896.5332516507283,3318.9883207769267,2457.3484040357657,213141.2218062132,10281.486137165994,14253.876092475162,16555.449929226,16815.602257568,17155.439288064,21346.36594368,29294.919126144003,25122.280768448003,33807.793673536005,28508.008589906003,1375.7100329045768,137.07302764192724,135.51431534346008,133.90629369189452,140.99128112304686,142.09761791992187,135.8558860859375,132.74418211328125,110.53650266601562,159.83306862499998,147.1578576940918,44198.19319060954,4990.4672395049565,5023.841502033437,5090.844532744893,4775.477607851358,4198.604010307114,4885.922605613594,4788.321026856209,3513.7849095559536,3974.5444693841987,2956.385286757854,239106.6638334028,11402.105321638322,15924.883321030482,18551.5896209595,18716.1004190085,19122.410977968,24111.776196224,32643.331129192004,28611.894942304003,37943.711389504,32078.860515574,1281.1685228504691,132.09791974655676,129.05495897488402,127.51729914770507,132.6882687453613,131.30613164453123,125.20303084375,124.90929869921874,100.32825508569336,145.20963531249998,132.85372465026856,65400.23454181199,6994.865739525911,7121.243973016904,7254.106207365847,6837.787261879505,6258.212883223602,7185.703158352371,6887.173317680942,5452.165182056853,6528.783773531867,4880.193045178241,322140.0747779093,13444.851597979694,19407.712690480657,23410.671957212002,23373.224121479,25079.832169568002,32255.055280896002,43625.662883200006,40240.448627136,55218.621416832,46083.994033126,1268.3934141823793,132.03635227551888,130.03234414593504,129.25960240844725,131.06117351049804,128.57998884179688,126.60190142968749,124.4769729765625,100.09160892254638,140.11226828124998,126.14120139013671
2045.0,55014.17015821224,5882.747793283046,5983.5864022166015,6073.555433664575,5753.103215251927,5298.082003043719,5959.473718866633,5777.82260429098,4592.386867760654,5539.159880763574,4154.252239070425,286715.24818773766,12106.299244686388,17366.09157409824,20929.861422276,20947.946042495,22467.321392608002,28441.58933504,38721.845997456,35662.235402304,48967.478962048,41104.578814726,1251.9548911242828,128.64331630226135,126.95979815716552,126.18229938574218,128.70892348266602,127.55796115820311,124.504231859375,122.25225455078125,99.77095040777587,141.02092221875,126.3542336015625,45675.10694283478,5083.649974996432,5112.613934195579,5136.306335771627,4899.758878118724,4408.268272913821,4986.840139570856,4893.953892210818,3668.1855936315137,4253.810271729342,3231.7196496960764,245279.51857328595,11334.628784581211,15933.359578780728,18692.345690531,18852.735245315,19601.698956688,24547.040659968003,33398.356784736,29379.920030560002,39783.063013056,33756.369829070005,1321.034803568435,134.5319457565608,132.7394702761078,131.50376462060547,135.91656672338866,135.2336034609375,131.2107092890625,128.5091598515625,105.19009821813964,149.86766546875,136.3318199033203,37097.51413741361,4203.960881662375,4202.845869025061,4223.012702145848,4021.2877720217216,3550.3032432005375,4065.011326331798,4052.2153346238406,2923.4729462390205,3358.6604531321136,2496.7436090312844,215582.26859704082,10348.869516815403,14380.005656257885,16691.467206707002,16983.5688876425,17342.75889832,21590.906231168003,29636.6721464,25413.753645952,34266.837905088,28927.428502690003,1382.642558575354,137.74179683006906,136.09280281425475,134.41170518066406,141.8812844995117,143.0539054765625,136.43415921874998,133.26285149023437,110.8159656812744,160.53435090624998,148.4137364777832,45051.82488688393,5084.006336168907,5118.499586630952,5183.788458708889,4867.821405227883,4284.453623314242,4981.466408032116,4879.537745381754,3574.215387620674,4050.2829691038605,3027.7529666945866,243653.95796107696,11559.566085192497,16186.94471983546,18843.672566268,19036.897324101003,19466.512749872,24575.530084096,33261.710510416,29180.606483776002,38731.235310016,32811.282127504004,1283.6670955877914,132.52856253553009,129.3233197498932,127.72195177954102,133.17315584008787,131.75090940234375,125.27753890625,125.06812691015624,100.1506863894043,145.2637949375,133.40904913708496,67675.39357282862,7231.48560135142,7359.310098824436,7491.746317222309,7074.008878470603,6489.428067955391,7431.906807504011,7112.078514272187,5629.93837623829,6762.490989027312,5092.9999219627125,333598.26201952936,13786.243234983938,19973.580580211383,24111.448050578,24100.241259382,25935.47435376,33387.659883264,45147.18351776,41701.248931584,57408.869502336005,48046.31270567,1270.4544084934973,132.49179959116887,130.36936649430848,129.56514812255858,131.46476712280273,128.91122439648436,126.76738718749999,124.61577926171874,99.92296085113524,139.95438712499998,126.3915883408203
2046.0,56251.61454282856,6012.508899650668,6111.934275282876,6200.147781443262,5882.07786660024,5429.173346333814,6089.192563746782,5893.789777452681,4683.900347128591,5667.815010864601,4281.0746743250775,294503.78685075947,12309.471216765274,17720.792380052182,21383.603162783,21419.714470993,23048.213350832,29201.087288576004,39734.406048064004,36668.811519808005,50510.274382976,42507.41302991,1251.5658216442598,128.77348479794645,126.99438178314209,126.18482751000975,128.8264576748047,127.65553695898437,124.409089265625,122.13255209375,99.45826110906982,140.70186721874998,126.42936323217774,46540.49655239011,5178.227093193361,5205.762937046088,5225.5064348869755,4993.461754672122,4500.154341128643,5078.917063726104,4979.336709226422,3727.902468971129,4336.519073073058,3314.7086764662527,250052.54758362583,11478.327587410622,16180.420666159243,18981.589593318,19168.632101112,19968.014767664,25019.953272448,34032.101771384005,29961.888671168002,40672.657053760006,34588.962099202,1323.3889227128805,134.89785634050511,133.00106303387452,131.7107166455078,136.33762281542968,135.6468092675781,131.37137595312498,128.63634410546874,105.07384211132812,149.88833796875,136.82495447131348,37422.13952420597,4241.402198911786,4237.946732412291,4255.868306881949,4058.467281587497,3587.3480326319655,4100.290778775471,4084.7267095957677,2940.29023496632,3386.896860840342,2528.9023876025644,217888.79621440978,10413.39187162254,14500.643195245762,16819.627566490002,17144.4557161695,17520.939987472,21821.688394368,29960.228905664,25681.894980448,34697.159280768,29328.766316162,1388.5091780205278,138.30722403429127,136.5695972171936,134.8064076069336,142.6620033522949,143.90014999023438,136.9026166171875,133.68253716796875,110.99983435424804,161.1107296875,149.56807799267577,45755.204535044475,5165.948997423348,5198.793297936591,5261.867595167903,4945.505551417286,4356.956154021912,5058.55502408577,4953.425288994773,3618.9561050127977,4107.435216085825,3087.761304898224,248084.31566270386,11716.463238589693,16446.487266449123,19129.911116942003,19352.993060389002,19802.977833344,25027.084036608,33864.769364952,29726.036871744003,39488.383818368005,33529.209055318,1284.4938063871598,132.81530602392434,129.43968336164855,127.76899285034179,133.48825044189454,132.02133723437498,125.170460015625,125.06520326953124,99.8189533297119,145.11862709375,133.78699276635743,69649.59293605482,7449.2122160339295,7572.474053969189,7703.316732881931,7284.168889791183,6693.262750359625,7642.498306778448,7302.892165573612,5772.810132647914,6951.523200481328,5277.434487537764,345055.1906595191,14134.661311694163,20546.59945210185,24816.517572869,24834.18058344,26795.241152736002,34518.258370304,46666.209842576005,43140.335804992006,59583.039346688005,50020.147222118,1270.9905151544665,132.82597947947883,130.57632387548827,129.7399338527832,131.70853084399414,129.08009324804686,126.767620046875,124.60158724609374,99.61533251141357,139.60646003124998,126.46865401904296
2047.0,57526.35597959123,6145.952104347706,6243.782845584376,6330.185400120009,6014.950522788592,5564.65973422699,6222.6223658287545,6012.855406867144,4778.042857475398,5800.503282153082,4412.801460199095,302231.7075728327,12513.888322154588,18075.45992101408,21835.214751473002,21891.159399833003,23627.507513504002,29953.511174656003,40736.663496704,37653.394233312,52033.528204288006,43911.380555894,1251.2096502972806,128.90640909501028,127.03167903601074,126.19034879345702,128.94836451367186,127.75662773632811,124.316473984375,122.0162948203125,99.14815516967774,140.3869965625,126.50830058593749,47427.901987786885,5275.04279329974,5301.07092582069,5316.761674914845,5089.573229065122,4594.672071106897,5173.202101996176,5066.630358206361,3789.0167435662424,4421.466470744989,3400.465619065799,254777.17724076018,11622.794753740627,16427.38187243849,19268.911802109,19484.124792538,20332.402501904002,25487.232344704,34658.595293352,30528.2423768,41547.336387456,35420.155115718,1325.7945072021294,135.26812332142256,133.266680521698,131.92203878710936,136.7658720385742,136.06631939453123,131.535560390625,128.76841223828126,104.96066050073242,149.91504959374998,137.32579041540527,37752.92644258339,4279.505894148962,4273.65398542969,4289.344919268588,4096.376247575018,3625.1711706921615,4136.143540179187,4117.775330690187,2957.420499641433,3415.720716247925,2561.814138710229,220070.8665971992,10475.268138216528,14616.161715344168,16940.520531584,17298.870564490502,17690.745338688,22039.708277888003,30266.934580344,25928.285443776003,35100.824628096,29713.547378772,1394.4888186696196,138.88280950012492,137.0555897982788,135.21029549804686,143.45771485375977,144.76076444921875,137.37828884375,134.11194874023437,111.19015892810059,161.69993809375,150.74130996435545,46472.00889008879,5249.407594201222,5280.543048095187,5341.337181454073,5024.680160635986,4430.973134106894,5137.105631181787,5028.722970195357,3664.424263493505,4165.577330858582,3149.237575866201,252408.0692113807,11872.983260162993,16703.856799921716,19410.884732915,19664.974337935,20132.559512048003,25467.524055168,34453.89971228,30249.823694528,40217.280318848,34234.282787574004,1285.4113716213292,133.11068167706966,129.56337851322937,127.82367876123047,133.81553668066405,132.3023025859375,125.06829444531249,125.07204269921874,99.49274596447754,144.98506278124998,134.17764751293944,71692.38144844785,7674.360903383738,7792.624253294891,7921.752709721593,7501.695011464057,6904.758050042888,7860.060058229533,7499.762200196367,5920.269041191428,7147.232556732726,5469.866664190639,356533.8527386266,14490.510606425285,21127.47848592136,25527.096436645003,25576.358000109,27660.934142976002,35649.027078656,48185.692685616006,44560.802567744,61745.92821606401,52010.02451847,1271.5733109550122,133.166337329051,130.78853786528015,129.92004021435545,131.9586285698242,129.25370011523438,126.771909390625,124.59198682812499,99.31016963348388,139.26265656249998,126.5493444465332
2048.0,58839.805405774,6283.212012737839,6379.252054929267,6463.78765431282,6151.871481098843,5704.722653500706,6359.891842616093,6135.126502552669,4874.909871862469,5937.384597742045,4549.646734421287,309915.4443726295,12719.799956682282,18430.5584517193,22285.54712673,22363.207167956003,24206.525115856002,30700.388469248002,41730.677197728,38618.357257376,53540.816683904006,45319.56694543,1250.8864102867387,129.04209702392149,127.0716920413208,126.19886452124022,129.0746526369629,127.8612454140625,124.226388375,121.9034654921875,98.84059021343994,140.07630784375,126.5911067248535,48338.02244366493,5374.164192337623,5398.5996581820755,5410.131442558342,5188.172394769415,4691.915838651576,5269.757894191498,5155.888741650369,3851.5696687042673,4508.727622610572,3489.0949900091346,259463.17327126814,11768.192412261325,16674.53937807381,19554.843446781,19799.79395175,20695.673689536,25949.813351552002,35279.071074584004,31080.428182112002,42409.125052032,36251.692732586,1328.251902605162,135.64277553706216,133.5363439828949,132.1377545986328,137.20141443115233,136.49221794140624,131.70326646875,128.90541694531248,104.85052715014648,149.9477631875,137.83442236230468,38090.01682244803,4318.286947393397,4309.9802239750825,4323.456143607069,4135.031935815163,3663.792504422152,4172.581165880534,4151.372003221272,2974.8707143393385,3445.1464552184143,2595.4987285756074,222138.00073406327,10534.703055696438,14726.917666882331,17054.70696376,17447.3937149345,17852.895667984,22245.904469376,30558.051088360004,26154.429548832002,35479.779053056,30083.219505182,1400.5829074989208,139.4686597022748,137.5508587223053,135.623452734375,144.2686282084961,145.63596640625,137.86121582812498,134.55121930664063,111.38702004199219,162.30208290624998,151.9338036422119,47202.53536101897,5334.413956890955,5363.778817344791,5422.226013207934,5105.3778148477595,4506.541728909445,5217.150177258963,5105.462130998705,3710.634816398911,4224.7304455479025,3212.2194596137006,256634.9903940976,12029.310618418807,16959.383783187823,19687.152530695002,19973.411091582002,20455.98290952,25897.874154880003,35030.424118928,30753.489438432003,40919.933254528005,34928.028493926,1286.4205992096952,133.4147849715209,129.6944664998932,127.88608248193358,134.15518392065428,132.59396740234374,124.971051578125,125.08874599609375,99.1720697647705,144.86314840625,134.58109818811033,73806.57579251399,7907.225694202637,8020.024128197222,8147.31483589571,7726.8937667842065,7124.249952078831,8084.857405761466,7702.920943932544,6072.499993206563,7349.907236687612,5670.681835767182,368057.2365549227,14854.206315048417,21716.929751450338,26244.399796922,26328.105738294,28534.36153632,36782.106343424006,49708.591161568,45965.701248256,63902.381106304005,54020.453557336004,1272.20297151441,133.5129212807064,131.00604717199707,130.10552597998046,132.2151039638672,129.43205318554686,126.78028307031249,124.5870071953125,99.00750247308349,138.922938625,126.63358856860351
2049.0,60193.44162402977,6424.4293065175525,6518.466512624339,6601.080214655012,6292.999949331783,5849.551799835467,6501.133342565468,6260.715034754938,4974.602631430133,6078.627778775056,4691.835053539922,317571.1599181177,12927.457774335713,18786.55017452999,22735.436823646003,22836.77061929,24786.577505584002,31443.21153792,42718.508006992,39565.959276608,55035.594235904005,46735.093963308005,1250.5961283891468,129.18055447477911,127.11441713366699,126.21039656079101,129.20536251123048,127.96941138867187,124.138812109375,121.79405299218749,98.5355504142456,139.76978596875,126.67778483544922,49271.592785642904,5475.660719425181,5498.413492723673,5505.678366180397,5289.34069350426,4791.983185595668,5368.650868694225,5247.168733270744,3915.607199742526,4598.3821087782935,3580.707417727936,264120.0864794495,11914.681566374249,16922.18209969625,19839.898823596002,20116.212242457,21058.627777856,26408.601605120002,35894.702819312,31619.827931712003,43260.03199616,37085.319617166,1330.761541143391,136.0218487533612,133.81007858815002,132.3579042573242,137.6443082060547,136.9245598359375,131.874486171875,129.04738460546875,104.74346679016112,149.986541,138.3509629350586,38433.56260507899,4357.76176961797,4346.939571112675,4358.216809065207,4174.452766062708,3703.23270358592,4209.615110928526,4185.5290519943865,2992.6482067890943,3475.1895690422944,2629.9770468802044,224099.27271575626,10591.894624788927,14833.255143868804,17162.720250126,17590.5776265225,18008.089989088003,22441.181796352,30834.778623752,26361.725470144003,35835.864234752,30439.184956362,1406.7928601092628,140.06489867980432,138.05551615309142,136.0459639584961,145.09497256420897,146.52595853515624,138.351449421875,135.00044539453125,111.59045285131836,162.91734253125,153.14586001953126,47947.09212853089,5421.000145915456,5448.530968636159,5504.563979734025,5187.6327828021185,4583.700272786236,5298.721749730908,5183.675178354045,3757.6022536757578,4284.915659473936,3276.749137422156,260774.44631032864,12185.623083550707,17213.386890747373,19959.246622856,20278.8489764285,20773.940149920003,26319.121939968,35595.590846080006,31238.493486176,41598.256474816,35611.937839786005,1287.5224014479709,133.72770796130703,129.8330068765564,127.95626992041015,134.5073782746582,132.89648009765625,124.8787216328125,125.1153767421875,98.85691621252441,144.75294225,134.9976014798584,75995.12920580088,8148.113147329227,8254.947932830595,8380.273112749815,7960.087448105466,7352.093026243142,8317.163504758071,7912.610118033874,6229.694554103006,7559.858748345327,5880.287613302348,379648.0186183788,15226.173773377128,22315.66976419761,26969.642097886,27090.7580237,29417.356718944,37919.599733248004,51237.789059552,47357.953340256005,66057.079190784,56055.996916434,1272.87972188415,133.86576827862024,131.22888312921143,130.2964058972168,132.47801495336913,129.61520628710937,126.7927209140625,124.586643265625,98.70730806176758,138.58735428125,126.72141681591796
2050.0,61588.80489378483,6569.750800416646,6661.557550930662,6742.191732353445,6438.500960682024,5999.345832213122,6646.485082288739,6389.738213961047,5077.22638387488,6224.409460249586,4839.598876814708,325191.1748934666,13136.738826077442,19143.09673529112,23184.566009755003,23311.545345845003,25367.333171712,32181.208787456002,43698.905506768,40494.92859232,56516.035284224,48156.816634018,1250.3387882335758,129.3217841901493,127.15986593002319,126.22492458789061,129.3404870517578,128.08113607421873,124.05374050781249,121.68809095703125,98.23302085998534,139.46741978125,126.76831829345703,50229.36446682956,5579.604218135619,5600.5781623683315,5603.466207011385,5393.162698050241,4894.9752443229545,5469.948657414512,5340.527791198678,3981.172494081126,4690.513325880254,3675.4156683663714,268747.35085383593,12062.287992895706,17170.274479476262,20124.132455167,20433.423800425,21421.356191680003,26863.552849664,36505.263579712,32146.241924736,44099.7996512,37921.01792888,1333.3237594100012,136.4053645598731,134.0879038705139,132.5825039057617,138.0946342248535,137.363415921875,132.0492418359375,129.19434796484376,104.63943955566405,150.03144631249998,138.87546125817872,38783.70516285414,4397.9465195944185,4384.54527029932,4393.641499854547,4214.656548814235,3743.5121007332737,4247.257538722257,4220.257221167144,3010.7585146046167,3505.86251928064,2665.267429783689,225956.96632114614,10646.858914327278,14935.184908929334,17264.765537528,17728.5106800175,18156.526173536,22625.853365760002,31097.225122800002,26550.623071936003,36169.606981056,30781.811565256,1413.1198605617165,140.6716493182168,138.56964696908568,136.4779323774414,145.93695571923828,147.43095667578123,138.84905453125,135.45973490234374,111.80047093737792,163.54579090625,154.37766822473145,48705.99140008731,5509.199253113899,5534.830646434056,5588.38085029315,5271.478938277876,4662.487017382314,5381.854157759534,5263.395078493362,3805.343761993788,4346.153787868738,3342.867908470549,264823.68436917855,12341.847480344517,17465.68484781651,20227.089447168,20581.107361659502,21086.303080688,26731.100225408,36148.839093128,31704.461483616004,42251.670383424,36285.580965926005,1288.7176593321199,134.0495492249117,129.97906115689085,128.0343009001465,134.8722815378418,133.20999662890625,124.7913189765625,125.15205286328124,98.54728362548828,144.65448378124998,135.42733063684082,78261.12378259518,8397.345262634133,8497.681482124388,8620.909770362632,8201.612768216974,7588.657589863887,8557.268530177003,8129.084845460071,6392.051596001146,7777.399259635651,6099.112678119378,391298.34173069755,15606.356310404095,22923.389086966494,27702.61058675,27864.027972133,30309.597683712003,39060.66132992,52771.848303216,48736.002837696,68208.093018496,58115.754601404005,1273.6037403191003,134.22492300316713,131.4570738322296,130.4927239025879,132.74740716186523,129.80317583593748,126.80927064843749,124.59092558984375,98.40956530865478,138.25579096875,126.81288406762695
2051.0,62771.44036647094,6701.070551222737,6787.181907846383,6864.524441082357,6566.051215694614,6129.317883592498,6768.3071240799945,6495.866533702657,5155.524341047513,6337.682540446074,4965.9138277560705,332667.8164567142,13346.21217531467,19496.945774570526,23627.809142494003,23782.429599759,25941.422730112,32904.184077312006,44657.643452144,41388.795538464,57957.891815424,49564.482151120006,1248.67021860041,129.339695520988,127.07696638856505,126.10992382226561,129.32903021069336,128.04257265429686,123.82023824999999,121.446164625,97.81057500164795,138.99634125,126.69871087695311,51108.11559518089,5679.446758083182,5696.848677281822,5694.634699801211,5490.661845423992,4990.805342334567,5562.110211055202,5424.552461857411,4036.6497111883173,4769.929152010088,3762.4767361450363,273304.06423384184,12210.556312205223,17417.615825531604,20405.718839587,20749.480380332003,21781.112091568,27310.803713280002,37105.147507808004,32653.099034656003,44919.272640128,38751.257888746004,1334.4536923843932,136.67022535289908,134.24180931604002,132.67930070825196,138.39274566625977,137.64602137304686,132.08038971093748,129.2110152578125,104.41392387670898,149.8958744375,139.2223866849365,39069.99898113038,4432.985062514588,4416.36092019784,4422.780937402485,4248.934644640483,3778.3019594295674,4277.729024121404,4246.6075180475955,3022.2401470463187,3528.531668930149,2695.5270987999925,227689.14178852623,10699.046077510571,15031.69806196762,17359.792590286,17859.719316304003,18296.630437504,22798.094618112,31341.851142752002,26718.058934912002,36476.731162816,31107.519446362003,1418.2155564968643,141.16449034334565,138.9715654914093,136.7914001274414,146.65068032495117,148.19892149414062,139.22687744531248,135.81338478515625,111.91248611169434,164.02832587499998,155.45742449841308,49353.238684108874,5589.788885480321,5611.497311009509,5661.8391030340745,5345.328891918597,4731.726204735528,5452.05414743284,5329.984805632362,3840.416013464354,4391.385481463912,3399.217839937339,268732.6544812625,12497.070401018993,17714.394818040524,20488.23072595,20877.331636407,21389.715763728,27129.126482688003,36682.966990352004,32143.718256256,42869.685091328,36940.414315494,1288.2909556843886,134.2318879947524,129.98030107305908,127.96393852172851,135.07000222827148,133.34831037890623,124.5371466484375,125.0384808203125,98.09837311865233,144.35903975,135.66347515026854,80276.7308064361,8632.232254215132,8721.251473655171,8841.104490574102,8422.399625371903,7802.081742296088,8768.717115434467,8317.640870184836,6524.417811189232,7955.273504702186,6291.6119188129,402866.01551570976,15992.930478008622,23535.824014222133,28436.836121124,28640.932600829,31201.313248896004,40191.705287424,54291.369105856,50078.43490528,70323.655388032,60173.014366038005,1272.9704513026843,134.47398129432247,131.56751160662841,130.57107837939452,132.87496586450195,129.8443988828125,126.679597625,124.46152477343749,97.9922729539795,137.75984474999998,126.74527517260742
2052.0,63986.97537534942,6835.817461275905,6915.928239971601,6989.895153820365,6697.227401748705,6263.310172737117,6893.250785206214,6604.58580314993,5235.91377139226,6454.318781029983,5096.727805017506,340020.3920709459,13556.15296098278,19848.631750385048,24066.141554764003,24250.470236348003,26510.336354368003,33613.884274176,45597.219688224,42250.445941504004,59365.398016256004,50961.711293938,1247.036803274844,129.36032357026957,126.99690441026306,125.9981085871582,129.3218094001465,128.00745725195313,123.58967043749999,121.20796513671874,97.3914756072998,138.530234625,126.63285424853515,52008.58109471044,5781.580470963601,5795.264368587824,5787.821275809077,5590.634584714614,5089.305423616601,5656.363171244127,5510.371612155578,4093.3905662030065,4851.48536715987,3852.3642542561147,277801.17747551104,12359.659191604796,17664.527154903255,20685.226620787,21065.0252632,22138.781347520002,27751.368398848,37695.741911152,33142.030704352,45720.79219392,39578.024689224,1335.6297853610915,136.9388253580246,134.39929341188048,132.7800834189453,138.6970054550781,137.93394495703123,132.11481340625,129.2322604296875,104.19170018469238,149.7661645,139.57569423950196,39362.04090915894,4468.643505028322,4448.738952708288,4452.487482481936,4283.925881500935,3813.84299724506,4308.712836402744,4273.400133879121,3034.00028848412,3551.766311022528,2726.5225204058274,229305.64035160406,10748.671452678285,15123.170741057798,17448.363389209,17984.816207015003,18429.153791456,22958.847705088003,31570.004918112,26865.548485056002,36759.228872768,31417.834789164,1423.4147942294157,141.66669747225953,139.3819883557892,137.11342342089844,147.37811505761718,148.97985631835937,139.61117335156248,136.17607611132811,112.030573085083,164.52267018749998,156.55422086901854,50011.81094985762,5671.745862530957,5689.431125028341,5736.489517426605,5420.499168479754,4802.298354945539,5523.453861539861,5397.71510601114,3875.9920458082793,4437.335512456783,3456.8503956303043,272512.72478284535,12651.493217791058,17959.89507989327,20743.286651098002,21168.174867425,21684.993416336,27514.347305856,37199.516475304,32558.060896320003,43454.707390528005,37578.249482294,1287.9573016458044,134.42263180551814,129.98896799971007,127.9015099711914,135.27960061865232,133.49694481054686,124.28850253124999,124.93509666015625,97.65603480285644,144.07604459375,135.91196785217284,82356.62355616988,8874.53422393302,8951.557650152561,9067.878724334963,8650.399040971144,8022.859064326821,8986.444908095627,8511.63639633422,6660.617817484221,8138.959239911794,6491.736490625647,414376.4703016567,16386.340360294213,24153.750407399486,29173.650219820003,29422.932520749,32094.480373536004,41315.037754624005,55799.666015248,51388.773235008004,72409.18300544,62232.656409538,1272.387113823292,134.72943979666567,131.68351155439757,130.65510790795898,133.00885758276365,129.89036706640624,126.55440249218749,124.33703660937499,97.57828800250243,137.26888090625,126.68122190478515
2053.0,65236.57462327481,6974.107560809593,7047.895931496495,7118.401887630397,6832.16543496042,6401.476064862445,7021.412018469613,6715.982675155696,5318.466927951501,6574.445759071889,5232.220362866961,347267.493618275,13766.835174482743,20198.679108230135,24500.505671052,24716.695813448,27075.546218944,34311.993356032,46520.03923016,43082.633286336,60742.64044646401,52351.925313126005,1245.438382145913,129.38366278171634,126.9196786638794,125.88947722583008,129.3188378605957,127.97576715429688,123.36200749999999,120.97352769140625,96.9756879864502,138.06902131249998,126.57071396923827,52931.44208594916,5886.072327034536,5895.884922507981,5883.083553657665,5693.162114934656,5190.569883791674,5752.7652073928275,5598.035849510199,4151.433394781847,4935.253874560067,3945.1809577777535,282249.2755049214,12509.769070670767,17911.32684915059,20963.208115211,21380.681353027,22495.24561144,28186.215692032,38278.379216400004,33614.593234496,46506.59070976,40403.265652734,1336.85201086565,137.2111833502388,134.5603643586731,132.88486050585936,139.0074548173828,138.22722578515624,132.1525076171875,129.25809711328125,103.97273120776367,149.6422469375,139.93533917260743,39659.9648263036,4504.936248130167,4481.6917426288455,4482.773399208584,4319.647684765685,3850.1544821645853,4340.219564316949,4300.64517041978,3046.04554792822,3575.5793180958444,2758.2716686449203,230815.92050247043,10795.940827281367,15209.964673866554,17531.010843342003,18104.3852099465,18554.813093376,23109.009258240003,31782.965041744003,26994.566138592003,37019.040519104004,31714.224896978,1428.7186019380713,142.17835334216974,139.80099050312805,137.4440620019531,148.11941323413086,149.77394859375,140.00200615625,136.54794235156248,112.15477770141601,165.02889740625,157.66821064746094,50681.94361173962,5755.096060776536,5768.655396064459,5812.353758180517,5497.01624778678,4874.234922253818,5596.077277287606,5466.610375194446,3912.0841913865365,4484.020983929055,3515.794398879923,276174.717408686,12805.311125957249,18202.550987725703,20992.848344562,21454.255511387,21972.914926256002,27887.849809024003,37699.960402592005,32949.20088528,44009.00243936,38200.822976542004,1287.7172262635015,134.62183977724982,130.00509056022642,127.84702776367187,135.50120030761718,133.6560386640625,124.045364046875,124.84200747265625,97.2202791496582,143.80553928125,136.17283924023437,84503.2412774797,9124.520938113448,9188.833760286017,9301.461328374871,8885.894878531728,8251.287508309439,9210.668733164082,8711.263421325395,6800.791608835496,8328.696381655072,6699.822718883932,425854.6930751586,16787.03566911224,24777.941223566402,29914.366557318,30211.491050244003,32991.075851584,42432.913394432006,57300.002394912,52670.377629344,74469.924913152,64299.564391494,1271.8537136911893,134.99132461199616,131.8051022480774,130.7448325698242,133.14911204199217,129.94109277929687,126.43371848437499,124.217426453125,97.16755924102783,136.7828749375,126.62067032397461
2054.0,66521.46834929266,7116.062847671547,7183.188477034299,7250.147246495653,6971.005551273635,6543.978769086182,7152.892798924727,6830.145032816194,5403.259474236997,6698.204720097014,5372.583431656368,354427.13396491547,13978.528552340274,20547.597502976198,24931.822434396003,25182.120040385,27638.490035072,35000.123099392,47428.414509040005,43887.959332896,62093.538807552,53738.539650866005,1243.8749277241702,129.40971209019804,126.84528573535155,125.78402787182617,129.32010832714843,127.94753474609374,123.13724325,120.74278470703125,96.56316126971436,137.612747125,126.51232260180663,53877.41291036101,5992.992242013316,5998.772599545415,5980.480925889061,5798.327958141981,5294.695364703872,5851.375724358812,5687.596964712153,4210.818544402705,5021.313097942491,4041.039488651056,286658.6100338622,12661.053870381487,18158.319544992737,21240.198392611,21697.062150415,22851.354592688,28616.277296896,38854.37051616,34072.277305984004,47278.812047104,41228.88431663,1338.1206692768358,137.48732051040218,134.72503558576966,132.9936485908203,139.32412259472656,138.52589084375,132.193470625,129.28854514453124,103.75700752453614,149.5241491875,140.3014786697998,39963.907311441675,4541.878042113142,4515.231552674499,4513.652369812617,4356.11795533484,3887.2561839059367,4372.258381847509,4328.35005409658,3058.3804563819153,3599.9861756453356,2790.7961396293363,232228.8516928199,10841.05088504395,15292.425983920446,17608.240372973,18218.9835382405,18674.287411600002,23249.422913536,31981.9417322,27106.455761792,37257.972734656,31998.070358858004,1434.1280520556631,142.69955000497342,140.22863427688597,137.7834043095703,148.87475805004883,150.58137528320313,140.3993832109375,136.92899563867186,112.28509395202636,165.5471399375,158.7997173918457,51363.87716003932,5839.866058876903,5849.195072932418,5889.455463627817,5574.909553045017,4947.5658042449595,5669.949925217956,5536.693629447313,3948.700964860629,4531.455782805131,3576.0849049811736,279728.8812679308,12958.714044140701,18442.713520699093,21237.479296731002,21736.170981668,22254.231991440003,28250.661575296002,38185.68378708,33318.743116352,44534.714435648006,38809.768518876,1287.5712946490946,134.8295837361002,130.02871457852171,127.80054312597656,135.73493571777342,133.82566738085936,123.8077411328125,124.75923831640624,96.79105084533691,143.5475160625,136.4463037528076,86719.13206813484,9382.474680770794,9433.32117302965,9542.089715671067,9129.181606203387,8487.677617849757,9441.608439787411,8916.726909135603,6945.087749793281,8524.737392430794,6916.22678346271,437325.22733964387,17195.47062807874,25409.157908641126,30660.292793318004,31008.060175090002,33893.053340800005,43547.531508736,58795.542456064,53926.502722432,76511.029983488,66378.585822996,1271.3703036769696,135.25967866610526,131.93230467907713,130.84027205102538,133.29575648413086,129.99658264648437,126.317518359375,124.10273851562499,96.76006834057617,136.30178825,126.5635956845703
2055.0,67842.92205182083,7261.810688841296,7321.912479550185,7385.237224493209,7113.895743252832,6690.987046179897,7287.796944157924,6947.165208473537,5490.373202676772,6825.730306912656,5518.013207282515,361499.5982094364,14191.232278931146,20895.341832714228,25360.133841134,25646.800768951,28199.287216576,35678.161161728,48322.361832928,44666.603131808006,63418.149747456,55121.52639721,1242.3462966124905,129.4384798368101,126.77371117106628,125.6817481599121,129.32563453833006,127.92277325585937,122.915368546875,120.51574314062499,96.15390584802246,137.16131184374998,126.45762027124023,54847.23326502084,6102.412069168201,6103.991414361445,6080.074945066042,5906.220081180716,5401.784130056353,5952.255473766873,5779.109481645749,4271.588605292585,5109.744446788,4140.052617694884,291033.1619585601,12813.616206959683,18405.65616552342,21516.447846937,22014.43213611,23207.478242496003,29041.844920832,39424.17832128,34515.686132928,48038.277894784005,42055.544090710006,1339.435864687045,137.7672503035612,134.8933170125122,133.10646007983397,139.6470671442871,138.82999732421874,132.2376823671875,129.3236307109375,103.54451641931152,149.41185253125,140.6740907939453,40274.008467967324,4579.484376876141,4549.370883879394,4545.136550491849,4393.355135724817,3925.167939300352,4404.839812432006,4356.525230163941,3071.0126567071625,3625.000694646727,2824.115187744978,233550.63634271343,10884.123059901598,15370.784113214788,17680.413060577,18328.940824790003,18788.019684416002,23380.65437312,32167.736239880003,27202.269815168,37477.392570112,32270.302601534004,1439.6442203936967,143.2303782421007,140.66498907054137,138.13149025878906,149.64431847851563,151.40228008398438,140.80333694531248,137.31937729101563,112.42156932897949,166.07750553124998,159.948975163208,52057.8593984541,5926.083178173357,5931.074097578127,5967.8181936212695,5654.20597812106,5022.323523914636,5745.095351787582,5607.989910891978,3985.8544316561197,4579.659711475029,3637.7550212349006,283178.24817129987,13111.75515355545,18680.47221704052,21477.377560543002,22014.063107081,22529.1661888,28603.08243008,38657.059530784005,33667.272641856005,45032.569240640005,39405.43010092,1287.5200788778652,135.04593285870027,130.0598685373535,127.76208754492187,135.98091662573242,134.00598790625,123.57558717968749,124.68686586718749,96.36833218920899,143.30206803125,136.73243213757323,89006.96779419197,9648.688983626329,9685.271929705905,9790.01219862897,9380.569403483241,8732.356872841408,9679.497828144455,9128.235245264754,7093.661194317941,8727.349384893956,7141.324753284853,448790.29312757216,17611.76860100748,26047.48631722754,31411.684932332002,31812.873090523,34800.715373152,44658.870727680005,60286.46731488001,55157.429868608,78532.879744512,68470.11715765,1270.937118857891,135.5345298324394,132.06514342504883,130.94145775683594,133.4488327133789,130.05686902343749,126.20584355468749,123.9929354140625,96.3558139343872,135.82560746875,126.51008573486328
2056.0,69002.2396833967,7396.28250810786,7447.603380896454,7506.02360982181,7243.0192059666715,6821.295761172434,7404.613903769141,7048.30258562519,5560.19576853267,6929.915238175141,5644.98772132931,368414.8937733995,14404.042617661702,21239.93817846578,25782.096250592003,26107.256322600002,28752.76614752,36339.262345728,49193.122432176,45409.101834848,64701.337122560006,56485.970521248004,1239.5279352733583,129.35461893955707,126.58509414538574,125.45885518945312,129.201951217041,127.75749366992187,122.56045684374999,120.1702636484375,95.6390834385376,136.55170203125,126.24841615002441,55773.26631669815,6209.677003729625,6206.416417484676,6176.067267034309,6010.9177500403985,5503.993397510498,6047.631647495485,5866.003654405797,4327.034666263894,5191.56013753102,4233.964375202322,295353.51156972535,12967.32084245424,18652.897533419047,21791.119698088,22331.82115009,23562.123077888,29460.853357312,39985.397952368,34942.123718752,48781.051791360005,42878.802447994,1339.4665815036817,137.94021250267457,134.9508567043762,133.10446965844727,139.84115020214844,138.9908499238281,132.1508594921875,129.24689151171876,103.22923521850585,149.13639284375,140.8756634460449,40560.95329981602,4614.819110330601,4581.561998879601,4573.724659676282,4428.622333479257,3960.3975419004864,4434.333950939848,4382.003675247357,3081.787173880809,3648.179023981406,2855.5238315004144,234778.85872901708,10925.043106197563,15444.901636579982,17747.370696569,18433.8680281865,18895.657349664,23502.377755904003,32339.902665184003,27282.096540128,37677.399530048,32530.241420556,1444.061363779036,143.65824237621928,141.00182786839295,138.37339318896483,150.30006252441405,152.0943647109375,141.105329375,137.62763639257813,112.47781647229003,166.47043946875,160.95225140148926,52687.503081350056,6007.912627530781,6007.772201185343,6040.165703726987,5728.036125755915,5090.744472354713,5812.532174699749,5672.39843143468,4016.047056550236,4619.083010140836,3692.8112779708563,286499.74268081953,13264.071138848361,18915.088963020156,21711.439492373,22286.518843240003,22796.052810512003,28942.750624384003,39110.90284188,33991.645480160005,45498.210566144,39983.061920258006,1285.9687436116533,135.13168305414294,129.95802758644103,127.58552974560547,136.07462189697264,134.02040800195311,123.192436671875,124.48302782812499,95.82511356848144,142.86914149999998,136.82875375805662,91116.4042175485,9904.57663069255,9924.363320995579,10023.779747915038,9617.315176091332,8958.61572778376,9896.495607151324,9321.671603555325,7222.017170504009,8902.944536056188,7344.62469680355,460160.03833575256,18034.860040239164,26690.462738430375,32164.499002288,32621.301223205002,35707.430009280004,45758.044400128005,61761.00732768,56351.272026944,80516.20756121601,70554.954006342,1269.2586623097986,135.70606083929394,132.08909573948668,130.93071150024414,133.47702168164062,129.979440015625,125.9632083125,123.76586246875,95.84789016485595,135.19554978124998,126.30382180615234
2057.0,70191.58418767682,7533.990683161555,7576.166576551098,7629.586187910418,7375.608517143064,6955.342015264733,7524.130262767232,7151.746760333517,5631.79017016538,7037.100148044696,5776.122866335075,375192.53330323694,14617.237828199053,21581.926481778948,26198.694357382003,26564.556208059003,29300.457038656,36985.171750144,50043.235559728004,46118.324554112005,65947.354765184,57835.574759994,1236.7488088570972,129.27365162632321,126.39965015283202,125.23957281811524,129.08250681811523,127.59587300976563,122.20909928124999,119.82896563671875,95.12839571429443,135.94809465625,126.04299914343261,56721.652128146474,6319.342914847468,6311.056139993433,6274.1273049861,6118.238108724139,5608.978741732737,6145.077181188324,5954.704316650259,4383.7279923727765,5275.576977628707,4330.822450022543,299630.10082028166,13122.337193384743,18900.35527558193,22064.755856453,22649.848602278,23916.16384072,29874.238597632,40539.348052400004,35353.104916448,49509.285688064,43700.66279732,1339.5399491037297,138.11649689750718,135.0117014810028,133.10628852124023,140.04055938891602,139.1564106484375,132.06721328125,129.17452394140625,102.91745721398925,148.8667939375,141.08250379248045,40853.71022262866,4650.77500540336,4614.318433572069,4602.8672916629075,4464.63511429473,3996.3990744512,4464.328764114805,4407.907702843194,3092.8388080499076,3671.950751105671,2887.6892771307635,235921.76968782017,10964.00303373477,15515.106878630897,17809.585115934,18534.3072466585,18997.856363648,23615.382432768,32499.582967304003,27347.155289984003,37859.584017472,32779.206341686004,1448.5718454975133,144.09471120872544,141.34649761178588,138.6232189082031,150.96810062597655,152.79804036523436,141.4130640390625,137.94421637890625,112.53954603576659,166.8739215625,161.97052876135254,53327.56805758949,6091.052178441662,6085.665365403557,6113.624474999507,5803.128769265133,5160.402835322332,5881.036864399535,5737.847210446246,4046.6506158809266,4659.127410259382,3749.0323331711948,289704.09588974155,13415.856020408984,19146.92503833661,21940.248121168002,22554.165345662,23055.66372712,29270.727466368,39548.682315872,34293.534424736004,45933.886716096,40544.406713974,1284.51321128279,135.2257180302267,129.86381101550293,127.41724953295898,136.1798373835449,134.04510563867186,122.8155998203125,124.28986309375,95.2894775653076,142.44951634375,136.93703285876464,93288.62941735392,10168.05890796401,10170.212505705205,10264.114833659423,9861.375020340312,9192.110468065075,10119.380506749987,9520.320015487454,7353.7941918460965,9083.948123795142,7555.314843741378,471459.8600624286,18465.21533781598,27338.887559029554,32920.081766564,33434.858213143,36615.21052832,46847.312604160004,63222.51386384,57511.48570940801,82466.3141376,72637.980342548,1267.6348644177842,135.88431780741737,132.11904611787415,130.92613174487303,133.5116410498047,129.90701025585938,125.725732484375,123.5441117421875,95.34408786578369,134.57156803125,126.10121731835937
2058.0,71411.94500926849,7675.036691917942,7707.685584787566,7756.009044522887,7511.78534635701,7093.258656296544,7646.4221728201655,7257.567510550728,5705.214201621834,7147.38866888033,5911.577131513401,381851.3408344605,14831.091107220427,21921.828572948107,26610.868399132003,27019.743316762,29843.841316032,37617.556448768,50875.146457248,46797.031615104,67160.3220672,59173.911534046005,1234.0086633620347,129.1955683595171,126.21736437818907,125.02389571777343,128.96728204541014,127.43789570117187,121.86128435156249,119.49181053125,94.62180865228271,135.3503363125,125.84141731237793,57693.088245453524,6431.478243692814,6417.970544917273,6374.311837984715,6228.268527558262,5716.834751097267,6244.647639772255,6045.259139983907,4441.705857460195,5361.873844343564,4430.737858643504,303873.1299204848,13278.83346677936,19148.331430004368,22337.877327931,22969.137175594,24270.463555072,30282.916840704,41087.312690832005,35750.076073888005,50225.145723776004,44523.035635904,1339.6560990187168,138.29610897815894,135.07585323794555,133.11190402734374,140.2453613359375,139.3266907988281,131.98673642187498,129.1064942734375,102.60913605114746,148.603053,141.29476089404295,41152.411831484955,4687.366486165048,4647.652230036845,4632.576142330823,4501.411728650337,4033.191639372099,4494.8337872578495,4434.245516288072,3104.1742246148833,3696.3306178076805,2920.629458961262,236987.2469804935,11001.184005658697,15581.711589169276,17867.507912537,18630.778369582502,19095.233010048,23720.415135360003,32647.84228716,27398.605827008003,38025.530162368,33018.438681602005,1453.176261468378,144.5398562361393,141.6990494923706,138.881012328125,151.64854088623045,153.51341189062498,141.7265469765625,138.26915793749998,112.60682256970215,167.28801684375,163.00384630737304,53978.2561552752,6175.525309205499,6164.774238493658,6188.213556263321,5879.508853985639,5231.325837354424,5950.629324495213,5804.355429133527,4077.674793461979,4699.803596551224,3806.4452163307565,292801.49655106966,13567.296233950683,19376.325789369024,22164.353185071002,22817.600907175,23308.751793408002,29588.021459584,39971.788162936005,34574.506750272005,46341.725935232,41091.126334072,1283.1537640873216,135.32807873905514,129.7772325875244,127.25724781542968,136.29664004516601,134.0801655175781,122.44504474218749,124.107380140625,94.76140006152343,142.04317296874999,137.05740146948241,95525.85000051197,10439.392247410988,10423.036460948759,10511.229159933613,10113.017104785074,9433.114148013494,10348.334630739422,9724.352777500451,7489.105600196276,9270.568949625313,7773.698921358347,482714.7417954609,18903.31178690646,27993.55177170728,33679.771893586,34255.048959207,37526.068675712006,47928.861771264004,64674.255706464006,58641.32726678401,84388.368799744,74724.175164086,1266.0657053328418,136.06932856007575,132.15502159069823,130.9277307145996,133.55269427197265,129.83961322070311,125.493408953125,123.32766694921874,94.84436611273193,133.95357762499998,125.90229733471679
2059.0,72664.3630455469,7819.526325867051,7842.247494464097,7885.378246540682,7651.678533967123,7235.185144683808,7771.565247527691,7365.8400709019825,5780.527642166166,7260.900126287462,6051.514213140777,388409.4571266153,15045.872378439295,22260.154358760985,27019.542803666,27473.839374517003,30384.379427456002,38238.016531968,51691.201079616,47447.842191200005,68344.172070656,60504.436910336,1231.3074611713405,129.12036369886732,126.03822813964844,124.81181085058593,128.8562933598633,127.28356540039061,121.51696673437499,119.15877762109375,94.11929308514404,134.75845475,125.64370753137206,58688.28358641698,6546.153945945872,6527.221277642018,6476.680150457472,6341.096642470356,5827.661129516959,6346.397787015164,6137.71840714226,4501.007700227445,5450.526213681461,4533.820332317903,308092.3979312049,13436.976138935444,19397.119788687436,22610.996908651003,23290.286067599,24625.880689824,30687.749695744,41630.518858752,36134.392516352,50930.624941952,45347.852324708,1339.815035108325,138.47905781695843,135.14331064805603,133.12132188720702,140.45556010693358,139.5017405410156,131.90941909375,129.04279377734375,102.3042735180664,148.34513834375,141.51241937524412,41457.19599766557,4724.607834548382,4681.575558845141,4662.863734431521,4538.970898796816,4070.7960135154135,4525.859097939735,4461.0256095651275,3115.799133407314,3721.3331903030908,2954.3649263130355,237982.75455691808,11036.76153545176,15645.016233730803,17921.563221283002,18723.7758407485,19188.382873792,23818.189190144003,32785.708526576,27437.550681760003,38176.688119552,33249.118333880004,1457.8754522907109,144.99374017955063,142.0595306053009,139.1468230625,152.34152379589844,154.24063823632812,142.04581367187498,138.60254731054687,112.67962667651366,167.71279771874998,164.05241103344727,54639.78126510643,6261.355900583385,6245.120625701665,6263.954488946861,5957.202007913185,5303.539404033479,6021.32943897374,5871.943330242319,4109.126978062391,4741.1293541005625,3865.0797365489334,295801.68720294966,13718.574170933492,19603.627141537123,22384.280513971,23077.401682818003,23556.022684432002,29895.594431616002,40381.54314416,34836.078575392,46723.751780416,41624.813077674,1281.8906706838568,135.43880678427504,129.69830645658874,127.10553120996093,136.42510107446287,134.12566330078124,122.08073512499999,123.9356042109375,94.24082765100097,141.65009771875,137.1899971520996,97830.36139929667,10718.843455887274,10683.058042035136,10765.342250503134,10372.523746551455,9681.909023896169,10583.544936055405,9933.950658289696,7628.070560808151,9463.027767368992,8000.090957901096,493949.14790390735,19349.62763443037,28655.23827423501,34444.872916892,35083.364380496,38441.975434176005,49004.81710336,66119.444737824,59744.005562816004,86287.43499212801,76818.36686755001,1264.5510925926746,136.26111694821978,132.19702481230163,130.93551755102538,133.60020689282226,129.77724326367186,125.26623633593749,123.1165243203125,94.34867517614745,133.34157359374998,125.70697369848632
2060.0,73949.90108943656,7967.569197135608,7979.941800781699,8017.782836849488,7795.419321950823,7381.266975627277,7899.640535961697,7476.639585346842,5857.7895320921725,7377.752875525578,6196.0984281654155,394867.5975211088,15261.54377920826,22596.8070735356,27424.749629018002,27926.904034519,30922.176879392002,38846.427641344,52491.53975968,48071.170129568,69499.119223296,61827.159371548005,1228.6449131270408,129.04802966120528,125.86222559840392,124.6032968762207,128.74950693017578,127.13288935546875,121.1761420859375,118.82983570703125,93.62076945483398,134.17245840625,125.44975905151367,59707.987046373644,6663.444026766082,6638.872563642664,6581.293629302103,6456.815561145786,5941.560237962781,6450.386652995926,6232.137555778726,4561.673780738083,5541.6178265281,4640.185211513315,312291.2027977643,13596.828735971287,19646.787386498996,22884.293543724,23613.542973048003,24982.726776800002,31088.902148096004,42169.378684864,36506.611575200004,51626.428834816004,46175.702138746004,1340.0167514584289,138.6653603551879,135.21408046432495,133.13454841430664,140.671195046875,139.68155261328124,131.83525603125,128.98346671484376,102.00281673828124,148.09302315624998,141.73545192382812,41768.20737297146,4762.513910628865,4716.101013612468,4693.742317871193,4577.3326044601245,4109.232291562193,4557.414310811821,4488.257961121037,3127.7189936671825,3746.975754236811,2988.9182149997387,238913.7784909124,11070.858995658919,15705.229704138992,17972.069499291,18813.653352989502,19277.717676736,23909.192840704003,32913.955858864,27464.853097152,38314.174391872,33472.073073506,1462.6703090872836,145.45642617372465,142.4279865112152,139.42068575927735,153.0471913942871,154.97983216796874,142.370891484375,138.94445557617186,112.75796708239746,168.1483955,165.1164774378662,55312.343937470316,6348.567882041995,6326.725789187212,6340.868109559805,6036.234712873973,5377.070933691939,6093.156625087309,5940.630143847918,4141.0147274216915,4783.1130179981765,3924.9619957603136,298706.2435816482,13869.701973681133,19828.82567905211,22600.120282844,23333.678705365,23797.607450464002,30193.519205376,40778.168873432005,35078.658400096,47080.38547552,42145.577535818,1280.7241182958255,135.5579437376895,129.62704907901,126.96213235205077,136.56532781030273,134.1816629472656,121.72262541406249,123.77456515234374,93.72770280371094,141.27024815625,137.33486084313964,100204.56001484081,11006.689927221334,10950.510412867376,11026.683120273365,10640.18717527247,9938.791215257335,10825.205662820039,10149.2995143404,7770.815127829511,9661.551707446364,8234.826151512794,505165.65885620564,19804.27075901853,29323.99325604515,35215.639984148,35920.092449462005,39363.24123744,50075.107795968004,67558.393978848,60820.008376736005,88163.96797900801,78920.94303953201,1263.091032764604,136.45970769870138,132.24507507603454,130.94951101660155,133.65418094799804,129.71991355468748,125.044209375,122.91065369140624,93.85699686975097,132.735465625,125.51531890942383
2061.0,75071.572856916,8103.067937199963,8103.588631241244,8135.523714357965,7925.427369077495,7509.790213510304,8009.345614454287,7572.158022908596,5919.14262944678,7471.574034197738,6321.954690521573,401161.92625800835,15477.111325633616,22929.75019652876,27823.343460988002,28375.617692980002,31452.300726048,39436.461777920005,53268.456434336,48659.226360416,70611.69445760001,63127.96382555801,1224.8273348720206,128.86359915198898,125.57402484936523,124.27725414965819,128.53704612158202,126.84882823828124,120.71746143749999,118.39817452734374,93.04283404412841,133.45027665625,125.11783569592285,60680.058461745866,6777.633002750387,6746.631537073174,6681.514120674518,6569.661621123914,6049.869371658743,6548.046029399729,6321.838400368543,4617.7384193404605,5625.461880626502,4741.664078729902,316449.5442613126,13758.147459787966,19896.68917485557,23156.805816196,23937.938690293002,25339.398804032,31484.110576128,42701.550045184005,36864.344385920005,52308.561340160006,47001.997968756004,1339.1376607328868,138.74745632663678,135.18173197521972,133.03953874511717,140.78900478173827,139.735488125,131.64771503125,128.8320009375,101.63233406079101,147.71045003125,141.8219407183838,42066.47230696207,4798.70607813945,4749.2411495923725,4722.386981992827,4615.309677694619,4145.93282177222,4587.0412393663355,4514.65696500469,3139.1751144560785,3771.117093372114,3022.9051855713305,239780.08134565593,11103.45269246219,15762.328133618688,18018.959873503,18900.359591002,19363.099632416,23993.319814656003,33032.711664704,27480.806883520003,38438.093068544,33686.94999123,1466.6463038319835,145.8293716823101,142.71575597120665,139.60780276953125,153.6709242207031,155.613861125,142.6211439296875,139.22881873828123,112.79788457751464,168.489799,166.070941817749,55910.601700137595,6429.84434853519,6401.434314086671,6410.295185139232,6109.627181112838,5442.920027834848,6155.810843684062,6001.862341519264,4165.891638231799,4814.902999853931,3978.0128201397547,301490.1211703694,14020.20887710953,20050.955623150785,22810.523428398003,23585.061081119,24031.685270472,30478.990534656,41158.42134164,35299.0037624,47406.947346048,42648.323905376004,1278.239977218522,135.5516876868906,129.43293656275938,126.68777232617187,136.57899161401366,134.08550049609374,121.2301296484375,123.49768858203124,93.12581022875976,140.734649125,137.31481094836425,102400.10729228245,11282.96255526623,11204.245334319474,11273.454025038063,10893.870280570702,10175.927096128922,11045.8598705357,10347.660243267868,7895.138064307232,9833.529914562607,8447.45990828568,516281.9177516935,20266.073811216756,29997.339979892764,35988.192924598,36760.928878030005,40283.503485504,51131.408766464,68980.774783008,61859.496208224,90000.75779148801,81013.441123268,1260.5002180217261,136.54671650301884,132.182544506073,130.84718053149413,133.6060296586914,129.53075131640625,124.7043039765625,122.59977853125,93.29161599554443,132.00103453124999,125.19026247143555
2062.0,76220.20178265571,8241.554799831472,8229.822723512378,8255.777471376337,8058.684381245248,7641.7258970874755,8121.326699140481,7669.717843887707,5981.9692384560285,7568.041166810678,6451.581561307963,407311.87102315435,15692.854414021955,23259.530287794416,28216.295866924003,28821.04017023,31976.2771848,40009.849667584,54024.494280160005,49214.823106016,71686.08603136,64410.620014264,1221.0536508859182,128.68226516361284,125.28935842750549,123.95532567602538,128.3287957602539,126.56881669140624,120.2630074375,117.97110453124999,92.46972681530761,132.73513715625,124.79011322680664,61674.958373737856,6894.306933155765,6856.641746570509,6783.8376481347805,6685.268716058748,6161.0389498875575,6647.7190819325115,6413.3550073409615,4675.036230603118,5711.5559275516625,4846.198132502127,320577.5472737674,13921.101967583669,20147.129088967762,23429.057983129,24264.083327699,25696.773211808002,31874.270907392,43228.284687136,37208.980310464,52979.112531584,47828.753258004006,1338.2993130323675,138.83252149168777,135.15247949990845,132.94822511450195,140.91158373779297,139.79379542578124,131.46332385937498,128.68468368359373,101.265552625,147.3339208125,141.91322678222656,42370.79753162969,4835.5404545046495,4782.968147735,4751.597224804458,4654.079936111039,4183.446204602247,4617.172577624774,4541.499574268269,3150.9145781618467,3795.8905969709454,3057.6882368463766,240588.48328396858,11134.70788699085,15816.587535712722,18062.632935919002,18984.354522224003,19445.085645232,24071.209373184003,33142.899829648,27486.377298656003,38549.774925824,33894.853330578,1470.7065038221167,146.21028221303177,143.0107640847931,139.8022671503906,154.30568290429687,156.25833691796873,142.8764565390625,139.52071396679688,112.84276488269042,168.840713625,167.03852153808592,56518.252313650395,6512.339753291158,6477.233618202791,6480.739614675506,6184.207052274203,5509.886762027237,6219.378600474572,6064.051364409861,4191.10091368319,4847.214982487167,4032.099652124794,304163.71681733604,14170.28514988831,20270.37391853269,23016.057215548,23832.146498859,24259.019782616,30753.038169856,41523.732079976005,35498.700276192,47705.591751488006,43134.771974380004,1275.8555242368773,135.55376432162475,129.24679711325072,126.42215477807616,136.60389232495118,133.99986837304687,120.74478628906249,123.231797296875,92.53245571240234,140.21324134374998,137.30676668383788,104656.71371763645,11566.956666240616,11464.724692214333,11526.772923199967,11154.944475171993,10420.118707047126,11271.999171047637,10551.041349623494,8022.495196765281,10010.49936128916,8667.161175037025,527323.0323512717,20735.534753200034,30676.09882049361,36763.890385116,37607.396269446,41204.799648768,52175.931902976,70389.92090153601,62865.748199744005,91802.868623616,83100.842846376,1257.9673868146654,136.64032124853372,132.126127651947,130.75124947753906,133.56416634643554,129.34685945703126,124.37016307812499,122.29452582421874,92.73104215588378,131.27368815625,124.86924341870116
2063.0,77396.5958575956,8383.114283325152,8358.712211641145,8378.612528007412,8195.297241857206,7777.186039255896,8235.641023809529,7769.377098580137,6046.311636765739,7667.241232871093,6585.102561482424,413335.97629055113,15909.047276330262,23586.676452637883,28604.542246110002,29264.197943377003,32495.592942016003,40568.244401664,54762.060188096,49740.643560256,72726.324015872,65678.647264192,1217.3234460979286,128.5039999392371,125.00820275952148,123.63748170410156,128.12474200805664,126.29283362695313,119.812783125,117.548572515625,91.90139655639648,132.02695965625,124.4664742067871,62693.36604057547,7013.534858944314,6968.962128880356,6888.320943242715,6803.724605705635,6275.164443884533,6749.45600060031,6506.73276480779,4733.601442611273,5799.977119238952,4953.891732659628,324685.0238352443,14085.8592808622,20398.40645366905,23701.558109624002,24592.577697825003,26055.716274592003,32260.255063552002,43750.826266624004,37541.848686208,53640.082044672,48657.893957616005,1337.5013975065879,138.92055792159653,135.12631357754515,132.8606003425293,141.0389151340332,139.85650267773437,131.2820615234375,128.5414702109375,100.90240488110351,146.9633704375,142.0092008001709,42681.32258325894,4873.031920665726,4817.294157908774,4781.384782776013,4693.663348441263,4221.793038145721,4647.817855700714,4568.796220521475,3162.943392488181,3821.3095904203574,3093.2882761906935,241345.40626633,11164.781493291255,15868.271521917264,18103.461886568002,19066.076903449502,19524.208030448,24143.472869888003,33245.381046544004,27482.457262336,38650.456360576005,34096.838891312,1474.851615515491,146.5992143389926,143.31304799363707,140.00411378613282,154.95157976904295,156.91336799414063,143.1368605234375,139.82022522265623,112.89265613562011,169.20119678125,168.01935297058105,57135.46647941285,6596.074148232929,6554.1407265159305,6552.2179382033755,6259.995684804116,5577.993133635773,6283.876235136001,6127.212050880042,4216.647782593381,4880.060345857373,4087.248433553896,306736.9103473876,14320.114168156426,20487.419466821204,23217.256702203,24075.513946889,24480.32658864,31016.639070336,41875.431365968005,35679.269000576,47978.373014688004,43606.56702311,1273.570761056468,135.56418825820447,129.06860963969422,126.16526024804686,136.64004962915038,133.9248108203125,120.266560890625,122.97686516796874,91.94754873181152,139.70599224999998,137.3108754206543,106976.35983362245,11858.914636770369,11732.149214484143,11786.836687281264,11423.664378961286,10671.610295987197,11503.775213048397,10759.59718739669,8152.978005805652,10192.641006487731,8894.193207399385,538313.729237659,21213.151266755067,31361.083325881973,37544.063129936,38461.011286032,42129.14377696,53210.809982976,71789.02006624,63841.946673472004,93575.415337472,85188.08439193401,1255.4923690589903,136.740533735672,132.075828261734,130.66171483227538,133.52859418237304,129.16821694726562,124.04176794921874,121.99486134765624,92.17521274102783,130.553414375,124.55222468676757
2064.0,78601.61350600488,8527.835968800458,8490.327680641292,8504.101378332341,8335.378942456495,7916.287574640975,8352.344725323088,7871.195750878537,6112.214980656653,7769.267742766416,6722.658761508651,419252.2182209864,16125.960373177435,23911.695774611846,28988.996751140003,29706.088750041003,33011.694651584,41113.216510976,55483.457779392,50239.225451072,73736.25466931201,66935.62750968001,1213.6366025675777,128.3288003755307,124.73053415975951,123.32370832543944,127.92488517382812,126.02085102539061,119.3667358515625,117.13056017578124,91.3378190322876,131.32571246875,124.14699597924805,63736.00058467743,7135.388167182811,7083.653944028949,6995.02283326022,6925.121451164992,6392.344609683493,6853.308988733772,6602.023224257238,4793.473028119246,5890.803700306799,5064.860637940046,328781.57888466277,14252.587329924327,20650.80793711645,23974.800783069,24924.012739199003,26417.081980352003,32642.885933824004,44270.35391088,37864.216880064,54293.434368896,49491.397021338,1336.744086487071,139.01156148206616,135.1032387006836,132.77665694335937,141.17103364868163,139.92360628515624,131.10392358593748,128.40235740234374,100.5428927902832,146.5988013125,142.11001433605958,42998.18949878469,4911.194764861917,4852.23182394977,4811.762413898663,4734.080141127266,4260.99461939333,4678.986463509217,4596.555259780491,3175.267139969215,3847.3901339050567,3129.726738389654,242057.04509723803,11193.825194493982,15917.633426449007,18141.803646138,19145.947517391,19600.977455776003,24210.692822784,33340.993590896,27469.917062080003,38741.317661184,34293.936720046004,1479.0821528265976,146.99620900544596,143.6226437509613,140.21336961914062,155.60871820629882,157.57906827343749,143.402361484375,140.12738737304687,112.94755075195312,169.5712540625,169.01359029943848,57762.41772893752,6681.068272780776,6632.17387723343,6624.748460392998,6337.0171428177755,5647.260697785225,6349.317463615934,6191.364018081479,4242.539401903479,4913.449438268905,4143.478956057519,309219.0292091779,14469.873169921315,20702.42168774961,23414.634856740002,24315.712267541003,24696.302150784002,31270.722446464002,42214.779915784005,35842.095838592,48227.229380000004,44065.257495602,1271.3856652038282,135.58298178587484,128.89837509165955,125.91706969506835,136.68753833203124,133.86036734960936,119.7953935703125,122.73292923632812,91.3710533272705,139.21281274999998,137.32714406567382,109361.1130197261,12159.088618716078,12006.725613275217,12053.851621488224,11700.295006208886,10930.657776598626,11741.346170603108,10973.486572901553,8286.68081335796,10380.141186094736,9128.839640481736,549277.9100973695,21699.43267974046,32053.09483234487,38330.036296136,39323.273016446,43058.526261696,54238.092553216,73181.23464275201,64791.106796352,95323.166995968,87279.94602271801,1253.075024912057,136.84737395809267,132.03164311930846,130.57859975952147,133.49931558276367,128.99482915625,123.7191124765625,121.70075406640625,91.62408773260498,129.840088125,124.23922093554687
2065.0,79836.12934974414,8675.811244623015,8624.742689113033,8632.316625253668,8479.04393522079,8059.15298152669,8471.496686274964,7975.235408319403,6179.72439954693,7874.214825261897,6864.390554603727,425059.8129548919,16343.42109324664,24234.327950484185,29369.524152200003,30146.551692527002,33524.506628192,41644.514929664,56188.58354624001,50710.987328288,74716.09033190401,68181.30530214601,1209.9927140611358,128.1566458325286,124.4563343409729,123.0139648449707,127.72918092700195,125.75287920898437,118.9248343984375,116.71700904296874,90.77893282769774,130.6312618125,123.83167082507323,64803.59812552377,7259.940977429059,7200.779127315451,7104.004237210798,7049.5549143695935,6512.68310052921,6959.331315521959,6699.277845781017,4854.6895051028005,5984.116391555498,5179.220710708356,332869.1155887863,14421.257480684599,20904.274579169665,24248.83558834,25258.465279530003,26781.074629856,33022.208246016,44787.091780592,38176.518082432005,54939.74298624,50329.646935926,1336.0272710790562,139.10554351763963,135.0832364832916,132.69638875830077,141.30795309960936,139.99513537890624,130.92888903906248,128.26734019921875,100.18697890319824,146.24015112499998,142.2156545748291,43321.54269000424,4950.044669506123,4887.793581652604,4842.7417292243335,4775.350991276032,4301.072052286109,4710.688642265888,4624.785880142167,3187.8922952549087,3874.1472778224966,3167.025570573548,242727.40459035442,11221.877771606516,15964.763620271387,18177.82980485,19224.1959089705,19675.707850208,24273.213516800002,33430.330847552,27449.424804096,38823.247824512,34486.812641488,1483.3986319384273,147.4013181958127,143.93957884674072,140.43004847021484,156.27720604199217,158.25550733203124,143.67298129687498,140.44226590625,113.00745595361327,169.9509306875,170.02133920739746,58399.28533530584,6767.343558764833,6711.3515076964895,6698.350081146049,6415.295207115774,5717.713510942186,6415.717782877691,6256.524082747059,4268.7806006041665,4947.395324435987,4200.813678975513,311610.71286085923,14619.470718857901,20915.25087672334,23608.136577438003,24552.714094996,24906.976712048003,31515.240959616003,42541.888150976,35987.557884416005,48452.585640000005,44510.891245788,1269.3001781100593,135.61016911350774,128.73608811068726,125.67758074365234,136.74642519702147,133.806587671875,119.331223125,122.49994743359375,90.80288241101074,138.7336815,137.35559280371092,111813.11153775634,12467.737716665577,12288.667821776087,12328.027599201647,11985.112463066429,11197.52697253372,11984.874056989649,11192.876070149572,8423.705408435811,10573.194948164202,9371.388480773623,560215.9109019464,22194.351834624576,32752.00002106977,39121.856565242,40194.198422190006,43993.001695872,55257.494594048,74566.520584992,65713.607252352,97046.460469248,89376.41946230801,1250.7152392468147,136.96084809741592,131.99357396940613,130.5018890559082,133.47633191455077,128.8266976015625,123.40217533984375,121.41218055859375,91.07764814215088,129.1336878125,123.9302067548828
2066.0,80873.3782280791,8806.477472884053,8740.73643630201,8742.070048862228,8603.832416335654,8180.559260159618,8568.870623195135,8060.471460288969,6230.278103343529,7956.179274329665,6983.903132378088,430693.5523629032,16559.92968213726,24551.975496171846,29742.472096822003,30581.50185209,34028.652991168005,42155.711904256,56869.329563968,51149.058227808004,75653.58685465601,69401.333693826,1205.1767950038727,127.87191581745624,124.07024885047912,122.59140634643555,127.410356515625,125.35602379296874,118.36409565625,116.1934848671875,90.1312618026123,129.816157625,123.3718437298584,65800.2977908603,7378.440048249028,7310.995307355684,7205.928149284085,7167.313741380154,6625.046311548624,7056.494250706457,6789.472707844225,4910.189669468825,6070.038037173297,5286.37956785005,336924.617000542,14591.26010111238,21157.700196467602,24522.241744358,25594.362843516003,27145.716275584,33395.643780096005,45298.231063536005,38476.522042432,55575.271661568004,51167.667291872,1334.2983076755734,139.10417347203636,134.96859638420105,132.5203189123535,141.33468888110352,139.9517265,130.6492617734375,128.03923548046873,99.76021015173339,145.77866465625,142.19143146398926,43620.87092040246,4985.105605023827,4919.980078051104,4869.831818028477,4814.161440804769,4338.558527778223,4739.3061436530315,4651.263427818315,3199.8832649102956,3899.800115171831,3202.9804991626693,243354.51672899118,11248.66663246854,16009.323135777606,18211.137079104003,19300.500965309002,19748.127619824,24330.700462592,33513.310060752,27421.254198112,38896.493526592,34675.00304846,1487.0832017793773,147.74148286436892,144.197439988739,140.58592062939454,156.86709629736328,158.84577002929686,143.8888290546875,140.71453145898437,113.03857985925292,170.27757128125,170.92598031604004,58937.278417809284,6844.148684634818,6780.205743918081,6761.319649451751,6483.994039576303,5777.95966365082,6470.222182295047,6312.075693658403,4286.815556878396,4971.180848770312,4249.35635497538,313884.99277779285,14768.055150702403,21124.4806169554,23795.937608531003,24784.684367428003,25110.300749416,31747.099693696004,42853.311352024,36112.6014768,48650.21244304,44938.3093192,1265.9541046257982,135.527692586339,128.46143900759887,125.32161289111328,136.66727488916015,133.60756540234374,118.73740481249999,122.15504465234375,90.14069512976074,138.12284471875,137.21253053588867,114041.51699002336,12759.482493886611,12551.707802112065,12583.133344054288,12249.330113824532,11439.294889629118,12202.642749109305,11390.327725889125,8539.951842198547,10739.09819399282,9586.547835327094,571040.8899978292,22696.143629266833,33454.60960518223,39914.902712964,41068.420157108005,44925.469141376,56260.22016665601,75933.637412352,66600.32456544001,98729.06154521601,91458.101062268,1247.1882830355482,136.96126512435436,131.84358409381102,130.31228615917968,133.32939705810546,128.53106472460937,122.9638027890625,121.00849087499999,90.44497360595703,128.3145114375,123.47890716796874
2067.0,81933.69725574626,8939.74774553171,8858.926802436172,8853.969278949722,8731.531860098343,8304.924750136322,8668.04521128852,8147.415263171949,6282.022133870801,8040.431706434587,7106.68250382816,436172.7002984744,16775.784403048485,24865.214348074835,30108.818908736,31012.008983123003,34525.650227072,42648.550490624,57528.203014048006,51556.141814688,76552.80256768,70599.52554138,1200.4111770051384,127.59062398037338,123.68821960533141,122.1735608227539,127.09612120947266,124.96379254296875,117.80848835937499,115.675154015625,89.48933104968262,129.0090771875,122.91680823205566,66819.64360458673,7499.424013445387,7423.414761452246,7309.9101184307765,7287.887390600431,6740.271980634063,7155.544928356366,6881.428326622314,4966.887069297453,6158.242003660512,5396.633012087098,340958.0058388717,14762.775169336945,21411.398214686746,24795.536055752,25932.322209324,27511.8891512,33764.080457728,45805.012131904004,38765.528770496,56201.955860352005,52007.507818092,1332.6089049256268,139.10551588775442,134.85694225686646,132.3478842158203,141.36578594262696,139.91245112304688,130.3728893359375,127.81514263671875,99.33734017541504,145.32324196874998,142.17171138269043,43926.47638764958,5020.822811386368,4952.765531813561,4897.491084369036,4853.815143221892,4376.890716459034,4768.425437644957,4678.19983816026,3212.169856766332,3926.123135650762,3239.77283217729,243944.10797439952,11274.350113535567,16051.566110172482,18242.077324172,19375.2714607535,19818.728959184,24383.699292416,33590.687804192,27386.157619168003,38962.086906304,34859.482384502,1490.8447597442473,148.08914301557922,144.4620863590393,140.7486574350586,157.46705486572264,159.44540788867187,144.1093044765625,140.99379174999999,113.07439498486328,170.6127796875,171.84213928124998,59483.29603707209,6922.009928783996,6849.98523072693,6825.154396649776,6553.74890533082,5839.1542001304,6525.450105459024,6368.485558074529,4305.106119335626,4995.4116763286565,4298.789916252357,316052.1413002759,14915.825378377096,21330.484930288778,23978.610772816002,25012.235760328,25307.02749968,31967.321626112003,43150.455936104,36218.747862976,48822.195327776004,45349.236205818,1262.7128021361027,135.45377866965674,128.19523348414612,124.9749212224121,136.5993552626953,133.41935927539063,118.1517605390625,121.82161211132812,89.48806215100097,137.5270096875,137.08170973291016,116327.50126421406,13058.85694815907,12821.282772834802,12844.583269601226,12520.779097699166,11687.69560922745,12425.335311443485,11592.43838639913,8658.79527851683,10909.521632893957,9808.212957438645,581777.7782257969,23205.336851508997,34161.78491476582,40710.548163556,41947.500476594,45857.97682041601,57248.450297856005,77285.87984681601,67454.394143104,100375.935924224,93529.97078695601,1243.7239700389118,136.9682241620655,131.6999289434967,130.129394423584,133.1888921069336,128.24112425976563,122.5319413984375,120.6108549453125,89.81792785595702,127.50337918749999,123.03230275585938
2068.0,83017.72903305423,9075.689865601105,8979.366640510225,8968.067772477747,8862.230083473509,8432.338692530808,8769.06121247994,8236.111634435683,6334.986482960111,8127.038510587022,7232.83813799802,441515.66085901647,16991.275252881835,25174.596493374745,30469.508616608004,31439.113307372,35016.988397504,43124.669545984005,58167.575886176004,51934.80898502401,77417.657623808,71779.466750284,1195.6955030770698,127.31274731901311,123.31021952593994,121.7603910583496,126.78642742382812,124.57614729882812,117.25800065624999,115.16198310546875,88.85307070257568,128.2098974375,122.4666185493164,67862.28713465523,7622.959752432498,7538.092042918752,7416.003951855819,7411.364357701245,6858.452007056783,7256.527266759276,6975.188108244806,5024.816747255932,6248.802511735973,5510.080388694126,344978.8388347594,14935.98325076342,21665.676292357988,25069.232158902003,26272.957816742,27880.467884544003,34128.347958528,46308.613131104,39044.72138752,56821.72455129601,52851.114403002,1330.958663797986,139.10956534199238,134.74824708599854,132.17906697827146,141.40124448168945,139.87729174609373,130.0997388203125,127.59501255078125,98.91834433886719,144.8738335,142.15631895397948,44238.49816689913,5057.210879460795,4986.161811764051,4925.730493581908,4894.33189156605,4416.089589557022,4798.054748943315,4705.604385341989,3224.7561715474703,3953.133917931843,3277.4242772047255,244501.5927487984,11299.077516527812,16091.733305768512,18270.984137879,19448.89659109,19887.976837248003,24432.724457216,33663.184303088005,27344.823413408,39021.026715584005,35041.165470989,1494.6837224876565,148.44432975810335,144.733529098938,140.918258246582,158.07714534130858,160.0544983515625,144.3344088359375,141.2801171972656,113.11485068701171,170.9566734375,172.76991153344727,60037.47910821923,7000.943877877721,6920.704089445598,6889.869917365392,6624.579074545077,5901.314861908308,6581.412107967018,6425.768552113085,4323.658862641782,5020.095542852225,4349.1322215030705,318121.8668845678,15062.975779242603,21533.61787517211,24156.704563498002,25235.951041621003,25497.868659352003,32176.883936768,43434.621142120006,36307.41829632,48970.510896608,45745.314693866,1259.5759846602616,135.3884222085862,127.93744877894592,124.63747404785155,136.5426924140625,133.24196415234374,117.5742102734375,121.49960494335937,88.84492885693359,136.946082625,136.9631563597412,118672.78906165018,13366.083586959392,13097.572512080615,13112.552257344898,12799.692285756304,11942.938421454535,12653.075707890723,11799.340323677956,8780.304758127253,11084.619197298802,10036.610011059753,592450.8970477671,23722.464834253326,34874.37550170979,41510.143147352006,42832.982337564004,46792.546391168005,58224.316995072004,78626.41207536,68278.83247008,101991.864688896,95596.95860631201,1240.3219927224445,136.98173217093085,131.56259676141357,129.95318256933592,133.0548198527832,127.95681937695312,122.10657608984374,120.2192306015625,89.1964407835083,126.70023231249999,122.59036220361328
2069.0,84126.14121278656,9214.374263335045,9102.110057770376,9084.421059536824,8996.02334709727,8562.893610484676,8871.955820210067,8326.606540460021,6389.202480673368,8216.075756022226,7362.478277196707,446740.06231453427,17206.68617891545,25480.65264454983,30825.440785064002,31863.824052537002,35504.104309760005,43585.632306176005,58789.731214880005,52287.476754784,78251.824425728,72944.68964214,1191.0294789575823,127.03826507884406,122.93621519770812,121.35185772216796,126.48128913427733,124.19305754296875,116.7125643203125,114.6539191875,88.22243031286621,127.41859959374999,122.0212808671875,68928.9244860894,7749.117345853709,7655.085900484038,7524.266152924409,7537.836615969017,6979.68359827202,7359.486652186216,7070.800810886879,5084.014648656249,6341.7971018486605,5626.8356590081185,348996.5062947818,15111.059397600098,21920.83647884776,25343.823839974,26616.87298328,28252.312331008,34489.264150016,46810.185152112004,39315.292494784,57436.418041472,53700.441425688005,1329.3477016040085,139.1163263226671,134.64252095199583,132.0138629050293,141.4410717121582,139.8462691425781,129.829784546875,127.378854234375,98.50321217272949,144.4303845625,142.14541505310058,44557.08993364878,5094.284960972343,5020.182156739614,4954.563411714848,4935.733725973729,4456.177229874292,4828.204882897364,4733.486508906047,3237.6495283942772,3980.848182097742,3315.9593460785136,245032.16670737168,11322.993323715078,16130.056607096092,18298.178954392002,19521.7571751155,19956.320148784,24478.263355136,33731.46636328,27297.928318336002,39074.241838464004,35220.960623053004,1498.6005677640346,148.8070853568692,145.01180500445557,141.09476177734373,158.69743990673828,160.67311208398436,144.5641765078125,141.57355093359374,113.15997377868652,171.30921434375,173.70944807080076,60599.96237895128,7080.966837378867,6992.37571445306,6955.4799468476085,6696.504704465402,5964.458973759322,6638.1172960235435,6483.940593303777,4342.47610648306,5045.243711550737,4400.398494685784,320103.36711373006,15209.691937167905,21734.223988382157,24330.740108639002,25456.383851827002,25683.510124016,32376.712088576,43707.060366360005,36379.97027024,49096.98599843201,46128.088380090005,1256.5433580251297,135.33162778411722,127.688051318161,124.30923335253905,136.49730048706053,133.075412859375,117.00467839843749,121.18900777929687,88.2111915998535,136.37998174999998,136.85687269628906,121079.18027924273,13681.392510899388,13380.762833140168,13387.226293675969,13086.312817215297,12205.247523455837,12885.992737114313,12011.171008717709,8904.553600388906,11264.539155139657,10271.98179949522,603083.9005605563,24248.060789769894,35593.21346683024,42315.009957232,43726.386667700004,47731.161834816005,59189.835466752,79958.31524896,69076.523568128,103581.514893568,97663.87866680001,1236.9821751584834,137.00179215016746,131.43157612586975,129.7836604086914,132.9271719230957,127.67817084570312,121.68768118749999,119.83359891406249,88.5804573104248,125.904899625,122.15316666796875
2070.0,85259.60882567639,9355.87320574796,9227.212989375732,9203.086387403191,9133.0053454743,8696.686247277661,8976.769558852724,8418.946978156127,6444.702847227464,8307.614539574563,7495.710726586584,451844.5937537163,17421.807269178436,25783.094220560917,31176.438180632,32285.920454357,35986.844168,44031.246723072,59394.46205152,52614.511878080004,79055.47056358401,74094.79824473201,1186.4126003640579,126.7671581733384,122.56618374809264,120.94793901342773,126.18064373828125,123.81449861132812,116.1721525078125,114.15091473828124,87.5973659276123,126.63505065624999,121.58069324963378,70020.26090491666,7877.968034840785,7774.45484255723,7634.753897332704,7667.3995943408645,7104.065021801715,7464.471595088386,7168.31418695101,5144.5162982648435,6437.308707269508,5747.008726469576,353011.9657802631,15287.934789914385,22176.757719033776,25619.287117408003,26964.086162153002,28627.555658464003,34846.79177216,47309.82902848,39577.504985248,58046.422540288004,54555.796007114004,1327.7757770312971,139.125784708879,134.53974281399536,131.8522542668457,141.48526733642578,139.8193636347656,129.56301825,127.16663216796874,98.09189551757812,143.99290809375,142.13891024108887,44882.39154925077,5132.06021350684,5054.838977708752,4984.001482863485,4978.042759919127,4497.174788385955,4858.883226504245,4761.855125634862,3250.8547202444497,4009.281245741786,3355.39900874131,245538.7441394184,11346.109927139954,16166.589016047945,18323.761661214,19594.0357613335,20023.99643952,24520.5682624,33795.977786992,27245.929879040003,39122.382502784,35399.392902947,1502.5954673738927,149.17743369707392,145.29691936907957,141.27816690722656,159.328032467041,161.30129871289063,144.798567796875,141.87411763671875,113.20976039855957,171.67040456249998,174.66076582592774,61170.899161336056,7162.096366452642,7065.014476709402,7022.000821053774,6769.5457890423795,6028.605545507721,6695.578300617907,6543.017700552329,4361.563914171028,5070.864609329792,4452.611637899127,321996.8724261542,15355.853206299884,21932.14478350125,24500.615153283,25673.493509164,25863.963514192,32566.757293952003,43967.823537128,36436.652446592,49201.98497878401,46497.584003258,1253.6147371276559,135.28339796629427,127.44702212315369,123.99017346606445,136.46320900366212,132.91971274609375,116.44311221874999,120.88979178320312,87.58677442248535,135.82859984375,136.7629435541992,123548.50386612237,14005.020816188264,13671.045430303133,13668.79172096625,13380.890973830954,12474.848709738622,13124.216508281717,12228.069857742039,9031.614023317474,11449.448772133215,10514.5570536206,613676.1126192166,24782.056603234374,36318.126314154084,43125.116847508005,44627.673804704005,48673.802017408,60144.741651456,81281.372837952,69847.73726835201,105145.027623424,99730.457651024,1233.704028984333,137.02840769911575,131.30686604071045,129.6207968691406,132.8059379316406,127.405127140625,121.275235671875,119.45390431640624,87.96989450671386,125.11739453125,121.72046427685547
2071.0,86186.2129400608,9478.545013534938,9332.611585329727,9302.113350061441,9249.621910700436,8807.904958159455,9059.34022166849,8491.711053197227,6482.9329508599785,8375.801088319444,7605.630808229825,456766.3583934226,17635.008405259458,26079.25558556514,31518.807477916,32701.260815994003,36459.87436192,44455.622559744006,59973.673396128004,52909.548165696004,79817.143677952,75216.163947248,1180.678596536569,126.38558616883229,122.08766091729736,120.43704645141601,125.76036780639647,123.31255276953125,115.51870010937499,113.54030726562499,86.89233779077148,125.74187624999999,121.00216100732422,71028.09835172832,7999.362539754167,7885.455295579099,7736.8108342437135,7788.765362519398,7219.129909273331,7559.423185968706,7257.9529301179,5198.285624443243,6524.164143140714,5858.748526688323,356999.4886121649,15465.837297448028,22432.132211913868,25893.955372462002,27312.804391963,29003.966913120003,35198.285758976,47804.384288512,39828.835015584,58647.480726528,55411.806635658,1325.2533090585168,139.0468410045924,134.34872182504273,131.60112779589844,141.42341021069336,139.6816823671875,129.1986926171875,126.86731715234374,97.61746675756835,143.46424778124998,142.00380154675292,45180.16618619985,5165.567923191684,5085.705344603722,5009.164257583567,5017.548200794314,4535.1365681200705,4886.1907240933215,4788.453580563816,3262.870661689319,4036.1788934020847,3393.3500321579613,246017.93718017836,11368.105237459105,16200.931293024269,18347.205588683002,19665.400686768,20090.651868160003,24559.207616000003,33856.474905024,27188.7341448,39165.298855744004,35575.926984516,1506.1571296871223,149.4963233044014,145.53914285342407,141.41782822021483,159.90388975830078,161.86881291796874,144.99824815624999,142.1427502988281,113.24401172009277,172.00256709375,175.54355536389158,61636.489370954936,7232.636447200711,7126.286937664531,7076.906124249824,6832.209094355207,6081.956815615891,6740.57948535411,6592.3763348014645,4371.83389606373,5085.9829246352065,4495.721311014267,323776.08927808865,15500.50633051048,22125.86335284013,24664.428624658,25885.506830924,26037.246265032,32744.085553024,44213.639299256,36474.429851584006,49281.388001408006,46848.995168852,1249.5643771831787,135.13362666882037,127.10246577705382,123.56504183862305,136.30808973730467,132.63547600390623,115.763723453125,120.4861506484375,86.87883027978515,135.16626937499998,136.52470340112305,125782.48201998128,14310.04273524823,13940.854557900284,13929.845182043278,13653.18276033098,12718.301201984548,13336.121514819042,12421.937848454992,9137.440114060006,11606.470435119607,10728.285670020337,624142.7557594823,25322.465804145366,37045.78065669082,43935.683830516005,45531.38997517,49613.44570656,61080.930246656004,82584.218560256,70583.886643456,106667.02611558401,101777.92822044801,1229.3299879423846,136.9475816588459,131.0762813327942,129.35350143823243,132.5663121352539,127.01136340039062,120.74857513671874,118.96282444140624,87.2823685125122,124.22869768749999,121.15248219873047
2072.0,87132.30834507605,9603.430256456093,9439.832852593303,9402.938046060133,9368.80019060116,8921.647930072699,9143.32261208401,8565.89228985389,6522.137270102262,8445.965678379209,7718.341218873247,461524.65220726706,17846.607896043737,26369.744464648345,31853.540997974003,33110.932930535004,36924.729501952,44860.527091712,60529.871372096,53175.240307968,80540.869658368,76312.58798597,1175.0024125917143,126.00793851427602,121.61383276335144,119.93152870922852,125.345173078125,122.81592869726562,114.8714123203125,112.93563220703125,86.19392761035157,124.8576495,120.42938919177246,72058.16428718998,8123.209989772852,7998.578942314206,7840.855203324606,7912.964367446633,7337.03017534895,7656.127459333845,7349.290962193239,5253.215895277401,6613.310451187854,5973.580840990403,360968.94819200813,15644.960679081052,22687.291586077063,26168.360377158002,27663.662996708,29382.453304448,35544.622381568,48295.055588480005,40070.492271648,59241.530665472004,56270.518341368006,1322.7698056986108,138.97042223304987,134.16063089671326,131.35362417504882,141.36559460498046,139.54795603515623,128.8378095703125,126.57197020703124,97.14719487316894,142.94171371874998,141.8728893843994,45484.53242648467,5199.75704826272,5117.193397340667,5034.913621845125,5057.959679844973,4573.987640665671,4914.0105398541,4815.527826183223,3275.197412990875,4063.7924029670116,3432.1928565303065,246474.714673459,11389.13278468519,16233.322768578304,18368.840583636,19736.216182131502,20156.724149088,24594.662497024,33913.575249344,27126.961784128,39203.845037440005,35751.433637404,1509.790496471156,149.822277766078,145.7877581512451,141.56394737353514,160.4891913564453,162.445005375,145.20224515625,142.41791762109375,113.28260825952148,172.34267978124998,176.4368656307373,62109.009857328725,7304.073136734001,7188.330564818917,7132.543230908899,6895.81550630706,6136.117757441473,6786.152173076906,6642.544445200492,4382.316205669687,5101.510883289338,4539.605953881943,325451.21557947574,15643.866403975617,22315.773727341137,24822.767804367002,26093.032009870003,26204.10998968,32909.740747136006,44445.88315572,36494.776154336,49337.251803264,47184.013783786,1245.6255970087193,134.99266885404109,126.7668876342926,123.14980617993163,136.16456698657225,132.3627054082031,115.0936034921875,120.0944738984375,86.18149164135741,134.51994034375,136.29945256994628,128070.58632977733,14622.555220889202,14216.964549886592,14197.020894028514,13932.506795592111,12967.960346616328,13552.467027846069,12620.124419917625,9245.477743021602,11767.57113177281,10947.938200206567,634508.8816218555,25869.85109442602,37777.07399763738,44748.109742340006,46439.12580762801,50552.14908576,62000.61762457601,83870.12964576001,71288.05386176001,108152.41781760001,103811.352944368,1225.0243595931538,136.8734250697012,130.8523803966217,129.09330099682617,132.33343116259766,126.6238520390625,120.22933478906249,118.47837421093749,86.60123159631347,123.3489446875,120.59008464453125
2073.0,88098.37933942724,9730.580656616667,9548.915508231723,9505.600930271683,9490.613855575755,9037.985038086348,9228.740598173583,8641.522784937231,6562.336988057908,8518.159875709667,7833.923103766593,466137.6900902754,18056.91460454929,26655.146247088087,32181.589726732003,33515.985136256,37382.882655232,45247.607116288,61065.439113888,53414.045613696006,81230.390294272,77387.689582274,1169.3835387918443,125.63418073167895,121.14466057365416,119.43133979077147,124.93504161083983,122.32459141601562,114.230224046875,112.33681966796874,85.5020717769165,123.98226862499999,119.86234055212402,73111.08699841415,8249.574377359324,8113.878644412655,7946.9375811339705,8040.083566053706,7457.852869825938,7754.623020235636,7442.3693382117835,5309.340435873231,6704.823015299152,6091.604150008864,364929.98636484495,15825.496407675282,22942.557730390643,26443.023828854002,28017.291633917,29763.901993056003,35886.631147520005,48783.033484416,40303.648968352005,59830.434157184005,57133.96701348,1320.3250262950414,138.8965178332343,133.97546642848204,131.1097242644043,141.3118172050781,139.41815393554688,128.4803391875,126.2805463203125,96.6810635847168,142.42529553125,141.7461020045166,45795.63600097655,5234.642321394876,5149.315329902661,5061.26129241208,5099.299107944843,4613.749892831174,4942.351418663676,4843.087065688018,3287.841560054812,4092.1369290637813,3471.9510830206555,246913.87067408088,11409.339281084427,16263.993427173946,18388.976844560002,19806.8369907205,20222.636202560003,24627.385010176,33967.882067056,27061.182447168,39238.879776384005,35926.758627198,1513.4958802547405,150.15531751969434,146.0427680996704,141.71652727148438,161.08397122802734,163.0299147890625,145.41057764843748,142.69965523242186,113.32557202893067,172.690737625,177.3408388120117,62588.58052540814,7376.420552930445,7251.1568258396655,7188.925621251356,6960.382665280486,6191.103467135652,6832.303293305229,6693.5376047307145,4393.013937481921,5117.454104765147,4584.28245268764,327031.99079653603,15786.137909667565,22502.25508053447,24976.195068709003,26296.662303899,26365.274255856002,33064.698472064,44665.875876360005,36499.0962624,49371.476738464,47504.318828582,1241.7979559820633,134.8605170069046,126.44024678985595,122.74442962329101,136.03262459106443,132.10136920507813,114.43265699218749,119.71474610351562,85.49465395776367,133.88943915625,136.08727255615233,130414.31564718996,14942.761225699118,14499.538502413812,14470.478722813048,14219.077721346028,13224.011500017792,13773.356411962228,12822.741299576846,9355.786982837668,11932.861099521415,11173.702181002172,644798.615908372,26424.773619036354,38512.89909842166,45563.757797448,47352.446035702,51491.955904832,62905.908868096005,85142.276443904,71963.14417094401,109605.812588032,105835.64138195601,1220.7867453460035,136.80593320276927,130.63515607841492,128.84018030322264,132.1073040625,126.24257210742186,119.71748662499999,118.000494609375,85.92647539733886,122.47793165625,120.03321130371093
2074.0,89084.93097467755,9860.050857557122,9659.899327945477,9610.143919890108,9615.138132064114,9156.989394084676,9315.6222873393,8718.636409728664,6603.554104391536,8592.436279273472,7952.460262403143,470623.0243516543,18266.230012282253,26936.01528057308,32503.861982388004,33917.427272473,37835.759494912,45618.440141824,61582.649969632,53628.322539776,81889.358325504,78444.95933229,1163.8214917046528,125.26428922032356,120.68009685383605,118.93643583642577,124.52993616406249,121.83851090234374,113.5950952890625,111.74382708203125,84.81670442700195,123.11563859374999,119.30095733581543,74187.51931960533,8378.522431131707,8231.407104984813,8055.110310192776,8170.213182953613,7581.690981119732,7854.9494688198365,7537.23295208609,5366.691487537146,6798.773080362729,6212.9283204169715,368891.9743133415,16007.632082423392,23198.24601838104,26718.450382506002,28374.307022187,30149.194114464,36225.124917248,49269.464234816005,40529.420051776004,60416.000580224005,58004.134909316,1317.9188589054465,138.82512089310217,133.79320452552795,130.86940606030274,141.2620669963379,139.2922981269531,128.12623736718749,125.99302898437499,96.21902944946288,141.91489146875,141.62357503344725,46113.62497126934,5270.238911810539,5182.084136588226,5088.219068368726,5141.588871626601,4654.445544986239,4971.222190496526,4871.139225699081,3300.8079122063937,4121.229958996251,3512.649150490812,247339.85721113923,11428.863441276966,16293.157520342733,18407.912645967,19877.6004948515,20288.798243168003,24657.798294016,34019.945194496,26991.926003456003,39271.161033920005,36102.694339645,1517.2735632291092,150.49546846923684,146.30418821629334,141.87557225341797,161.68829861450195,163.62361053125,145.62322771875,142.9879875,113.37286571252442,173.0468058125,178.25553840063475,63075.31269786351,7449.691841350734,7314.776337907527,7246.0638153437,7025.927064787188,6246.9277159016865,6879.04095237834,6745.369349172429,4403.928948786619,5133.823853391549,4629.76281884367,328527.57567328785,15927.519645956065,22685.664018061714,25125.249859528,26496.955253864002,26521.42443984,33209.88604224,44874.831301296006,36488.698562432,49385.862927840004,47811.48362223,1238.0808551866417,134.7371518455162,126.12250050701904,122.34883301782226,135.91225091992186,131.85145749804687,113.78080152343749,119.34687337304688,84.81818429748535,133.27473909375,135.8880631105957,132815.24259127933,15270.870437515863,14788.743478724658,14750.384633123804,14513.114148280578,13486.645557509493,13998.893335399518,13029.904611140724,9468.419191111165,12102.489435179685,11405.777763294023,655035.4291558695,26987.793360510594,39254.12162398877,46383.964354368,48272.882820194005,52434.843327488,63798.82445209601,86403.67989107201,72611.919783168,111031.7449472,107855.65459578401,1216.616913831004,136.74509402897166,130.42458437387086,128.5941188203125,131.88790127929687,125.86749809375,119.21297812890624,117.52913476953124,85.25799932122803,121.6157611875,119.48184382763671
2075.0,90092.48110063793,9991.895886847993,9772.826594865934,9716.61075986547,9742.450245468557,9278.736060316114,9403.993402694587,8797.267611316887,6645.808857115969,8668.855588953407,8074.036093192855,474984.3400709596,18474.477294543725,27212.30703102985,32820.449805056,34315.326165936,38283.586774912,45973.332476416006,62082.047235424005,53819.101281216004,82518.813117952,79484.89888847401,1158.3157493715562,124.89823458000659,120.22011617375182,118.44678108642577,124.1298049543457,121.35765399414062,112.96596757812499,111.15658766796875,84.13774845007323,122.25769006249999,118.74516482421875,75288.13873472685,8510.12281690286,8351.219283297762,8165.427989283606,8303.447597066335,7708.638134609489,7957.150020061201,7633.927729174043,5425.302917778005,6895.24326511352,6337.658981440089,372857.1842284053,16191.356537330763,23454.324277879536,26994.711336912,28734.810035435003,30538.5586688,36560.217251328,49754.658513888004,40748.28774192,60998.792460544006,58881.467404368006,1315.5511542083939,138.75622694540883,133.61383371525574,130.63266301293945,141.2163541130371,139.17033523046874,127.7755111328125,125.70941323437499,95.76105401171874,141.41054009375,141.50522271862792,46438.66139121212,5306.56273906986,5215.513090969515,5115.799955535867,5184.853127374537,4696.098407310626,5000.632583196992,4899.694669602906,3314.1041248764946,4151.09007998444,3554.3126132908824,247755.5170884278,11447.768019827045,16320.921520168216,18425.788027111,19948.6939048565,20355.441101248,24686.140050688,34070.179799824,26919.627361280003,39301.256263552,36279.701039873005,1521.1240226009263,150.84275770102406,146.57203865917967,142.0410931875,162.3022606118164,164.22617036132812,145.84021146875,143.28296966601562,113.42453645703125,173.41088796875,179.18109651953125,63569.330519685755,7523.901074067678,7379.200656596781,7303.971844765939,7092.468385854574,6303.606368114543,6926.372643810549,6798.05605221333,4415.066146947968,5150.623140343848,4676.0642069706955,329941.47997077665,16068.010441045482,22866.02983301717,25270.052919952002,26694.062215688,26672.805060064,33345.588505088,45073.286352856005,36464.275812,49381.396956864,48105.971874202005,1234.473867298533,134.62256117565394,125.81360785578917,121.96297904663085,135.80346821899414,131.61296918554686,113.1379536796875,118.99083757226562,84.1520212088623,132.67561309375,135.70185626135253,135274.94306825884,15607.097952147631,15084.750217714294,15036.906476189228,14814.84260188947,13756.058122897237,14229.185200969152,13241.73346396481,9583.434257373308,12276.568634451245,11644.366140662407,665224.9652851521,27558.939075366925,40000.8013878971,47208.973041484,49200.719652904,53381.287762304004,64679.766489088004,87655.14147168,73235.570808256,112431.57017088,109872.19542529201,1212.5142309184855,136.69090154330252,130.2206456099243,128.35508661499023,131.67519730981445,125.49857770703125,118.7157684296875,117.06423761328125,84.59574884191895,120.762145875,118.93592137353515
2076.0,90948.13484817643,10109.184627588005,9871.050881621126,9808.664381627617,9853.935521884732,9383.199803051895,9476.463637260978,8862.76417464563,6676.362242221642,8729.183901181717,8177.325677093489,479183.4972890235,18680.551480557322,27482.33011511811,33128.97155391,34706.854284844005,38722.8610128,46308.859139072,62559.09893952,53983.534547968,83112.11523712,80498.320978114,1151.714991911074,124.42140078943109,119.65188463885498,117.84979319604491,123.61066342871094,120.75475978710936,112.225642140625,110.466564265625,83.38354378552246,121.29261053124999,118.05812934790039,76319.1648876647,8635.689386665406,8464.12663544293,8269.111660214308,8429.331139854588,7827.434379952343,8051.077373124557,7724.681369173389,5478.64413525962,6984.848468642636,6454.2203393350765,376806.58711085113,16376.114232229285,23709.822751558906,27270.569755660003,29097.348173015,30930.239029088003,36889.959131136005,50236.566784736,40958.8366208,61575.772722048,59761.35791058,1312.3120445032287,138.60609519161366,133.35320433261109,130.3148435554199,141.07332857373046,138.94686575390625,127.336251515625,125.3447933828125,95.24784284362792,140.82247946875,141.26633988513183,46743.87428851271,5340.180275530509,5246.467561033508,5140.77910219381,5225.860988234557,4735.172292962473,5027.542254472765,4927.1555509723285,3326.5521007849547,4180.017226338628,3594.146935989167,248159.2584409116,11465.934564011493,16347.116596161071,18442.331505181002,20019.927249049,20422.329813104003,24712.134294016003,34118.598292064,26844.441602720002,39329.263149056,36457.181375549,1524.6647771090775,151.15076820497893,146.81116725175477,142.1774782631836,162.86792573803712,164.77658265234373,146.0390585703125,143.56053844335938,113.48006992333984,173.76705625,180.03413181176757,63996.34385079133,7591.366588130716,7436.268849743569,7354.727040875103,7151.997121011718,6353.049690955502,6965.6003041412405,6845.060936484761,4421.005071806834,5161.675522627362,4715.59272501443,331262.00312644744,16207.11781608564,23042.545156993878,25409.647059757,26887.068351673002,26818.470879672,33470.329976704,45259.973517352,36424.915506848,49356.83921264,48385.095648722,1229.821478583588,134.4149243767247,125.41041326802062,121.47949204394531,135.57613884033202,131.25054253320312,112.39088767187499,118.53950375976562,83.41283668774413,131.97435390625,135.37238549572754,137563.51547142694,15928.171202214058,15365.010548799091,15307.947129857755,15099.21292877797,14005.99218767901,14441.033949508237,13438.526204494794,9684.645943119122,12432.142670231156,11860.832706745618,675314.7507315207,28136.589983031008,40750.556125793584,48035.411705000006,50132.082853132,54326.738182976005,65543.91597670401,88890.110594432,73830.357781568,113796.430166528,111872.557362356,1207.351416972847,136.53135000313569,129.9130426251068,128.01318737036132,131.34649250781248,125.01108258984374,118.107855578125,116.49475073046874,83.86160120056152,119.81040028125,118.26165408618164
2077.0,91820.67704369145,10228.415968108859,9970.839578228206,9902.271082469173,9967.722251165571,9489.876844386868,9550.078217515784,8929.489141652752,6707.718112875303,8791.22040552567,8283.045441763306,483237.92021786567,18884.76682113869,27746.66616639197,33430.350154562,35093.033640129004,39155.004901696004,46626.607005184,63016.08174912001,54123.87802896,83672.77749171201,81488.75425897201,1145.180855179127,123.9490531622815,119.08908769744872,117.25890751416016,123.09726051098632,120.15806247656249,111.4925865390625,109.78334915625,82.63694399932861,120.33759846874999,117.37800565429687,77372.08386941109,8763.703326413764,8579.10112342294,8374.73439698861,8558.060938802422,7949.042018268868,8146.640765405618,7817.105473969328,5533.1082064817365,7076.733406291359,6573.854213366429,380749.5706485912,16562.099972070882,23965.07227499531,27546.546519238003,29462.549559453,31325.112865792,37215.180407808,50716.312705120006,41162.148697216006,62148.714002944005,60645.83364395401,1309.1126184067734,138.45835550714588,133.09553451901243,130.00069954833984,140.93416407055665,138.72730633398436,126.90069782812499,124.98418183593749,94.7391118026123,140.2407526875,141.03181427355958,47055.788469319334,5374.491568402611,5278.050492597774,5166.346305819968,5267.806477218417,4775.151301478796,5054.955203198661,4955.101828828305,3339.3105779928956,4209.676895920493,3634.8978178613147,248555.22117302608,11483.495647324387,16371.95259692564,18457.826108164,20091.616056358,20489.846175488,24736.187762432,34165.692010336,26766.845203168003,39355.852806144,36635.906806686005,1528.2713721792754,151.46548517640684,147.05632554083252,142.3198834785156,163.4422315871582,165.33480985937499,146.24195665624998,143.84420341796874,113.53957714575195,174.13041074999998,180.8964885670166,64429.68968293667,7659.645996964415,7494.023106371599,7406.146252718992,7212.406407716248,6403.2220444105305,7005.309583636598,6892.881545135574,4427.1287768749335,5173.113920108567,4755.812048999319,332498.1762556141,16345.04350597765,23215.58208440038,25544.571068234003,27076.525246434,26959.100055360002,33585.049247872004,45436.107689312004,36371.888231456,49313.922743616,48650.386382952005,1225.2870776539773,134.21639396428012,125.01675977233886,121.00651296508788,135.3606154057617,130.90009852539063,111.654221421875,118.10073184375,82.68526510131835,131.28995390625,135.0565247479248,139904.2941967968,16256.720738726373,15651.476229264914,15585.018111906495,15390.545661805083,14261.909146718655,14657.04708095899,13639.476853122058,9787.809798722537,12591.45793087936,12082.832644692362,685327.8066021381,28721.326010610075,41504.28177387786,48864.611566776,51068.50365771,55273.164471552,66393.30452377601,90111.563048384,74398.868931712,115130.63063808001,113861.55197966001,1202.2639126602583,136.3786353043165,129.6125701638031,127.67882306176757,131.02498013012695,124.5305495859375,117.50831576171875,115.9326543203125,83.13480691015624,118.86855324999999,117.59402417211913
2078.0,92710.48257807014,10349.631675851046,10072.223055915867,9997.463228823275,10083.868956158953,9598.821227423272,9624.855802629634,8997.46821758533,6739.89027148265,8855.005806353487,8391.254335846548,487164.20726150984,19087.426118196217,28005.879704038667,33725.45388645,35474.838556917,39581.380776768005,46928.0953344,63455.118759328005,54242.272907744,84204.154483456,82459.586734212,1138.7125332840876,123.48115152827405,118.53167166377258,116.6740663605957,122.58953208349608,119.56748028906249,110.76673025,109.10688407031249,81.89785504541015,119.39253968749999,116.70462230566406,78447.4802694453,8894.225781104553,8696.190473229388,8482.34507111372,8689.720992682973,8073.544279576452,8243.875649300559,7911.240255817792,5588.723777949578,7170.967021904825,6696.646966765634,384695.21931622934,16749.5053783674,24220.39321013397,27823.139703024,29831.02560855,31724.051716192003,37536.668226048,51195.018060736,41359.253705760006,62719.302994176,61536.860713242,1305.9523805901526,138.31299242656326,132.84079294447326,129.6902166911621,140.7988455180664,138.5116383671875,126.4688369609375,124.6275643203125,94.2347938848877,139.66527568749999,140.80142378906248,47374.54449401837,5409.511170504111,5310.273870810728,5192.513020561703,5310.710535983925,4816.056770744917,5082.878871412184,4983.541692497217,3352.3851385556004,4240.084920769261,3676.588502178745,248947.33937059113,11500.57996982668,16395.627885099915,18472.541255552,20164.0495663635,20558.358175136,24758.679469824,34211.926817536005,26687.270148448002,39381.656738368,36816.649344437,1531.9438912956653,151.78692724920225,147.30750980415343,142.46831095507812,164.0252013696289,165.90087547851562,146.4488749453125,144.1339849375,113.60308474291992,174.50094828125,181.76817353210447,64869.4593032549,7728.750290761131,7552.471818756066,7458.240976386978,7273.710508926166,6454.134321238518,7045.505214292289,6941.532078541979,4433.438369552703,5184.944327848517,4796.731396950598,333658.6590228079,16481.986288942553,23385.49819328439,25675.340719008003,27262.970665161003,27095.342035768,33690.622607232,45602.845357664,36306.366136608005,49254.286398112,48903.400621028006,1220.8696609109215,134.02693152203608,124.63257357943725,120.54396791259765,135.1568418269043,130.56156431054686,110.92782534375,117.67440921679687,81.96915327880859,130.62224271875,134.75415120129395,142298.64797033658,16592.936262315452,15944.296634977529,15868.268723135063,15689.036608740544,14523.972602119771,14877.317528150934,13844.688278746034,9892.967782135682,12754.623479156287,12310.54007085905,695286.4351234173,29313.716003297435,42262.85241788377,49697.876620644005,52011.478416752005,56222.485591936005,67229.874953216,91322.371114944,74943.643426432,116438.28720947201,115843.84936884,1197.2512485693703,136.23272892168043,129.31918586198424,127.35195530126953,130.71060971557617,124.05690488085936,116.91711677734375,115.37788175390625,82.41527232598877,117.93652078125,116.93307224951171
2079.0,93617.95879762253,10472.87517093015,10175.23229296324,10094.27492042936,10202.439959959143,9710.093371769884,9700.815133603925,9066.729023908045,6772.895866383364,8920.577525917422,8502.025531757856,490978.21558483166,19288.825109153826,28260.501206673893,34015.133988804,35853.207494008006,40003.292575488005,47214.763710976,63878.248559488005,54340.747905568,84709.384220672,83414.110814,1132.3095431427942,123.01765852296685,117.97958239369201,116.09523133618164,122.0874525751953,118.98299194726562,110.04800827343749,108.43710446093749,81.16622449298096,118.45727696875,116.03801217138671,79545.9747210337,9027.32147589853,8815.445168739949,8591.991964825625,8824.400071672639,8201.029029753943,8342.817056782686,8007.127596191613,5645.522128942833,7267.618770276591,6822.701457949491,388652.41351032304,16938.519680835798,24476.089944495205,28100.835439410002,30203.381922486,32127.914651744002,37855.187666944,51673.736399296,41551.136768992,63289.202586368,62436.408449752,1302.8312318147778,138.16999720447205,132.58896829377747,129.3833607927246,140.66738283447265,138.29986801367187,126.04062457031249,124.27488820703124,93.73486918713378,139.09602615625,140.57524655493162,47700.29550985759,5445.253954035245,5343.1508416802,5219.291257326214,5354.597870586544,4857.911761675854,5111.322111557107,5012.483190548852,3365.7822040899114,4271.258537480392,3719.2437808772943,249339.4054614132,11517.309576114614,16418.329689915052,18486.730544786,20237.5246687375,20628.221971312003,24779.966585344002,34257.759767920004,26606.120153664,39407.332151744005,37000.110351876,1535.6826711617537,152.11510910596752,147.56473985998534,142.6227761767578,164.61691276586913,166.47485735546874,146.659834171875,144.4298758144531,113.67060620922851,174.87870093749999,182.64925876464844,65315.76554572614,7798.692046568153,7611.6245908158335,7511.021753841653,7335.92669584531,6505.799726778432,7086.192945352247,6991.029190373581,4439.937421979901,5197.173677708506,4838.367496462559,334751.5858698762,16618.135183232265,23552.631470702996,25802.444120707,27446.912352968,27227.81187212,33787.892295168,45761.283316616005,36229.469952256004,49179.459489408,49145.545816698,1216.568711772333,133.8465059876194,124.2577987610321,120.09177493115234,134.96479945263673,130.23489523242188,110.21159553515625,117.26048158398437,81.26441118505859,129.9711096875,134.46533941577147,144747.99548429245,16937.01559126722,16243.627732011699,16157.850759559755,15994.892265152892,14792.357562544485,15101.936376108364,14054.26570565792,10000.16620138222,12921.758356345126,12544.12493426277,705212.2517399947,29914.335773849187,43027.12514955564,50536.480394516,52962.477416358,57176.578954368,68055.497831424,92525.32872915201,75467.0853376,117723.38796902401,117823.95418414801,1192.3130622430429,136.0936226247263,129.03286727377318,127.0325437175293,130.40337300390624,123.59013919335936,116.33418906640624,114.83038163281249,81.70293025177001,117.01430309375,116.27871238500975
2080.0,94543.51174866653,10598.190966932061,10279.899907942277,10192.73786095073,10323.497728693834,9823.75137283416,9777.974255047433,9137.297078187426,6806.7479508200295,8987.986000963261,8615.42862629551,494681.0054701054,19488.837748638987,28510.429477469395,34299.346149774,36228.052560483,40420.753665280004,47486.722597888,64285.703646272006,54419.870447616006,85188.92784896001,84352.36132772401,1125.9712730040135,122.55854392012071,117.4327791201477,115.52232519409179,121.59095495629882,118.40452142578124,109.33634915625,107.77392484375,80.44194813378905,117.53179781249999,115.37812844128418,80668.20442714459,9163.056105815926,8936.916412854918,8703.725304868885,8962.186962066844,8331.58553376154,8443.502991367248,8104.8119935086615,5703.535405808307,7366.764872190072,6952.118844902237,392622.03266801033,17129.0993143534,24732.099431564908,28379.635787408002,30579.625595926,32536.812424704003,38170.729535488004,52152.630488096,41738.054743936,63858.656352896,63344.688993638,1299.7489266933082,138.02935855816125,132.3400445348053,129.08010519262695,140.5397331015625,138.09197530468748,125.61604484374999,123.92615312890625,93.23930042675781,138.53296484375,140.35324675830077,48033.19401679177,5481.735700338569,5376.6945392419775,5246.693207334149,5399.491184437023,4900.7376934401345,5140.294304788916,5041.936578513668,3379.5067219417288,4303.214040262298,3762.890046493247,249732.91298823734,11533.71017448608,16440.111928387254,18500.472038811,20312.122798995002,20699.567205712003,24800.164454912003,34303.368050096,26523.631297856,39433.194012992004,37186.57102599,1539.4879297651628,152.4500541191516,147.82802721913146,142.78326038623047,165.2174074887695,167.05676117773436,146.87484135937498,144.73195133789062,113.74210519519042,175.26362959374998,183.53989188793943,65768.7071270724,7869.48283472259,7671.490753075029,7564.500116017499,7399.071190504383,6558.231450901016,7127.378296408188,7041.3877395447025,4446.626201060678,5209.807546227069,4880.730998611175,335778.848798325,16753.44461314165,23716.963094463383,25925.928352414,27628.392044004002,27356.633058680003,33876.994425984005,45911.731895696,36141.603857056005,49090.042519616,49377.11493727,1212.3834312674317,133.6750972436738,123.89237774824524,119.64987038891601,134.7844605715332,129.92006370312498,109.5054381953125,116.85885166601562,80.57087308105469,129.33639521875,134.19000345080565,147253.74988140803,17289.159240306537,16549.626953914703,16453.92058160216,16308.322016754959,15067.236719925488,15331.000023955114,14268.318826165982,10109.448862712072,13092.961414081728,12783.755241989224,715107.3506384578,30523.139168385154,43797.0830433665,51380.48128486401,53921.578931686,58135.643536512005,68870.306710528,93720.74923097601,75969.77245056,118986.44028825601,119802.155993324,1187.4485945272827,135.96128835639954,128.7535718804779,126.72055273510742,130.10323046093748,123.13017383398437,115.75949028515625,114.29010558984375,80.99769474621581,116.1016788125,115.63080782666015
2081.0,95306.8874964387,10707.685619548098,10369.078940674424,10275.562755650253,10427.352826363745,9919.275583092827,9838.461168020682,9193.7300129631,6828.01197843485,9038.120728380218,8709.607883310513,498231.4341291635,19686.22877944725,28753.895181280288,34575.518801544,36596.317803950005,40830.006525376004,47740.44341350401,64672.529284288,54476.193000224004,85635.506072064,85264.795267486,1118.5167046808142,121.98087742588567,116.77067894706725,114.83555543823242,120.97253671777344,117.70274466210937,108.51617459375,107.00242071874999,79.64376865002441,116.501030375,114.59091715222168,81711.33308750561,9291.798453608362,9050.772360822724,8807.83235846431,9091.408412894201,8453.200463227577,8534.91900370341,8195.754208672239,5755.3803872353155,7457.906441649484,7072.360997227864,396581.8340072943,17320.585456470537,24987.37845613078,28658.145887188002,30958.074563749004,32948.700005888,38481.148831232,52629.29940224,41918.08443968,64423.898586496005,64256.518378220004,1295.8882284863776,137.81322441672134,132.01733643476868,128.70427825146484,140.32190209936522,137.7914065175781,125.117179359375,123.50813488671875,92.6974921151123,137.90026946875,140.01700493652342,48340.357908449245,5514.87941212762,5407.272858593799,5271.10192960844,5441.453264955002,4940.565439377466,5166.13481619946,5069.203302946938,3391.7668256939987,4333.696900476773,3804.283158469709,250123.75706451316,11549.59073153274,16460.712724108398,18513.380999205,20387.441003114,20771.951370768,24818.777308672,34348.33173856,26439.603981408003,39458.866555968,37375.100651177,1543.1014153503709,152.74903286596535,148.06825954190063,142.92589785742186,165.78450855493162,167.60293830273437,147.0809252421875,145.02498774999998,113.83001162011718,175.66030953125,184.3745440838623,66148.58378525045,7932.764366387414,7723.550078263815,7610.046315564492,7454.335534469748,6603.025314679149,7159.690222937401,7085.322096228229,4447.47940568913,5216.186352534899,4916.184098496128,336726.4337279042,16887.29665363094,23877.584939131273,26044.691814244,27806.260523702003,27480.648862200003,33956.294164544,46052.621812936006,36041.430132672,48984.318838880004,49595.285985964,1207.3006790880313,133.41662809407376,123.4410909319458,119.12139971679687,134.50381360009766,129.50314891601562,108.7118111171875,116.36969078710936,79.81604824829101,128.61636415625,133.80068352026368,149569.70157223486,17623.969200160132,16838.40789314859,16732.31539358769,16602.090882957993,15320.870388181838,15540.34782414558,14465.56150744996,10203.307392858818,13243.457615110616,12999.373474633478,724913.0580656963,31138.22645304217,44570.13589769835,52226.07105086,54884.43709258,59094.578660224004,69669.203190784,94901.269020096,76446.88994681601,120217.35819776001,121764.888555836,1181.499522340412,135.7145558991127,128.36269445491027,126.29821924511718,129.68402532421874,122.54978850390624,115.07690678124999,113.640468453125,80.22180816290283,115.0926391875,114.85841632836913
2082.0,96084.76181991125,10818.838815198798,10459.577586952983,10359.706700510635,10533.241336891504,10016.716751220205,9899.877498272856,9251.226454781588,6849.955703365846,9089.740433881467,8805.880538835474,501645.8879011795,19881.31537092935,28991.474732131057,34844.531199248006,36958.975066079,41232.380637632,47977.429648384,65040.818282496,54511.766864864,86052.374354688,86154.821744728,1111.1397446693807,121.40845665958452,116.11495635806274,114.15586537573242,120.36077360546875,117.00829151562499,107.70454055859375,106.23888155859375,78.85431546545409,115.48164890625,113.81201466601561,82775.8657677671,9422.957759672941,9166.626673608382,8913.815028694988,9223.462218744833,8577.5873332537,8627.856053731666,8288.335088165271,5808.307816077276,7551.301624492934,7195.61617132511,400541.0756892288,17513.178503978008,25242.25468621675,28936.873325212,31339.350805662,33364.459245024,38787.260556288005,53104.864332128,42092.235410496,64986.645603712,65173.953220512005,1292.0678147515143,137.59940461699296,131.69762866857909,128.33219438867187,140.10779405151368,137.49478814453124,124.62230648437499,123.0941600390625,92.16036942077636,137.27402721875,139.68514171826172,48654.265879750004,5548.720430999035,5438.477868391088,5296.098441389814,5484.372617444369,4981.309542590519,5192.46982574019,5096.957414603331,3404.3356942932173,4364.919782148995,3846.60426214934,250515.61403421868,11565.073139515673,16480.320328542966,18525.708439694,20463.75612153,20845.72310048,24836.164146944,34393.088961936,26354.425390784003,39484.923948608004,37566.430456184,1546.7752025539187,153.0544160097904,148.31419564520263,143.07419381835936,166.35966297705076,168.15627379882812,147.29071442187498,145.32358856640624,113.92148605383301,176.06331215625,185.21735910632324,66534.3049734715,7996.771747223376,7776.216571538255,7656.194084884421,7510.417892168052,6648.479275127505,7192.413390315692,7130.085286659435,4448.510103270504,5222.953314290299,4952.263307993805,337602.7445708447,17019.89456407353,24034.856953708153,26159.248911923,27981.051639364003,27600.501399736,34026.663953536,46185.081378168004,35930.049713376,48863.848453824,49801.547603136,1202.341382351353,133.16749510719728,122.99979709913634,118.60398515844726,134.23528447705078,129.09877530664062,107.92949920703124,115.89336786523437,79.07360122387695,127.91385506249999,133.42572184423827,151935.70612773325,17966.15275742401,17133.263523024852,17016.59779566064,16902.687312266484,15580.226150329734,15753.607090825488,14666.791594021943,10298.881269494434,13397.380212726423,13220.118421959165,734651.4053783284,31760.192104784306,45347.18932191413,53074.5477639,55852.542437018004,60055.299592832,70454.158241792,96069.74937286401,76900.82801696,121420.134636032,123716.763890232,1175.6343750453138,135.4748578071699,127.97945515483093,125.88397636572265,129.27264847338867,121.97728838476561,114.4038251328125,112.99923894921875,79.4543029463501,114.0947000625,114.09408176855469
2083.0,96877.41408934504,10931.68320985128,10551.419036475474,10445.193240262264,10641.208862278057,10116.117491476733,9962.234284356438,9309.805266475705,6872.588670930773,9142.87507518348,8904.288952055129,504939.9683554097,20074.404470280526,29223.718094613032,35107.22283836,37316.962858880004,41629.176205952004,48199.124110848,65392.59478528,54528.528069184,86442.513374976,87025.723547036,1103.8394128343887,120.84123595928192,115.46555132469177,113.48317822607422,119.75557269824218,116.32108790820313,106.90133911328124,105.48321576562499,78.07349198486328,114.47351934375,113.04122051037596,83862.35246530709,9556.592417606209,9284.525382035827,9021.717881580054,9358.4283676753,8704.822396414103,8722.34374911692,8382.592038667037,5862.348778237441,7647.0126547677755,7321.968799206519,404508.58268597216,17707.07490298624,25497.048943841917,29216.313655636,31724.063283194002,33784.94437568,39089.831177728,53580.37035104,42261.493841888005,65548.502170112,66098.939983866,1288.2872872789287,137.38787705257988,131.38091232473755,127.96382777905274,139.89739283374024,137.20205815429688,124.131380859375,122.68419508593749,91.62794323999023,136.65416653124998,139.35753341796874,48975.065378769184,5583.273268894577,5470.320931704781,5321.693518071515,5528.27008548256,5022.990094922121,5219.307435877764,5125.206707307055,3417.2191954556456,4396.9024309319575,3889.881710121252,250911.92120990416,11580.275003749457,16499.112548075715,18537.693784479,20541.333930292003,20921.219329104002,24852.662914048,34438.0180608,26268.441325376003,39511.924011392,37761.240302588005,1550.5098088301115,153.3662205444517,148.56581643177796,143.22812867285157,166.94290035913085,168.71681569140625,147.5042106640625,145.62774452148437,114.01652508825683,176.47275115624998,186.06869570043943,66925.96389430597,8061.5150027791915,7829.4980586285465,7702.952817743739,7567.333038603362,6694.604761969454,7225.551378554647,7175.69532930101,4449.718856470237,5230.114232252382,4988.980418003503,338415.7093469192,17151.4327901092,24189.12949562405,26270.084547000002,28153.262257828002,27716.795276856003,34088.923122304004,46310.160270656,35808.545029184,48730.06672768,49997.309829678,1197.504550716081,132.92765860049582,122.56842443272399,118.09751823852538,133.97879824951173,128.7068919453125,107.15835261718749,115.42981042382812,78.3433813807373,127.22865834375,133.06505648400878,154352.97952532594,18315.88688015353,17434.330745369305,17306.904572355517,17210.29144727916,15845.451950976836,15970.851421862275,14872.098875756243,10396.207224538668,13554.826425518218,13446.129981516186,744343.5719793328,32389.62600782844,46129.11447016836,53927.192716720005,56827.375457328,61019.65060544,71226.997638144,97228.87908844801,77333.901073472,122598.562210816,125662.27271096801,1169.8524536410646,135.2421559942751,127.6037882571411,125.4777674189453,128.869045748291,121.41260695507812,113.74012975390625,112.36632299609374,78.69510740185547,113.10782684374999,113.33770227172852
2084.0,97685.15309642206,11046.25149572074,10644.627350433546,10532.048401056356,10751.307524845803,10217.524503266735,10025.54389093692,9369.485156932404,6895.920514673913,9197.55371429917,9004.890544256368,508128.57769060263,20265.790836587938,29451.149321380737,35364.393571404005,37671.18358091,42021.631760064,48406.870230528,65729.73313728001,54528.29831392,86808.95755596801,87880.56938256,1096.6149465271358,120.279159291296,114.8224009362793,112.81743036914062,119.15689044018553,115.64106592382812,106.1064719296875,104.735322046875,77.30118171728515,113.4764983125,112.27852556005858,84971.3703960033,9692.764104694694,9404.514340609292,9131.586687872566,9496.391594662462,8834.987803614911,8818.413122758442,8478.565975218266,5917.527736729966,7745.106168205924,7451.512861636767,408493.03684290464,17902.467114090014,25752.072279630618,29496.948130742003,32112.821665792002,34211.013418496004,39389.589010432006,54056.87283472,42426.770028096005,66111.027006976,67033.45535393001,1284.5464148325004,137.17863963985823,131.06716184999084,127.59915094409179,139.6907009375,136.9132142109375,123.64436343749999,122.27822598046875,91.1001161739502,136.04061653124998,139.03422512695312,49302.90089650201,5618.552404233653,5502.815019295026,5347.898872626185,5573.169935510112,5065.629271032768,5246.655826199935,5153.961462963514,3430.4225846886875,4429.659127366842,3934.1363925854052,251316.0317732278,11595.308345910093,16517.261561967713,18549.568061803002,20620.434866742,20998.762566272002,24868.592228352,34483.5103976,26181.995913728002,39540.382690624,37960.215140229004,1554.3053073924368,153.68445423949814,148.82314854380797,143.38771835986327,167.53428148071288,169.28458569140625,147.721423,145.93750519335936,114.11514798913574,176.88862334375,186.9284195509033,67323.64938634328,8127.004299616603,7883.401806439772,7750.332995037801,7625.097324834161,6741.412169385572,7259.1072500218825,7222.166842113845,4451.10839098857,5237.672936153941,5026.345371751204,339172.8678349696,17282.100966836562,24340.732385777992,26377.663015558002,28323.378453023,27830.106926688,34143.851940096,46428.885111280004,35677.893429984004,48584.340078496,50183.915527230005,1192.789130409026,132.69706511315823,122.14689113949585,117.60191745996093,133.7343228605957,128.32739715234374,106.39824786328124,114.97887933984374,77.6252446060791,126.56060896874999,132.71855590551758,156822.7684808011,18673.35336636633,17741.75331427683,17603.3747756856,17525.08921335257,16116.699969410896,16192.168854431484,15081.57287780579,10495.319000328751,13715.885045155494,13677.552063987741,754010.3884725838,33027.112878160704,46916.77533158925,54785.246944164006,57810.377772594,61989.47899520001,71989.523774464,98381.2791792,77748.30290406401,123756.37456998401,127605.916123164,1164.1529930707034,135.01642591187476,127.23565441944885,125.07953757348632,128.47316393237304,120.8556813125,113.0857772734375,111.74160919921874,77.9441083609619,112.131863875,112.58917121240233
2085.0,98508.2851459387,11162.57739640275,10739.225659160547,10620.296870280034,10863.587154511319,10320.983281519759,10089.819322860703,9430.287468519435,6919.960717786068,9253.80836730794,9107.738907590203,511213.19416048826,20455.382931842352,29673.73071278783,35616.053020608,38021.558004172,42409.74223936,48600.882751488,66052.513295296,54511.765390976005,87152.16773145601,88719.39808250201,1089.46559245857,119.7221805518012,114.18543814590454,112.1585462331543,118.56465892700194,114.968153796875,105.31986919921874,103.99513128515625,76.53729050524902,112.49046878125,111.52385503295898,86103.5161627369,9831.535257403792,9526.641433607454,9243.468933756587,9637.437438368124,8968.167913509102,8916.098522935106,8576.298699559162,5973.87395489439,7845.651585248907,7584.3424234541335,412496.03338237363,18099.33208562469,26007.303663981,29778.827168260003,32505.67198884,34642.804659808,39686.63458304,54534.637806752005,42588.422648768006,66674.63394432,67977.76483298,1280.8449055349597,136.9716741699543,130.75635685072325,127.2381422709961,139.48768115844726,136.62823529492186,123.161242796875,121.87620355468749,90.57684665625,135.433351375,138.7151714071045,49637.919206168524,5654.572432765163,5535.971764247326,5374.726225799797,5619.0940031016435,5109.2495904799525,5274.522899694717,5183.229372445701,3443.9521781631597,4463.206575446274,3979.3941640248095,251730.0491287577,11610.231337731582,16534.872134220095,18561.453632518,20701.171814873,21078.50729528,24884.128004352002,34529.856916736004,26095.392464672,39570.742869056005,38163.692659319,1558.16172216019,154.00912817396878,149.08618000355528,143.5529538540039,168.1338369404297,169.85962954492186,147.94231786718748,146.25288739453126,114.21734250830077,177.31086996874998,187.79657590454102,67727.45371477607,8193.249903443073,7937.9354998226545,7798.343290328876,7683.723626442747,6788.912962815319,7293.086353797433,7269.518286610573,4452.6783281166745,5245.634384202848,5064.371079195789,339877.2487443849,17411.895130286,24489.715878278905,26482.113296052,28491.502005298003,27940.607263768,34191.71989952,46541.723246032,35538.665498272,48427.456857920006,50361.849668958006,1188.1943029006866,132.47567333402108,121.73511544825745,117.11707995166014,133.5018048659668,127.96025235937499,105.6490790625,114.5405197265625,76.9190404375,125.909532453125,132.38620526171874,159346.36882570427,19038.737523861073,18055.677055072974,17906.15118649875,17847.274000645597,16394.125577044495,16417.641792253005,15295.314146705454,10596.254529941869,13880.647016223795,13914.545997457262,763654.2203235555,33672.632619111115,47710.209540206364,55648.811823604,58801.616646954004,62964.941190144,72741.94400768001,99527.334196736,78144.756253632,124894.17784832,129547.796197168,1158.53538335176,134.7976249212637,126.8750017438507,124.68922499291992,128.08495872143556,120.30643520507812,112.44068276953125,111.12504728124999,77.20122028173827,111.16668399999999,111.84850343469238
2086.0,99184.61663754638,11264.1079825227,10819.83074320074,10694.534642300627,10959.767375994983,10407.516718076591,10139.415285079516,9478.476127492924,6933.580163383575,9295.423598631089,9191.964000863929,514159.4704106944,20642.09898860965,29890.01569450869,35860.030924396,38365.328359904,42790.107755328005,48778.367085568,66356.84270796801,54476.48554416,87466.58956364801,89533.603786604,1081.2756083195852,119.05236373103857,113.43859509043884,111.38947207299805,117.85555707543945,114.18109108007812,104.42959980859375,103.1514725859375,75.70768812750244,111.41365503125,110.65611371630858,87166.88743010625,9963.818622875786,9642.14300553467,9348.793596355432,9770.760465250625,9093.027661861415,9006.029487811164,8668.395289134645,6025.447517896826,7939.790253832743,7708.681529552993,416499.655614969,18297.085574450444,26261.891263275487,30060.802943744002,32901.102300681,35078.464037376005,39979.349477888005,55011.797520960004,42745.271397984005,67236.555250688,68927.335847922,1276.5379946950393,136.69740493118428,130.38440008990477,126.81986020068359,139.20883191113282,136.26736278515625,122.6260581640625,121.42206991406249,90.02650565588378,134.77926987499998,138.30623116796875,49960.66338602034,5688.81195477348,5567.789970365378,5400.148591240561,5663.284680885305,5150.902921561284,5300.788022875537,5211.848556627047,3457.1889784872596,4496.672865999201,4023.226843205295,252153.19048330258,11624.98329231043,16551.90455244616,18573.215232248,20783.309802868,21160.184749248,24899.121211904003,34577.146964896005,26008.8748576,39603.283385984,38371.166433798004,1561.8572707074288,154.29806272297762,149.32924165681456,143.70446195361328,168.69285977099608,170.39783716796873,148.1632870625,146.5634272734375,114.34715994104003,177.75264571875,188.60828743933104,68078.41670560381,8253.759630409517,7986.781721675115,7840.632810322603,7736.353525337918,6830.402830562191,7320.679856292003,7312.3909991582195,4450.5339908872265,5249.839493466263,5097.0418474925245,340520.9975932688,17540.367546718062,24635.47985668377,26582.763446120003,28656.837971353,28047.542998992,34231.586196736,46647.878985840005,35390.413146912004,48258.891627072,50529.235816842,1182.8209351003827,132.17346144402597,121.24856404917907,116.55770431518555,133.17233990307616,127.49675998046874,104.833608375,114.03033634375,76.17104117285156,125.19222981249999,131.94488970434568,161693.94224014427,19387.415506173496,18353.62772345141,18192.65521014218,18150.48918035492,16651.378557679618,16625.12100061458,15493.534628212368,10684.285581371752,14027.751596144251,14127.683256000135,773224.0484875758,34324.39577631235,48507.15401929147,56514.485670172005,59796.976735436,63941.315533568006,73480.02118656,100660.620384192,78519.823733952,126004.07813990401,131475.177308188,1151.89827852641,134.46770455849932,126.40631951570128,124.19029416357421,127.58148312890624,119.64545927539062,111.69126880078124,110.40365837499999,76.39553716888427,110.11915032812499,110.99740321154785
2087.0,99873.27239520666,11367.042967655281,10901.54532519764,10769.887662738773,11057.721539072903,10495.693086508798,10189.765694669415,9527.574270728875,6947.774820540676,9338.318015785939,9277.949012308107,516982.41543750634,20826.25744145103,30100.561159853296,36097.139840364005,38703.411903928005,43163.979256064005,48940.704758272004,66644.63291712,54424.259741408,87755.072126208,90326.396292838,1073.1748409189854,118.38872023151588,112.69922033078002,110.62862207983397,117.15415889135741,113.40263128515625,103.54923356249999,102.31702621875,74.88785601440429,110.34939228124999,109.79798002343749,88251.2546600837,10098.491230866492,9759.589095169702,9455.944114610473,9906.904832275723,9220.617410296578,9097.39187650092,8762.106851637784,6078.078220437155,8036.155872924446,7835.975155364147,420512.56259937113,18495.929324442808,26516.1572873983,30343.367120556002,33299.728375508,35518.842487040005,40268.481210368,55489.39732524801,42898.198153088,67798.334477952,69884.12683777,1272.2708128240504,136.42538957858227,130.01544805284118,126.40526866577147,138.93354431762694,135.91035001953125,122.09497818749999,120.97188142578125,89.48085763513183,134.131410625,137.90168431628416,50290.261936959214,5723.762209087695,5600.242233435329,5426.165129975319,5708.450352220562,5193.482807548139,5327.550114689481,5240.973214347606,3470.741012995096,4530.895308807757,4067.999553852222,252588.392896277,11639.669468730046,16568.516361555914,18585.061013921,20867.085905556,21244.090245136,24913.864444416,34625.706519792,25922.726210528002,39638.407191616,38583.265535026,1565.6074984973382,154.59311173827456,149.57767803445435,143.86123289501953,169.2591720673828,170.94240894531248,148.3876438515625,146.87900311523435,114.48019159118653,178.19993265624998,189.4271236026611,68434.90544548979,8314.938314623427,8036.184452707073,7883.4845885097775,7789.759676020053,6872.504165400256,7348.642022703432,7356.116539137922,4448.561107280621,5254.426874687051,5130.287704420085,341111.394815915,17667.71139156739,24778.357445905564,26680.071575421003,28819.856096743002,28151.470611616,34264.217963648,46748.335340416,35234.046459456,48079.905144064,50687.422787078,1177.572221394223,131.88070657999896,120.77223490553283,116.00955257446289,132.85487923828126,127.0459415,104.0299996875,113.5329189609375,75.43571475366211,124.4922600625,131.51801313134766,164089.6054853851,19743.38771855851,18657.558825091797,18484.9367961428,18460.392160695104,16914.101712733125,16836.304568666932,15695.564107656848,10773.834271574278,14178.009695916393,14345.515628349527,782740.6561570241,34983.012438815946,49308.503138836066,57383.535097208005,60797.92390725201,64920.433232512005,74205.58275686401,101783.763512064,78875.61936960001,127089.6606464,133392.622057472,1145.3546040205517,134.14517311654473,125.94591120814513,123.70019630175781,127.08662973095703,118.9934505546875,110.95259658984375,109.69173687499999,75.59925248150634,109.083905359375,110.15575180273437
2088.0,100574.47464704895,11471.407508615735,10984.387159232625,10846.37548657083,11157.487750170802,10585.544448673216,10240.879738318708,9577.596351411607,6962.550851257705,9382.511843770466,9365.733509027204,519696.3114848464,21008.15855449192,30305.88953962648,36328.171266216,39036.697663356004,43532.561897216,49089.227577856,66917.706666048,54356.76184204801,88020.356563968,91100.77991402001,1065.1623007851795,117.73119332892655,111.96723930665588,109.87592285644531,116.46039391723632,112.63265856640625,102.67866515234374,101.49168440234375,74.07766767926024,109.2975213125,108.94935426306152,89357.12644032967,10235.608663815585,9879.020861484983,9564.961109943146,10045.946700079128,9351.010596002707,9190.210592758134,8857.470760379672,6131.789954867735,8134.808456369163,7966.298744629473,424543.1291165118,18696.05889160385,26770.413623968878,30626.988954972003,33702.149160283,35964.782326816,40554.742477824,55968.428240896006,43048.077654112,68361.424157952,70850.063628084,1268.0429017993754,136.15560829873465,129.6494732854309,125.99433707348632,138.6617975686035,135.55717160351563,121.5679355703125,120.52560633203124,88.93984758886718,133.48972321875,137.50140125964356,50626.856933616466,5759.43754990295,5633.340439767031,5452.785612742649,5754.612858273432,5237.009044369936,5354.816186713192,5270.6121558477735,3484.612798944494,4565.8920392167465,4113.738247838175,253038.51592578363,11654.389973148505,16584.854355894156,18597.189893272,20952.728758589,21330.5253324,24928.637613312003,34675.846931888,25837.195249792003,39676.563320576,38800.584496912,1569.412710116498,154.89429738679218,149.83149703219604,144.02323624609375,169.8328080263672,171.49336700195312,148.61540742968748,147.19964642578125,114.61639673779297,178.652827,190.25322682983398,68797.00578526614,8376.794733860987,8086.151357799442,7926.906883262603,7843.955852473265,6915.228084031358,7376.973267993531,7400.713931941651,4446.760365931867,5259.40245397381,5164.118853997429,341655.40897784586,17794.11338117455,24918.671625827297,26774.465779457,28981.019759597002,28252.932518816,34290.333509376,46844.023834824,35070.463334432,47891.698397408,50837.686836934,1172.4471636473575,131.5973560508456,120.30604666792297,115.47251059570311,132.54936373950196,126.6077341875,103.23809087109375,113.04816745117186,74.71288242004394,123.80944821874999,131.1055634448242,166534.44507694858,20106.81919131026,18967.60143279223,18783.12509248738,18777.150053212914,17182.431446257426,17051.263578170456,15901.491270927885,10864.931712167672,14331.483824941766,14568.147474680016,792223.944445793,35649.0845273369,50115.13265267602,58257.184521188006,61805.89176408001,65904.082804224,74920.37075968001,102899.30297792,79214.185326656,128154.36909158401,135304.340020448,1138.9033442594298,133.8299848733673,125.49371796253966,123.2188710908203,126.60033785888672,118.35035308789062,110.22455069140625,108.98922651367187,74.81227184820557,108.06070271875,109.32332761389159
2089.0,101288.45231658182,11577.226901132313,11068.373926690123,10924.01518020051,11259.105026798125,10677.106869972044,10292.766127345845,9628.558794173441,6977.914693961907,9428.026799371031,9455.357996936402,522314.7748737997,21188.09463023592,30506.50748103578,36553.864666896,39366.031238668,43896.999756416,49225.173471232,67177.770154624,54275.602398016,88265.016961792,91859.714114884,1057.2369789449697,117.07972121591996,111.24256754545593,109.13126294360352,115.7741750361328,111.87109179101562,101.81778594140624,100.6753602890625,73.2770122166748,108.25787490625,108.11012705944823,90485.04335284604,10375.22916145185,10000.481779526724,9675.887192548711,10187.966210628994,9484.284290262665,9284.516966397749,8954.522205787316,6186.6093868086655,8235.806612749817,8099.739546683437,428599.4953929465,18897.668930149182,27024.96289809732,30912.121796906,34108.949073382006,36417.105944352,40838.826903040004,56449.852888608,43195.712059552,68927.259637504,71827.03526135601,1263.854028469623,135.8880557590823,129.2864539559021,125.58703842041015,138.39358379907225,135.2078307441406,121.0449384453125,120.08318796875,88.40341959875488,132.854115875,137.10540390319824,50970.582773927905,5795.851542360492,5667.095710605695,5480.021554923092,5801.793975556775,5281.502882892287,5382.592815940285,5300.773376476573,3498.8104778334027,4601.676770847822,4160.4636664914715,253506.2979367062,11669.241078334286,16601.062691948868,18609.791011022,21040.462410953,21419.76950536,24943.698383360002,34727.86995152,25752.531263584002,39718.141094784005,39023.73054584,1573.272805721498,155.20160737050008,150.09068988536072,144.19048268310547,170.41379555517577,172.05075037109376,148.8465433046875,147.52535833789062,114.75581500390625,179.11121878125,191.08654442852782,69164.80675734607,8439.338233990726,8136.68903876044,7970.909345774022,7898.957267975442,6958.583668654886,7405.678460200016,7446.199238134197,4445.1334467869165,5264.771757514367,5198.546299555082,342159.55633832887,17919.75182484726,25056.72841209862,26866.363273364,29140.759109245002,28352.442661552002,34310.619729536,46935.829819880004,34900.480680704,47695.394328304006,50981.186498798,1167.4445426586012,131.32334376690815,119.84990712094115,114.94646751733399,132.2557219760742,126.1820006875,102.457749609375,112.5759638984375,74.0024103909912,123.14359276562499,130.70738492541503,169029.58800875867,20477.880183410278,19283.887829274787,19087.349478318643,19100.93295512864,17456.503685903277,17270.07234106587,16111.394874139034,10957.603038414927,14488.252426913583,14795.711196189804,801693.2892450505,36323.213254907816,50927.90192669061,59136.651290632006,62822.282852916,66894.003916032,75626.074857472,104009.6175856,79537.438760064,129201.53143244801,137214.573368288,1132.5435728889217,133.52209552095604,125.04966295872497,122.74623978857421,126.12253166235351,117.71607660546874,109.50702379687499,108.29599276171875,74.03445371209716,107.04941978125,108.50007630090332
2090.0,102015.43256663452,11684.526019750034,11153.522504753046,11002.827142390364,11362.611409865878,10770.41591458529,10345.433130142053,9680.473040247456,6993.872652507859,9474.88419332514,9546.866559067497,524838.6594438361,21365.984348130554,30702.385242337503,36774.220078068,39691.280760558,44257.191341184,49348.720202752,67424.98216723201,54181.2878024,88489.51848192001,92603.08901925401,1049.3978759339975,116.43423854398297,110.52512182525635,108.39457213305664,115.09540730664062,111.11784246484375,100.96647869921874,99.8679146640625,72.48576463555908,107.230294,107.28024166137695,91635.56044245852,10517.41167722969,10124.016155729689,9788.766138223325,10333.04257809015,9620.515723542558,9380.33799514674,9053.302963330727,6242.565954097453,8339.215102660877,8236.386154407455,432682.98190470354,19100.7368360637,27279.795095450765,31198.824653922,34520.143464355,36875.900988320005,41120.829997568006,56933.880275456,43341.444283264005,69496.223312128,72815.202998176,1259.7039527950744,135.62271210545347,128.92637134806824,125.18334550366211,138.12885762524414,134.862277984375,120.52592925781249,119.6446292109375,87.87158573364258,132.22456284375,136.7136811821289,51321.593783056655,5833.018734273088,5701.5208809794285,5507.884668189151,5850.016798067173,5326.985688277591,5410.890106134799,5331.466450699765,3513.3401885534972,4638.26881805674,4208.201449825411,253993.5378559432,11684.280588357005,16617.234428291173,18622.981563474,21130.377661205002,21511.946529328,24959.210013952,34781.996742304,25668.990267840003,39763.526631872,39252.993429320006,1577.1880629173436,155.5150463170018,150.3552651156006,144.36295691308592,171.00215541333006,172.61458249609373,149.08107519531248,147.85615812695312,114.89842516308593,179.57526896874998,191.92712920812988,69538.39114478658,8502.578098520824,8187.80428937471,8015.500683846858,7954.776182479388,7002.580232703681,7434.76005346693,7492.590982327831,4443.680237733462,5270.539627723502,5233.580756609362,342626.6180826657,18044.634495313177,25192.58838212644,26955.902819104,29299.171298722,28450.158146384,34325.340962176,47024.147682784,34724.596614624,47491.700474976,51118.377206456,1162.5633134197187,131.05862115992258,119.40372769094849,114.43132133862304,131.9738712939453,125.76866768359375,101.68883344921875,112.11618789257813,73.30412795166015,122.494498609375,130.3234563498535,171576.20271080994,20856.741928600943,19606.55506568478,19397.74061058942,19431.917216898215,17736.456538131406,17492.807291850688,16325.364896540781,11051.880572269423,14648.398328741396,15028.340261503454,811150.0912829458,37005.395207683876,51746.86354280186,60022.02294786,63847.083423968004,67890.231725312,76322.838469632,105114.88796243201,79845.946246912,130231.57419622401,139123.24756012,1126.2744890042381,133.22144818201826,124.61368797627257,122.2822138552246,125.65314442822265,117.09052541601562,108.79992119531249,107.61195644921875,73.26570615234375,106.04993495312499,107.68595039648437
2091.0,102601.63687012732,11777.68048706593,11225.411588358065,11068.38011021333,11450.275234420738,10847.136745246593,10384.165191946908,9720.016491248009,7000.256054193293,9508.017639870613,9620.297327563852,527235.9846011029,21540.833332439204,30892.223574985674,36987.252488376005,40009.743387936,44609.821742528,49457.352474624,67655.40775635201,54071.638644832005,88688.83716838401,93322.87403064601,1040.6030133202714,115.68550357475758,109.7089794972229,107.55828638964843,114.3071421809082,110.260674390625,100.01747283984375,98.9647507109375,71.63297645458984,106.11730828124999,106.34991900048827,92719.7787700577,10653.30299415195,10241.289158532376,9895.534333243628,10470.347023927176,9748.340941535866,9469.009344920896,9146.426340927368,6294.357764927593,8436.790189829024,8364.380678061745,436776.6379289273,19304.70025911183,27534.129848405417,31486.039697080003,34934.187075976,37339.228203552004,41399.341592064,57418.633464544,43484.35235264,70065.950434432,73810.07500112201,1255.089526385161,135.29841379450846,128.51646234700013,124.7354052458496,137.80484283520508,134.45726441601562,119.96848127343749,119.16604852734375,87.32544941503906,131.56918659375,136.24797193701173,51664.77622041103,5869.025837774434,5735.117529569409,5534.99516393267,5896.913356142671,5370.955241302873,5438.084611980298,5361.704188155814,3527.969349862191,4675.2591896657805,4254.751752024891,254500.03191914596,11699.48073733817,16633.357708000785,18636.696802802002,21222.250614296,21606.803117072002,24975.099342336,34838.347705952,25586.915637856,39813.16687072,39487.913382773004,1580.989564816267,155.79630654987906,150.60092401614378,144.52555650439453,171.55994482250975,173.15281266796873,149.3139188203125,148.18387962695311,115.06764948779296,180.0622295625,192.7263427578125,69868.04580290403,8560.99176995201,8234.237522178864,8055.495078792123,8005.451037627649,7041.323294279321,7458.578663883172,7534.983041859497,4439.362772898191,5273.60004712443,5264.022574308789,343050.83101378096,18168.373759584556,25325.7571076754,27042.595462316003,29455.566367293002,28545.430361288003,34333.827749888005,47108.343921160005,34542.649845056,47280.455189568005,51247.831249952,1157.0784108007622,130.72158228702926,118.89405814556885,113.85727333032226,131.6162398144531,125.28364722265624,100.86818000390625,111.59768948632812,72.57918663061523,121.801837171875,129.85871670800782,173950.38915087035,21219.65978096262,19913.999445582424,19692.592093663345,19743.811392014857,17996.11302666685,17697.865737611268,16523.534603459007,11133.981562797442,14791.654055830619,15237.177452281303,820545.5782898546,37693.94866760822,52569.94890975216,60910.1190331,64876.140393738,68887.977558272,77006.69835571201,106208.76718688001,80136.49260716801,131237.367081472,141018.11849615202,1119.0584977829617,132.81743927883434,124.07922931589508,121.718332359375,125.07416144287109,116.36257121093749,107.99243448046875,106.82971395507812,72.43778842224121,104.972862984375,106.77396433288574
2092.0,103198.33077182867,11872.020836401993,11298.238262941928,11134.880563643841,11539.475417587373,10925.253353176353,10423.520876869527,9760.33676776417,7007.140382332922,9542.258285903306,9695.206025207148,529520.6638788913,21712.95449005804,31076.56065933914,37193.73003228,40322.30703294,44956.067541632,49552.371086336,67870.801574016,53948.232622848,88865.577836544,94022.061002898,1031.9094094122008,114.94393415997314,108.90142464547729,106.73137662304687,113.52771883154297,109.41334869140624,99.0797838203125,98.07207107226562,70.79104173052978,105.0181135,105.43059633764648,93824.49601014602,10791.552395805831,10360.453997322302,10004.079238365732,10610.441010341012,9878.832397465132,9559.03260331618,9241.127656900822,6347.185079220129,8536.557425527057,8495.234205881849,440888.50244126277,19509.759829685703,27788.28370497104,31774.225796358,35351.669571966006,37807.91184,41675.056013312,57905.085034688,43625.212902080006,70637.80032678401,74813.49742141801,1250.5137087685523,134.97634882729864,128.10953201998902,124.29105378515625,137.48425523486327,134.05608180273438,119.41514360156249,118.69121667578125,86.78382624230957,130.91963871875,135.78661186010743,52014.946091180995,5905.761253071917,5769.358921050388,5562.710303164472,5944.803415759425,5415.86115055145,5465.780182871109,5392.465324510367,3542.924820556795,4713.029317622594,4302.251402022574,255028.11016018852,11714.930817400575,16649.562734620933,18651.106093229002,21316.29005111,21704.599936208,24991.600853504002,34897.16600648,25506.479535104,39867.3596544,39729.014478132005,1584.8416980218976,156.0834926908126,150.851737434906,144.6931544790039,172.12454519213867,173.69691578710936,149.5498612734375,148.51623529687498,115.23979871594237,180.55411546874998,193.53184168292236,70203.00463951398,8620.034628293548,8281.193738227332,8096.027555110983,8056.874011662743,7080.640913523872,7482.737018035797,7578.251626125069,4435.209894702039,5277.0357823270415,5294.999471505509,343438.44832246285,18291.151330623357,25456.543163239457,27126.843996631003,29610.371179455004,28638.760301132002,34336.741301504,47189.262177144,34355.378845888,47062.675644608,51370.720382238,1151.7175647086801,130.39409275070284,118.39470355929565,113.29443004785156,131.27051897583007,124.81139272656249,100.0595862109375,111.09163128320311,71.86678555017089,121.12589598437499,129.40852761975097,176370.99820229804,21589.8424140547,20227.386406009173,19993.160526568383,20062.26644084315,18260.99836412378,17906.46799596664,16725.354888860395,11217.441927757045,14937.804688093782,15450.274550021302,829899.353318382,38389.49701060872,53398.057379341204,61802.170406948004,65910.890152484,69889.033283072,77679.397925888,107293.74238304001,80410.97616659201,132222.128833024,142903.459777384,1111.945640089755,132.42124318892957,123.5537529733963,121.16404789697265,124.50466841015624,115.64467263671874,107.1969314375,106.05811942773437,71.62036456658936,103.90917131249999,105.8726682392578
2093.0,103805.67963156196,11967.56537116413,11372.016354046278,11202.341852437912,11630.242526881852,11004.791195768548,10463.507409898713,9801.444820030723,7014.530216613552,9577.623771137767,9771.61611358197,531705.9065340003,21882.644690421777,31255.897121958486,37394.386197832006,40629.805059778,45297.057751808,49634.987158528005,68072.830783808,53812.535062272,89022.210253568,94703.55245402601,1023.3158079573974,114.20945112896727,108.10236354748535,105.9137251940918,112.75704345092772,108.57574791796874,98.15327825,97.1897511953125,69.95982324212646,103.93254054687499,104.52208348364258,94950.20733526957,10932.213052586754,10481.549316412813,10114.438817979822,10753.398138817827,10012.056164551035,9650.432940737603,9337.441945818018,6401.070690731486,8638.573016188366,8629.033251445733,445026.44045432005,19716.111797455964,28042.554367275974,32063.829923064,35773.173163132,38282.773308096,41948.632493568,58394.138904416,43764.742623648,71213.124727808,75827.35914585601,1245.9763229046048,134.65650578631877,127.70555490710449,123.85025237255859,137.16708710449217,133.65868614257812,118.86588105468749,118.22012099218749,86.24665918432616,130.27582246875,135.32975289160154,52372.24022918438,5943.237820733987,5804.256486125263,5591.04001178879,5993.707361837338,5461.722216707695,5493.984414547062,5423.758797819909,3558.21246267091,4751.594871254691,4350.725785698951,255580.07993538486,11730.715355744407,16665.96848453847,18666.366405663,21412.690744383002,21805.59243816,25008.935447040003,34958.677127248004,25427.859633056003,39926.420539456005,39976.853760096004,1588.7448574880975,156.37659787268018,151.10771461383055,144.86573075878906,172.6959838823242,174.24690186914063,149.7889459375,148.85325469140625,115.41487807116698,181.05098343749998,194.34386635375975,70543.35058758061,8679.715531139049,8328.679432499865,8137.105780583699,8109.057617966555,7120.541290663071,7507.236981146609,7622.41323147729,4431.224852913116,5280.852034002871,5326.52383518858,343795.37703503226,18413.1444386801,25585.24096213709,27209.024262657003,29763.995838462,28730.623483112002,34334.707513600006,47267.701789064005,34163.483695168004,46839.3072368,51488.147815352,1146.4795467588845,130.07608566341017,117.90556064393616,112.74266938208007,130.9366199498291,124.35175846093749,99.26290710546874,110.59788368164062,71.1667781685791,120.46648843749999,128.97279526550292,178839.03010517015,21967.446315143156,20546.840916994435,20299.565274704026,20387.44116853235,18531.230058517765,18118.681681730228,16930.89166190948,11302.282242187044,15086.911612143456,15667.739173307733,839230.3956060933,39092.66556010687,54232.067261740536,62699.393016008005,66952.760009034,70895.105405184,78342.588540928,108372.13385696,80671.20915321601,133189.062980608,144783.40982230802,1104.9347683510264,132.03279427181053,123.03717468602753,120.61925578906249,123.94459745874023,114.9367161796875,106.41328152734374,105.29700312304686,70.81327619970703,102.85869446875,104.98197464685057
2094.0,104423.84265007272,12064.332449416746,11446.757216078571,11270.77767726937,11722.605975063148,11085.775488493757,10504.127867596138,9843.349076588227,7022.428097039078,9614.129028915038,9849.559773612755,533804.086584952,22050.19287245347,31430.718221242434,37589.91745028,40933.050658434004,45633.8580384,49706.351091712,68263.059580032,53665.938324224,89160.97726156801,95370.023086606,1014.8209581803136,113.48197634399462,107.31168589607238,105.10522546386719,111.99501343481445,107.74774657421875,97.237804203125,96.31764565820312,69.139169182312,102.860417578125,103.62427384558104,96097.39204072449,11075.338567214583,10604.614857249693,10226.652079247611,10899.290836089775,10148.082823129034,9743.2363590866,9435.403817478,6456.038974165154,8742.893119172171,8765.840607891852,449198.07553933817,19923.946882189826,28297.237392591254,32355.282405768,36199.277142923005,38764.597725504005,42220.704870400004,58886.700327744,43903.677835392,71793.204116352,76853.446840474,1241.476926710811,134.33886653049802,127.30451224830627,123.41298277148437,136.853307029541,133.26507141992187,118.3206709921875,117.7527177734375,85.71391423095703,129.6377246875,134.87715902697752,52736.796206919105,5981.4700104683825,5839.821397280836,5619.99540069812,6043.645964085548,5508.558827709379,5522.705416190908,5455.59435786026,3573.8374364529955,4790.972370440189,4400.195025732455,256158.16682183207,11746.914679165964,16682.693637109132,18682.636043908,21511.644522987,21910.031562496002,25027.31958272,35023.130743680005,25351.213776768003,39990.648860416004,40231.933412582,1592.6989066638325,156.67562433323573,151.36883753457641,145.04328606933592,173.27423984936522,174.8027889140625,150.031152703125,149.1949634140625,115.59286823645019,181.55282721875,195.16231839086913,70889.16191685885,8740.042638480485,8376.700806327617,8178.73865667566,8162.0160496626495,7161.033712051029,7532.08098293698,7667.488463007202,4427.405908365419,5285.053831258535,5358.600868093122,344127.13616857264,18534.52142156278,25712.127789114867,27289.495353297003,29916.832021188,28821.469088852,34328.303230528,47344.413382064005,33967.618621088004,46611.226737936006,51601.128522942,1141.363139563617,129.76748828195522,117.42653433537292,112.20187758325194,130.61446875756835,123.90467628515624,98.47799171484374,110.11635123632811,70.47897848986815,119.823412859375,128.55136001989746,181355.51598334196,22352.631909483065,20872.491326078383,20611.92676859033,20719.490800870404,18806.929740312105,18334.5778509444,17140.228119892654,11388.525675474555,15239.038615226707,15889.675176469282,848556.9913789916,39804.066557723454,55072.83465991816,63602.942782272,68003.124656454,71907.890066048,78997.87147264,109446.21975328,80918.917926976,134141.140268032,146661.98323564802,1098.0247428540868,131.65202602160548,122.5294146019516,120.08384973120117,123.39383881030273,114.2385903203125,105.64136150390624,104.54627922656249,70.01638497515869,101.821242671875,104.10175499121094
2095.0,105052.99502574935,12162.34215225959,11522.475769425211,11340.201175644244,11816.596149033805,11168.234334695624,10545.390147971395,9886.06146157826,7030.837324687801,9651.789563266633,9929.066947186711,535813.5853349965,22215.456884745006,31600.88797602538,37780.179863248006,41231.731156324,45966.131729664005,49766.43227648,68441.240661888,53508.632345280006,89281.88345062401,96021.00899071801,1006.4236586448454,112.7614396662383,106.52930465121459,104.30575709863281,111.24152356835937,106.92924219335937,96.33323971484374,95.45563356640625,68.32893306298828,101.801548671875,102.73703645092773,97266.57310845089,11220.985608335015,10729.691867423042,10340.759723052643,11048.196209250025,10286.98379191107,9837.468102792605,9535.051623074503,6512.116026367184,8849.575959530528,8905.74419671443,453403.71992655576,20133.213330211638,28552.282263649176,32648.576107368,36629.910381471,39253.365135232,42491.311681024,59382.83263184001,44042.280420928,72378.277540608,77891.67043422401,1237.0153783007736,134.02342272042083,126.90638150515747,122.9792157878418,136.5429074645996,132.87521105078125,117.77947819531249,117.2890020078125,85.18556392504883,129.005275375,134.42892026879883,53108.757517383616,6020.471800149497,5876.065735305666,5649.587116797998,6094.642685674495,5556.3911610742325,5551.950267317192,5487.9797763860315,3589.807309394593,4831.178409415925,4450.6832558680335,256763.74822518814,11763.537645459603,16699.76865611256,18699.974891116002,21613.195254171,22018.003460432003,25046.886825216003,35090.672285824,25276.793209184,40060.403866944005,40494.512130729,1596.7040062297824,156.98057233079575,151.63510675567628,145.22579507666015,173.8593935205078,175.3645921953125,150.2764655078125,149.5413435390625,115.77381535510253,182.05966390625,195.98725804260252,71240.52246899315,8801.025182670193,8425.264482870205,8220.93437386927,8215.762472667857,7202.12708384741,7557.271787497877,7713.493785284398,4423.756318377419,5289.643428541622,5391.243553366945,344434.8571901159,18655.201062067084,25837.14311234676,27368.259707013003,30068.844168407002,28911.329374776004,34317.637827008,47419.546788296,33768.095707936,46378.903074144,51709.896368122005,1136.3672900392755,129.46824442092847,116.95753455096435,111.67194789526367,130.30400088183592,123.47001636914062,97.7046975859375,109.64688817578124,69.80327112463378,119.19649809375,128.14419094104002,183921.50094694726,22745.561623567017,21204.46499761226,20930.373572562294,21058.578594441387,19088.222985547418,18554.226034736337,17353.434931701417,11476.196260822591,15394.253757581695,16116.188188374637,857876.9871211797,40523.68008064971,55920.35271642781,64512.80635862,69061.751209978,72927.045847552,79645.11473664001,110515.57013472001,81154.196711872,135078.11726848,148538.35205624002,1091.2144102075433,131.2788707130518,122.03037220115661,119.55775131274413,122.8523118272705,113.55019560351562,104.88103392382813,103.805785125,69.22955541625976,100.79666371875,103.2318703659668
2096.0,105523.01009329046,12244.38131839371,11583.03005309959,11394.582328890025,11892.32357345658,11231.903707064532,10570.956440096215,9914.243073949014,7028.659009383572,9673.84323746213,9989.08735149523,537698.1176644916,22377.290931624146,31764.879378211375,37962.914700668,41522.729421820004,46290.120454656004,49812.40154112,68602.646398144,53338.021253152,89379.253236224,96647.86034887201,997.0918111055245,111.94240382078027,105.65143037538147,103.40974272607421,110.37912186865233,106.00870805468749,95.33214657031249,94.49564020507812,67.45791707366944,100.655467953125,101.75923245776367,98362.8869511077,11359.478550615231,10847.756101857325,10448.206639448039,11188.421229431895,10416.602209766472,9924.155282827527,9628.255110144193,6564.109452034287,8950.081727166513,9035.82064781618,457624.73499299004,20343.26473086705,28806.809158920933,32942.552706668,37063.30962123,39746.912401568,42759.013213184,59880.368258048,44179.639961856,72965.822584832,78937.04235581601,1232.1807687626324,133.65176127830313,126.46372864179992,122.50686380859375,136.18197611010743,132.4396466015625,117.20765372265625,116.78735906249999,84.65116705090331,128.35960453125,133.93100795495604,53472.317857141075,6057.663027161158,5910.975690724173,5678.034881843094,6144.089920036797,5602.814508811457,5580.172863614438,5519.853845963926,3606.356559392643,4872.155507852104,4500.20105174133,257396.57141133992,11780.45273119761,16717.063850475304,18718.238889700002,21717.064532937,22129.253981088,25067.611585792,35161.410017296,25205.023771488002,40136.256761920005,40764.195289446005,1600.5276245181158,157.2511161690862,151.87834779000855,145.3918739296875,174.40621492138672,175.89145838476563,150.5134214453125,149.8772414375,115.97537084313964,182.5811620625,196.761417534729,71534.12037275713,8854.970019078502,8467.152382455271,8256.663168520303,8262.670842559788,7236.691022485881,7575.803779524803,7753.766401739637,4416.712241172121,5290.988864222125,5418.701650998748,344709.62200998195,18774.549033694715,25959.474137921232,27444.529697333,30219.034296319,28999.317303792002,34301.77467072,47491.910222056,33564.502822208,46141.803246,51812.726579938004,1130.821466844006,129.09832177911042,116.42896673164367,111.08650712817382,129.9205260600586,122.96874937890624,96.88693855468749,109.1202417734375,69.10981955358886,118.53666270312499,127.66473318127441,186288.9495650124,23121.476737075474,21519.529401225664,21231.764982849276,21375.33916062845,19345.603723944263,18753.411302797063,17547.425729040526,11549.501012866365,15529.088685937862,16315.80882864747,867133.7570146875,41249.788219121816,56772.39005736774,65425.524806484005,70123.86312713001,73946.945600256,80279.75870464,111572.35376729601,81372.963805184,135991.34903244802,150398.81989476,1083.4752300390835,130.80720728347586,121.43586045067596,118.93462706567382,122.20153142138672,112.76115672265624,104.02062105859375,102.96435780078124,68.3837511015625,99.69219807812499,102.27391905615234
2097.0,106001.83847610345,12327.393428426662,11644.364376142405,11449.754539183468,11969.350032158985,11296.723697583533,10597.05070285763,9943.086283074197,7026.936941836985,9696.857165874258,10050.321308965524,539471.1073798342,22536.017737992603,31923.22641174352,38138.877916512,41806.936694924,46606.971985216005,49845.506459648,68748.978750336,53155.554423936,89455.509710592,97253.52728893401,987.874859856844,111.13167976716804,104.7834418542633,102.52441691381836,109.52694634484862,105.09939370996094,94.34394851171875,93.54766645312499,66.59893975921631,99.524649921875,100.7937766208496,99478.9144474067,11500.27094946204,10967.63660768289,10557.358627178495,11331.366230295915,10548.77582436741,10012.103158576534,9722.97295311848,6617.1047043412145,9052.711645980024,9168.613746403636,461868.79295363184,20554.3031905515,29061.129220944276,33237.64998761,37500.06394909,40246.0397296,43024.462430208005,60380.21161984,44316.441342080005,73557.10062169601,79991.390862012,1227.3837360399527,133.28238201592015,126.02405984373473,122.03800773754882,135.82439419604492,132.00784298242186,116.63993108984374,116.2893578359375,84.1210670579834,127.71928165624999,133.43741162426758,53843.069658356275,6095.6097517863,5946.551399858781,5707.108520494777,6194.55540757179,5650.188896685558,5608.909778835811,5552.271662814411,3623.2502240552503,4913.942102523649,4550.681913729931,258058.53569508626,11797.743307484297,16734.692390772918,18737.572118408,21823.428124542002,22244.013457184003,25089.681492224,35235.500363184,25136.015389376,40218.424472064005,41041.464579847,1604.398757818574,157.52743307611203,152.12659788674927,145.56274737646484,174.95938809765624,176.42374001953124,150.75330009375,150.2174757363281,116.17970425708008,183.10713612499998,197.54123514990235,71832.7618754231,8909.489358853229,8509.518305625392,8292.894952779268,8310.290703231576,7271.7870750033635,7594.645969788442,7794.933863658449,4409.834159455602,5292.706047639314,5446.661439388404,344957.1403431013,18892.753067098376,26079.42137845087,27518.678790212,30367.810027826003,29085.904870136,34281.308334912,47562.282846528,33357.4847944,45900.781929152006,51910.714304386005,1125.3979733833241,128.73806910704087,115.91076069705963,110.51218740551758,129.54879601110838,122.4801217578125,96.08132312890625,108.60573906640624,68.42862771569824,117.89273420312499,127.19961429064941,188701.12276997126,23504.662509309022,21840.53259473666,21538.839647754212,21698.51476450878,19607.91001818825,18956.011557626607,17744.889699154697,11624.013941212695,15666.534053167723,16519.21398431283,876346.6836690169,41983.04964222659,57629.88541548808,66342.34976854401,71190.921045022,74969.34718848001,80903.52026214401,112619.040361216,81577.057416448,136883.96358144,152247.548988008,1075.8507868432168,130.3439882285013,120.8512708779602,118.32205599438475,121.56140562023926,111.98336962304687,103.1736435546875,102.13497673828124,67.54962047576905,98.602493984375,101.32796174597168
2098.0,106489.57138073705,12411.390942999482,11706.486302061316,11505.72671276674,12047.696167170398,11362.710720228844,10623.675653302453,9972.595192849025,7025.673183018156,9720.841576459408,10112.774929881296,541145.0867905009,22691.943606683337,32076.43712531559,38308.789926640005,42085.186021286005,46917.76995968,49866.912474112,68881.852170048,52962.542935424004,89512.900168704,97840.752402608,978.771049377213,110.32916541680956,103.92519924342346,101.64963158105468,108.68486177661133,104.20114044042968,93.36846134375,92.61152652343749,65.7518307723999,98.40888146875,99.84035081054687,100615.11122008332,11643.41359191688,11089.368813805017,10668.252122370448,11477.096825105391,10683.566859769902,10101.334409858027,9819.236184341333,6671.12372254148,9157.520229452852,9304.198460922074,466143.2041494089,20766.526540452174,29315.54073602658,33534.289669124,37940.749277736,40751.532806912,43288.263329792004,60883.22720979201,44453.330343168,74153.299426432,81056.44480997401,1222.6242564003192,132.91528911459827,125.58735122688293,121.57263483886719,135.47014577075194,131.5798017109375,116.07629198437499,115.79495438281249,83.59522100195312,127.084323125,132.94824324414063,54221.14624812439,6134.325631433922,5982.803918379428,5736.8186371019665,6246.06023443157,5698.532132260407,5638.167698992883,5585.243286293241,3640.4938568037915,4956.554646656651,4602.146205770555,258751.45983738467,11815.486682653722,16752.76277798294,18758.109959864,21932.464580648,22362.507163952003,25113.27036288,35313.146513808,25069.867065376002,40307.093028864,41326.751701356,1608.3173678114874,157.8095199081366,152.37983938070678,145.73840821777344,175.51891643261717,176.96138612109374,150.99606996875,150.56205421875,116.38681033740234,183.63766665625,198.32669657000733,72136.51641480545,8964.59095083442,8552.36751994032,8329.636933222715,8358.633064730591,7307.4226490624515,7613.799564019518,7837.010444253333,4403.122667605801,5294.79953302025,5475.133088116014,345182.58799233835,19009.99239896766,26197.277305152707,27591.054132452,30515.565643708003,29171.519534896,34256.793775424005,47631.390373936,33147.576745376005,45656.611430064004,52004.806652362,1120.0954467876459,128.38740931215906,115.40280295754242,109.94885140087891,129.18868352490233,122.0040298671875,95.28770463671874,108.10320047265624,67.75954521142577,117.264506078125,126.7487133260498,191158.94538192762,23895.269478901126,22167.594500269028,21851.710806148123,22028.24748689717,19875.24924497971,19162.09363316748,17945.895217285815,11699.75522647171,15806.636853254202,16726.492934553567,885534.511428565,42724.11149130691,58493.74690240993,67264.505864844,72264.388668468,75995.96588902401,81518.05880832,113657.965932416,81768.165086848,137758.992208896,154088.61057603202,1068.3397045649356,129.8891297931385,120.27648848993682,117.71990735668945,120.93181456677246,111.21671676171874,102.33995220507812,101.31748965039063,66.72700260241699,97.52731576562499,100.39388737316894
2099.0,106986.34159119095,12496.38791292717,11769.406473551398,11562.508857664227,12127.385559205868,11429.884841682771,10650.835447917052,10002.777915367293,7024.8678280955855,9745.808370569703,10176.478384209844,542732.1527453224,22845.36250567428,32224.993072720183,38473.322835032006,42358.286241108006,47223.559036224004,49877.735739392,69002.78350336,52760.30324428801,89553.651496704,98412.15507082001,969.7790858408479,109.53477126581286,103.07659401924896,100.78525843652343,107.85275282763672,103.31382023828125,92.405523109375,91.68707671093749,64.91641344104004,97.30797829687499,98.89889749511718,101771.90989875654,11788.9552326571,11212.988676727695,10780.922646604082,11625.68052177009,10821.036655194006,10191.870803806418,9917.077013643575,6726.187943741711,9264.55359546116,9442.636809150968,470455.1669601294,20980.12544948032,29570.328950721065,33832.884895574,38385.914765564004,41264.165619264,43550.996704256,61390.26783321601,44590.887684352005,74755.629842176,82133.96521552601,1217.9018207870683,132.55045174011707,125.15357991145324,121.11071984155272,135.11920501098632,131.15547624414063,115.5166985703125,115.30413857421874,83.07358586340332,126.454594,132.4633710308838,54606.6863935802,6173.824327698676,6019.744666232478,5767.175619372082,6298.625244728815,5747.86320629003,5667.954938351616,5618.778062116961,3658.093349516728,5000.0100915626235,4654.61688771017,259477.2090589265,11833.758760414328,16771.378336715166,18779.986023098,22044.346577412,22484.955408736,25138.552444160003,35394.504339520005,25006.669848608002,40402.507697344,41620.549622919,1612.2836958420767,158.0973701003165,152.63806749108886,145.9188412314453,176.08484714697263,177.50444352148438,151.24176696875,150.91101590039062,116.59669440759276,184.17276121875,199.11788785528563,72445.46108148432,9020.28214483885,8595.705679639794,8366.896152678184,8407.710855219279,7343.606064765257,7633.269200729711,7880.01712571379,4396.578724830902,5297.272288718217,5504.122844350251,345391.02524172154,19126.439878663503,26313.311383382985,27661.987235184002,30662.677504689003,29256.58570568,34228.757996416,47699.93770956,32935.333925728,45410.015870912,52095.978031506005,1114.9126343654532,128.0462562642417,114.90499879261779,109.39638677563477,128.84012606542967,121.54032836523437,94.50593506640625,107.61253480859375,67.10240806762695,116.65171943749999,126.31194072216796,193663.3235125558,24293.450518265305,22500.83714597149,22170.49219971463,22364.681431046436,20147.71686033214,19371.724151795835,18150.50558391229,11776.739116072908,15949.448778071937,16937.72772737268,894715.2230933051,43473.62262131488,59364.85877652039,68193.16355244,73345.683471458,77028.468673024,82124.95396454401,114691.345218816,81947.867416512,138619.27398451202,155925.985414164,1060.9403857692346,129.4425422126932,119.71139782649993,117.12803974975586,120.3126256397705,110.46100005664061,101.51938119531249,100.51171086523438,65.91570720953369,96.466461171875,99.47151984191895
2100.0,107492.2564819801,12582.397137960743,11833.132198047575,11620.109745367741,12208.437721321912,11498.262707945323,10678.533072073544,10033.640260238164,7024.523181393356,9771.765991599123,10241.454466032497,544243.6088576688,22996.554094822342,32369.35353732043,38633.12798668,42626.998415604,47525.342902144,49879.006072832,69113.184631232,52549.982538176,89579.803430656,98970.25524820201,960.8973945392289,108.74839636634682,102.23748774832153,99.93115224829101,107.0304784489746,102.43727462792968,91.45496135937499,90.77414620703125,64.09252223535157,96.22170675,97.96926854760741,102949.78554681808,11936.948252093063,11338.534005811995,10895.405890250633,11777.186131822522,10961.24994910308,10283.736620691865,10016.52818154539,6782.321753244201,9373.870342360628,9584.00441989469,474811.75199207745,21195.28965174366,29825.772304171787,34133.832703282,38836.12706635,41784.705276160006,43813.231349760004,61902.131213184,44729.728125888,75365.213471744,83225.72082979401,1213.2163601695065,132.18786446929596,124.72273162623596,120.65223285009765,134.77154543920898,130.73486072070313,114.96113928515625,114.816863203125,82.55614002783203,125.83013774999999,131.98284479785156,54999.825440966764,6214.119946495281,6057.385657543652,5798.190231377294,6352.271578334086,5798.201988246876,5698.278512852967,5652.884656748227,3676.0549409925675,5044.322887924276,4708.115040451576,260237.50512797115,11852.631428768738,16790.635749344365,18803.322327886002,22159.243444479,22611.578222112003,25165.687763200003,35479.751718976004,24946.509861056,40504.844741888,41923.299870261006,1616.2975365055804,158.39097530318784,152.90127931384276,146.10402815185546,176.65716575659178,178.05289755078124,151.4903641875,151.2643551640625,116.80935451416015,184.7123499375,199.9147666260986,72759.67106883465,9076.571511588514,8639.539125825278,8404.680287981393,8457.535560738477,7380.345339544844,7653.054672009377,7923.972779885964,4390.20255734716,5300.128885250352,5533.640348663285,345587.15164574655,19242.25852727839,26427.788093655094,27731.794985258002,30809.499705797003,29341.502791152,34197.689931264,47768.590256088006,32721.256470176002,45161.667769904,52185.103115174,1109.8483651832737,127.71453926104783,114.41724079637146,108.85466154443358,128.5030108996582,121.08893331640624,93.73585944140625,107.13361112304688,66.45707452941895,116.054269859375,125.88916441210937,196215.2448107788,24699.36329475481,22840.385401069365,22495.307030594187,22707.969765697308,20425.429268509684,19584.969095129036,18358.79218249358,11854.98861275139,16095.032120650332,17153.008039129258,903906.0904376681,44232.21325819457,60244.0999896137,69129.47363445601,74436.17234194801,78068.47905216001,82725.69966284801,115721.31913715201,82117.73526611201,139467.56009984002,157763.33799534402,1053.6515599059744,129.00414375849817,119.15588252326965,116.54634844311524,119.70374237353515,109.7161196796875,100.71175784765624,99.71749166796874,65.11558695855713,95.4197774375,98.56070921618652
2101.0,107963.24495890841,12664.256401473012,11893.161210746975,11674.098482100038,12285.51103136838,11562.776168054135,10703.004919349247,10061.471828155847,7022.043691148885,9794.43229878616,10302.4889277259,545724.8358477679,23144.721852187446,32510.82679262867,38789.73703529506,42890.33634661006,47821.091090745635,49880.25099960323,69221.37773654655,52343.86824618624,89605.43232592895,99517.19342203636,952.193337063642,107.97774896487009,101.4151636028127,99.09412818382326,106.22464955788578,101.5782599297851,90.523410844375,89.8794743132031,63.285108853776855,95.15716063406249,97.05823217904783,104093.28100176455,12081.016086083035,11460.501006125163,11006.46075004815,11924.891972700958,11097.728675327338,10372.445288277282,10112.88028960579,6836.167667908831,9479.632727949536,9721.556537738306,479081.20532338606,21406.150569961726,30076.106790553487,34428.761554835866,39277.33512112029,42294.83413991808,44070.22130235393,62403.757325552644,44865.791758593274,75962.60542872065,84295.64133177663,1208.6246087642949,131.8325289438913,124.30050030672295,120.20291559847163,134.4308390588672,130.32265750773445,114.41669118570309,114.3393333394531,82.04904310897214,125.218170625,131.51192908947996,55386.37506612515,6253.578086985859,6094.261029757474,5828.5552091040145,6405.100791723294,5847.807189661143,5728.079602918094,5686.385637309982,3693.699874019777,5087.999064824621,4760.908579820916,260982.59527563443,11871.126643756037,16809.508013720988,18826.191906578242,22271.842374204633,22735.6685792205,25192.280375859198,35563.29415084288,24887.553073255043,40605.13504554113,42219.99511265616,1620.231100355815,158.6787084020018,153.15922690014173,146.28551133385741,177.21803799401857,178.59038249949216,151.73398946187498,151.61062764246088,117.01776141859621,185.24114688187504,200.69570782149538,73050.535949275,9129.922941602275,8680.642623810318,8439.834622686187,8504.753292270201,7414.61706002054,7670.468229854288,7965.557456676198,4382.469734141529,5301.327429624563,5560.942558588704,345779.35552169057,19355.760802921,26539.975269721774,27800.20658033052,30953.385462882845,29424.72153491456,34167.24322741505,47835.869751685466,32511.46056373505,44918.28663091618,52272.445697168645,1104.8853813847363,127.38945659791774,113.93923796005006,108.32377081785656,128.17263803720212,120.64656616855471,92.98118532890628,106.66426591121092,65.8246476619751,115.46876927281247,125.47484362825193,198667.94788019502,25093.93706179604,23169.386350014385,22809.68029396435,23040.28293437005,20692.569490448222,19788.417213203276,18557.866194467748,11926.61358990753,16231.293783148572,17357.90096887514,912913.1404351427,44975.63208233672,61105.75637844511,70047.05751483164,75504.8514350282,79087.68922371326,83314.4304471859,116730.6935771213,82284.20575872004,140298.8804928614,159563.9435249004,1046.5085105599803,128.57451327338688,118.61147752610397,115.97629096260752,119.1070367726244,108.98613691027336,99.92028696695311,98.93915685464845,64.3314691126001,94.39402737781249,97.66811480296873
2102.0,108400.81054416127,12742.112962677336,11949.640311486348,11724.62416684397,12358.74838684994,11623.576546180664,10724.412918495513,10086.418893669164,7017.559159572852,9813.97530191396,10359.741896471434,547175.8337156203,23289.86577776963,32649.412838644923,38943.14998087714,43148.300034126245,48110.80360202882,49881.4705197056,69327.36281930367,52141.960368318716,89630.53818252288,100052.96959232308,943.666913414088,107.22282906138254,100.60962158272228,98.27418624312017,105.43526615437014,100.73677614384764,89.61087156437497,89.00306102945305,62.49417329631593,94.1143399490625,96.16578838943846,105203.05218360494,12221.217239175763,11578.954369921066,11114.156239267886,12068.844690282534,11230.52921579445,10458.076796439187,10206.200612763158,6887.796307047592,9581.923662917132,9855.353049996078,483263.52695405623,21612.708204134513,30321.33240986617,34717.67145023553,39709.538929874834,42794.55221053825,44321.966562037764,62895.14617032193,44999.07858246783,76547.80571310595,85343.72672147393,1204.1265665714357,131.4844451639032,123.88688595291441,119.76276808667475,134.097085869961,129.9188666052344,113.88335427195315,113.87154898320314,81.55229510682372,124.618692625,131.05062390576904,55766.25809579971,6292.200662257072,6130.371558587349,5858.272330857619,6457.0973814748795,5896.662253254253,5757.353118422513,5719.276366358384,3711.025568393452,5131.023492780875,4812.975363413175,261712.479501918,11889.24440537626,16827.995129845014,18848.594759174724,22382.14336658897,22857.226480061454,25218.33028213761,35645.13163512063,24829.799485205123,40703.37860830336,42510.63535010448,1624.0843873927784,158.9605693967585,153.41191024998545,146.46329077745125,177.76746385925296,179.1168983676171,151.972642791875,151.94983333558596,117.2219151209009,185.75915205187502,201.46071144147584,73319.08971717821,9180.4462621166,8719.128493551125,8472.472739695138,8549.4616546555,7446.526242483776,7685.629644204402,8004.861572102573,4373.470205460775,5300.964947309165,5586.1279555993115,345967.63686955534,19466.946705591272,26649.87291158299,27867.22202040157,31094.334775946532,29506.241936967686,34137.41788486913,47901.77619635233,32305.946206405115,44679.87245394849,52358.00577748992,1100.0236829698447,127.07100827485178,113.47099028365346,107.80371459590339,127.8490074780615,120.21322692167972,92.24191272890626,106.20449917308588,65.20512746529542,114.89521767781245,125.0689783705957,201024.35270885561,25477.367016596032,23488.06764983996,23113.85109715184,23361.869991566833,20949.441643606846,19982.403774284703,18748.03348981273,11991.92068569823,16358.622251216886,17552.775109081562,921736.3730857304,45703.87909374126,61949.82794301474,70945.91519356702,76551.72075069859,80086.09918768381,83891.14631755778,117719.4685387239,82447.278894336,141113.23516357632,161327.8020028332,1039.5112377312494,128.1536507573598,118.07818283500295,115.41786730823252,118.52250883703859,108.27105174839839,99.1449685532031,98.17670642527344,63.56335367166258,93.38921099281248,96.7937366022656
2103.0,108806.4260757962,12816.111075497025,12002.713304187446,11771.832855745983,12428.289768995694,11680.812078247913,10742.915693595336,10108.624746132078,7011.196739851242,9830.559581994572,10413.370231548823,548596.6024612255,23431.98587156877,32785.11167536917,39093.366823426244,43400.88947815244,48394.4804359936,49882.66463313923,69431.13987950336,51944.25890457345,89655.12100043776,100577.58375906215,935.3181235905636,106.48363665588482,99.82086168805046,97.47132642618169,104.66232823842779,99.91282327011719,88.71734351937498,88.14490635578126,61.719715562968744,93.09324469499997,95.29193717877928,106279.741626226,12357.609021949833,11693.95746920359,11218.55996274703,12209.089978487737,11359.706801780507,10540.709502607604,10296.555052997957,6937.276848762017,9680.824365897774,9985.452621792174,487358.7168840898,21814.962554262096,30561.449162109868,35000.562389481034,40132.73849261368,43283.85948802047,44568.46712881153,63376.29774749183,45129.58859751168,77120.81432489985,86369.97699888585,1199.7222335909285,131.1436131293312,123.4818885648102,119.33179031470713,133.77028587249023,129.52348801320312,113.3611285439062,113.41351013437499,81.06589602138672,124.03170374999998,130.59892924671874,56139.39893169856,6329.989546353007,6165.718003915796,5887.343338651508,6508.246160563609,5944.750959651264,5786.0940731218525,5751.552301091336,3728.029496565935,5173.381351075211,4864.293700709155,262427.15780681936,11906.98471362945,16846.097097716472,18870.530885675435,22490.146421631962,22976.25192463489,25243.837482035204,35725.2641718093,24773.24909690624,40799.575430174715,42795.220582605965,1627.8573976164703,159.23655828745706,153.65932936337396,146.63736648263674,178.30544335229493,179.63244515515623,152.20632417749994,152.28197224343742,117.42181562107417,186.26636544749994,202.20977748604005,73566.34526499266,9228.24905899576,8755.10676275981,8502.705903892385,8591.756260799853,7476.175760036334,7698.656240715172,8041.97369695833,4363.292085832331,5299.1364836608855,5609.293011341948,346151.99568933866,19575.816235289276,26757.48101923877,27932.84130547112,31232.34764498804,29586.063997311354,34108.213903626245,47966.30959008863,32104.71339818624,44446.42523900096,52441.783356137836,1095.2632699385983,126.7591942918495,113.01249776718204,107.29449287857419,127.53211922223632,119.78891557578129,91.51804164140623,105.75431090867188,64.59851393937988,114.33361507437499,124.67156863914059,203287.31969321816,25849.84437274565,23796.652311517628,23408.05366774214,23672.974909044886,21196.343638965896,20167.257204430047,18929.59369626197,12051.21028035881,16477.398082226893,17737.991529924453,930375.7883894331,46416.95429240813,62776.31468332229,71826.04667066211,77576.78028895926,81063.70894407168,84455.84727396345,118687.6440219597,82606.95467296001,141910.62411198468,163054.9134291424,1032.6597414197854,127.74155621041658,117.55599844996641,114.87107747999025,117.95015856677726,107.57086419406252,98.38580260640627,97.43014037984373,62.81124063574463,92.4053282825,95.93757461407714
2104.0,109181.53370774564,12886.391988565372,12052.520996856976,11815.867562116202,12494.272242759085,11734.627911930527,10758.668564063295,10128.229689703678,7003.080936145318,9844.34629126897,10463.527524336128,549987.1420845848,23571.082133584983,32917.92330280135,39240.387562942386,43648.10467868881,48672.12159264001,49883.83333990403,69532.70891714565,51750.763854950404,89679.18077967361,101091.03592225358,927.1469675930749,105.76017174837592,99.04888391879737,96.68554873300774,103.90583581005856,99.10640130859377,87.84282670937498,87.30501029218755,60.96173565373535,92.09387487187499,94.4366785470703,107323.97847739245,12490.247551013457,11805.572355726406,11319.738116888659,12345.672579280348,11485.315513910038,10620.42013176614,10384.008139332716,6984.6770299432055,9776.414363470949,10111.912696060674,491366.7751134793,22012.913620344352,30796.457047284537,35277.43437257237,40546.93380933681,43762.75597236482,44809.723002675215,63847.21205706239,45257.3218037248,77681.63126410243,87374.3921640124,1195.4116098227737,130.81003284017575,123.08550814241022,118.90998228256838,133.450439066455,129.1365217316406,112.85001400156247,112.96521679296869,80.58984585266113,123.45720399999999,130.1568451123291,56505.723550495495,6366.946574275176,6200.301109794428,5915.769938207133,6558.532258360626,5992.057427380903,5814.297584651823,5783.208993348429,3744.709183646808,5215.05812775475,4914.842353075469,263126.6301903407,11924.347568515494,16863.813917335312,18892.000286080416,22595.851539333602,23092.74491294081,25268.801975551996,35803.691760908805,24717.901908358403,40893.72551115521,43073.75081016061,1631.5501310268967,159.50667507409918,153.90148424030775,146.80773844941388,178.8319764731445,180.13702286210946,152.43503361874994,152.60704436601557,117.61746291911624,186.76278706875001,202.94290595518797,73793.29438323966,9273.436676731792,8788.68516690458,8530.643062143645,8631.730731673259,7503.6663425903835,7709.662900757575,8076.980556811839,4352.02165406432,5295.935103924846,5630.5321876374655,346332.4319810418,19682.36939201498,26862.799592689153,27997.06443553922,31367.424070007382,29664.187715945613,34079.631283686416,48029.469932894404,31907.7621390784,44217.94498607361,52523.77843311241,1090.6041422909884,126.4540146489113,112.56376041063541,106.79610566586909,127.22197326972653,119.37363213085943,90.80957206640628,105.31370111796875,64.00480708422852,113.7839614625,124.28261443388674,205459.64963814896,26211.556360219143,24095.358699956836,23692.51735357926,23973.836575816396,21433.567181027043,20343.299087486455,19102.840199304475,12104.776496203034,16587.993905271676,17913.90377928439,938831.3863462459,47114.85767833738,63585.21659936821,72687.45194611682,78580.03004980998,82020.51849287681,85008.5333164032,119635.2200268288,82763.23309459201,142691.0473380864,164745.27780382804,1025.9540216255868,127.33822963255739,117.04492437099458,114.33592147788094,117.38998596184078,106.88557424726561,97.6427891265625,96.69945871835937,62.07513000484621,91.44237924687498,95.0996288384033
2105.0,109527.54490981551,12953.093945225417,12099.201201586591,11856.868256428339,12556.829956817992,11785.166106654735,10771.823544645596,10145.371043348174,6993.33360359164,9855.493153207033,10510.364098309741,551347.4525856966,23707.154563818236,33047.847720941616,39384.21219942562,43889.94563573519,48943.727071967995,49884.97663999998,69632.06993223037,51561.475219449596,89702.71752023039,101593.3260818974,919.153445421621,105.05243433885639,98.29368827496253,95.91685316359869,103.16578886926274,98.31751025927731,86.98732113437502,86.48337283867181,60.220233568615726,91.11623047968749,93.60001249431154,108336.37849874534,12619.187749004343,11913.859760993231,11417.755489661724,12478.636282667487,11607.408282155915,10697.2837764519,10468.62302783205,7030.063146271794,9868.77149016126,10234.789493545575,495287.70164223417,22206.561402381336,31026.35606539018,35548.28739950963,40952.12488004419,44231.241663571185,45045.7341836288,64307.88909903362,45382.278201107205,78230.2565307136,88356.97221685361,1191.1946952669643,130.4837042964369,122.6977446857148,118.49734399025874,133.13754545185554,128.75796776054688,112.3500106449219,112.52666895898443,80.12414460064697,122.89519337499998,129.72437150260006,56865.15950382761,6403.0735419825005,6234.121604444009,5943.55379895403,6607.941120633434,6038.566112875504,5841.9588745282135,5814.242089610964,3761.0622074029,5256.039619631578,4964.600533764553,263810.89665248065,11941.332970034471,16881.1455887016,18913.002960389585,22699.2587196939,23206.705444979198,25293.223762688005,35880.4144024192,24663.757919561598,40985.82885124479,43346.2260327684,1635.162587624045,159.77091975668276,154.138374880786,146.97440667778335,179.34706322180176,180.63063148847644,152.65877111562506,152.92504970332035,117.80885701502682,187.24841691562494,203.6600968489197,74000.90776051472,9316.112218444605,8819.969149209555,8556.390843296247,8669.47669631013,7529.096576868473,7718.762061418085,8109.967032006611,4339.743353245536,5291.45189323457,5649.937936480754,346508.9457446638,19786.606175768356,26965.828631933982,28059.891410605782,31499.56405100462,29740.613092870393,34051.67002504959,48091.25722476961,31715.0924290816,43994.43169516639,52603.9910084136,1086.0463000270336,126.15546934603661,112.12477821401363,106.30855295778812,126.91856962053222,118.967376586914,90.11650400390621,104.88266980097656,63.4240068998413,113.24625684218749,123.90211575483397,207544.08375691896,26562.686225374233,24384.40053400537,23967.466622765885,24264.688798148654,21661.397767813065,20510.844165091614,19268.06014218483,12152.907197623073,16690.774421165726,18080.85788274662,947103.1669561763,47797.58925152924,64376.5336911523,73530.13101993123,79561.47003325104,82956.5278340992,85549.2044448768,120562.19655333123,82916.114159232,143454.5048418816,166398.89512688995,1019.3940783486494,126.94367102378132,116.5449605980873,113.8123993019042,116.84199102222902,106.21518190800782,96.91592811367185,95.9846614408203,61.35502177896727,90.5003638859375,94.27989927524415
2106.0,109845.84046768514,13016.352183530336,12142.888734552964,11894.971866319675,12616.094143574679,11832.56563359836,10782.529345419998,10160.183140834908,6982.0739483020625,9864.154462507566,10554.027009044406,552677.5339645622,23840.203162268466,33174.88492978982,39524.84073287583,44126.41234929169,49209.29687397759,49886.0945334272,69729.22292475776,51376.392998071045,89725.73122210817,102084.45423799356,911.3375570761925,104.36042442732644,97.55527475654664,95.16523971795411,102.44218741604006,97.54615012216794,86.15082679437499,85.67999399523437,59.495209307609855,90.1603115184375,92.78193902050292,109317.54406580329,12744.483344589915,12018.879096257662,11512.675460601055,12608.02392669961,11726.03688583951,10771.373896755575,10550.461501602631,7073.500052217977,9957.971888438415,10354.138012800786,499121.4964703474,22395.905900373127,31251.146216426823,35813.12147029266,41348.31170473591,44689.31656163969,45276.50067167232,64758.32887340545,45504.457789658874,78766.69012473343,89317.71715740944,1187.0714899235143,130.16462749811413,122.31859819472348,118.09387543777824,132.83160502869143,128.38782609992188,111.8611184739844,112.09786663242186,79.66879226534422,122.345671875,129.30150841753175,57217.63591829702,6438.372206391284,6267.180200254382,5970.696554029759,6656.458509545868,6084.261810471077,5869.073268146932,5844.64733100197,3777.0861982582783,5296.31193228273,5013.547907914661,264479.95719324,11957.94091818636,16898.092111815273,18933.538908603037,22800.367962712862,23318.13352075009,25317.102843443205,35955.432096340475,24610.81713051585,41075.88545044351,43612.64625042937,1638.6947674079292,160.02929233520996,154.37000128480932,147.13737116774416,179.85070359826662,181.1132710342579,152.87753666812503,153.23598825535154,117.99599790880615,187.723254988125,204.36135016723506,74190.13498348686,9356.37654588192,8849.061860654901,8580.053558179068,8705.083791809402,7552.56290640353,7726.0637154987135,8141.016157661304,4326.539790745454,5285.7759566119885,5667.600700040713,346681.53698020667,19888.52658654944,27066.568136973456,28121.322230670907,31628.767587979666,29815.34012808578,34024.330127715846,48151.67146571424,31526.70426819585,43775.88536627936,52682.42108204144,1081.5897431467122,125.86355838322606,111.69555117731682,105.83183475433108,126.62190827465334,118.5701489439452,89.4388374539062,104.46121695769531,62.856113386218254,112.72050121343747,123.53007260198243,209543.30367120853,26903.413230952166,24663.986886448976,24233.12106366339,24545.760299564074,21880.11469086808,20670.20033667365,19425.53442590313,12195.883991089568,16786.096402444946,18239.19234360107,955191.1302192134,48465.149011983216,65150.26595867431,74354.0838921052,80521.10023928221,83871.73696773886,86077.8606593843,121468.57360146685,83065.59786688,144200.9966233702,168015.7653983284,1012.9799115889814,126.55788038409007,116.05610713124489,113.30051095206053,116.30617374794193,105.55968717628909,96.20521956773437,95.28574854722659,60.6509159581079,89.57928219968751,93.4783859245996
2107.0,110137.7704829082,13076.29893624318,12183.71541601765,11930.312276591165,12672.193119155783,11876.962375690853,10790.931371795934,10172.797330738342,6969.4185273637295,9870.481085098285,10594.660044213208,553977.3862211788,23970.227928935907,33299.034929346024,39662.273163293125,44357.50481935825,49468.830998668825,49887.1870201856,69824.16789472767,51195.51719081472,89748.22188530688,102564.42039054207,903.6993025568019,103.68414201378549,96.83364336354882,94.43070839607425,101.73503145039066,96.79232089726558,85.33334368937498,84.89487376187493,58.78666287071778,89.226117988125,91.98245812564451,110268.06416796235,12866.186872467202,12120.688452523169,11604.560000807416,12733.877397470482,11841.251953630572,10842.762320321353,10629.583970793221,7115.051161041502,10044.090008717252,10470.012030190132,502868.1595978225,22580.94711431951,31470.827500394415,36071.93658492153,41735.49428341183,45136.980666570234,45502.02246680576,65198.531380177934,45623.86056937983,79290.93204616194,90256.62698567993,1183.041993792407,129.85280244520825,121.94806866943664,117.69957662512692,132.53261779696297,128.02609674976563,111.38333748875002,111.67880981328126,79.22378884675292,121.8086395,128.88825585712402,57563.08349546981,6472.844285375313,6299.4775937845325,5997.199800279961,6704.070503658157,6129.12965240726,5895.636194783949,5874.420553286171,3792.7788392942566,5335.861480050193,5061.664592549856,265133.8118126188,11974.171412971105,16914.65348667641,18953.608130720728,22899.17926839047,23427.029140253457,25340.43921781761,36028.74484267263,24559.079541221123,41163.895308751366,43873.01146314348,1642.1466703785447,160.28179280967942,154.59636345237803,147.2966319192969,180.3428976025391,181.58494149945304,153.09133027625,153.53986002210942,118.17888560045414,188.18730128624998,205.04666591013427,74361.90453690055,9394.3282794193,8876.064159976762,8601.733199602579,8738.639663334448,7574.159631538871,7731.675411516944,8170.209123669713,4312.491738214228,5278.994418967426,5683.608910660277,346850.20568766777,19988.130624358266,27165.01810780749,28181.356895734567,31755.034680932535,29888.36882159168,33997.611591685134,48210.71265572834,31342.597656421123,43562.305999412485,52759.06865399593,1077.234471650038,125.5782817604794,111.27607930054498,105.36595105549813,126.33198923208981,118.18194920195316,88.77657241640627,104.04934258812494,62.30112654335938,112.20669457624996,123.16648497533203,211459.93141110532,27233.91265607774,24934.32218401146,24489.695384891707,24817.27472084006,22089.991035257433,20821.66865945118,19575.537709215074,12233.98222515155,16874.30869336668,18389.238142842325,963095.276135364,49117.53695969996,65906.41340193464,75159.31056263903,81458.9206679036,84766.14589379581,86594.50195992578,122354.3511712359,83211.68421753602,144930.5226825523,169595.8886181432,1006.7115213465788,126.18085771348223,115.57836397046668,112.80025642834968,115.7825341389795,104.91909005210933,95.51066348875,94.60272003757814,59.96281254226805,88.67913418812499,92.6950887864697
2108.0,110404.65437291184,13133.063430836848,12221.81007032725,11963.020329207346,12725.252283412365,11918.489127613258,10797.171724514366,10183.341976438061,6955.481248839079,9874.620458135825,10632.403723587546,555247.0093555507,24097.228863820284,33420.29771961023,39796.50949067747,44583.22304593489,49722.32944604162,49888.25410027521,69916.90484214018,51018.84779768063,89770.18950982658,103033.22453954296,896.2386818634394,103.02358709823422,96.1287940959698,93.713259197959,101.04432097231447,96.05602258457031,84.53487181937498,84.12801213859372,58.09459425793946,88.31364988874999,91.20156980973633,111188.51440849603,12984.349673362743,12219.344600543198,11693.469672947427,12856.237629117164,11953.102963547235,10911.519242347003,10706.049472594656,7154.778444791663,10127.19860935772,10582.46409988734,506527.69102465996,22761.68504422075,31685.399917293074,36324.732743396235,42113.67261607209,45574.233978362885,45722.29956902912,65628.49661935103,45740.486540270074,79802.98229499905,91173.70170166505,1179.1062068736567,129.54822913771858,121.58615610985412,117.3144475523047,132.24058375666988,127.6727797100781,110.9166676892188,111.26949850156245,78.78913434487305,121.28409624999999,128.48461382137697,57901.43451187655,6506.491457765711,6331.014465762539,6023.065098258305,6750.763497926882,6173.155108827346,5921.643187595352,5903.557686869999,3808.137866249389,5374.674986040915,5108.931156580024,265772.46051061637,11990.02445438882,16930.829713284933,18973.21062674265,22995.69263672676,23533.392303489294,25363.23288581122,36100.35264141568,24508.545151677445,41249.85842616831,44127.32167091075,1645.518296535883,160.52842118009124,154.8174613834915,147.4521889324415,180.82364523461916,182.04564288406254,153.30015193999995,153.83666500359374,118.35752008997068,188.64055580999994,205.7160440776172,74517.12380357248,9430.063798060157,8901.074613667282,8621.52944235882,8770.229964113105,7593.978909428175,7735.70225370581,8197.625274700777,4297.6781315826875,5271.192425099611,5698.048990856402,347014.9518670484,20085.418289194746,27261.178544436058,28239.99540579671,31878.36532986323,29959.699173388155,33971.51441695744,48268.38079481185,31162.772593757443,43353.69359456577,52833.93372427705,1072.980485537009,125.29963947779639,110.86636258369803,104.91090186128899,126.0488124928418,117.80277736093754,88.12970889140628,103.64704669226565,61.75904637126466,111.70483693062498,122.8113528748828,213296.52941510177,27554.355796259355,25195.60620735482,24737.399415329393,25079.45062000905,22291.29367956771,20965.54334843335,19718.338408631877,12267.470990436503,16955.752209909693,18531.31873916965,970815.6047046296,49754.75309467867,66644.97602093294,75945.8110315324,82374.9313191152,85639.75461227007,87099.12834650112,123219.52926263814,83354.37321120001,145643.0830194278,171139.26478633442,1000.5889076214382,125.81260301195854,115.11173111575323,112.31163573077157,115.2710721953418,104.29339053546872,94.8322598767188,93.935575911875,59.29071153144775,87.79991985124997,91.93000786085446
2109.0,110647.78087099775,13186.77188949433,12257.298525913282,11993.223823296405,12775.394119919889,11957.275595798224,10801.389199647938,10191.942456118797,6940.3733717658415,9876.71659000573,10667.395299037189,556486.4033676733,24221.205966921647,33538.67330058245,39927.549715028814,44803.56702902159,49969.79221609599,49889.295773695994,70007.43376699522,50846.38481866878,89791.63409566719,103490.86668499619,888.9556949961155,102.37875968067203,95.44072695380932,93.01289212360831,100.37005598181145,95.33725518408208,83.75541118437499,83.37940912539061,57.41900346927491,87.42290722031248,90.43927407277836,112079.45700455557,13099.021894032858,12314.902990821132,11779.46363125362,12975.14460382012,12061.638242956114,10977.713225583788,10779.915671239825,7192.742434307305,10207.368756664891,10691.545553876065,510100.0907508566,22938.119690076684,31894.86346712265,36571.50994571678,42482.84670271658,46001.0764970176,45937.33197834241,66048.22459092482,45854.335702329605,80302.84087124479,92068.9413053648,1175.264129167255,129.25090757564516,121.23286051597596,116.93848821931155,131.95550290781244,127.32787498085929,110.4611090753906,110.86993269726564,78.36482875970458,120.772042125,128.09058231029053,58232.62281901247,6539.315363351084,6361.791481085611,6048.293972226532,6796.524203704973,6216.323987778264,5947.0898836172955,5932.054756801624,3823.161067519475,5412.739482126795,5155.328620800866,266395.9032872325,12005.500042439468,16946.620791640868,18992.346396668785,23089.908067721717,23637.223010457586,25385.48384742399,36170.2554925696,24459.213961884798,41333.7748026944,44375.576873731196,1648.8096458799603,160.76917744644533,155.03329507814928,147.6040422071777,181.2929464945068,182.4953751880859,153.504001659375,154.1264031998047,118.531901377356,189.08301855937498,206.3694846696838,74656.67906439528,9463.677239435638,8924.1894959746,8639.53964322142,8799.938355437702,7612.110754035515,7738.246902013827,8223.342110198571,4282.176071062345,5262.453139695678,5711.0053533200635,347175.7755183487,20180.389581058986,27355.04944685918,28297.237760857402,31998.759534771794,30029.331183475217,33946.03860353279,48324.675882964795,30987.22908020481,43150.048151739196,52907.0162928848,1068.8277848076193,125.02763153517787,110.46640102677603,104.46668717170408,125.77237805690913,117.43263342089841,87.49824687890624,103.25432927011717,61.22987286993409,111.21492827656252,122.46467630063478,215055.6005300976,27864.909963388985,25448.034091079087,24976.43810411373,25332.501472358603,22484.283295906673,21102.111776419722,19854.19869842031,12296.61311965034,17030.75993977416,18665.750068986956,978352.1159270102,50376.79741692019,67365.95381566955,76713.58529878563,83269.13219291702,86492.56312316163,87591.73981911037,124064.10787567362,83493.664847872,146338.67763399682,172645.89390290205,994.6120704135643,125.45311627951875,114.65620856710434,111.83464885932618,114.77178791702883,103.68258862636715,94.1700087316406,93.2843161701172,58.634612925646984,86.9416391890625,91.18314314775391
2110.0,110868.4080263397,13237.547529108337,12290.30361529221,12021.047515150098,12822.738195978141,11993.448398430008,10803.71928860083,10198.721162770382,6924.203506157031,9876.910060322462,10699.768754530225,557695.5682575516,24342.159238240096,33654.161672262635,40055.39383634719,45018.53676861841,50211.219308832005,49890.312040448,70095.75466929279,50678.12825377921,89812.5556428288,103937.3468269018,881.8503419548181,101.749659761099,94.76944193706744,92.32960717302254,99.7122364788819,94.63601869580071,82.99496178437498,82.64906472226562,56.75989050472411,86.55388998281249,89.69557091477051,112941.44078716918,13210.252487263306,12407.417753610162,11862.599621524392,13090.637351803034,12166.90496857217,11041.41120033656,10851.238858003713,7229.00221921683,10284.669824888946,10797.306501949868,513585.35877641547,23110.251051887375,32099.21814988321,36812.26819188323,42843.016543345424,46417.508222534394,46147.119694745605,66457.71529489919,45965.40805555839,80790.5077748992,92942.3457967792,1171.5157606732073,128.96083775898816,120.8881818878021,116.57169862614744,131.67737525039067,126.99138256210945,110.01666164726562,110.48011240039061,77.95087209124756,120.272477125,127.70616132386473,58556.58384333726,6571.317602877402,6391.809288820056,6072.887910154411,6841.339648741707,6258.622435210588,5971.972023766046,5959.9078827708845,3837.846284157554,5450.0423089446895,5200.838457893896,267004.14014246804,12020.598177122984,16962.02672174423,19011.015440499214,23181.825561375288,23738.521261158414,25407.192102656012,36238.453396134406,24411.085971843204,41415.6444383296,44617.777071604796,1652.0207184107626,161.00406160874286,155.24386453635265,147.75219174350585,181.75080138220213,182.9341384115235,153.70287943437498,154.40907461074212,118.7020294626098,189.51468953437495,207.00698768633424,74781.43549833383,9495.260499804874,8945.502788902868,8655.858840945608,8827.846506665022,7628.643036135333,7739.409572105043,8247.435284382318,4266.060821145387,5252.857747331162,5722.56040091627,347332.6766415693,20273.044499950895,27446.630815076893,28353.083960916603,32116.217295658214,30097.26485185279,33921.18415141122,48379.59792018721,30815.967115763204,42951.36967093281,52978.31635981921,1064.7763694618775,124.76225793262225,110.07619462977914,104.03330698674317,125.50268592429202,117.07151738183595,86.88218637890623,102.87119032167969,60.71360603936766,110.73696861406246,122.12645525258786,216739.58801140412,28165.738485741884,25691.796323722352,25207.0115206406,25576.635670431322,22669.21434990344,21231.654474000414,19983.374510602716,12321.6651875774,17099.65694238171,18792.840546402844,985704.8098024977,50983.66992642385,68069.34678614406,77462.63336439837,84141.52328930897,87324.57142647037,88072.33637775364,124888.0870103424,83629.559127552,147017.3065262592,174115.77596784598,988.78100972296,125.10239751616224,114.2117963245201,111.36929581401367,114.2846813040405,103.08668432480472,93.52391005351564,92.64894081230466,57.994516724865726,86.1042922015625,90.45449464716795
2111.0,111067.76320398667,13285.510561281631,12320.945175065508,12046.613118223824,12867.401162611372,12027.131065444451,10804.294178108872,10203.797504187774,6907.077613000969,9875.338019929402,10729.654806133089,558874.5040251815,24460.088677775533,33766.76283465083,40180.04185463263,45228.13226472525,50446.61072424963,49891.30290053119,70181.86754903298,50514.07810301184,89832.95415131135,104372.66496525976,874.9226227395555,101.13628733951565,94.11493904574404,91.66340434620118,99.07086246352536,93.95231311972653,82.25352361937497,81.93697892921878,56.117255364287104,85.70659817625,88.9704603357129,113775.00120124176,13318.089211869601,12496.941698913555,11942.933981124077,13202.753951333001,12268.949166458826,11102.678464463672,10920.07395120337,7263.615447938186,10359.169496225193,10899.795831712223,516983.49510133395,23278.079129652808,32298.463965574792,37047.00748189542,43194.182137958516,46823.529154913325,46351.66271823872,66856.96873127423,46073.70359995649,81265.98300596222,93793.91517590826,1167.8611013915083,128.67801968774765,120.55212022533264,116.21407877281251,131.4062007844044,126.66330245382812,109.58332540484373,110.10003761093749,77.54726433950198,119.78540124999999,127.33135086209958,58873.25458627454,6602.499738048091,6421.068522201318,6096.848363719806,6885.1971771827375,6300.036934978544,5996.285452837943,5987.113279109367,3852.191409873911,5486.571115896408,5245.4425924264515,267597.17107632296,12035.31885843943,16977.04750359501,19029.21775823383,23271.44511768757,23837.287055591674,25428.3576515072,36304.9463521101,24364.16118155264,41495.46733307392,44853.92226453157,1655.151514128295,161.23307366698197,155.44916975810065,147.8966375414259,182.19720989770494,183.36193255437502,153.89678526499992,154.68467923640625,118.86790434573241,189.93556873499995,207.62855312756838,74892.23718242787,9524.903234054642,8965.106182212185,8670.579756268158,8854.034095216304,7643.661483312455,7739.288035358993,8269.978606246372,4249.4058106046805,5242.485452469993,5732.794526684046,347485.6552367086,20363.383045870516,27535.92264908914,28407.534005974318,32230.73861252245,30163.50017852097,33896.95106059265,48433.14690647906,30648.986700432648,42757.658152146556,53047.83392508025,1060.8262394997764,124.50351867013136,109.6957433927069,103.61076130640618,125.23973609499026,116.71942924375001,86.28152739140621,102.49762984695315,60.210245879565406,110.27095794312498,121.79668973074219,218350.87552273535,28457.00070797692,25927.078747760894,25429.31485456452,25812.056524024847,22846.33510070826,21354.445129555992,20106.115534956967,12342.877511080458,17162.76034887536,18912.89106323059,992873.6863311037,51575.37062319004,68755.15493235692,78192.95522837085,84992.10460829122,88135.7795221965,88540.91802243068,125691.46666664447,83762.05605024002,147678.96969621503,175548.91098116638,983.0957255496162,124.76044672189026,113.77849438800044,110.91557659483398,113.80975235637696,102.50567763078126,92.89396384234374,92.02944983843747,57.370422929104,85.28787888875,89.74406235909669
2112.0,111247.04308486177,13330.778192326927,12349.34004591959,12070.039303136602,12909.496754568228,12058.444038529024,10803.242750239491,10207.28790297108,6889.099004261258,9872.134190898847,10757.180902010554,560023.2106705642,24574.994285528155,33876.47678774701,40301.493769885135,45432.35351734224,50675.96646234881,49892.2683539456,70265.77240621566,50354.23436636671,89852.82962111488,104796.82110007007,868.1725373503252,100.53864241592137,93.47721827983911,91.01428364314458,98.44593393574222,93.28613845585933,81.53109668937498,81.24315174624994,55.49109804796388,84.881031800625,88.26394233560546,114580.66030555674,13422.578632696777,12583.526316484349,12020.52163898288,13311.531528720374,12367.815712027907,11161.578683377053,10986.474496197916,7296.638327678874,10430.933760814056,10999.061208576513,520294.49972561473,23441.603923372873,32492.600914197308,37275.72781575354,43536.34348655582,47219.139294154236,46550.96104882176,67245.98490004994,46179.22233552383,81729.26656443394,94623.6494427519,1164.3001513221595,128.40245336192388,120.2246755285675,115.86562865930661,131.1419795098536,126.34363465601564,109.16110034812502,109.72970832890628,77.15400550446775,119.31081449999999,126.96615092499512,59182.573624212666,6632.86329152397,6449.569798633909,6120.176748308605,6928.084449570092,6340.554308839989,6020.02611950944,6013.66725479035,3866.1943910360733,5522.313861148711,5289.123400851682,268174.99608879717,12049.662086388747,16991.683137193202,19046.95334987273,23358.766736658483,23933.520393757455,25448.98049397761,36369.73436049664,24318.439591013124,41573.243486927364,45084.01245251148,1658.2020330325593,161.4562136211647,155.6492107433937,148.03737960093753,182.63217204101562,183.7787576166405,154.08571915125,154.9532170767969,119.02952602672366,190.34565616124993,208.23418099338622,74989.90709179098,9552.692855699695,8983.08907341873,8683.792791907428,8878.57880657729,7657.249679962092,7737.977618870766,8291.044039560236,4232.282632493769,5231.41347946451,5741.786113836447,347634.71130376763,20451.405218817836,27622.924948895936,28460.587896030567,32342.323485364534,30228.03716347969,33873.33933107713,48485.32284184034,30486.287834213123,42568.91359538049,53115.56898866792,1056.9773949213202,124.25141374770396,109.32504731555964,103.19905013069345,124.98352856900388,116.37636900664064,85.69626991640625,102.13364784593746,59.71979239052735,109.81689626374995,121.47537973509766,219891.7871362114,28738.851991136693,26154.062559609058,25643.538415798612,26038.962260191907,23015.887600992686,21470.750589257525,20222.665219016508,12360.49414910071,17220.379362119576,19026.194988988107,999858.7455128164,52151.89950721873,69423.37825430786,78904.55089070305,85820.87614986362,88926.1874103398,88997.4847531418,126474.2468445799,83891.155615936,148323.66714386432,176945.29894286318,977.5562178935376,124.42726389670213,113.35630275754555,110.47349120178717,113.3470010740381,101.93956854429683,92.28017009812498,91.4258432485156,56.7623315383618,84.49239925062498,89.05184628354
2113.0,111407.41366575996,13373.464623266893,12375.602072625854,12091.441697671036,12949.135790321712,12087.504671122779,10800.690582391697,10209.30579652551,6870.368342876796,9867.428866532004,10782.471222425736,561141.6881937011,24686.876061497624,33983.3035315512,40419.74958210463,45631.200526469256,50899.28652312963,49893.20840069119,70347.46924084098,50198.59704384384,89872.18205223935,105209.81523133276,861.6000857871269,99.95672499031657,92.8562796393529,90.38224506385255,97.83745089553219,92.63749470419917,80.82768099437497,80.56758317335941,54.881418555754394,84.07719085593749,87.57601691444826,115358.92677277453,13523.76612061953,12667.22177582566,12095.41611559688,13417.0062583189,12463.548330039648,11218.173890042133,11050.492665388556,7328.1256244359465,10500.026916741064,11095.149075766041,523518.37264925614,23600.825433047816,32681.62899575086,37498.42919345741,43869.50058913751,47604.33864025732,46745.01468649472,67624.76380122623,46281.96426226049,82180.35845031422,95431.54859731026,1160.8329104651657,128.134138781516,119.90584779750672,115.5263482856299,130.8847114267384,126.03237916867187,108.74998647710936,109.36912455429686,76.77109558614504,118.848716875,126.61056151255124,59484.48110850462,6662.4097469232565,6477.313719691528,6142.874443014752,6969.989442842116,6380.161716456448,6043.1900763370595,6039.566213428822,3879.853226668808,5557.258811633324,5331.863711508555,268737.6151798897,12063.627860971046,17005.933622538807,19064.22221541583,23443.79041828807,24027.221275655673,25469.0606300672,36432.817421294094,24273.921200224642,41648.972899889915,45308.047635544564,1661.1722751235507,161.67348147128897,155.84398749223152,148.17441792204107,183.05568781213364,184.18461359832034,154.26968109312492,155.21468813191407,119.1868945055835,190.74495181312494,208.82387128378787,75075.24709961088,9578.714536882568,8999.538567794596,8695.586032563395,8901.55633429816,7669.489067289811,7735.571205450908,8310.701702868557,4214.761044146875,5219.7170725554515,5749.6115357605495,347779.844842746,20537.111018792843,27707.637714497305,28512.24563108532,32450.97191418445,30290.875806728975,33850.34896286465,48536.12572627106,30327.870517104646,42385.13600063456,53181.521550582256,1053.2298357265074,124.0059431653406,108.96410639833739,102.79817345960443,124.73406334633303,116.04233667050782,85.12641395390622,101.77924431863283,59.2422455722534,109.37478357593749,121.1625252656543,221364.5873323642,29011.443712647168,26372.924309619215,25849.867634514652,26257.546023240266,23178.107696949555,21580.830857066536,20333.260768070333,12374.752902657796,17272.81525670023,19133.038170897995,1006659.987347648,52713.256578509616,70074.0167519969,79597.42035139485,86627.83791402624,89695.79509090049,89442.03656988668,127236.42754414846,84016.85782464001,148951.39886920704,178304.9398529364,972.1624867547253,124.10284904059773,112.94522143315501,110.04303963487304,112.89642745702393,101.38835706535157,91.68252882085939,90.83812104253904,56.170242552639166,83.7178532871875,88.37784642049806
2114.0,111550.01025935212,13413.68104983401,12399.8421040406,12110.93288677338,12986.42617206923,12114.427228416382,10796.75994729612,10209.961637061417,6850.983642761775,9861.348911358993,10805.646679740083,562229.9365945907,24795.73400568427,34087.243066063376,40534.80929129119,45824.6732921064,51116.57090659201,49894.123040768005,70426.95805290878,50047.1661354432,89891.0114446848,105611.6473590478,855.2052680499612,99.39053506270092,92.25212312428516,89.76728860832526,97.24541334289556,92.00638186474603,80.14327653437498,79.91027321054689,54.288216887658685,83.2950753421875,86.90668407224123,116110.29588943247,13621.695852542132,12748.076926190355,12167.669523028073,13519.213362525581,12556.189594602694,11272.524484977926,11112.179258218555,7358.130662996008,10566.511570036877,11188.104654314022,526655.1138722599,23755.7436586774,32865.548210235385,37715.11161500722,44193.653445703436,47979.1271932224,46933.823631257605,67993.30543480319,46381.929380166395,82619.2586636032,96217.61263958321,1157.4593788205218,127.87307594652488,119.59563703215026,115.1962376517822,130.63439653505864,125.72953599179695,108.34998379179687,109.01828628710936,76.39853458453369,118.399108375,126.26458262476805,59778.918765467155,6691.140548821615,6504.300871116922,6164.942790640255,7010.900450333548,6418.846655393065,6065.773479757421,6064.806653281493,3893.165968454132,5591.394543046915,5373.646804621857,269285.0283496019,12077.216182186214,17019.798959631826,19081.024354863213,23526.516162576285,24118.389701286414,25488.598059776014,36494.19553450241,24230.606009187206,41722.65557196159,45526.02781363079,1664.0622404012731,161.88487721735677,156.0335000046144,148.3077525047363,183.46775721105962,184.5795004994141,154.44867109062497,155.46909240175773,119.34000978231197,191.13345569062494,209.3976239987732,75149.0379771494,9603.051208373583,9014.539478367911,8706.045244917565,8923.040379993583,7680.458943311606,7732.159233625512,8329.019869491112,4196.908967178905,5207.469495871957,5756.345156017453,347921.05585364427,20620.500445795547,27790.06094589322,28562.507211138603,32556.683898982214,30352.016108268796,33827.97995595521,48585.555559771215,30173.734749107203,42206.3253679088,53245.69161082321,1049.583561915339,123.76710692304071,108.61292064104012,102.40813129313966,124.49134042697757,115.71733223535158,84.57195950390624,101.43441926503907,58.77760542474363,108.94461987968748,120.85812632241208,222771.481000129,29274.923266317754,26583.835902081977,26048.483061143095,26467.995874732725,23333.22502829288,21684.93909473505,20438.133145162974,12385.885314849764,17320.36137892465,19233.69893388753,1013277.4118355868,53259.441837063,70707.07042542398,80271.56361044636,87412.989900779,90444.60256387839,89874.57347266565,127978.0087653504,84139.162676352,149562.1648722432,179627.833711386,966.914532133179,123.78720215357716,112.54525041482923,109.62422189409179,112.45803150533445,100.85204319394536,91.10104001054688,90.26628322050779,55.59415597193604,82.96424099843749,87.72206276997068
2115.0,111675.93749418139,13451.535662470727,12422.167993105182,12128.622412553492,13021.472885732603,12139.322887352126,10791.569813015014,10209.362891594268,6831.04026880567,9854.017761138868,10826.824918413384,563287.9558732318,24901.56811808794,34188.295391283566,40646.67289744482,46012.771814253596,51327.819612736,49895.012274176,70504.23884241922,49899.94164116478,89909.3177984512,106002.3174832152,848.9880841388301,98.84007263307481,91.66474873463586,89.16941427656243,96.66982127783197,91.39279993750006,79.47788330937502,79.27122185781248,53.71149304367677,82.53468525937497,86.25594380898438,116835.24955594543,13716.410811398526,12826.139296581372,12237.332564904322,13618.187111780791,12645.78092917412,11324.689236256958,11171.583701173255,7386.7053269352145,10630.448634677272,11277.971943063589,529704.7233946223,23906.358600261705,33044.35855765091,37925.77508040278,44508.802056253575,48343.5049530496,47117.3878831104,68351.6098007808,46479.117689241604,83045.96720430079,96981.84156957081,1154.1795563882267,127.61926485695024,119.29404323249818,114.87529675776369,130.3910348348144,125.43510512539054,107.96109229218747,108.67719352734376,76.03632249963378,117.96198899999999,125.92821426164551,60065.829896381954,6719.057102752102,6530.531822821994,6186.383097695188,7050.806081775463,6456.596961118636,6087.772590087249,6089.385167246773,3906.1307207312984,5624.7099398511145,5414.456412302185,269817.2355979332,12090.427050034312,17033.27914847226,19097.359768214796,23606.943969523218,24207.025670649586,25507.59278310399,36553.868700121595,24188.494017900797,41794.2915031424,45737.9529867702,1666.8719288657267,162.09040085936635,156.21774828054183,148.43738334902343,183.8683802377929,184.9634183199218,154.62268914375,155.71642988632814,119.48887185690918,191.51116779375,209.95543913834226,75212.03939374158,9625.783559570942,9028.174325922797,8715.253877633064,8943.102653342672,7690.236462853791,7727.829697636175,8346.064967522827,4178.7924874854325,5194.742033431564,5762.0593283422795,348058.34433646116,20701.57349982599,27870.194643083676,28611.3726361904,32659.459439757797,30411.45806809921,33806.232310348794,48633.61234234079,30023.880530220802,42032.4816972032,53308.0791693908,1046.038573487812,123.5349050208055,108.27149004366751,102.0289236312988,124.25535981093746,115.40135570117185,84.03290656640624,101.09917268515623,58.32587194799805,108.52640517500001,120.5621829053711,224114.6134368493,29529.434062341537,26786.96459522582,26239.56036637302,26670.494793487203,23481.463028257895,21783.321621805597,20537.50707109454,12394.116670853127,17363.303146821552,19328.448080588645,1019711.0189766436,53790.45528287876,71322.5392745894,80926.98066785764,88176.332110122,91172.60982927361,90295.09546147838,128698.99050818561,84258.070171072,150155.9651529728,180913.98051821205,961.812354028893,123.48032323564117,112.15638970256808,109.21703797944335,112.03181321896976,100.33062693007808,90.53570366718746,89.7103297824219,55.03407179625245,82.23156238437501,87.08449533195801
2116.0,111786.26931466567,13487.133646329534,12442.68459684584,12144.616774284843,13054.378000958037,12162.299736623858,10785.23584294219,10207.614041944653,6810.630936873266,9845.555422859568,10846.120315003773,564315.7460296281,25004.378398708643,34286.46050721171,40755.340400565474,46195.496092910886,51533.03264156162,49895.876100915215,70579.31160937218,49756.923561008625,89927.10111353856,106381.82560383496,842.948534053725,98.30533770143799,91.09415647040521,88.58862206856446,96.11067470034183,90.79674892246094,78.831501319375,78.65042911515621,53.1512470238086,81.7960206075,85.62379612467774,117534.25628660595,13807.95278615223,12901.455095751455,12304.454536419404,13713.960824568188,12732.36260655941,11374.7252795053,11228.75404778009,7413.900058619269,10691.897332583134,11364.793718667777,532667.2012163487,24052.670257800793,33218.06003799741,38130.419589644254,44814.94642078809,48697.471919738884,47295.70744205312,68699.67689915904,46573.52918948607,83460.48407240705,97724.23538727302,1150.9934431682852,127.372705512792,119.0010663985504,114.56352560357422,130.1546263260058,125.1490865694531,107.5833119782813,108.34584627499996,75.68445933144532,117.53735875,125.6014564231836,60345.1593774949,6746.160775205227,6556.007128887715,6207.19663439763,7089.69526329532,6493.400807005609,6109.183771523343,6113.298442864791,3918.7456404968034,5657.194195272507,5454.276718545956,270334.2369248842,12103.260464515282,17046.374189060123,19113.228455470646,23685.073839128767,24293.12918374529,25526.04480005122,36611.83691815168,24147.58522636544,41863.880693432315,45943.82315496275,1669.6013405169049,162.29005239731913,156.3967323200149,148.56331045490242,184.25755689233398,185.33636705984378,154.79173525249996,155.956700585625,119.63348072937497,191.87808812249995,210.4973167024951,75264.98991679757,9646.990038500646,9040.523338999385,8723.293061354565,8961.81287208904,7698.896637553097,7722.668147440007,8361.901579833768,4160.475855242719,5181.603989140223,5766.824396644184,348191.71029119816,20780.330180884084,27948.038806068722,28658.841906240716,32759.298536511233,30469.201686220153,33785.10602604545,48680.296073979844,29878.307860445442,41863.60498851777,53368.68422628505,1042.5948704439322,123.30933745863328,107.93981460621998,101.66055047408196,124.0261214982129,115.0944070679688,83.50925514140627,100.77350457898439,57.887045142016596,108.12013946187498,120.27469501453123,225396.0703482763,29775.11552729496,26982.473001217546,26423.270341152056,26865.220675576627,23623.03892360112,21876.217915611178,20631.601024420666,12399.665997922808,17401.918050141092,19417.548891337952,1025960.8087708087,54306.29691595686,71920.4232994928,81563.67152362842,88917.86454205519,91879.81688708607,90703.60253632511,129399.37277265414,84373.58030880002,150732.7997113958,182163.38027341443,956.8559524418771,123.18221228678841,111.7786392963715,108.82148789092781,111.61777259792972,99.82410827374997,89.9865197907813,89.17026072828124,54.48999002558838,81.51981744499997,86.46514410645995
2117.0,111882.04898109601,13520.577181272678,12461.493776373833,12159.019428404512,13085.24067111608,12183.462776677055,10777.870395803106,10204.816584738306,6789.845713804622,9836.07847473798,10863.643978167716,565313.3070637762,25104.164847546384,34381.738413847874,40860.81180065314,46372.84612807825,51732.20999306881,49896.714520985595,70652.17635376766,49618.11189497471,89944.36138994688,106750.17172090706,837.0866177946584,97.78633026779025,90.54034633159316,88.02491198433108,95.56797361042484,90.21822881962888,78.20413056437498,78.04789498257807,52.607478828054205,81.07908138656249,85.01024101932128,118207.77120958427,13896.362371796411,12974.069212203329,12369.083324332993,13806.56686741478,12815.973748912453,11422.688117902566,11283.736978608546,7439.763859203429,10750.91519362047,11448.611535589536,535542.5473374331,24194.678631294544,33386.65265127484,38329.045142731535,45112.086539306816,49041.02809329024,47468.78230808577,69037.50672993793,46665.16388089983,83862.80926792194,98444.79409268992,1147.901039160693,127.13339791405004,118.716706530307,114.26092418921384,129.9251710086329,124.87148032398437,107.21664285007813,108.02424453007815,75.34294507996825,117.12521762499999,125.28430910938232,60616.85366001625,6772.452893628864,6580.727327564235,6227.38463467377,7127.55723741691,6529.246704330075,6130.003492142595,6136.543262317378,3931.0089374043937,5688.836811302627,5493.092359235404,270836.0323304534,12115.716425629184,17059.084081395395,19128.63041663073,23760.905771392983,24376.700240573453,25543.95411061761,36668.10018859264,24107.879634581124,41931.423142831365,46143.63831820848,1672.250475354822,162.4838318312143,156.57045212303237,148.68553382237306,184.63528717468262,185.6983467191796,154.95580941687498,156.18990449964846,119.77383639970951,192.23421667687498,211.0232566912317,75308.6070118009,9666.746851816539,9051.664453893774,8730.24160870836,8979.238762040743,7706.512335856639,7716.75768870962,8376.59244406914,4142.021484907702,5168.122686792274,5770.70869500634,348321.1537178552,20856.770488969956,28023.593434848317,28704.915021289573,32856.201189242536,30525.246962631685,33764.601103045134,48725.60675468834,29737.016739781127,41699.69524185249,53427.50678150592,1039.2524527836918,123.09040423652549,107.61789432869743,101.30301182148933,123.80362548880368,114.7964863357422,83.00100522890625,100.4574149465234,57.46112500679932,107.72582274031248,119.99566264989258,226617.87784856785,30012.10310413845,27170.519086161927,26599.778896686592,27052.34633432903,23758.163734600344,21963.860611275286,20720.627241452563,12402.746065392143,17436.475650354856,19501.257124176704,1032026.7812180871,54806.966736297705,72500.7225001344,82181.63617775905,89637.58719657858,92566.22373731578,91100.0946972058,130079.1555587559,84485.69308953603,151292.66854751232,183376.03297699319,952.0453273721276,122.89286930701957,111.41199919623959,108.43757162854499,111.21590964221438,99.33248722496089,89.4534883813281,88.64607605808591,53.96191065994383,80.82900618031248,85.86400909347654
2118.0,111964.28906963748,13551.96544187255,12478.694396885374,12171.9307885132,13114.157133301786,12202.913919708823,10769.58252565481,10201.069031406065,6768.772017415099,9825.700066219884,10879.50374866002,566280.638975679,25200.927464601024,34474.12911119205,40963.08709770782,46544.821919755675,51925.35166725757,49897.5275343872,70722.83307560575,49483.50664306304,89961.09862767617,107107.35583443155,831.4023353616229,97.28305033213208,90.00331831819972,87.47828402386232,95.04171800808112,89.65723962900385,77.595771044375,77.46361946007814,52.080188456413566,80.3838675965625,84.41527849291504,118856.23606692725,13981.678969353738,13044.025214189638,12431.265406970637,13896.03665489088,12896.652327735574,11468.631622181918,11336.57780127017,7464.3442886325065,10807.558055600413,11529.465726101735,538330.7617578804,24332.38372074316,33550.13639748334,38521.65173966465,45400.22241180992,49374.1734737037,47636.61248120832,69365.09929311746,46754.02176348288,84252.94279084542,99143.51768582145,1144.902344365458,126.90134206072423,118.44096362776794,113.96749251468253,129.70266888269535,124.6022863889844,106.86108490757815,107.71238829257811,75.01177974520265,116.725565625,124.97677232024168,60880.860770120744,6797.934746428306,6604.692941270765,6246.948296157816,7164.381563060381,6564.123502271763,6150.228323902004,6159.116502428087,3942.9188737650506,5719.627598697974,5530.8884221385815,271322.62181464134,12127.794933376053,17071.408825478054,19143.565651695033,23834.439766315856,24457.738841134083,25561.320714803205,36722.65851144448,24069.37724254785,41996.91885133951,46337.39847650736,1674.8193333794613,162.67173916105185,156.73890768959447,148.80405345143555,185.0015710848389,186.04935729792982,155.11491163687504,156.4160416283984,119.90993886791259,192.579553456875,211.53325910455197,75343.58704230974,9685.127964800282,9061.673314658086,8736.176014302293,8995.446057070318,7713.15428302188,7710.178982833138,8390.198452649289,4123.489955217994,5154.363470070466,5773.7785476859435,348446.6746164316,20930.894424083424,28096.85852942245,28749.591981336904,32950.16739795166,30579.593897333772,33744.71754134785,48769.544384466244,29600.007168227843,41540.75245720736,53484.546835053436,1036.0113205070961,122.87810535448138,107.3057292110998,100.95630767352054,123.58787178270998,114.50759350449206,82.50815682890624,100.15090378777344,57.048111542346184,107.34345501031248,119.72508581145507,227782.0024602889,30240.528252215314,27351.25617010184,26769.247064441613,27232.03950032745,23887.042275054548,22046.475501711877,20804.791716256994,12403.563384672945,17467.23758065584,19579.821014850855,1037908.9363184811,55292.46474390048,73063.43687651413,82780.87463024924,90335.50007369221,93231.83037996289,91484.57194412031,130738.33886649087,84594.40851328,151835.57166132223,184551.93862894838,947.3804788196395,122.61229429633487,111.05646940217228,108.06528919229496,110.82622435182375,98.85576378371096,88.9366094388281,88.13777577183596,53.449833699318845,80.15912859031249,85.28109029300782
2119.0,112033.97147232955,13581.394597411178,12494.382327661593,12183.448225375229,13141.22070833451,12220.751989667806,10760.477981885953,10196.466908183915,6747.494616495348,9814.529917979986,10893.804199333834,567217.7417653325,25294.666249872887,34563.63259924421,41062.16629172963,46711.42346794319,52112.457664128,49898.31514111998,70791.28177488636,49353.1078052736,89977.3128267264,107453.37794440839,825.895686754619,96.79549789446318,89.48307243022461,86.94873818715823,94.53190789331059,89.1137813505859,77.006422759375,76.8976025476562,51.56937590888672,79.71037923749998,83.83890854545899,119480.0792145586,14063.940785876659,13111.365349712889,12491.045854223785,13982.400649610161,12974.43516387948,11512.608030630054,11387.320450418645,7487.687465640857,10861.880064279196,11607.39540028715,541031.8444776888,24465.785526146356,33708.511276622776,38708.23938044358,45679.35403829719,49696.908060979185,47799.1979614208,69682.45458869763,46840.10283723521,84630.8846411776,99820.40616666761,1141.9973587825648,126.67653795281544,118.17383769093331,113.68323057998043,129.48711994819342,124.34150476445313,106.51663815078128,107.41027756250006,74.69096332714842,116.33840274999999,124.6788460557617,61137.13030894746,6822.60758296631,6627.904476595666,6265.888780192057,7200.158115542281,6598.020387914048,6169.854942638634,6181.015134662169,3954.473764547,5749.55667697999,5567.650446909355,271794.00537744904,12139.495987755781,17083.348421308183,19158.034160663592,23905.675823897403,24536.2449854272,25578.144612608,36775.51188670719,24032.078050265598,42060.367818956795,46525.10362985939,1677.3079145908334,162.85377438683167,156.90209901970206,148.91886934209003,185.35640862280272,186.38939879609362,155.26904191250006,156.63511197187503,120.04178813398434,192.91409846249994,212.02732394245606,75370.605269955,9702.205101361387,9070.62327310042,8741.170454725787,9010.498499114768,7718.891061116684,7703.010246914213,8402.778652769706,4104.940009191889,5140.389702545941,5776.098269114218,348568.2729869262,21002.701986224703,28167.834089791148,28792.87278638279,33041.19716263862,30632.242490326393,33725.455340953595,48812.1089633136,29467.2791457856,41386.776634582406,53539.8043869276,1032.8714736141483,122.6724408125011,107.00331925342708,100.62043803017586,123.37886037993164,114.22772857421869,82.03070994140624,99.85397110273436,56.64800474865722,106.97303627187499,119.46296449921874,228890.35111441198,30460.51844725281,27524.832927018273,26931.830996140638,27404.462821410045,24009.87315228397,22124.281537625422,20884.294200656226,12402.318209255413,17494.45754595848,19653.481276811028,1043607.274071988,55762.79093876612,73608.56642863202,83361.38688109921,91011.60317339603,93876.63681502717,91857.0342770688,131376.92269585922,84699.726580032,152361.5090528256,185691.09722927996,942.861406784417,122.3404872547336,110.71204991416931,107.70464058217766,110.44871672675785,98.39393795,88.43588296328124,87.64535986953123,52.95375914371338,79.51018467499999,84.71638770505369
2120.0,112092.0473970838,13608.957811880879,12508.650442068594,12193.666066918497,13166.52180075803,12237.072722254326,10750.659209216783,10191.102756112947,6726.095630811313,9802.6743219219,10906.646635140645,568124.6154327408,25385.38120336173,34650.24887800436,41158.049382718375,46872.650772640816,52293.527983680004,49899.07734118402,70857.52245160965,49226.9153816064,89993.00398709762,107788.23805083758,820.5666719736478,96.32367295478333,88.97960866766815,86.43627447421872,94.03854326611325,88.58785398437504,76.436085709375,76.34984424531253,51.07504118547364,79.058616309375,83.28113117695312,120079.71562228142,14143.184834447164,13176.13054652561,12548.468327549775,14065.688362229592,13049.357927543317,11554.667949087208,11436.007487749637,7509.838067752398,10913.93367335819,11682.438446038484,543645.795496856,24594.884047504438,33861.777288693214,38888.80806506843,45949.48141876882,50009.23185511682,47956.53874872321,69989.57261667839,46923.4071021568,84996.63481891842,100475.4595352284,1139.1860824120315,126.4589855903226,117.91532871980277,113.40813838510743,129.2785242051269,124.0891354503906,106.18330257968748,107.11791233984368,74.38049582580567,115.963729,124.39053031594239,61385.61345260003,6846.472613562981,6650.362424296379,6284.207211826806,7234.877086575473,6630.9268862439485,6188.880128069675,6202.236225126596,3965.6719773757122,5778.614474435079,5603.364425087407,272250.183018876,12150.81958876841,17094.90286888569,19172.03594353641,23974.6139441376,24612.218673452804,25594.425804032,36826.66031438082,23995.982057734403,42121.7700456832,46706.7537782646,1679.7162189889405,163.029937508555,157.06002611335455,149.02998149433574,185.6997997885742,186.718471213672,155.41820024374994,156.84711553007807,120.16938419792483,193.23785169375,212.50545120494382,75390.31585444267,9718.047744037165,9078.585388784877,8745.296788549857,9024.457838175556,7723.789109019305,7695.327253771989,8414.390246401017,4086.4285541283557,5126.262767678255,5777.730163896411,348685.9488293419,21072.19317539361,28236.52011595447,28834.75743642721,33129.29048330338,30683.192741609615,33706.81450186241,48853.30049123041,29338.832672454406,41237.767773977605,53593.27943712841,1029.8329121048362,122.47341061058506,106.71066445567935,100.295402891455,123.17659128046873,113.95689154492193,81.56866456640626,99.56661689140626,56.26080462573242,106.614566525,119.2092987131836,229944.7711503157,30672.19718136151,27691.39338483034,27087.681963766023,27569.773862669925,24126.848767130115,22197.490827510846,20959.32820422817,12399.204534708208,17518.38132289862,19722.471101212483,1049121.794478602,56217.94532089371,74136.11115648788,83923.1729303088,91665.89649568999,94500.64304250883,92217.48169605121,131994.90704686078,84801.647289792,152870.48072202242,186793.50877798806,938.4881112664634,122.07744818221708,110.37874073223114,107.35562579819342,110.08338676701655,97.9470097238281,87.95130895468749,87.16882835117188,52.47368699312746,78.88217443437499,84.16990132961425
2121.0,112139.43736768769,13634.745243983625,12521.58861755752,12202.6755982346,13190.147898840542,12251.968764920255,10740.22534769918,10185.066131039384,6704.654531104224,9790.236141178164,10918.129093130277,569001.2599779001,25473.072325067616,34733.97794747254,41250.736370674254,47028.50383384844,52468.56262591362,49899.81413457923,70921.55510577535,49104.929372061444,90008.17210878976,108111.93615371914,815.4152910187056,95.86757551309312,88.49292703053023,85.940892885044,93.56162412648928,88.07945753037107,75.88475989437498,75.82034455304687,50.5971842861743,78.4285788121875,82.74194638739745,120655.54687377393,14219.4469341767,13238.360412130178,12603.575079971837,14145.928351449444,13121.45513827467,11594.860350947143,11482.680102000966,7530.839331280584,10963.769644483862,11754.631529058339,546172.6148153886,24719.679284817143,34009.93443369463,39063.357793539006,46210.60455322471,50311.14485611647,48108.63484311552,70286.45337705984,47003.93455824768,85350.19332406785,101108.67779150385,1136.4685152538445,126.24868497324636,117.66543671437688,113.14221593006353,129.0768816534961,123.84517844679688,105.86107819429685,106.83529262460937,74.08037724117432,115.60154437499997,124.11182510078369,61626.26295214625,6869.53100949591,6672.067259299477,6301.904679820448,7268.528984269192,6662.83286015214,6207.300763792371,6222.776934570048,3976.511932533904,5806.7917281145965,5638.0168000982385,272691.1547389216,12161.765736413985,17106.07216821065,19185.57100031343,24041.25412703645,24685.659905210887,25610.164289075205,36876.103794465285,23961.08926495424,42181.125531518715,46882.348921722965,1682.0442465737694,163.20022852621997,157.21268897055168,149.13738990817387,186.03174458215335,187.03657455066403,155.56238663062496,157.05205230300774,120.29272705973385,193.55081315062498,212.9676408920154,75403.35185355289,9732.723133992771,9085.628429031567,8748.624556327113,9037.383832318645,7727.912722418354,7687.203331941125,8425.08859028899,4068.0106616070484,5112.042068815357,5778.734526811792,348799.70214367635,21139.36799159025,28302.916607912262,28875.245931470112,33214.44735994604,30732.444651183363,33688.79502407424,48893.118968216644,29214.667748234235,41093.725875392964,53644.97198565584,1026.8956359791762,122.28101474873242,106.4277648178565,99.98120225735838,122.98106448432128,113.69508241660161,81.12202070390626,99.28884115378906,55.886511173571776,106.26804576968749,118.96408845334958,230947.0503157876,30875.683963035674,27851.07692539517,27236.946359558573,27728.125106455384,24238.155313955685,22266.30863765361,21030.080994306212,12394.410098678396,17539.24675983354,19787.016156915168,1054452.4975383321,56657.92789028406,74646.07106008209,84466.23277787802,92298.38004057418,95103.84906240771,92565.91420106744,132592.2919194957,84900.17064256,153362.4866689127,187859.17327507248,934.260592265771,121.82317707878376,110.05654185635747,107.01824484034186,109.73023447260002,97.51497910519534,87.48288741304687,86.7081812167578,52.00961724756105,78.2750978684375,83.64163116668944
2122.0,112177.031223801,13658.84404713138,12533.283735664403,12210.565061578658,13212.183574574574,12265.52967686911,10729.272232716585,10178.443603614589,6683.248139090614,9777.314810110229,10928.346342450895,569847.6754008151,25557.73961499057,34814.81980764862,41340.227255597136,47178.98265156625,52637.56159082882,49900.52552130561,70983.37973738366,48987.14977663871,90022.81719180288,108424.47225305307,810.441543889802,95.42720556939214,88.02302751881084,85.46259341963382,93.10115047443854,87.5885919885742,75.35244531437498,75.30910347085933,50.13580521098877,77.82026674593749,82.22135417679198,121207.96116659262,14292.761710206625,13298.09323377888,12656.406956079105,14223.148224013346,13190.760164969462,11633.2325771572,11527.378108952491,7550.7330513284305,11011.437047247815,11824.010092859226,548612.3024332771,24840.17123808456,34152.98271162701,39231.88856585555,46462.7234416648,50602.647063978235,48255.48624459777,70573.09686984193,47081.685205507834,85691.56015662594,101720.06093549391,1133.8446573080078,126.04563610158677,117.42416167465515,112.88546321484861,128.88219229330088,123.6096337536719,105.54996499460938,106.5624184167969,73.79060757325438,115.251848875,123.84273041028563,61859.033133618505,6891.78390300005,6693.019440700658,6318.982236639419,7301.104633129044,6693.728510432933,6225.113837284079,6242.634518382909,3986.9921029615266,5834.079483834856,5671.594467253169,273116.92053758714,12172.334430692417,17116.85631928299,19198.639330994727,24105.596372593984,24756.568680701454,25625.360067737613,36923.842326960636,23927.399671925123,42238.43427646337,47051.889060234476,1684.2919973453331,163.36464743982827,157.36008759129408,149.2410945836035,186.35224300354002,187.3437088070702,155.70160107312498,157.2499222906641,120.41181671941165,193.85298283312503,213.41389300367067,75410.32522313867,9746.296271021225,9091.818868916565,8751.220980591701,9049.33424767441,7731.324053812825,7678.709365671806,8434.927195954542,4049.7395674882937,5097.785029193596,5779.169642813658,348909.53292993014,21204.226434814635,28367.02356566465,28914.338271511573,33296.667792566535,30779.99821904768,33671.39690758913,48931.56439427233,29094.784373125127,40954.65093882849,53694.882032509915,1024.059645237153,122.09525322694391,106.15462033995841,99.67783612788583,122.79227999148922,113.44230118925782,80.69077835390625,99.02064388988276,55.52512439217529,105.93347400593747,118.7273337197168,231898.91676701917,31071.094317153038,28004.01828450803,27379.76569601786,27879.663952369745,24343.972780644683,22330.933392129595,21096.73359597932,12388.116380891493,17557.283776841938,19847.334590483708,1059599.383251177,57082.738646936814,75138.44613941431,84990.56642380707,92909.05380804863,95686.25487472377,92902.33179211778,133169.0773137639,84995.296638336,153837.5268934963,188888.0907205332,930.1788497823467,121.57767394443451,109.74545328654874,106.69249770862312,109.38925984350833,97.0978460941015,87.03061833835936,86.26341846628904,51.56154990701416,77.68895497718748,83.13157721627928
2123.0,112205.68812095765,13681.338369446132,12543.819682010251,12217.419656369475,13232.710483677105,12277.841929055958,10717.892394984081,10171.318759295033,6661.9506274623,9764.006334308453,10937.389884349,570663.8617014829,25639.38307313046,34892.77445853276,41426.522037487055,47324.08722579408,52800.52487842563,49901.21150136323,71042.99634643455,48873.576595338236,90036.93923613695,108725.84634883933,805.6454305869272,95.0025631236805,87.56991013251012,85.00137607798833,92.65712230996098,87.11525735898434,74.83914196937496,74.81612099875001,49.690903959917,77.233680110625,81.7193545451367,121737.33331217166,14363.16259370774,13355.365978473965,12707.00339202658,14297.37463470827,13257.30522587211,11669.830336218232,11570.139951426128,7569.559581788506,11056.983259186754,11890.608358763582,550964.8583505293,24956.359907306807,34290.922122490396,39394.40038201783,46705.838084089264,50883.73847870207,48397.09295316993,70849.50309502466,47156.65904393728,86020.73531659265,102309.60896719863,1131.3145085745257,125.84983897534325,117.19150360063777,112.63788023946285,128.69445612454103,123.38250137101569,105.24996298062497,106.29928971640625,73.5111868220459,114.9146425,123.58324624444823,62083.87989801378,6913.232387267789,6713.21941176471,6335.440898458207,7332.59517405698,6723.604375784268,6242.316439902247,6261.806326597288,3997.1110142557804,5860.469096177123,5704.08477374933,273527.4804148705,12182.525671603813,17127.255322102756,19211.240935580245,24167.640680810135,24824.944999924497,25640.013140019197,36969.875911866875,23894.913278647044,42293.69628051711,47215.37419379915,1686.4594713036256,163.5231942493786,157.50222197558125,149.34109552062498,186.66129505273443,187.63987398289058,155.83584357125,157.4407254930468,120.526653176958,194.14436074125004,213.8442075399097,75411.8268171282,9758.829913543233,9097.220891272007,8753.150965859384,9060.364858437762,7734.083112512093,7669.9137949297065,8443.957729693719,4031.6666719130967,5083.547091937729,5779.091787029327,349015.44118810294,21266.768505066662,28428.8409892116,28952.034456551526,33375.95178116484,30825.853445202567,33654.62015240704,48968.63676939746,28979.182547127042,40820.54296428418,53743.009577690646,1021.3249398787768,121.91612604521917,105.89123102198545,99.38530450303722,122.61023780197263,113.19854786289063,80.27493751640624,98.7620250996875,55.17664428154298,105.61085123374997,118.49903451228514,232802.03906861195,31258.539784974855,28150.347551902378,27516.276605902036,28024.532717271268,24444.474948602245,22391.556672805225,21159.460792092006,12380.498603151436,17572.714365723936,19903.637026187385,1064562.4516171333,57492.377590851815,75613.23639448475,85496.17386809568,93497.91779811322,96247.86047945723,93226.73446920191,133725.26322966532,85087.02527712003,154295.6013957734,189880.26111437043,926.2428838161871,121.34093877916905,109.44547502280423,106.3783844030372,109.06046287974111,96.6956106905468,86.59450173062498,85.83454009976562,51.129484971486825,77.12374576062498,82.63973947838379
2124.0,112226.23653056583,13702.309353759783,12553.277346301085,12223.321539189415,13251.807365589502,12288.988904187525,10706.175060548356,10163.772198342309,6640.833519886394,9750.403290592123,10945.347952169443,571449.8188799022,25718.002699487468,34967.8419001249,41509.620716344005,47463.817556532005,52957.452488704,49901.872074752006,71100.40493292801,48764.20982816,90050.538241792,109016.05844107801,801.026951110086,94.59364817595815,87.1335748716278,84.55724086010741,92.22953963305663,86.65945364160156,74.344849859375,74.34139713671874,49.26248053295898,76.66881890625,81.23594749243163,122244.02473582291,14430.681821880373,13410.214292967612,12755.402415535196,14368.633286364442,13321.121388575417,11704.697704184635,11611.002699285908,7587.357835342922,11100.45396578252,11954.45932590376,553230.2825671426,25068.245292483745,34423.7526662848,39550.893242026,46939.948480498,51154.419100288,48533.454968832004,71115.672052608,47228.856073536,86337.718803968,102877.32188661801,1128.8780690533938,125.66129359451627,116.96746249232483,112.39946700390624,128.5136731472168,123.16378129882811,104.96107215234375,106.0459065234375,73.24211498754883,114.58992525,123.33337260327148,62300.760721292565,6933.877516448915,6732.66759992556,6351.281645159361,7362.992064351308,6752.45133280776,6258.905766884413,6280.2898038869835,4006.8672446711103,5885.952228487626,5735.475518669671,273922.8343707741,12192.339459148121,17137.26917666993,19223.37581407,24227.387051685,24890.788862880003,25654.12350592,37014.204549184,23863.630085120003,42346.911543680006,47372.804322417,1688.546668448646,163.67586895487165,157.6390921234131,149.43739271923826,186.9589007297363,187.925070078125,155.96511412499999,157.62446191015624,120.63723643237304,194.424946875,214.2585845007324,75408.42638752292,9770.38457860758,9101.896386685938,8754.477098627498,9070.529446868022,7736.247764635928,7660.882615396029,8452.230012577722,4013.841539303144,5069.381720060918,5778.555224760143,349117.42691819655,21326.99420234638,28488.368878553083,28988.334486590004,33452.299325741005,30870.010329648,33638.464758528,49004.33609359201,28867.862270240003,40691.40195176,53789.35462119801,1018.6915199040436,121.74363320355845,105.63759686393738,99.1036073828125,122.43493791577148,112.9638224375,79.87449819140625,98.51298478320312,54.8410708416748,105.300177453125,118.27919083105468,233658.02619357515,31438.127924145792,28290.190171249546,27646.610842227878,28162.86863527347,24539.829392754924,22448.36321933736,21218.431123244372,12371.725729340596,17585.752590001088,19956.126566000137,1069341.7026362026,57886.84472202916,76070.44182529322,85983.05511074401,94064.972010768,96788.665876608,93539.12223232,134260.8496672,85175.35655891201,154736.710175744,190835.68445658401,922.4526943672895,121.11297158298778,109.1566070651245,106.07590492358398,108.74384358129882,96.30827289453124,86.17453758984375,85.42154611718749,50.713422440979,76.57947021875,82.16611795300292
2125.0,112239.474239907,13721.835137613945,12561.734622327791,12228.349823784522,13269.55004347751,12299.050896722103,10694.206150787673,10155.881535823164,6619.965691005302,9736.594827009436,10952.305511355402,572205.5469360756,25793.598494061498,35040.02213242502,41589.523292168,47598.17364378001,53108.344421664005,49902.507241472005,71155.60549686401,48659.049475103995,90063.614208768,109295.108529769,796.5861054592764,94.20046072622513,86.71402173616409,84.13018776599121,91.81840244372559,86.22118083642577,73.869568984375,73.88493188476562,48.85053493011474,76.1256831328125,80.77113301867675,122728.38347673387,14495.350437954692,13462.672503761849,12801.640645891746,14436.948929855462,13382.23857002057,11737.877124664352,11650.002049437908,7604.165283463351,11141.893160462048,12015.594771222004,555408.5750831167,25175.82739361541,34551.474343010166,39701.36714588,47165.054630891005,51414.688928736,48664.572291584,71371.60374259201,47298.276294304,86642.510618752,103423.199693752,1126.5353387446128,125.47999995910573,116.75203834971619,112.17022350817871,128.33984336132812,122.95347353710937,104.68329250976562,105.80226883789062,72.98339206976318,114.27769712499999,123.09310948675537,62509.63465438124,6953.720305650663,6751.364416786231,6366.5054203334785,7392.287077706705,6780.260596008638,6274.879117348198,6298.082489567527,4016.2594251191945,5910.520852877528,5765.754952982961,274302.98240529635,12201.775793325327,17146.89788298453,19235.043966464,24284.8354852185,24954.100269568,25667.691165440003,37056.828238912,23833.550091344,42398.080065952,47524.179446088005,1690.5535887803978,163.8226715563073,157.77069803479003,149.52998617944334,187.2450600345459,188.19929709277343,156.089412734375,157.8011315419922,120.74356648565673,194.694741234375,214.65702388613892,75400.67258439853,9781.018541890582,9105.904953502477,8755.259647374944,9079.879803289023,7737.873733114454,7651.67937846748,8459.79202045288,3996.3118983607988,5055.3403964647105,5777.612211481477,349215.49012020894,21384.903526653823,28545.607233689138,29023.238361627,33525.710426295,30912.468872384,33622.930725952,49038.662366856006,28760.823542464,40567.227901256,53833.917163032005,1016.1593853129539,121.57777470196152,105.39371786581421,98.8327447672119,122.26638033288573,112.73812491308593,79.48946037890624,98.27352294042969,54.518404072570796,105.0014526640625,118.06780267602538,234468.42752332176,31609.962308694296,28423.666940159175,27770.89527827084,28294.803857744813,24630.197481550345,22501.53092917341,21273.806887792,12361.960465419785,17596.60458491636,20004.998789600602,1073937.1363083841,58266.140040469014,76510.06243183988,86451.210151752,94610.216446013,97308.671066176,93839.495081472,134775.83662636802,85260.290483712,155160.853233408,191754.360747174,918.8082814356594,120.89377235589026,108.87884941350936,105.78505927026367,108.43940194818114,95.93583270605468,85.77072591601562,85.02443651855468,50.31336231549072,76.05612835156249,81.71071264013672
2126.0,112246.16835213613,13739.990853260553,12569.266407966325,12232.58058106437,13286.011424231261,12308.105112869624,10682.068282411929,10147.721401609442,6599.413366436715,9722.666662837502,10958.344259448388,572931.0458700022,25866.170456852553,35109.315155433134,41666.229764959055,47727.155487538075,53253.200677305635,49903.11700152323,71208.59803824255,48558.095536170236,90076.16713706497,109562.99661491234,792.3228936344984,93.82300077448144,86.311250726119,83.72021679563969,91.42371074196782,85.80043894345698,73.41329934437498,73.44672524289064,48.455067151384284,75.60427279031249,80.32491112387207,123190.74418797129,14557.198291190265,13512.77361710868,12845.753293948897,14502.345364098259,13440.685536497229,11769.40940881887,11687.172325830268,7620.0179564110085,11181.343144597411,12074.045249470495,557499.7358984514,25279.106210701815,34674.08715266648,39845.82209357984,47381.15653526826,51664.547964046076,48790.44492142593,71617.29816497666,47364.919706241286,86935.11076094465,103947.24238860063,1124.2863176481824,125.30595806911161,116.54523117281184,111.95014975228023,128.17296676687502,122.75157808585944,104.41662405289057,105.56837665976563,72.73501806868897,113.977958125,122.86245689489989,62710.46232316883,6972.761730937655,6769.310258118872,6381.113131279197,7420.472304214205,6807.023717795807,6290.233894291318,6315.182017596146,4025.2862391689655,5934.167250222969,5794.911779543782,274667.9245184374,12210.834674135427,17156.14144104655,19246.24539276225,24339.98598141064,25014.8792199885,25680.716118579196,37097.74698105088,23804.673297319045,42447.20184733311,47669.499564812155,1692.4802322988808,163.9636020536856,157.8970397097121,149.6188759012402,187.51977296716314,188.46255502683587,156.208739399375,157.97073438855463,120.84564333680908,194.95374381937503,215.03952569612918,75389.09295590586,9790.787837696618,9109.303897821705,8755.556562562237,9088.465726089042,7739.014597688197,7642.365191256273,8466.689883940664,3979.1236420690993,5041.472623939073,5776.312992842719,349309.63079414045,21440.496477989,28600.556054619763,29056.746081662524,33596.18508282684,30953.22907341057,33608.01805467904,49071.61558918947,28658.066363799044,40448.02081277216,53876.69720319264,1013.7285361055079,121.41855054042841,105.15959402761592,98.57271665623547,122.10456505331541,112.52145528964846,79.11982407890623,98.0436395713672,54.20864397423097,104.71467686656247,117.86487004719724,235234.7328476743,31774.142529032033,28550.894010178854,27889.25190756494,28420.465453308778,24715.73437695746,22551.230857551203,21325.74414184611,12351.359259428218,17605.468557434157,20050.44175437206,1078348.752633678,58630.26354617137,76932.0982141247,86900.6389911197,95133.65110384823,97807.87604816123,94127.85301665791,135270.2241071693,85341.82705152004,155568.03056876542,192636.28998614041,915.3096450212962,120.68334109787655,108.61220206795879,105.50584744307628,108.14713798038808,95.57829012511712,85.3830667091406,84.64321130386718,49.92930459502198,75.5537201590625,81.27352353978516
2127.0,112247.05528628253,13756.848627661126,12575.944605177525,12236.086839102229,13301.261498465292,12316.22567059157,10669.8407674626,10139.363440378125,6579.240122773624,9708.70108858234,10963.542626088274,573626.315681681,25935.718587860723,35175.72096914923,41739.74013471713,47850.76308780625,53392.02125562882,49903.70135490561,71259.38255706365,48461.348011358714,90088.19702668289,109819.72269650806,788.2373156357543,93.46126832072704,85.92526184149227,83.32732794905276,91.04546452778327,85.3972279626953,72.97604093937498,73.0267772110937,48.07607719676758,75.10458787875,79.89728180801757,123631.42813647845,14616.254036876442,13560.549319010046,12887.77416212526,14564.845436053043,13496.489903643433,11799.333735363196,11722.546479453238,7634.9504432366675,11218.844527505782,12129.840093211315,559503.7650131474,25378.081743742878,34791.59109525382,39984.25808512555,47588.2541936298,51903.99620621824,48911.072858357766,71852.75531976193,47428.78630934783,87215.51923054595,104449.44997116391,1122.1310057641026,125.13916792453408,116.34704096161191,111.7392457362109,128.0130433638575,122.55809494507814,104.16106678171874,105.34422998906253,72.49699298432616,113.69070825,122.64141482770506,62903.205928510295,6991.002729331896,6786.505503864734,6395.105649003238,7447.540150361185,6832.732588481777,6304.96760459159,6331.586116571786,4033.946423046593,5956.884010165038,5822.935153092537,275017.66071019875,12219.51610157844,17164.999850855984,19256.98009296473,24392.838540261488,25073.125714141453,25693.198365337612,37136.960775600644,23776.999703045123,42494.27688782337,47808.76467858948,1694.3265990040918,164.09866044700655,158.01811714817885,149.7040618846289,187.78303952758787,188.71484388031237,156.32309411999998,158.1332704498438,120.94346698583011,195.20195463000002,215.40608993070313,75374.19394826719,9799.746258957815,9112.148233499693,8755.423476631437,9096.335021720832,7739.721794908056,7632.99871659015,8472.967888437697,3962.3208276917712,5027.825925162362,5774.705804667287,349399.8489399926,21493.773056351845,28653.215341344923,29088.85764669657,33663.72329533653,30992.290932727687,33593.72674470913,49103.19576059233,28559.590734245125,40333.780686308484,53917.694741679916,1011.3989722817041,121.26596071895925,104.93522534934255,98.32352304988288,121.94949207706051,112.31381356718751,78.76558929140624,97.82333467601558,53.91179054665528,104.43985006062495,117.67039294457031,235958.37236486105,31930.76419195452,28671.98288679435,28001.79784390294,28539.975407843973,24796.589034466477,22597.627217499106,21374.392699273412,12340.072301483568,17612.53478624029,20092.635995402474,1082576.5516120843,58979.21523913608,77336.5491721476,87331.34162884709,95635.27598427363,98286.28082256377,94404.19603787779,135744.0121096039,85419.966262336,155958.2421818163,193481.4721734832,911.9567851241961,120.48167780894694,108.35666502847303,105.23826944202155,107.86705167791993,95.2356451517187,85.01155996921874,84.27787047312498,49.561249279572735,75.07224564124999,80.85455065194823
2128.0,112242.84077724972,13772.47758248726,12581.838120007247,12238.938583134941,13315.367340518551,12323.48359960108,10657.599613312788,10130.87631161132,6559.506887584308,9694.776965978905,10967.975773013257,574291.3563711123,26002.242887085835,35239.23957357341,41810.054401442256,47968.99644458444,53524.80615663361,49904.26030161923,71307.95905332734,48368.80690066944,90099.70387762175,110065.28677455615,784.3293714630393,93.11526336496199,85.55605508228422,82.9515212262305,90.68366380117187,85.01154789414058,72.55779376937498,72.625087789375,47.71356506626464,74.62662839812499,79.48824507111327,124050.74320307562,14672.545136332052,13606.029975217749,12927.735644405304,14624.471040723394,13549.67813644562,11827.687650565904,11756.156088339116,7648.995891780639,11254.43622644947,12183.007412816467,561420.6624272069,25472.753992738828,34903.98617077216,40116.675120517,47786.34760597571,52133.033655252475,49026.45610237951,72077.97520694783,47489.87610362368,87483.73602755585,104929.82244144185,1120.069403092378,124.97962952537252,116.15746771611639,111.53751145997077,127.86007315227539,122.37302411476563,103.91662069624998,105.12982882578123,72.26931681667482,113.41594749999997,122.42998328517089,63087.829246224275,7008.44419881292,6802.950518134192,6408.483808220343,7473.483339031416,6857.379436282748,6319.077859006913,6347.292609735104,4042.2387656354886,5978.664031109764,5849.81468025544,275352.19098057767,12227.820075654421,17173.47311241284,19267.24806707143,24443.393161770946,25128.839752026888,25705.137905715204,37174.46962256129,23750.52930852224,42539.30518742272,47941.97478741997,1696.0926888960325,164.22784673626967,158.13393035019035,149.78554412960943,188.03485971582032,188.95616365320308,156.43247689624994,158.2887397258593,121.03703743271969,195.43937366625,215.75671658986084,75356.4609057809,9807.945357234063,9114.490682148513,8754.913704006201,9103.533504701612,7740.044618135281,7623.636173012337,8478.668474115728,3945.945676773208,5014.445842701343,5772.836872952622,349486.1445577638,21544.733261742364,28703.585093864654,29119.57305672911,33728.325063824035,31029.65445033536,33580.05679604224,49133.40288106464,28465.396653802236,40224.507521864965,53956.90977849384,1009.1706938415488,121.12000523755393,104.72061183099432,98.08516394815427,121.80116140412107,112.11519974570317,78.42675601640626,97.612608254375,53.627843789843766,104.17697224624999,117.4843713681445,236640.7166815196,32079.918920640583,28787.04042942948,28108.64532133616,28653.450624484085,24872.90420308882,22640.87737983593,21419.896131696176,12328.243523781926,17617.985621742013,20131.754525484466,1086620.5332436024,59312.99511936299,77723.41530590864,87743.31806493404,96115.09108728918,98743.88538938371,94668.52414513147,136197.2006336717,85494.70811616,156331.4880725607,194289.90730920248,908.74970174436,120.28878248910118,108.11223829505147,104.98232526709967,107.5991430407763,94.9078977858594,84.65620569624998,83.92841402632811,49.209196369143065,74.61170479812499,80.45379397662596
2129.0,112234.19987581368,13786.943834120491,12587.012862586287,12241.202755562977,13328.393108454362,12329.946841362857,10645.417522667189,10122.32568959626,6540.271939412341,9680.96972799105,10971.715594059875,574926.1679382991,26065.743354528015,35299.87096870548,41877.17256513438,48081.85555787281,53651.55538032,49904.79384166402,71354.32752703365,48280.4722041024,90110.68768988161,110299.6888490566,780.5990611163619,92.78498590718624,85.20363044849468,82.59279662717283,90.33830856213375,84.64339873779298,72.158557834375,72.2416569777344,47.36753075987549,74.1703943484375,79.09780091315918,124448.98388246178,14726.09785690563,13649.244631233554,12965.668726339403,14681.243121156185,13600.27554923869,11854.507068249104,11788.03135756228,7662.186008672808,11288.155466635892,12233.574096467853,563250.4281406223,25563.12295768946,35011.27237922148,40243.073199754435,47975.436772305824,52351.66031114882,49136.5946534912,72292.95782653437,47548.1890890688,87739.76115197442,105388.3597994344,1118.1015096330034,124.82734287162765,115.976511436325,111.34494692355959,127.71405613212885,122.19636559492186,103.68328579648434,104.9251731699218,72.05198956573486,113.15367587499999,122.22816226729736,63264.297627093925,7025.086998317519,6818.645649206733,6421.248407353346,7498.294909504987,6880.956827318528,6332.562372175279,6362.299414968455,4050.162108476308,5999.500520228152,5875.540419544528,275671.5153295768,12235.746596363262,17181.561225717083,19277.049315082415,24491.649845939097,25182.021333644803,25716.534739712,37210.27352193282,23725.262113750403,42582.286746131205,48069.12989130361,1697.7785019747066,164.35116092147607,158.24447931574713,149.86332263618144,188.27523353186038,189.18651434550793,156.53688772812495,158.43714221660153,121.12635467747805,195.66600092812502,216.09140567360228,75336.35807081895,9815.434442713215,9116.38167313624,8754.078241091753,9110.104997613069,7740.030217541558,7614.3313347815965,8483.832235921662,3930.0385751384865,5001.375939011178,5770.750413870188,349568.51764745434,21593.377094160587,28751.665312178975,29148.89231176021,33789.990388289385,31065.319626233617,33567.00820867842,49162.236950606406,28375.484122470396,40120.2013194416,53994.342313634406,1007.0437007850298,120.98068409621267,104.51575347257088,97.85763935104973,121.65957303449704,111.92561382519537,78.10332425390628,97.41146030644529,53.35680370379639,103.9260434234375,117.30680531791994,237283.07681269222,32221.69435465264,28896.168851446204,28209.901694174605,28761.002923617765,24944.816425357094,22681.131873170976,21462.391768492267,12316.010600597823,17621.99548606799,20167.962835115333,1090480.6975282356,59631.60318685235,78092.69661540777,88136.5682993808,96573.09641289497,99180.68974862083,94920.83733841921,136629.7896793728,85566.052612992,156687.7682409984,195061.59539329805,905.6883948817924,120.1046551383395,107.87892186769483,104.73801491831061,107.34341206895748,94.59504802753904,84.31700389023436,83.59484196347657,48.87314586373292,74.17209762968749,80.07125351381835
2130.0,112221.77694862524,13800.310493652267,12591.531747130399,12242.943255950417,13340.400044060447,12335.680249093251,10633.363893562102,10113.774263425305,6521.590907776586,9667.351378811549,10974.830715163003,575530.7503832371,26126.219990187234,35357.615154545565,41941.09462579363,48189.34042767118,53772.268926688004,49905.301975039976,71398.48797818237,48196.34392165759,90121.14846346239,110522.92892000939,777.0463845957146,92.47043594739988,84.86798794012378,82.2511541518799,90.00939881066897,84.29278049365233,71.778333134375,71.87648477617185,47.0379742776001,73.73588572968748,78.72594933415527,124826.43128321077,14776.937271975276,13690.221012309152,13001.60298504384,14735.18166844163,13648.306305705926,11879.826269788424,11818.201119239176,7674.5510593325935,11320.037781217576,12281.565810157303,564993.0621534033,25649.188638594722,35113.44972060174,40363.45232283757,48155.52169262018,52559.876173907185,49241.488511692805,72497.70317852162,47603.725265683206,87983.5946038016,105825.06204514162,1116.2273253859753,124.68230796329944,115.80417212223824,111.16155212697751,127.57499230341801,122.02811938554687,103.46106208242189,104.73026302148443,71.84501123150635,112.90389337499998,122.03595177408444,63432.57799686648,7040.9319477400395,6833.591229530955,6433.4002085331,7521.968217458371,6903.457665612591,6345.418962614765,6376.60454479592,4057.715345766953,6019.386993456146,5900.102881357647,275975.63375719433,12243.295663705032,17189.264190768772,19286.38383699759,24537.608592765908,25232.670458995202,25727.388867328,37244.37247371519,23701.1981187296,42623.22156394879,48190.22999024039,1699.3840382401036,164.46860300262384,158.34976404484854,149.9373974043459,188.50416097570798,189.40589595722642,156.63632661562505,158.5784779220703,121.21141872010494,195.88183641562495,216.4101571819275,75314.32858382713,9822.26058421081,9117.869343586963,8752.965766274914,9116.09133110136,7739.723600108898,7605.135531872196,8488.49792357754,3914.6380728933655,4988.657796435436,5768.488633765478,349646.9682090636,21639.70455360661,28797.455996287747,29176.815411789794,33848.719268732624,31099.286460422394,33554.58098261759,49189.697969217596,28289.853140249605,40020.86207903841,54029.99234710159,1005.0179931121601,120.84799729493494,104.3206502740722,97.6409492585694,121.52472696818849,111.745055805664,77.79529400390624,97.21989083222657,53.09867028851318,103.68706359218749,117.13769479389647,237886.70418183113,32356.17414993659,28999.465720144515,28305.669436986864,28862.73904288881,25012.45603732528,22718.534383904094,21502.010696795056,12303.504948284206,17624.730873068307,20201.418892497033,1094157.0444659845,59935.03944160447,78444.39310064519,88511.09233218721,97009.29196109103,99596.69390027518,95161.1356177408,137041.77924670724,85633.99975283201,157027.08268712962,195796.53642576994,902.7728645364854,119.92929575666095,107.65671574640275,104.50533839565422,107.09985876246341,94.29709587675782,83.99395455117188,83.2771542845703,48.553097763342286,73.7534241359375,79.70692926352538
2131.0,112206.18567820844,13812.63766688398,12595.454691940315,12244.220941024942,13351.4464728489,12340.74558776015,10621.504819365442,10105.281736995936,6503.5167731712045,9653.990493862091,10977.38649435586,576105.1037059299,26183.672794063426,35412.47213109366,42001.82058341982,48291.451053979676,53886.94679573758,49905.7847017472,71440.44040677375,48116.422053335045,90131.08619836415,110735.00698741457,773.671341901099,92.17161348560278,84.54912755717143,81.92659380035158,89.69693454677738,83.95969316171868,71.41711966937498,71.52957118468754,46.72489561943847,73.32310254187497,78.37269033410156,125183.353127777,14825.087260948752,13728.985523446117,13035.566589200736,14786.305721713248,13693.793418879026,11903.677904113065,11846.692832528337,7686.119867968967,11350.117011292174,12327.006997686558,566648.5644655429,25730.951035454866,35210.51819491304,40477.81248976665,48326.60236691892,52757.68124352772,49341.137676984334,72692.21126290946,47656.48463346688,88215.23638303742,106239.92917856346,1114.4468503513065,124.54452480038712,115.64044977385561,110.98732707022452,127.44288166614261,121.86828548664064,103.24994955406252,104.54509838046873,71.64838181398926,112.66659999999999,121.85335180553221,63592.63885625428,7055.979827932164,6847.78757572458,6444.939937598531,7544.4969349643925,6924.875193092042,6357.645552723548,6390.206106383283,4064.8974243625644,6038.3172754946545,5923.493027978468,276264.5462634314,12250.467277679718,17196.582007567846,19295.25163281703,24581.269402251353,25280.78712807808,25737.700288563206,37276.76647790849,23678.337323459848,42662.10964087552,48305.275084230365,1700.909297692235,164.58017297971548,158.44978453749482,150.00776843410162,188.72164204736328,189.6143084883595,156.73079355875004,158.7127468422656,121.29222956060059,196.08688012875,216.7129711148364,75290.79448332482,9828.468609170348,9118.999538380733,8751.622639924079,9121.53234387712,7739.167629629728,7596.097649973898,8492.70244158053,3899.7808844242745,4976.331017206081,5766.0917291580045,349721.4962425942,21683.715640080205,28840.957146191166,29203.34235681791,33904.511705153665,31131.55495290177,33542.77511785985,49215.785936898246,28208.503707139844,39926.48980065536,54063.85987889543,1003.0935708229297,120.72194483372135,104.13530223549861,97.43509367071292,121.39662320519531,111.57352568710927,77.50266526640624,97.03789983171875,52.85344354399414,103.4600327525,116.97703979607422,238452.79062079132,32483.437978821872,29097.023956762558,28396.046144600212,28958.760637196065,25075.94716856849,22753.221756225514,21538.877761493473,12290.85172527246,17626.350348314496,20232.2731435362,1097649.5740568407,60223.30388361854,78778.50476162063,88866.89016335322,97423.6777318772,99991.89784434687,95389.41898309633,137433.16933567487,85698.54953568,157349.43141095422,196494.7304066184,900.0031107084478,119.76270434406725,107.44561993117541,104.28429569913088,106.86848312129398,94.01404133351565,83.68705767906248,82.97535098960941,48.249052067971185,73.355684316875,79.36082122574707
2132.0,112188.00906296236,13823.982454326884,12598.838619401748,12245.093624677884,13361.587804056258,12345.201534083128,10609.903088776726,10096.904829010758,6486.09986706564,9640.952219793278,10979.445021770003,576649.2279063737,26238.101766156848,35464.44189834973,42059.350438013134,48388.18743679825,53995.5889874688,49906.2420217856,71480.18481280767,48040.70659913471,90140.50089458688,110935.92305127207,770.4739330325161,91.88851852179499,84.24704929963744,81.61911557258793,89.40091577045905,83.64413674199217,71.07491743937499,71.20091620328122,46.42829478539063,72.93204478499997,78.03802391299804,125520.00375248941,14870.570509263296,13765.563249395977,13067.586299058154,14834.633368147903,13736.75875113811,11926.092987705744,11873.532583630364,7696.919817580462,11378.42530590246,12369.920880667256,568216.9350770441,25808.41014826954,35302.47780215526,40586.15370054155,48488.67879520181,52945.07552001023,49435.54214936577,72876.48207969793,47706.467192419834,88434.68648968195,106632.96119969992,1112.7600845289785,124.41399338289187,115.48534439117734,110.82227175330077,127.31772422030282,121.71686389820314,103.04994821140625,104.36967924687502,71.46210131318357,112.44179575,121.68036236164063,63744.45028093347,7070.231380703028,6861.234988574429,6455.8682840966085,7565.87505049224,6945.202989587635,6369.2401687799,6403.102301538045,4071.707343775527,6056.285499809537,5945.702273576472,276538.2528482879,12257.261438287258,17203.51467611438,19303.65270254073,24622.63227439548,25326.37134089345,25747.46900341761,37307.45553451264,23656.679727941122,42698.95097691137,48414.26517327348,1702.3542803310993,164.68587085274916,158.54454079368662,150.07443572544923,188.92767674682617,189.81175193890616,156.82028855749996,158.83994897718756,121.36878719896487,196.28113206749998,216.9998474723291,75266.1567059062,9834.101103663024,9119.815810153617,8750.092904389234,9126.46588271544,7738.403026706833,7587.264130491999,8496.480849202966,3885.5018883983266,4964.433223443485,5763.597886741303,349792.10174804257,21725.41035358163,28882.168761889145,29228.473146844575,33957.36769755253,31162.125103671686,33531.59061440513,49240.50085364834,28131.435823141124,39837.084484292485,54095.944909015925,1001.2704339173449,120.60252671257157,103.95970935684987,97.24007258748055,121.27526174551754,111.41102346953124,77.22543804140625,96.86548730492183,52.62112347023926,103.24495090437499,116.82484032445312,238982.46836983896,32603.561530021627,29188.931836476455,28481.12453210049,29049.16427869337,25135.407742183113,22785.323992116046,21573.11156523204,12278.169832072406,17627.004549099493,20260.66851184414,1100958.2863008103,60496.396512895466,79095.03159833426,89203.96179287908,97816.25372525361,100366.3015808358,95605.6874344858,137803.95994627592,85759.701961536,157654.81441247233,197156.1773358432,897.3791333976757,119.60488090055692,107.24563442201246,104.07488682874029,106.64928514544924,93.74588439781245,83.39631327390624,82.68943207859373,47.961008777619625,72.97887817249998,79.03292940048338
2133.0,112167.7994171577,13834.39895120224,12601.737455985318,12245.616077964161,13370.876530643414,12349.103676533297,10598.61818582706,10088.697272977508,6469.387871904633,9628.29827448464,10981.065119635325,577163.122984572,26289.506906467166,35513.5244563138,42113.68418957347,48479.54957612689,54098.195501881615,49906.67393515522,71517.72119628418,47969.19755905663,90149.39255213056,111125.67711158196,767.4541579899636,91.62115105597671,83.96175316752203,81.32871946858883,89.1213424817139,83.34611123447266,70.75172644437502,70.89051983195313,46.14817177545656,72.5627124590625,77.72195007084474,125836.62410755671,14913.408508385959,13799.977954660175,13097.687466430029,14880.18174296575,13777.223014211704,11947.100904602734,11898.745085787914,7706.976849955147,11404.993122036318,12410.329458520971,569698.1739879077,25881.56597703912,35389.32854232855,40688.47595516227,48641.75097746909,53122.05900335488,49524.701928837116,73050.51562888706,47753.67294254207,88641.94492373505,107004.15810855103,1111.1670279190096,124.2907137108127,115.33885597420348,110.66638617620606,127.19951996589842,121.57385462023433,102.86105805445314,104.2040056207031,71.28616972908937,112.229480625,121.51698344240967,63887.983921544794,7083.687308819134,6873.933753036452,6466.185901282373,7586.096868907441,6964.434972833782,6380.200940942168,6415.291426709408,4078.1441561754655,6073.286108631604,5966.722484206961,276796.75351176335,12263.678145527769,17210.062196408304,19311.587046168646,24661.697209198268,25369.42309744129,25756.69501189122,37336.4396435277,23636.225332173442,42733.74557205633,48517.200257369754,1703.718986156687,164.78569662172538,158.6340328134231,150.13739927838873,189.12226507409667,189.9982263088672,156.90481161187495,158.96008432683593,121.44109163519772,196.46459223187495,217.27078625440552,75240.79508623909,9839.198412387956,9120.359419297673,8748.418284001915,9130.927802455883,7737.468368753382,7578.67897054729,8499.86636049231,3871.834127763308,4953.000057156415,5761.043283382941,349858.7847254107,21764.788694110637,28921.09084338166,29252.207781869714,34007.287245929234,31190.996912732153,33521.027472253445,49263.842719467844,28058.649488253443,39752.64612994977,54126.24743746305,999.5485823954068,120.48974293148551,103.79387163812612,97.055886008872,121.16064258915529,111.25754915292973,76.96361232890624,96.70265325183595,52.40171006724854,103.04181804781248,116.68109637903319,239476.81007764596,32716.616508632156,29275.27298840065,28560.99243483235,29134.041456789757,25190.949474786783,22814.964251346923,21604.824468410796,12265.571911272287,17626.836184437656,20286.740398736798,1104083.1811978945,60754.31732943434,79393.97361078598,89522.30722076444,98187.0199412202,100719.9051097421,95809.94097190912,138154.15107851013,85817.45703040002,157943.23169168382,197780.87721344444,894.9009326041645,119.45582542613069,107.05675921891405,103.87711178448248,106.4422648349292,93.49262506964841,83.12172133570317,82.41939755152343,47.6889678922876,72.62300570281248,78.72325378773436
2134.0,112146.07837094046,13843.938247441234,12604.202132246653,12245.840029102324,13379.362229295659,12352.504515333396,10587.706289879166,10080.709817209055,6453.425821108222,9616.086947044601,10982.302342280063,577646.7889405217,26337.88821499453,35559.71980498593,42164.82183810081,48565.5374719656,54194.766338976005,49907.08044185599,71553.04955720321,47901.89493310078,90157.76117099519,111304.2691683442,764.6120167734488,91.36951108814746,83.69323916082527,81.05540548835441,88.85821468054193,83.06561663916018,70.447546684375,70.5983820707031,45.88452658963624,72.21510556406248,77.42446880764162,126133.44175706268,14953.621555813334,13832.252083489997,13125.894034696206,14922.967029430334,13815.205769176777,11966.729406393835,11922.35367928575,7716.315465670655,11429.849224626752,12448.253508479176,571092.2811981286,25950.418521763415,35471.07041543278,40784.77925362879,48785.818913720555,53288.63169356162,49608.617015398406,73214.3119104768,47798.1018838336,88837.01168519679,107353.5199051168,1109.6676805213888,124.17468578414983,115.20098452293392,110.51967033894044,127.08826890292964,121.43925765273428,102.68327908320312,104.04807750195313,71.12058706170654,112.02965462499999,121.36321504783935,64023.21300369349,7096.3482760044535,6885.884138235711,6475.893406118891,7605.157011471907,6982.565398468504,6390.526103248803,6426.771872988292,4084.2069663892557,6089.313852956629,5986.545977811051,277040.04825385706,12269.71739940121,17216.22456844964,19319.05466370079,24698.464206659715,25409.94239772159,25765.37831398399,37363.718804953605,23616.974136156798,42766.4934263104,48614.0803365192,1705.0034151690109,164.87965028664394,158.71826059670397,150.19665909291987,189.30540702917475,190.17373159824209,156.98436272187504,159.073152891211,121.50914286929931,196.637260621875,217.52578746106565,75215.06835706519,9843.798638672113,9120.669333960954,8746.63818507527,9134.951966002485,7736.400089992926,7570.383722976084,8502.890344271153,3858.808809747693,4942.065180242046,5758.4620861245,349921.54517469864,21801.85066166743,28957.723390668725,29274.546261893396,34054.2703502838,31218.170380083215,33511.08569140479,49285.81153435679,27990.144702476802,39673.174737627196,54154.7674642368,997.9280162571074,120.38359349046387,103.6377890793273,96.88253393488765,121.05276573610836,111.11310273730467,76.71718812890624,96.54939767246094,52.19520333502198,102.8506341828125,116.54580795981447,239936.82880129153,32822.67063613351,29356.126395587486,28635.732808398843,29213.478578149112,25242.67787651845,22842.258851479903,21634.122589185332,12253.164347538786,17625.98003506479,20310.616683234846,1107024.2587480925,60997.06633323591,79675.33079897579,89821.92644700961,98535.97637977697,101052.70843106564,96002.17959536638,138483.7427323776,85871.814742272,158214.68324858882,198368.8300394221,892.56850832792,119.31553792078844,106.87899432188041,103.69097056635744,106.24742218973391,93.25426334902342,82.86328186445307,82.16524740839844,47.4329294119751,72.28806690781252,78.43179438750002
2135.0,112123.33687032983,13852.648427684988,12606.280582826343,12245.814163474535,13387.09156042269,12355.453462457774,10577.22027562737,10072.990224823383,6438.256099071727,9604.373097810523,10983.208976130785,578100.2257742267,26383.24569173893,35603.02794436599,42212.76338359519,48646.151124314405,54285.30149875199,49907.461541888006,71586.16989556479,47838.7987212672,90165.6067511808,111471.69922155881,761.9475093829611,91.13359861830753,83.44150727954718,80.79917363188484,88.61153236694338,82.80265295605466,70.162378159375,70.32450291953128,45.637359227929686,71.88922409999999,77.14558012338867,126410.67087896992,14991.228755071497,13862.406759886802,13152.22853880237,14963.00445884845,13850.72542645867,11985.004612222407,11944.38033145069,7724.958724094169,11453.020686551883,12483.71258558326,572399.2567077153,26014.967782442443,35547.703421467966,40875.06359594121,48920.88260395646,53444.79359063038,49687.2874090496,73367.8709244672,47839.7540162944,89019.88677406721,107681.04658939721,1108.2620423361232,124.0659096029034,115.0717300373688,110.38212424150389,126.98397103139652,121.3130729957032,102.51661129765625,103.90189489062497,70.96535331103516,111.84231775,121.21905717792968,64150.11232794917,7108.214906940333,6897.086397466363,6484.991379277309,7623.050415843897,6999.58886003351,6400.213993618356,6437.542126107323,4089.89493190101,6104.363792545332,6005.165524215675,277268.13707457023,12275.37919990752,17222.001792238407,19326.055555137213,24732.933266779786,25447.929241734415,25773.518909696017,37389.2930187904,23598.926139891206,42797.194539673605,48704.90541072179,1706.207567368062,164.9677318475056,158.7972241435304,150.25221516904298,189.4771026120606,190.33826780703131,157.05894188749997,159.1791546703124,121.57294090126949,196.79913723749993,217.76485109230958,75189.31414920028,9847.937644470167,9120.782230047527,8744.78969590401,9138.570244323744,7735.232481459408,7562.417496330205,8505.582324137247,3846.455305860625,4931.66027448595,5755.886452181597,349980.3830959069,21836.596256251873,28992.06640375038,29295.488586915606,34098.31701061621,31243.64550572479,33501.76527185921,49306.407298315215,27925.921465811203,39598.6703073248,54181.50498933721,996.4087355024548,120.28407838950525,103.49146168045357,96.7200163655274,120.95163118637699,110.97768422265626,76.48616544140624,96.40572056679687,52.00160327355956,102.671399309375,116.41897506679685,240363.47800625974,32921.78765038957,29431.566395027432,28705.42372866181,29287.556966690583,25290.69225103814,22867.317267867224,21661.10580346681,12241.047267617012,17624.562953438093,20332.41772206356,1109781.5189513979,61224.64352429986,79939.10316290378,90102.81947161439,98863.12304092402,101364.71154480639,96182.40330485762,138792.7349078784,85922.775097152,158469.1690831872,198920.03581377596,890.3818605689468,119.18401838452942,106.71233973091118,103.51646317436523,106.06475720986325,93.03079923593752,82.62099486015627,81.92698164921872,47.192893336682125,71.97406178749999,78.15855119978025
2136.0,112100.03517721972,13860.57457128447,12608.017746449943,12245.58412362655,13394.108268158614,12357.996841632365,10567.20971309761,10065.5832737436,6423.918441165767,9593.208158348665,10983.834039712414,578523.4334856836,26425.57933670034,35643.44887445407,42257.50882605664,48721.39053317326,54369.80098120961,49907.81723525119,71617.08221136898,47779.90892355584,90172.92929268735,111627.96727122576,759.4606358185081,90.91341364645722,83.2065575236875,80.56002389917968,88.38129554091793,82.55722018515625,69.89622086937499,70.06888237843752,45.40666969033691,71.585068066875,76.88528401808594,126668.51226511835,15026.248015716312,13890.46178760178,13176.712105260192,15000.308310570228,13883.799245831182,12001.951008785321,11964.845636651617,7732.928243382415,11474.53288863495,12516.725022684534,573619.1005166585,26075.213759076192,35619.22756043418,40959.32898209942,49046.942048176534,53590.5446945613,49760.71310979071,73511.19267085823,47878.62933992449,89190.57019034622,107986.73816139226,1106.950113363206,123.96438516707336,114.95109251750797,110.25374788389652,126.8866263512989,121.19530064914062,102.36105469781246,103.76545778671874,70.8204684770752,111.66746999999998,121.08450983268064,64268.65826984551,7119.287787265547,6907.540768191709,6493.480365136821,7639.772336078035,7015.500288974114,6409.263053849443,6447.600766440847,4095.2072628520796,6118.431295923397,6022.574345133585,277481.01997390285,12280.663547046765,17227.39386777459,19332.58972047783,24765.10438955857,25483.383629479682,25781.1167990272,37413.16228503809,23582.081343376645,42825.84891214591,48789.675479977566,1707.331442753843,165.04994130430924,158.8709234539014,150.3040675067579,189.63735182275371,190.4918349352344,157.12854910874995,159.27808966414062,121.63248573110839,196.95022207874996,217.98797714813722,75163.84899153466,9851.64905036473,9120.732491217437,8742.90758676443,9141.812516452634,7733.997690997119,7554.81695487697,8507.969978463476,3834.801151891929,4921.815041562108,5753.3465289438645,350035.2984890336,21869.025477864063,29024.11988262657,29315.034756936315,34139.427226926455,31267.42228965697,33493.06621361665,49325.630011343055,27865.979778256646,39529.13283904255,54206.460012764255,994.9907401314433,120.19119762861128,103.35488944150448,96.56833330079094,120.85723893996096,110.8512936089844,76.27054426640626,96.27162193484378,51.82090988286132,102.50411342749999,116.30059769998046,240757.6515664459,33014.02730564717,29501.66267764908,28770.13839174167,29356.352863588232,25335.085695527272,22890.242133651587,21685.867744921947,12229.314540330493,17622.70386373621,20352.256349652926,1112354.9618078226,61437.04890262613,80185.29070256992,90364.98629457886,99168.4599246612,101655.91445096445,96350.61210038268,139081.12760501247,85970.33809504002,158706.68919547903,199434.49453650636,888.3409893272318,119.06126681735495,106.55679544600667,103.35358960850587,105.89426989531738,92.82223273039064,82.39486032281249,81.70460027398435,46.96885966640871,71.680990341875,77.9035242245752
2137.0,112076.6028693773,13867.758752300688,12609.455565927934,12245.192509267741,13400.453180361876,12360.177888334722,10557.720867647417,10058.530756697945,6410.449933736258,9582.640131454213,10984.223283648194,578916.4120748929,26464.889149878945,35680.9825952501,42299.05816548512,48791.255698542256,54448.2647863488,49908.14752194559,71645.78650461567,47725.22553996671,90179.72879551488,111773.0733173451,757.1513960800874,90.70895617259593,82.98838989324628,80.33795629023929,88.16750420246589,82.32931832646484,69.64907481437498,69.83152044742187,45.19245797685792,71.30263746468748,76.6435804917334,126907.15332122485,15058.696053333186,13916.435650136002,13199.36445214714,15034.891911989178,13914.443336416487,12017.591450333008,11983.768816299505,7740.244200481677,11494.40951964431,12547.307930444198,574751.8126249663,26131.15645166456,35685.642832331345,41037.57541210355,49163.99724638081,53725.88500535424,49828.89411762177,73644.27714964995,47914.72785472383,89349.06193403395,108270.5946211019,1105.7318936026356,123.87011247666024,114.83907196335142,110.13454126611815,126.7962348626368,121.08594061304689,102.21660928367187,103.6387661902344,70.68593255982664,111.50511137500001,120.95957301209229,64378.828779881274,7129.567463576334,6917.247472044133,6501.360871784661,7655.3183426252945,7030.2949546393165,6417.6718296207955,6456.946469004913,4100.1432220410725,6131.512040381452,6038.766114163346,277678.69695185486,12285.570440818876,17232.40079505818,19338.65715972273,24794.977574995984,25516.30556095745,25788.171981977615,37435.326603696645,23566.439746613123,42852.45654372737,48868.39054428648,1708.3750413263547,165.12627865705613,158.9393585278175,150.3522161060645,189.7861546612549,190.63443298285145,157.19318438562496,159.36995787269538,121.68777735881595,197.09051514562492,218.19516562854858,75138.96831103193,9854.964235566258,9120.55220888672,8741.02430991441,9144.706669486586,7732.725723260764,7547.61631859924,8510.079140397866,3823.872047912106,4912.557203032888,5750.870453974963,350086.29135408,21899.138326503966,29053.883827297315,29333.184771955577,34177.600999214534,31289.500731879685,33484.988516677135,49343.47967344034,27810.319639813126,39464.562332780486,54229.632534517914,993.6740301440761,120.10495120778079,103.22807236248035,96.42748474067878,120.76958899686032,110.73393089628907,76.07032460390626,96.14710177660152,51.65312316292725,102.34877653718748,116.19067585936523,241120.1837641504,33099.445372536924,29566.480288319082,28829.94511401759,29419.937427271307,25375.945100688452,22911.129239766185,21708.49580497297,12218.053776581217,17620.513761859198,20370.23787813759,1114744.587317355,61634.282468214995,80413.8934179742,90608.42691590308,99451.98703098862,101926.31714953981,96506.80598194178,139348.92082377992,86014.503735936,158927.2435854643,199912.2062076132,886.4458946027847,118.94728321926438,106.41236146716703,103.20234986877934,105.73596024609624,92.62856383238277,82.18487825242187,81.49810328269528,46.76082840115477,71.40885257093748,77.66671346188475
2138.0,112053.43884044189,13874.240039504502,12610.632988155805,12244.678877271168,13406.164208615373,12362.03674979402,10548.796699965926,10051.87148121979,6397.885014104393,9572.713591151267,10984.419190659712,579279.1615418567,26501.17513127437,35715.62910675419,42337.411401880636,48855.74662042127,54520.69291416961,49908.45240197119,71672.28277530498,47674.74857049984,90186.00525966335,111907.01735991676,755.0197901676986,90.5202261967242,82.78700438822378,80.13297080506347,87.97015835158687,82.11894737998047,69.42093999437499,69.61241712648439,44.99472408749267,71.0419322934375,76.42046954433106,127126.76806688325,15088.588389537157,13940.34551074053,13220.203889106622,15066.767638542067,13942.672656685201,12031.94715866948,12001.167718847399,7746.925331127792,11512.672576293437,12575.4771973334,575797.3930326324,26182.795860207865,35746.94923715953,41109.80288595342,49272.04819856954,53850.8145230093,49891.830432542716,73767.12436084224,47948.04956069249,89495.36200513023,108532.61596852625,1104.6073830544253,123.78309153166282,114.73566837489933,110.02450438816899,126.71279656541023,120.98499288742187,102.08327505523434,103.52182010117185,70.56174555928956,111.35524187499998,120.84424671616452,64480.6033835191,7139.0544434262365,6926.206714825168,6508.633371016139,7669.684322333011,7043.968464281723,6425.438970491218,6465.578003457275,4104.702124923824,6143.602011975087,6053.734956789345,277861.16800842516,12290.099881223969,17237.022574089187,19344.25787287183,24822.55282309207,25546.695036167683,25794.6844585472,37455.78597476609,23552.001349600647,42877.01743441792,48941.05060364857,1709.338363085595,165.1967439057449,159.00252936527835,150.39666096696297,189.9235111275633,190.76606194988284,157.25284771812494,159.45475929597657,121.73881578439209,197.22001643812496,218.38641653354372,75114.9464327296,9857.91233791285,9120.271182227432,8739.169999593416,9147.278598587516,7731.444439715401,7540.847363195356,8511.933797863581,3813.691858272345,4903.912500349079,5748.484355012576,350133.361691046,21926.9348021715,29081.358237762626,29349.938631973313,34212.83832748045,31309.88083239297,33477.532181040646,49359.956284607055,27758.941050480647,39404.95878853855,54251.022554598254,992.4586055403539,120.02533912701432,103.11101044338132,96.29747068519035,120.68868135707523,110.62559608457035,75.88550645390626,96.03216009207034,51.49824311375732,102.20538863843748,116.08920954495116,241451.84929007976,33178.093638073056,29626.079625842314,28884.90733212719,29478.37673342397,25413.35115074549,22930.067534934733,21729.07113279771,12207.346329349575,17618.09571542855,20386.460097356845,1116950.395480004,61816.344221065985,80624.91130911658,90833.14133558687,99713.70435990622,102175.91964053246,96650.98494953467,139596.1145641805,86055.27201984002,159130.83225314305,200353.17082709636,884.6965763956016,118.84206759025746,106.27903779439156,103.06274395518555,105.58982826219972,92.44979254191408,81.99104864898437,81.30749067535154,46.56879954092042,71.1576484746875,77.44811891170897
2139.0,112030.91129992927,13880.054496376786,12611.585964113983,12244.079741673406,13411.276348226378,12363.610484990975,10540.476866073897,10045.641269647615,6386.255470566669,9563.469682692834,10984.460975566912,579611.6818865731,26534.437280886992,35747.388408966224,42372.5685352432,48914.86329881041,54587.085364672,49908.731875328005,71696.57102343679,47628.4780151552,90191.75868513281,112029.7993989408,753.0658180813422,90.34722371884149,82.60240100861975,79.94506744365242,87.78925798828128,81.92610734570309,69.21181640937499,69.41157241562503,44.81346802224121,70.802952553125,76.21595117587891,127327.5171355654,15115.939351972827,13962.207212416324,13239.247317347963,15095.94691370904,13968.501014456342,12045.03772315219,12017.058819790413,7752.98892984614,11529.34236324092,12601.247489633162,576755.8417396632,26230.13198470577,35803.146774918685,41176.011403649216,49371.09490474245,53965.33324752639,49949.5220545536,73879.73430443522,47978.594457830404,89629.4704036352,108772.80220366521,1103.5765817185613,123.70332233208232,114.64088175215151,109.9236372500488,126.63631145961918,120.8924574722657,101.9610520125,103.41461951953123,70.44790747546386,111.21786150000001,120.73853094489745,64573.96318118604,7147.749195326309,6934.418686505432,6515.298298334592,7682.866478444866,7056.516763057609,6432.563229899626,6473.494234097409,4108.883339613422,6154.697505524846,6067.4754503817785,278028.4331436148,12294.251868261928,17241.259204867605,19349.391859925214,24847.830133846786,25574.552055110416,25800.654228736017,37474.5403982464,23538.766152339205,42899.531584217606,49007.65565806379,1710.2214080315655,165.26133705037688,159.0604359662843,150.43740208945314,190.04942122167975,190.88672183632818,157.30753910624998,159.5324939339843,121.78560100783687,197.33872595624993,218.56172986312257,75092.03657974004,9860.520253870684,9119.91691816761,8737.372472022453,9149.552206981803,7730.179558636477,7534.539420079185,8513.556093558936,3804.282611604497,4895.9046948498535,5746.212349968412,350176.5094999318,21952.414904866764,29106.54311402249,29365.296336989606,34245.13921172421,31328.56259119679,33470.697206707206,49375.059844843214,27711.844010259203,39350.3222063168,54270.63007300522,991.3444663202753,119.95236138631141,103.00370368420722,96.17829113432622,120.61451602060549,110.52628917382813,75.71608981640625,95.92679688125,51.35626973535155,102.07394973125,115.99619875673825,241753.36324334747,33250.019905653106,29680.516442961554,28935.08360296685,29531.731774985576,25447.378323443503,22947.139125671354,21747.66863532956,12197.267293694389,17615.544863787178,20401.01327485469,1118972.3862957607,61983.234161179564,80818.34437599707,91039.12955363038,99953.61191141403,102404.72192394239,96783.14900316163,139822.7088262144,86092.642946752,159317.4551985152,200757.38839495595,883.0930347056863,118.74561993033441,106.15682442768089,102.93477186772459,105.45587394362788,92.28591885898439,81.81337151250001,81.13276245195311,46.392773085705564,70.927378053125,77.24774057404782
2140.0,112009.35777322801,13885.235181108237,12612.347448867866,12243.428573674692,13415.821678226532,12364.933064657993,10532.797717323667,10039.872959125043,6375.590442394872,9554.946122560848,10984.38458528805,579913.9731090413,26564.675598716625,35776.26050188631,42404.52956557282,48968.6057337096,54647.442137856,49908.98594201599,71718.6512490112,47586.41387393278,90196.98907192319,112141.4194344172,751.2894798210201,90.1899487389484,82.43457975443414,79.77424620600578,87.62480311254878,81.75079822363284,69.02170405937501,69.22898631484374,44.64868978110352,70.58569824374999,76.03002538637698,127509.54777462079,15140.762074314442,13982.035277914267,13256.510229646301,15122.44020901351,13991.941066897369,12056.881100692215,12031.457221665729,7758.450849951659,11544.437493090465,12624.63225143446,577627.1587460507,26273.164825158437,35854.23544560889,41236.200965190794,49461.13736489956,54069.44117890562,50001.968983654406,73982.10698042878,48006.36254613761,89751.38712954879,108991.1533265188,1102.6394895950461,123.63080487791818,114.554712095108,109.83193985175782,126.56677954526363,120.80833436757804,101.84994015546874,103.3171644453125,70.3444183083496,111.09297024999998,120.642425698291,64658.89084827345,7155.652148744988,6941.883561224668,6521.3560529514525,7694.861330600941,7067.936134026876,6439.0434651650085,6480.6941198664945,4112.686286880195,6164.795124616226,6079.982624196662,278180.49235742405,12298.026401932826,17245.11068739344,19354.05912088279,24870.809507260215,25599.876617785587,25806.08129254399,37491.5898741376,23526.7341548288,42919.9989931264,49068.2057075322,1711.0241761642665,165.32005809095097,159.11307833083484,150.4744394735351,190.16388494360345,190.99641264218744,157.35725855,159.6031617867188,121.8281330291504,197.44664369999998,218.72110561728513,75070.47087324897,9862.812638533616,9119.514631391294,8735.657225404171,9151.549405960279,7728.954655109824,7528.719376380104,8514.966324957373,3795.664500821105,4888.555567762795,5744.076546928204,350215.73478073603,21975.57863458977,29129.438456076892,29379.257887004398,34274.50365194579,31345.546008291214,33464.48359367679,49388.79035414879,27669.028519148804,39300.6525861152,54288.4550897388,990.3316124838381,119.88601798567306,102.90615208495781,96.06994608808589,120.54709298745114,110.43601016406248,75.56207469140624,95.83101214414063,51.22720302770997,101.95445981562499,115.91164349472658,242025.38113147728,33315.26799505857,29729.841846357787,28980.52760369156,29580.05846215044,25478.09489004881,22962.419276280754,21764.356977257412,12187.885506752938,17612.948417999407,20413.98015587976,1120810.559764637,62134.95228855545,80994.19261861574,91226.39157003364,100171.70968551197,102612.72399976963,96903.29814282239,140028.70360988163,86126.616516672,159487.11242158082,201124.85891119207,881.6352695330296,118.6579402394959,106.04572136703499,102.8184336063965,105.33409729038091,92.13694278359372,81.65184684296871,80.97391861250001,46.23274903551026,70.71804130625002,77.06557844890138
2141.0,111989.08510159937,13889.812146599623,12612.947401567835,12242.755801638876,13419.829361371912,12366.035371278997,10525.792300399185,10034.596401600813,6365.916419836082,9547.177198466157,10984.222698839745,580186.0352092646,26591.89008476329,35802.24538551428,42433.29449286947,49016.973925118895,54701.76323372161,49909.214602035216,71738.52345202818,47548.55614683263,90201.69642003457,112241.87746634596,749.6907753867252,90.0484012570446,82.28354062566719,79.62050709212399,87.47679372438968,81.59302001376956,68.85060294437503,69.06465882414065,44.50038936407961,70.3901693653125,75.8626921758252,127672.9938452748,15163.068496265874,13999.842909735122,13272.006710342746,15146.25704402225,14013.004320524109,12067.49361575416,12044.37665405263,7763.325503548838,11557.974886390908,12645.643704638149,578411.3440518039,26311.894381565802,35900.21524922998,41290.37157057827,49542.17557904109,54163.13831714687,50049.17121984511,74074.24238882307,48031.353825614075,89861.11218287105,109187.66933708702,1101.7961066838866,123.5655391691705,114.47715940376891,109.74941219329591,126.50420082234373,120.73262357335933,101.74993948414064,103.2294548785156,70.25127805794678,110.98056812499999,120.55593097634522,64735.37063513776,7162.7636941081355,6948.601497291735,6526.8069977861505,7705.665714837623,7078.223198153086,6444.878637486455,6487.176714347429,4116.110440151713,6173.891781599677,6091.251959375834,278317.3456498526,12301.423482236587,17248.577021666697,19358.259655744645,24891.49094333227,25622.668724193292,25810.965649971222,37506.9344024397,23515.90535706944,42938.41966114433,49122.70075205375,1711.7466674836942,165.37290702746802,159.1604564589309,150.50777311920905,190.266902293335,191.09513436746096,157.40200604937496,159.66676285417967,121.86641184833249,197.54376966937494,218.86454379603148,75050.46033251613,9864.811905623355,9119.087244338516,8734.04743992276,9153.290114878271,7727.791161031658,7523.411674943008,8516.182944307488,3787.855883115387,4881.884920203892,5742.097044151711,350251.03753346077,21996.42599134043,29150.044263925876,29391.823282017715,34300.93164814523,31360.831083676163,33458.89134194944,49401.14781252385,27630.494577149442,39255.94992793377,54304.49760479905,989.4200440310484,119.82630892509783,102.81835564563345,95.97243554646967,120.48641225761232,110.35475905527348,75.42346107890623,95.7448058807422,51.11104299083252,101.84691889156248,115.835543758916,242268.4988703975,33373.877742453966,29774.102296650064,29021.288131714995,29623.407622367988,25505.562915349,22975.97640885805,21779.198581025725,12179.263547740908,17610.385660851003,20425.435963385367,1122464.9158866205,62271.49860319373,81152.45603697258,91394.92738479644,100367.9976822002,102799.92586801414,97011.43236851711,140214.09891518214,86157.19272960002,159639.8039223398,201455.58237580446,880.3232808776439,118.57902851774061,105.94572861245351,102.71372917120122,105.2244983024585,92.00286431574216,81.50647464039069,80.83095915699217,46.08872739033447,70.52963823406247,76.90163253626953
2142.0,111970.36944217932,13893.812440461506,12613.412785449193,12242.088811093443,13423.32564414294,12366.945199089572,10519.490357316019,10029.838463828795,6357.257244112672,9540.193769348512,10984.004727336935,580427.8681872392,26616.08073902701,35825.34305985033,42458.86331713312,49059.96787303825,54750.0486522688,49909.417855385596,71756.18763248766,47514.904833854715,90205.88072946688,112331.17349472707,748.2697047784682,89.92258127312991,82.14928362231885,79.48385010200687,87.34522982380378,81.45277271611329,68.69851306437498,68.9185899435156,44.36856677116943,70.21636591781248,75.71395154422363,127817.9758226321,15182.869363560647,14015.641990129647,13285.749435344229,15167.405986345351,14031.701131200816,12076.889960356131,12055.829473572418,7767.625861531715,11569.969771636182,12664.292848955012,579108.3976569145,26346.320653927894,35941.08618578207,41338.52321981155,49614.20954716681,54246.42466225024,50091.128763125766,74156.14052961793,48053.56829625983,89958.64556360194,109362.35023536992,1101.0464329850738,123.50752520583919,114.40822367813412,109.67605427466307,126.44857529085945,120.6653250896094,101.66104999851562,103.15149081914065,70.16848672425535,110.880655125,120.47904677906006,64803.38836709919,7169.084182798994,6954.5726371846185,6531.651459466234,7715.276783587695,7087.374914303433,6450.067811943141,6492.941165764815,4119.155325512792,6181.984697590608,6101.279388946942,278438.9930208994,12304.443109173286,17251.658207687375,19361.99346451073,24909.87444206298,25642.92837433345,25815.307301017612,37520.573983152644,23506.279759061123,42954.79358827137,49171.14079162848,1712.3888819898586,165.41988385992747,159.2025703505714,150.53740302647464,190.35847327087404,191.18288701214834,157.44178160437497,159.72329713636722,121.90043746538333,197.63010386437497,218.99204439936156,75032.19487487551,9866.53822748944,9118.655387205295,8732.563977743977,9154.792261155542,7726.708365108543,7518.638314328281,8517.222558633004,3780.873279961233,4875.9105731775235,5740.2919300727135,350282.4177581051,22014.956975118857,29168.360537569424,29402.992522029574,34324.42320032253,31374.417817351685,33453.92045152513,49412.13221996834,27596.242184261122,39216.21423177249,54318.757618185926,988.6097609618969,119.77323420458694,102.74031436623402,95.88575950947762,120.43247383108884,110.28253584746093,75.30024897890625,95.66817809105464,51.007789624719244,101.75132695906248,115.76789954930663,242483.2527844429,33425.88500038759,29813.339608395607,29057.409104709364,29661.825000342717,25529.8382576529,22987.87210328888,21792.249626834528,12171.457737952416,17607.92794684914,20435.44839802951,1123935.4546617179,62392.87310509469,81293.1346310675,91544.73699791907,100542.4759014786,102966.32752867581,97107.55168024579,140378.89474211592,86184.371585536,159775.52970079234,201749.5587887932,879.1570687395246,118.50888476506935,105.85684616393672,102.62065856213871,105.12707697986089,91.88368345542962,81.37725490476562,80.70388408542966,45.960708150178206,70.36216883656247,76.75590283615233
2143.0,111953.45626797882,13897.260105014464,12613.767567832252,12241.451944729446,13426.33385674452,12367.687254076889,10513.918325421339,10025.62302736798,6349.634107422298,9534.023265376598,10983.756813992915,580639.472042969,26637.247561507604,35845.55352489439,42481.23603836383,49097.58757746768,54792.29839349759,49909.5957020672,71771.64379038976,47485.45993499904,90209.54200022014,112409.30751956056,747.026267996242,89.81248878720464,82.03180874438911,79.36427523565435,87.23011141079105,81.330056330664,68.56543441937498,68.79077967296877,44.25322200237303,70.06428790124997,75.58380349157227,127944.60079567354,15200.174227961767,14029.44308109845,13297.749672123646,15185.894651636227,14048.04070414021,12085.083194069828,12065.826663888527,7771.363453583877,11580.435685265356,12680.58946190575,579718.319561387,26376.44364224488,35976.84825526522,41380.65591289065,49677.239269276935,54319.30021421571,50127.84161349633,74227.80140281348,48073.00595807488,90043.98727174143,109515.19602136746,1100.390468498621,123.45676298792382,114.34790491820378,109.61186609585928,126.39990295081057,120.60643891632814,101.58327169859379,103.08327226718748,70.09604430727539,110.79323124999996,120.41177310643553,64862.93144444243,7174.613927158252,6959.797107550375,6535.8897283272345,7723.692005680289,7095.388579248774,6454.610157494338,6497.9867169849595,4121.820521705485,6189.071402469384,6110.061297823453,278545.43447056523,12307.085282742948,17254.35424545544,19365.26054718103,24925.960003452357,25660.655568206083,25819.106245683204,37532.508616276486,23497.85736080385,42969.120774507515,49213.525826256366,1712.9508196827455,165.46098858832946,159.23942000575659,150.5633291953321,190.4385978762207,191.25967057625013,157.47658521500003,159.77276463328118,121.93020988030274,197.70564628500003,219.10360742727536,75015.84331573521,9868.009535109293,9118.237397943678,8731.22538301521,9156.071780276357,7725.723412857461,7514.418848811846,8518.099929732802,3774.73137711322,4870.648367576481,5738.677283299012,350309.8754546693,22031.17158592487,29184.387277007492,29412.76560703991,34344.978308477665,31386.306209317772,33449.570922403844,49421.743576482244,27566.271340483847,39181.44549763136,54331.23512989943,987.9007632763913,119.72679382413979,102.67202824675964,95.80991797710941,120.38527770788086,110.21934054062488,75.19243839140624,95.60112877507812,50.91744292937012,101.66768401812499,115.70871086589844,242670.11960635675,33471.321637791196,29847.59095008956,29088.92956060561,29695.351258034094,25550.970568790526,22998.161097249354,21803.560052639416,12164.518140760025,17605.638702222448,20444.07763817483,1125222.1760899299,62499.075794257646,81416.22840090054,91675.82040940122,100695.14434334719,103111.92898175486,97191.65607800834,140523.09109068286,86208.15308447999,159894.28975693823,202006.7881501584,878.1366331186676,118.44750898148214,105.77907402148455,102.53922177920899,105.04183332258792,91.77940020265628,81.26418763609374,80.59269339781252,45.8486913150415,70.21563311374999,76.6283893485498
2144.0,111938.56036787972,13900.176177288959,12614.032720122268,12240.866502401586,13428.874413105843,12368.28315397973,10509.09933739389,10021.970988582487,6343.065552937919,9528.689687948003,10983.501834119303,580820.8467764492,26655.390552205456,35862.87678064643,42500.41265656162,49129.83303840718,54828.512457408004,49909.74814207998,71784.89192573437,47460.2214502656,90212.6802322944,112476.27954084642,745.9604650400483,89.71812379926871,81.93111599187779,79.26178249306646,87.13143848535161,81.22487085742186,68.45136700937502,68.68122801249999,44.15435505769043,69.93393531562498,75.47224801787111,128052.96246725763,15214.991447262022,14041.255424392097,13308.017279719767,15201.729703591607,14062.031093903384,12092.084744020452,12074.377835706437,7774.548368178469,11589.3844716626,12694.542098820964,580241.1097652217,26402.263346516407,36007.50145767928,41416.769649815564,49731.26474537118,54381.76497304318,50159.30977095681,74289.22500840962,48089.66681105921,90117.1373072896,109646.20669507959,1099.8282132245092,123.4132525154256,114.29620312397773,109.55684765688474,126.35818380219732,120.55596505351562,101.516604584375,103.0247992226563,70.03395080700683,110.71829649999998,120.35410995847165,64913.98884241674,7179.353200484008,6964.2750192052345,6539.522058412801,7730.909166340886,7102.2618276635785,6458.504946979415,6502.3127055158975,4124.105660129095,6195.1497348813145,6117.594522804651,278636.66999885056,12309.350002945466,17256.665134970965,19368.060903755588,24939.74762750041,25675.8503058112,25822.362483968,37542.73830181119,23490.6381622976,42981.40121985279,49249.85585593739,1713.4324805623662,165.49622121267356,159.2710054244872,150.58555162578145,190.50727610937497,191.32548505976547,157.50641688125003,159.81516534492192,121.95572909309078,197.77039693124993,219.19923287977295,75001.55336857722,9869.241518088063,9117.849322261665,8730.047881865372,9157.142615789446,7724.851306605758,7510.770388385117,8518.827974180887,3769.443024606598,4866.112164181948,5737.2671726124445,350333.4106231511,22045.069823758717,29198.124482240135,29421.142537048796,34362.59697261063,31396.49625957439,33445.84275458559,49429.9818820656,27540.582045817602,39151.64372551041,54341.9301399396,987.2930509745324,119.68698778375648,102.61349728720998,95.7449109493653,120.3448238879883,110.16517313476554,75.10002931640625,95.54365793281251,50.84000290478515,101.59599006874998,115.6579777086914,242829.5164772903,33510.21553998014,29876.888844165358,29115.883657593204,29724.02197465677,25569.003294113223,23006.89128620608,21813.1735541515,12158.488561614724,17603.573424920927,20451.376339888655,1126325.080171255,62590.10667068344,81521.73734647178,91788.17761924322,100826.00300780605,103236.73022725116,97263.7455618048,140646.68796088325,86228.537226432,159996.08409077761,202227.27045989994,877.2619740150744,118.39490116697837,105.71241218509674,102.46941882241204,104.96876733063968,91.69001455742189,81.16727283437501,80.49738709414062,45.75267688492432,70.090031065625,76.5190920734619
2145.0,111925.8658466405,13902.57868902537,12614.226217809437,12240.350741128192,13430.96481088057,12368.751428288462,10505.053221244068,10018.900258641568,6337.567474807782,9524.213609689232,10983.259395126071,580971.9923876843,26670.50971112026,35877.31282710648,42516.393171726384,49156.704255856814,54858.690844000004,49909.87517542403,71795.93203852163,47439.1893796544,90215.29542568962,112532.08955858459,745.0722959098854,89.63948630932211,81.84720536478495,79.1763718742431,87.0492110474853,81.13721629638673,68.35631083437498,68.58993496210938,44.071965937121576,69.8253081609375,75.37928512312011,128143.14115412002,15227.328185283677,14051.086941511076,13316.560708737197,15214.916853951565,14073.679204399814,12097.904404886769,12081.491226773705,7777.189252578183,11596.826283157214,12706.158092841184,580676.7682684143,26423.779766742802,36033.045793024365,41446.86443058644,49776.28597544982,54433.818938732824,50185.533235507195,74340.41134640641,48103.5508552128,90178.09567024642,109755.3822565064,1099.3596671627556,123.37699378834326,114.25311829545585,109.51099895773928,126.32341784501946,120.51390350117185,101.46104865585936,102.97607168554681,69.98220622344971,110.65585087500003,120.30605733516846,64956.551111235865,7183.302237031776,6968.006467134493,6542.548667474596,7736.926367191348,7107.99263212599,6461.751557117809,6505.9185635073645,4126.010424840163,6200.217842236679,6123.876352575633,278712.6996057552,12311.237269780904,17258.590876233877,19370.394534234416,24951.237314207094,25688.512587148805,25825.076015871997,37551.263039756814,23484.622163542404,42991.6349243072,49280.130880671604,1713.8338646287214,165.52558173296126,159.29732660676277,150.60407031782205,190.5645079703369,191.38033046269544,157.53127660312495,159.850499271289,121.97699510374758,197.824355803125,219.27892075685423,74989.45164495725,9870.2476246588,9117.504913623297,8729.045382404996,9158.016719307969,7724.104905491131,7507.70759875503,8519.41776332642,3765.019236757299,4862.313843663524,5736.073656968858,350353.0232635543,22056.65168862015,29209.572153267407,29428.12331205621,34377.279192721384,31404.987968121615,33442.73594807042,49436.84713671841,27519.174300262395,39126.808915409594,54350.84264830641,986.7866240563117,119.65381608343722,102.56472148758554,95.69073842624506,120.31111237141111,110.12003362988287,75.02302175390626,95.49576556425781,50.77546955096435,101.5362451109375,115.61570007768556,242961.80094680062,33542.59060865328,29901.26116699432,29138.30067412042,29747.86764668038,25583.97367249355,23014.103723416123,21821.127584837486,12153.40654804592,17601.77968461605,20457.38963694297,1127244.1669056877,62665.965734371115,81609.66146778098,91881.80862744481,100935.05189485496,103340.73126516485,97323.8201316352,140749.6853527168,86245.524011392,160080.91270231042,202411.00571801804,876.5330914287512,118.35106132155941,105.65686065477371,102.41124969174811,104.90787900401607,91.61552651972653,81.08651049960936,80.41796517441405,45.672664859826675,69.98536269218748,76.42801101088867
2146.0,111915.52612489187,13904.482666674117,12614.363040468974,12239.919875091144,13432.6196314467,12369.10751824506,10501.796500313829,10016.425763519583,6333.153118155426,9520.612174455708,10983.04583652152,581092.9088766706,26682.605038252103,35888.86166427453,42529.17758385826,49178.20122981644,54882.83355327363,49909.97680209923,71804.76412875135,47422.36372316544,90217.38758040576,112576.73757277515,744.3617606057542,89.57657631736481,81.7800768631108,79.10804337918464,86.98342909719238,81.06709264755855,68.280265894375,68.51690052179688,44.0060546406665,69.73840643718749,75.30491480731932,128215.2037868749,15237.190411878677,14058.944233705779,13323.387001346508,15225.460862499463,14082.99078888744,12102.55033890105,12087.173701879967,7779.2933128352615,11602.769580023602,12715.44355491684,581025.2950709725,26440.992902923837,36053.4812613004,41470.94025520299,49812.30295951271,54475.46211128447,50206.51200714751,74381.36041680386,48114.65809053568,90226.86236061185,109842.72270564783,1098.9848303133504,123.34798680667761,114.21865043263863,109.47431999842291,126.29560507927735,120.48025425929687,101.41660391304686,102.93708965585937,69.940810556604,110.60589437499999,120.26761523652587,64990.61037607745,7186.461232014482,6970.991530492585,6544.969736972363,7741.742026249866,7112.579303117784,6464.349468509068,6508.8038177507915,4127.534552552473,6204.274180710695,6128.90452770732,278773.5232912784,12312.747083249264,17260.131469244232,19372.261438617432,24960.429063572443,25698.64241221889,25827.246841395205,37558.08283011329,23479.80936453824,42999.82188787071,49304.350900458965,1714.154971881799,165.54907014919064,159.31838355258293,150.61888527145513,190.61029345910646,191.42420678503902,157.55116438062495,159.87876641238273,121.9940079122729,197.86752290062498,219.3426710585193,74979.64365450563,9871.039061682332,9117.215633248601,8728.229474726182,9158.704050509603,7723.494925461718,7505.242701344025,8519.87852329369,3761.46919216193,4859.263306579192,5735.106785498134,350368.7133758765,22065.91718050936,29218.730290089137,29433.707932062112,34389.02496881004,31411.78133495936,33440.250502858245,49442.339340440645,27502.048103818237,39106.94106732896,54357.97265499984,986.3814825217406,119.62727872318156,102.5257008478858,95.64740040774899,120.2841431581494,110.08392202597663,74.96141570390627,95.45745166941407,50.72384286790773,101.4884491446875,115.58187797288082,243067.2709728511,33568.46676189301,29920.731148886127,29156.20500889401,29766.91368782959,25595.912736325245,23019.83261992709,21827.453355919584,12149.303389661452,17600.29712270069,20462.155140814426,1127979.4362932371,62726.65298532162,81680.00076482852,91956.71343400604,101022.29100449424,103423.93209549566,97371.87978749946,140832.0832661837,86259.11343936001,160148.7755915367,202557.99392451247,875.9499853596888,118.31598944522355,105.61241943051517,102.36471438721686,104.85916834271721,91.55593608957034,81.02190063179687,80.35442763863281,45.608655239748536,69.9016279934375,76.35514616083006
2147.0,111907.6639391388,13905.900131395449,12614.455171760965,12239.58607563603,13433.85053990669,12369.36377684313,10499.342393276771,10014.55944399604,6329.833079079679,9517.89909733177,10982.874229912288,581183.5962434126,26691.676533601043,35897.523292150465,42538.765892957126,49194.32396028625,54900.940585228804,49910.0530221056,71811.38819642366,47409.74448079871,90218.95669644288,112610.2235834181,743.8288591276587,89.52939382339689,81.72973048685515,79.05679700789065,86.93409263447272,81.0144999109375,68.22323218937498,68.46212469156247,43.956621168325206,69.673230144375,75.24913707046873,128269.20391001094,15244.58290292864,14064.832581976552,13328.501791284098,15233.365537062024,14089.970449972618,12106.029075849165,12091.430752856915,7780.866313791499,11607.221130481314,12722.403373808274,581286.6901728887,26453.90275505957,36068.807862507434,41488.99712366555,49839.31569755981,54506.69449069824,50222.24608587777,74412.07221960192,48122.98851702783,90263.43737838595,109908.2280425039,1098.703702676293,123.32623157042863,114.1927995355255,109.44681077893553,126.27474550497078,120.45501732789064,101.38327035593747,102.90785313359378,69.90976380646971,110.56842700000001,120.23878366254394,65016.1603370839,7188.830341602461,6973.230272603058,6546.785412073877,7745.354877931009,7116.0204890243895,6466.298265632839,6510.968089679358,4128.677832637057,6207.3175152435515,6132.677240656444,278819.14105542185,12313.879443350492,17261.286914001976,19373.66161690473,24967.322875596485,25706.23978102145,25828.87496053761,37563.19767288064,23476.199765285124,43005.96211054336,49322.51591529948,1714.3958023216103,165.56668646136313,159.33417626194833,150.62999648667972,190.6446325756836,191.45711402679677,157.56608021374996,159.89996676820317,122.00676751866702,197.89989822375003,219.39048378476807,74972.21380492544,9871.624794647401,9116.99065011354,8727.609430902603,9159.21257713647,7723.029939275981,7503.385473290066,8520.217634982137,3758.8002336977765,4856.968473375349,5734.37459750418,350380.4809601176,22072.8662994263,29225.59889270548,29437.89639706657,34397.83430087654,31416.876360087685,33438.38641894913,49446.458493232334,27489.203456485124,39092.04018126849,54363.32016001992,986.077626370807,119.60737570299,102.49643536811087,95.61489689387705,120.26391624820309,110.05683832304688,74.91521116640625,95.4287162482812,50.68512285561524,101.45260216999995,115.55651139427735,243146.16492181458,33587.85993416508,29935.31737408826,29169.61618087941,29781.18042908423,25604.84531152338,23024.105344577005,21832.17583637558,12146.20411814761,17599.15745228916,20465.70294068436,1128530.8883338987,62772.16842353454,81732.75523761418,92012.89203892706,101087.7203367236,103486.33271824382,97407.92452939779,140893.8817012839,86269.30551033601,160199.67275845632,202668.2350793832,875.5126558078945,118.28968553797188,105.57908851232159,102.32981290881841,104.82263534674321,91.51124326695306,80.97344323093749,80.30677448679688,45.56064802468993,69.83882696937498,76.30049752328611
2148.0,111902.3713417598,13906.840099059536,12614.511599430607,12239.358471271975,13434.666285087334,12369.529468827845,10497.700814138072,10013.310255655542,6327.61530465467,9516.084664630673,10982.75437900337,581244.0544879069,26697.724197166903,35903.29771073447,42545.15809902304,49205.07244726608,54913.01193986564,49910.10383544323,71815.80424153856,47401.33165255424,90220.00277380098,112632.54759051334,743.4735914755933,89.49793882741824,81.69616623601813,79.02263276036138,86.90120165932625,80.97943808652342,68.18520971937497,68.42560747140625,43.923665520097664,69.62977928249998,75.21195191256834,128305.18168189784,15249.509240344565,14068.755947073567,13331.90930385232,15238.633733509268,14094.621639610084,12108.345513070477,12094.266498578336,7781.912579078244,11610.186010694977,12727.041216085754,581460.9535741664,26462.50932315017,36079.02559664545,41501.03503597384,49857.324189591265,54527.51607697408,50232.73547169793,74432.54675480067,48128.54213468928,90287.82072356864,109951.89826707463,1098.5162842515922,123.31172807959561,114.1755656041167,109.4284712992773,126.26083912209963,120.43819270695319,101.36104798453123,102.88836211875,69.88906597304687,110.54344875,120.21956261322265,65033.19626936238,7190.409682923474,6974.722740958559,6547.995801654969,7747.763973045706,7118.315176134865,6467.597636848834,6512.411095367919,4129.440107122186,6209.3469195403795,6135.193135765553,278849.5528981828,12314.63435008468,17262.057210507144,19374.59506909625,24971.91875027914,25711.304693556493,25829.960373299196,37566.607568058884,23473.793365783044,43010.05559232511,49334.625925193155,1714.5563559481507,165.57843066947783,159.34470473485857,150.63740396349607,190.66752532006842,191.47905218796873,157.57602410249999,159.91410033874996,122.01527392292968,197.92148177250002,219.42235893560058,74967.22540199572,9872.011547670489,9116.836840950173,8727.192204989513,9159.548274995166,7722.716376502796,7502.143247446615,8520.440634066335,3757.0178685228043,4855.435284386789,5733.883122464916,350388.3260162779,22077.49904537089,29230.17796111637,29440.688707069523,34403.707188920846,31420.273043506568,33437.143696343046,49449.20459509346,27480.640358263045,39082.106257228166,54366.88516336664,985.8750556035209,119.59410702286225,102.47692504826102,95.593227884629,120.25043164157225,110.03878252109375,74.88440814140627,95.40955930085939,50.65930951408692,101.42870418687497,115.53960034187499,243198.66156846803,33600.78207631903,29945.03378078651,29178.548829300755,29790.683118679055,25610.790017524192,23026.942423994416,21835.313752938844,12144.127507269111,17598.384458217177,20468.055603438766,1128898.523027674,62802.51204900968,81767.9248861379,92050.34444220772,101131.33989154323,103527.93313340926,97431.9543573299,140935.0806580173,86276.10022432003,160233.6042030694,202741.72918263043,875.2211027733651,118.2721495998039,105.5568679001922,102.30654525655284,104.79828001609366,91.48144805187493,80.94113829703123,80.27500571890624,45.528643214650884,69.79695961999998,76.26406509825682
2149.0,111899.70970100707,13907.30858024655,12614.538315307866,12239.243147671748,13435.072699539862,12369.610770696005,10496.878372234529,10012.684168887869,6326.505092929812,9515.175733894577,10982.692819598085,581274.2836101534,26700.748028949874,35906.18492002652,42548.354202056005,49210.446690756005,54919.047617184006,49910.129242112,71818.012264096,47397.125238431996,90220.52581248,112643.709594061,743.2959576495621,89.4822113294289,81.67938411059951,79.00555063659668,86.88475617175293,80.96190717431641,68.166198484375,68.40734886132812,43.907187695983886,69.6080538515625,75.19335933361816,128323.16387477952,15251.97181206736,14070.716969497062,13333.612355919402,15241.267355754553,14096.946659103049,12109.50291545791,12095.683684960082,7782.43499111639,11611.667604774371,12729.35952612945,581548.085274805,26466.81260719544,36084.1344637145,41507.053992128,49866.328435607,54537.926870112,50237.980164608,74442.78402240001,48131.318943520004,90300.01239616,109973.73337936001,1098.422575039242,123.30447633417916,114.16694863841246,109.41930155944824,126.25388593066405,120.42978039648438,101.34993679882813,102.87861661132813,69.87871705633545,110.530959625,120.209952088562,65041.715022984,7191.199334062688,6975.46896722086,6548.600978299552,7748.968678801236,7119.462688641929,6468.247374396879,6513.1326455330545,4129.821270693369,6210.36177607127,6136.451309263019,278864.758819564,12315.011803451787,17262.44235875972,19375.061795192,24974.2166876205,25713.837149824,25830.503079680002,37568.312515648,23472.590166032,43012.102333216004,49340.680930140006,1714.6366327614196,165.58430277353526,159.34996897131347,150.6411077019043,190.67897169226075,191.49002126855467,157.580996046875,159.92116712402344,122.01952712506103,197.932273546875,219.43829651101683,74964.72064956767,9872.203803495944,9116.75879024648,8726.982433023755,9159.715127956746,7722.558523521389,7501.52091238264,8520.551210996007,3756.1257680756576,4854.66769983671,5733.636380032296,350392.24854435906,22079.815418343154,29232.4674953218,29442.084862071002,34406.643632943,31421.971385216002,33436.522335040005,49450.577646024,27476.358809152003,39077.139295208006,54368.667665040004,985.7737702198772,119.58747268279838,102.46716988833617,95.58239338000487,120.24368933825683,110.02975462011719,74.86900662890625,95.39998082714844,50.646402843322754,101.41675519531249,115.53114481567383,243224.88009599826,33607.24115558777,29949.88966110473,29183.01271364071,29795.431922104042,25613.759267285222,23028.357542598373,21836.879590098244,12143.086072869068,17597.9939970419,20469.2281736683,1129082.340374562,62817.6838617472,81785.50971039971,92069.07064384801,101153.149668953,103548.73334099201,97443.96927129601,140955.680136384,86279.49758131201,160250.569925376,202778.47623425402,875.0753262560978,118.26338163072013,105.54575759412765,102.29491143041992,104.78610235076904,91.46655044433594,80.92498583007813,80.25912133496094,45.51264080963134,69.7760259453125,76.24584888574218
2150.0,111899.70970100707,13907.30858024655,12614.538315307866,12239.243147671748,13435.072699539862,12369.610770696005,10496.878372234529,10012.684168887869,6326.505092929812,9515.175733894577,10982.692819598085,581274.2836101534,26700.748028949874,35906.18492002652,42548.354202056005,49210.446690756005,54919.047617184006,49910.129242112,71818.012264096,47397.125238431996,90220.52581248,112643.709594061,743.2959576495621,89.4822113294289,81.67938411059951,79.00555063659668,86.88475617175293,80.96190717431641,68.166198484375,68.40734886132812,43.907187695983886,69.6080538515625,75.19335933361816,128323.16387477952,15251.97181206736,14070.716969497062,13333.612355919402,15241.267355754553,14096.946659103049,12109.50291545791,12095.683684960082,7782.43499111639,11611.667604774371,12729.35952612945,581548.085274805,26466.81260719544,36084.1344637145,41507.053992128,49866.328435607,54537.926870112,50237.980164608,74442.78402240001,48131.318943520004,90300.01239616,109973.73337936001,1098.422575039242,123.30447633417916,114.16694863841246,109.41930155944824,126.25388593066405,120.42978039648438,101.34993679882813,102.87861661132813,69.87871705633545,110.530959625,120.209952088562,65041.715022984,7191.199334062688,6975.46896722086,6548.600978299552,7748.968678801236,7119.462688641929,6468.247374396879,6513.1326455330545,4129.821270693369,6210.36177607127,6136.451309263019,278864.758819564,12315.011803451787,17262.44235875972,19375.061795192,24974.2166876205,25713.837149824,25830.503079680002,37568.312515648,23472.590166032,43012.102333216004,49340.680930140006,1714.6366327614196,165.58430277353526,159.34996897131347,150.6411077019043,190.67897169226075,191.49002126855467,157.580996046875,159.92116712402344,122.01952712506103,197.932273546875,219.43829651101683,74964.72064956767,9872.203803495944,9116.75879024648,8726.982433023755,9159.715127956746,7722.558523521389,7501.52091238264,8520.551210996007,3756.1257680756576,4854.66769983671,5733.636380032296,350392.24854435906,22079.815418343154,29232.4674953218,29442.084862071002,34406.643632943,31421.971385216002,33436.522335040005,49450.577646024,27476.358809152003,39077.139295208006,54368.667665040004,985.7737702198772,119.58747268279838,102.46716988833617,95.58239338000487,120.24368933825683,110.02975462011719,74.86900662890625,95.39998082714844,50.646402843322754,101.41675519531249,115.53114481567383,243224.88009599826,33607.24115558777,29949.88966110473,29183.01271364071,29795.431922104042,25613.759267285222,23028.357542598373,21836.879590098244,12143.086072869068,17597.9939970419,20469.2281736683,1129082.340374562,62817.6838617472,81785.50971039971,92069.07064384801,101153.149668953,103548.73334099201,97443.96927129601,140955.680136384,86279.49758131201,160250.569925376,202778.47623425402,875.0753262560978,118.26338163072013,105.54575759412765,102.29491143041992,104.78610235076904,91.46655044433594,80.92498583007813,80.25912133496094,45.51264080963134,69.7760259453125,76.24584888574218
2151.0,111899.70970100707,13907.30858024655,12614.538315307866,12239.243147671748,13435.072699539862,12369.610770696005,10496.878372234529,10012.684168887869,6326.505092929812,9515.175733894577,10982.692819598085,581274.2836101534,26700.748028949874,35906.18492002652,42548.354202056005,49210.446690756005,54919.047617184006,49910.129242112,71818.012264096,47397.125238431996,90220.52581248,112643.709594061,743.2959576495621,89.4822113294289,81.67938411059951,79.00555063659668,86.88475617175293,80.96190717431641,68.166198484375,68.40734886132812,43.907187695983886,69.6080538515625,75.19335933361816,128323.16387477952,15251.97181206736,14070.716969497062,13333.612355919402,15241.267355754553,14096.946659103049,12109.50291545791,12095.683684960082,7782.43499111639,11611.667604774371,12729.35952612945,581548.085274805,26466.81260719544,36084.1344637145,41507.053992128,49866.328435607,54537.926870112,50237.980164608,74442.78402240001,48131.318943520004,90300.01239616,109973.73337936001,1098.422575039242,123.30447633417916,114.16694863841246,109.41930155944824,126.25388593066405,120.42978039648438,101.34993679882813,102.87861661132813,69.87871705633545,110.530959625,120.209952088562,65041.715022984,7191.199334062688,6975.46896722086,6548.600978299552,7748.968678801236,7119.462688641929,6468.247374396879,6513.1326455330545,4129.821270693369,6210.36177607127,6136.451309263019,278864.758819564,12315.011803451787,17262.44235875972,19375.061795192,24974.2166876205,25713.837149824,25830.503079680002,37568.312515648,23472.590166032,43012.102333216004,49340.680930140006,1714.6366327614196,165.58430277353526,159.34996897131347,150.6411077019043,190.67897169226075,191.49002126855467,157.580996046875,159.92116712402344,122.01952712506103,197.932273546875,219.43829651101683,74964.72064956767,9872.203803495944,9116.75879024648,8726.982433023755,9159.715127956746,7722.558523521389,7501.52091238264,8520.551210996007,3756.1257680756576,4854.66769983671,5733.636380032296,350392.24854435906,22079.815418343154,29232.4674953218,29442.084862071002,34406.643632943,31421.971385216002,33436.522335040005,49450.577646024,27476.358809152003,39077.139295208006,54368.667665040004,985.7737702198772,119.58747268279838,102.46716988833617,95.58239338000487,120.24368933825683,110.02975462011719,74.86900662890625,95.39998082714844,50.646402843322754,101.41675519531249,115.53114481567383,243224.88009599826,33607.24115558777,29949.88966110473,29183.01271364071,29795.431922104042,25613.759267285222,23028.357542598373,21836.879590098244,12143.086072869068,17597.9939970419,20469.2281736683,1129082.340374562,62817.6838617472,81785.50971039971,92069.07064384801,101153.149668953,103548.73334099201,97443.96927129601,140955.680136384,86279.49758131201,160250.569925376,202778.47623425402,875.0753262560978,118.26338163072013,105.54575759412765,102.29491143041992,104.78610235076904,91.46655044433594,80.92498583007813,80.25912133496094,45.51264080963134,69.7760259453125,76.24584888574218
2152.0,111899.70970100707,13907.30858024655,12614.538315307866,12239.243147671748,13435.072699539862,12369.610770696005,10496.878372234529,10012.684168887869,6326.505092929812,9515.175733894577,10982.692819598085,581274.2836101534,26700.748028949874,35906.18492002652,42548.354202056005,49210.446690756005,54919.047617184006,49910.129242112,71818.012264096,47397.125238431996,90220.52581248,112643.709594061,743.2959576495621,89.4822113294289,81.67938411059951,79.00555063659668,86.88475617175293,80.96190717431641,68.166198484375,68.40734886132812,43.907187695983886,69.6080538515625,75.19335933361816,128323.16387477952,15251.97181206736,14070.716969497062,13333.612355919402,15241.267355754553,14096.946659103049,12109.50291545791,12095.683684960082,7782.43499111639,11611.667604774371,12729.35952612945,581548.085274805,26466.81260719544,36084.1344637145,41507.053992128,49866.328435607,54537.926870112,50237.980164608,74442.78402240001,48131.318943520004,90300.01239616,109973.73337936001,1098.422575039242,123.30447633417916,114.16694863841246,109.41930155944824,126.25388593066405,120.42978039648438,101.34993679882813,102.87861661132813,69.87871705633545,110.530959625,120.209952088562,65041.715022984,7191.199334062688,6975.46896722086,6548.600978299552,7748.968678801236,7119.462688641929,6468.247374396879,6513.1326455330545,4129.821270693369,6210.36177607127,6136.451309263019,278864.758819564,12315.011803451787,17262.44235875972,19375.061795192,24974.2166876205,25713.837149824,25830.503079680002,37568.312515648,23472.590166032,43012.102333216004,49340.680930140006,1714.6366327614196,165.58430277353526,159.34996897131347,150.6411077019043,190.67897169226075,191.49002126855467,157.580996046875,159.92116712402344,122.01952712506103,197.932273546875,219.43829651101683,74964.72064956767,9872.203803495944,9116.75879024648,8726.982433023755,9159.715127956746,7722.558523521389,7501.52091238264,8520.551210996007,3756.1257680756576,4854.66769983671,5733.636380032296,350392.24854435906,22079.815418343154,29232.4674953218,29442.084862071002,34406.643632943,31421.971385216002,33436.522335040005,49450.577646024,27476.358809152003,39077.139295208006,54368.667665040004,985.7737702198772,119.58747268279838,102.46716988833617,95.58239338000487,120.24368933825683,110.02975462011719,74.86900662890625,95.39998082714844,50.646402843322754,101.41675519531249,115.53114481567383,243224.88009599826,33607.24115558777,29949.88966110473,29183.01271364071,29795.431922104042,25613.759267285222,23028.357542598373,21836.879590098244,12143.086072869068,17597.9939970419,20469.2281736683,1129082.340374562,62817.6838617472,81785.50971039971,92069.07064384801,101153.149668953,103548.73334099201,97443.96927129601,140955.680136384,86279.49758131201,160250.569925376,202778.47623425402,875.0753262560978,118.26338163072013,105.54575759412765,102.29491143041992,104.78610235076904,91.46655044433594,80.92498583007813,80.25912133496094,45.51264080963134,69.7760259453125,76.24584888574218
2153.0,111899.70970100707,13907.30858024655,12614.538315307866,12239.243147671748,13435.072699539862,12369.610770696005,10496.878372234529,10012.684168887869,6326.505092929812,9515.175733894577,10982.692819598085,581274.2836101534,26700.748028949874,35906.18492002652,42548.354202056005,49210.446690756005,54919.047617184006,49910.129242112,71818.012264096,47397.125238431996,90220.52581248,112643.709594061,743.2959576495621,89.4822113294289,81.67938411059951,79.00555063659668,86.88475617175293,80.96190717431641,68.166198484375,68.40734886132812,43.907187695983886,69.6080538515625,75.19335933361816,128323.16387477952,15251.97181206736,14070.716969497062,13333.612355919402,15241.267355754553,14096.946659103049,12109.50291545791,12095.683684960082,7782.43499111639,11611.667604774371,12729.35952612945,581548.085274805,26466.81260719544,36084.1344637145,41507.053992128,49866.328435607,54537.926870112,50237.980164608,74442.78402240001,48131.318943520004,90300.01239616,109973.73337936001,1098.422575039242,123.30447633417916,114.16694863841246,109.41930155944824,126.25388593066405,120.42978039648438,101.34993679882813,102.87861661132813,69.87871705633545,110.530959625,120.209952088562,65041.715022984,7191.199334062688,6975.46896722086,6548.600978299552,7748.968678801236,7119.462688641929,6468.247374396879,6513.1326455330545,4129.821270693369,6210.36177607127,6136.451309263019,278864.758819564,12315.011803451787,17262.44235875972,19375.061795192,24974.2166876205,25713.837149824,25830.503079680002,37568.312515648,23472.590166032,43012.102333216004,49340.680930140006,1714.6366327614196,165.58430277353526,159.34996897131347,150.6411077019043,190.67897169226075,191.49002126855467,157.580996046875,159.92116712402344,122.01952712506103,197.932273546875,219.43829651101683,74964.72064956767,9872.203803495944,9116.75879024648,8726.982433023755,9159.715127956746,7722.558523521389,7501.52091238264,8520.551210996007,3756.1257680756576,4854.66769983671,5733.636380032296,350392.24854435906,22079.815418343154,29232.4674953218,29442.084862071002,34406.643632943,31421.971385216002,33436.522335040005,49450.577646024,27476.358809152003,39077.139295208006,54368.667665040004,985.7737702198772,119.58747268279838,102.46716988833617,95.58239338000487,120.24368933825683,110.02975462011719,74.86900662890625,95.39998082714844,50.646402843322754,101.41675519531249,115.53114481567383,243224.88009599826,33607.24115558777,29949.88966110473,29183.01271364071,29795.431922104042,25613.759267285222,23028.357542598373,21836.879590098244,12143.086072869068,17597.9939970419,20469.2281736683,1129082.340374562,62817.6838617472,81785.50971039971,92069.07064384801,101153.149668953,103548.73334099201,97443.96927129601,140955.680136384,86279.49758131201,160250.569925376,202778.47623425402,875.0753262560978,118.26338163072013,105.54575759412765,102.29491143041992,104.78610235076904,91.46655044433594,80.92498583007813,80.25912133496094,45.51264080963134,69.7760259453125,76.24584888574218
2154.0,111899.70970100707,13907.30858024655,12614.538315307866,12239.243147671748,13435.072699539862,12369.610770696005,10496.878372234529,10012.684168887869,6326.505092929812,9515.175733894577,10982.692819598085,581274.2836101534,26700.748028949874,35906.18492002652,42548.354202056005,49210.446690756005,54919.047617184006,49910.129242112,71818.012264096,47397.125238431996,90220.52581248,112643.709594061,743.2959576495621,89.4822113294289,81.67938411059951,79.00555063659668,86.88475617175293,80.96190717431641,68.166198484375,68.40734886132812,43.907187695983886,69.6080538515625,75.19335933361816,128323.16387477952,15251.97181206736,14070.716969497062,13333.612355919402,15241.267355754553,14096.946659103049,12109.50291545791,12095.683684960082,7782.43499111639,11611.667604774371,12729.35952612945,581548.085274805,26466.81260719544,36084.1344637145,41507.053992128,49866.328435607,54537.926870112,50237.980164608,74442.78402240001,48131.318943520004,90300.01239616,109973.73337936001,1098.422575039242,123.30447633417916,114.16694863841246,109.41930155944824,126.25388593066405,120.42978039648438,101.34993679882813,102.87861661132813,69.87871705633545,110.530959625,120.209952088562,65041.715022984,7191.199334062688,6975.46896722086,6548.600978299552,7748.968678801236,7119.462688641929,6468.247374396879,6513.1326455330545,4129.821270693369,6210.36177607127,6136.451309263019,278864.758819564,12315.011803451787,17262.44235875972,19375.061795192,24974.2166876205,25713.837149824,25830.503079680002,37568.312515648,23472.590166032,43012.102333216004,49340.680930140006,1714.6366327614196,165.58430277353526,159.34996897131347,150.6411077019043,190.67897169226075,191.49002126855467,157.580996046875,159.92116712402344,122.01952712506103,197.932273546875,219.43829651101683,74964.72064956767,9872.203803495944,9116.75879024648,8726.982433023755,9159.715127956746,7722.558523521389,7501.52091238264,8520.551210996007,3756.1257680756576,4854.66769983671,5733.636380032296,350392.24854435906,22079.815418343154,29232.4674953218,29442.084862071002,34406.643632943,31421.971385216002,33436.522335040005,49450.577646024,27476.358809152003,39077.139295208006,54368.667665040004,985.7737702198772,119.58747268279838,102.46716988833617,95.58239338000487,120.24368933825683,110.02975462011719,74.86900662890625,95.39998082714844,50.646402843322754,101.41675519531249,115.53114481567383,243224.88009599826,33607.24115558777,29949.88966110473,29183.01271364071,29795.431922104042,25613.759267285222,23028.357542598373,21836.879590098244,12143.086072869068,17597.9939970419,20469.2281736683,1129082.340374562,62817.6838617472,81785.50971039971,92069.07064384801,101153.149668953,103548.73334099201,97443.96927129601,140955.680136384,86279.49758131201,160250.569925376,202778.47623425402,875.0753262560978,118.26338163072013,105.54575759412765,102.29491143041992,104.78610235076904,91.46655044433594,80.92498583007813,80.25912133496094,45.51264080963134,69.7760259453125,76.24584888574218
2155.0,111899.70970100707,13907.30858024655,12614.538315307866,12239.243147671748,13435.072699539862,12369.610770696005,10496.878372234529,10012.684168887869,6326.505092929812,9515.175733894577,10982.692819598085,581274.2836101534,26700.748028949874,35906.18492002652,42548.354202056005,49210.446690756005,54919.047617184006,49910.129242112,71818.012264096,47397.125238431996,90220.52581248,112643.709594061,743.2959576495621,89.4822113294289,81.67938411059951,79.00555063659668,86.88475617175293,80.96190717431641,68.166198484375,68.40734886132812,43.907187695983886,69.6080538515625,75.19335933361816,128323.16387477952,15251.97181206736,14070.716969497062,13333.612355919402,15241.267355754553,14096.946659103049,12109.50291545791,12095.683684960082,7782.43499111639,11611.667604774371,12729.35952612945,581548.085274805,26466.81260719544,36084.1344637145,41507.053992128,49866.328435607,54537.926870112,50237.980164608,74442.78402240001,48131.318943520004,90300.01239616,109973.73337936001,1098.422575039242,123.30447633417916,114.16694863841246,109.41930155944824,126.25388593066405,120.42978039648438,101.34993679882813,102.87861661132813,69.87871705633545,110.530959625,120.209952088562,65041.715022984,7191.199334062688,6975.46896722086,6548.600978299552,7748.968678801236,7119.462688641929,6468.247374396879,6513.1326455330545,4129.821270693369,6210.36177607127,6136.451309263019,278864.758819564,12315.011803451787,17262.44235875972,19375.061795192,24974.2166876205,25713.837149824,25830.503079680002,37568.312515648,23472.590166032,43012.102333216004,49340.680930140006,1714.6366327614196,165.58430277353526,159.34996897131347,150.6411077019043,190.67897169226075,191.49002126855467,157.580996046875,159.92116712402344,122.01952712506103,197.932273546875,219.43829651101683,74964.72064956767,9872.203803495944,9116.75879024648,8726.982433023755,9159.715127956746,7722.558523521389,7501.52091238264,8520.551210996007,3756.1257680756576,4854.66769983671,5733.636380032296,350392.24854435906,22079.815418343154,29232.4674953218,29442.084862071002,34406.643632943,31421.971385216002,33436.522335040005,49450.577646024,27476.358809152003,39077.139295208006,54368.667665040004,985.7737702198772,119.58747268279838,102.46716988833617,95.58239338000487,120.24368933825683,110.02975462011719,74.86900662890625,95.39998082714844,50.646402843322754,101.41675519531249,115.53114481567383,243224.88009599826,33607.24115558777,29949.88966110473,29183.01271364071,29795.431922104042,25613.759267285222,23028.357542598373,21836.879590098244,12143.086072869068,17597.9939970419,20469.2281736683,1129082.340374562,62817.6838617472,81785.50971039971,92069.07064384801,101153.149668953,103548.73334099201,97443.96927129601,140955.680136384,86279.49758131201,160250.569925376,202778.47623425402,875.0753262560978,118.26338163072013,105.54575759412765,102.29491143041992,104.78610235076904,91.46655044433594,80.92498583007813,80.25912133496094,45.51264080963134,69.7760259453125,76.24584888574218
2156.0,111899.70970100707,13907.30858024655,12614.538315307866,12239.243147671748,13435.072699539862,12369.610770696005,10496.878372234529,10012.684168887869,6326.505092929812,9515.175733894577,10982.692819598085,581274.2836101534,26700.748028949874,35906.18492002652,42548.354202056005,49210.446690756005,54919.047617184006,49910.129242112,71818.012264096,47397.125238431996,90220.52581248,112643.709594061,743.2959576495621,89.4822113294289,81.67938411059951,79.00555063659668,86.88475617175293,80.96190717431641,68.166198484375,68.40734886132812,43.907187695983886,69.6080538515625,75.19335933361816,128323.16387477952,15251.97181206736,14070.716969497062,13333.612355919402,15241.267355754553,14096.946659103049,12109.50291545791,12095.683684960082,7782.43499111639,11611.667604774371,12729.35952612945,581548.085274805,26466.81260719544,36084.1344637145,41507.053992128,49866.328435607,54537.926870112,50237.980164608,74442.78402240001,48131.318943520004,90300.01239616,109973.73337936001,1098.422575039242,123.30447633417916,114.16694863841246,109.41930155944824,126.25388593066405,120.42978039648438,101.34993679882813,102.87861661132813,69.87871705633545,110.530959625,120.209952088562,65041.715022984,7191.199334062688,6975.46896722086,6548.600978299552,7748.968678801236,7119.462688641929,6468.247374396879,6513.1326455330545,4129.821270693369,6210.36177607127,6136.451309263019,278864.758819564,12315.011803451787,17262.44235875972,19375.061795192,24974.2166876205,25713.837149824,25830.503079680002,37568.312515648,23472.590166032,43012.102333216004,49340.680930140006,1714.6366327614196,165.58430277353526,159.34996897131347,150.6411077019043,190.67897169226075,191.49002126855467,157.580996046875,159.92116712402344,122.01952712506103,197.932273546875,219.43829651101683,74964.72064956767,9872.203803495944,9116.75879024648,8726.982433023755,9159.715127956746,7722.558523521389,7501.52091238264,8520.551210996007,3756.1257680756576,4854.66769983671,5733.636380032296,350392.24854435906,22079.815418343154,29232.4674953218,29442.084862071002,34406.643632943,31421.971385216002,33436.522335040005,49450.577646024,27476.358809152003,39077.139295208006,54368.667665040004,985.7737702198772,119.58747268279838,102.46716988833617,95.58239338000487,120.24368933825683,110.02975462011719,74.86900662890625,95.39998082714844,50.646402843322754,101.41675519531249,115.53114481567383,243224.88009599826,33607.24115558777,29949.88966110473,29183.01271364071,29795.431922104042,25613.759267285222,23028.357542598373,21836.879590098244,12143.086072869068,17597.9939970419,20469.2281736683,1129082.340374562,62817.6838617472,81785.50971039971,92069.07064384801,101153.149668953,103548.73334099201,97443.96927129601,140955.680136384,86279.49758131201,160250.569925376,202778.47623425402,875.0753262560978,118.26338163072013,105.54575759412765,102.29491143041992,104.78610235076904,91.46655044433594,80.92498583007813,80.25912133496094,45.51264080963134,69.7760259453125,76.24584888574218
2157.0,111899.70970100707,13907.30858024655,12614.538315307866,12239.243147671748,13435.072699539862,12369.610770696005,10496.878372234529,10012.684168887869,6326.505092929812,9515.175733894577,10982.692819598085,581274.2836101534,26700.748028949874,35906.18492002652,42548.354202056005,49210.446690756005,54919.047617184006,49910.129242112,71818.012264096,47397.125238431996,90220.52581248,112643.709594061,743.2959576495621,89.4822113294289,81.67938411059951,79.00555063659668,86.88475617175293,80.96190717431641,68.166198484375,68.40734886132812,43.907187695983886,69.6080538515625,75.19335933361816,128323.16387477952,15251.97181206736,14070.716969497062,13333.612355919402,15241.267355754553,14096.946659103049,12109.50291545791,12095.683684960082,7782.43499111639,11611.667604774371,12729.35952612945,581548.085274805,26466.81260719544,36084.1344637145,41507.053992128,49866.328435607,54537.926870112,50237.980164608,74442.78402240001,48131.318943520004,90300.01239616,109973.73337936001,1098.422575039242,123.30447633417916,114.16694863841246,109.41930155944824,126.25388593066405,120.42978039648438,101.34993679882813,102.87861661132813,69.87871705633545,110.530959625,120.209952088562,65041.715022984,7191.199334062688,6975.46896722086,6548.600978299552,7748.968678801236,7119.462688641929,6468.247374396879,6513.1326455330545,4129.821270693369,6210.36177607127,6136.451309263019,278864.758819564,12315.011803451787,17262.44235875972,19375.061795192,24974.2166876205,25713.837149824,25830.503079680002,37568.312515648,23472.590166032,43012.102333216004,49340.680930140006,1714.6366327614196,165.58430277353526,159.34996897131347,150.6411077019043,190.67897169226075,191.49002126855467,157.580996046875,159.92116712402344,122.01952712506103,197.932273546875,219.43829651101683,74964.72064956767,9872.203803495944,9116.75879024648,8726.982433023755,9159.715127956746,7722.558523521389,7501.52091238264,8520.551210996007,3756.1257680756576,4854.66769983671,5733.636380032296,350392.24854435906,22079.815418343154,29232.4674953218,29442.084862071002,34406.643632943,31421.971385216002,33436.522335040005,49450.577646024,27476.358809152003,39077.139295208006,54368.667665040004,985.7737702198772,119.58747268279838,102.46716988833617,95.58239338000487,120.24368933825683,110.02975462011719,74.86900662890625,95.39998082714844,50.646402843322754,101.41675519531249,115.53114481567383,243224.88009599826,33607.24115558777,29949.88966110473,29183.01271364071,29795.431922104042,25613.759267285222,23028.357542598373,21836.879590098244,12143.086072869068,17597.9939970419,20469.2281736683,1129082.340374562,62817.6838617472,81785.50971039971,92069.07064384801,101153.149668953,103548.73334099201,97443.96927129601,140955.680136384,86279.49758131201,160250.569925376,202778.47623425402,875.0753262560978,118.26338163072013,105.54575759412765,102.29491143041992,104.78610235076904,91.46655044433594,80.92498583007813,80.25912133496094,45.51264080963134,69.7760259453125,76.24584888574218
2158.0,111899.70970100707,13907.30858024655,12614.538315307866,12239.243147671748,13435.072699539862,12369.610770696005,10496.878372234529,10012.684168887869,6326.505092929812,9515.175733894577,10982.692819598085,581274.2836101534,26700.748028949874,35906.18492002652,42548.354202056005,49210.446690756005,54919.047617184006,49910.129242112,71818.012264096,47397.125238431996,90220.52581248,112643.709594061,743.2959576495621,89.4822113294289,81.67938411059951,79.00555063659668,86.88475617175293,80.96190717431641,68.166198484375,68.40734886132812,43.907187695983886,69.6080538515625,75.19335933361816,128323.16387477952,15251.97181206736,14070.716969497062,13333.612355919402,15241.267355754553,14096.946659103049,12109.50291545791,12095.683684960082,7782.43499111639,11611.667604774371,12729.35952612945,581548.085274805,26466.81260719544,36084.1344637145,41507.053992128,49866.328435607,54537.926870112,50237.980164608,74442.78402240001,48131.318943520004,90300.01239616,109973.73337936001,1098.422575039242,123.30447633417916,114.16694863841246,109.41930155944824,126.25388593066405,120.42978039648438,101.34993679882813,102.87861661132813,69.87871705633545,110.530959625,120.209952088562,65041.715022984,7191.199334062688,6975.46896722086,6548.600978299552,7748.968678801236,7119.462688641929,6468.247374396879,6513.1326455330545,4129.821270693369,6210.36177607127,6136.451309263019,278864.758819564,12315.011803451787,17262.44235875972,19375.061795192,24974.2166876205,25713.837149824,25830.503079680002,37568.312515648,23472.590166032,43012.102333216004,49340.680930140006,1714.6366327614196,165.58430277353526,159.34996897131347,150.6411077019043,190.67897169226075,191.49002126855467,157.580996046875,159.92116712402344,122.01952712506103,197.932273546875,219.43829651101683,74964.72064956767,9872.203803495944,9116.75879024648,8726.982433023755,9159.715127956746,7722.558523521389,7501.52091238264,8520.551210996007,3756.1257680756576,4854.66769983671,5733.636380032296,350392.24854435906,22079.815418343154,29232.4674953218,29442.084862071002,34406.643632943,31421.971385216002,33436.522335040005,49450.577646024,27476.358809152003,39077.139295208006,54368.667665040004,985.7737702198772,119.58747268279838,102.46716988833617,95.58239338000487,120.24368933825683,110.02975462011719,74.86900662890625,95.39998082714844,50.646402843322754,101.41675519531249,115.53114481567383,243224.88009599826,33607.24115558777,29949.88966110473,29183.01271364071,29795.431922104042,25613.759267285222,23028.357542598373,21836.879590098244,12143.086072869068,17597.9939970419,20469.2281736683,1129082.340374562,62817.6838617472,81785.50971039971,92069.07064384801,101153.149668953,103548.73334099201,97443.96927129601,140955.680136384,86279.49758131201,160250.569925376,202778.47623425402,875.0753262560978,118.26338163072013,105.54575759412765,102.29491143041992,104.78610235076904,91.46655044433594,80.92498583007813,80.25912133496094,45.51264080963134,69.7760259453125,76.24584888574218
2159.0,111899.70970100707,13907.30858024655,12614.538315307866,12239.243147671748,13435.072699539862,12369.610770696005,10496.878372234529,10012.684168887869,6326.505092929812,9515.175733894577,10982.692819598085,581274.2836101534,26700.748028949874,35906.18492002652,42548.354202056005,49210.446690756005,54919.047617184006,49910.129242112,71818.012264096,47397.125238431996,90220.52581248,112643.709594061,743.2959576495621,89.4822113294289,81.67938411059951,79.00555063659668,86.88475617175293,80.96190717431641,68.166198484375,68.40734886132812,43.907187695983886,69.6080538515625,75.19335933361816,128323.16387477952,15251.97181206736,14070.716969497062,13333.612355919402,15241.267355754553,14096.946659103049,12109.50291545791,12095.683684960082,7782.43499111639,11611.667604774371,12729.35952612945,581548.085274805,26466.81260719544,36084.1344637145,41507.053992128,49866.328435607,54537.926870112,50237.980164608,74442.78402240001,48131.318943520004,90300.01239616,109973.73337936001,1098.422575039242,123.30447633417916,114.16694863841246,109.41930155944824,126.25388593066405,120.42978039648438,101.34993679882813,102.87861661132813,69.87871705633545,110.530959625,120.209952088562,65041.715022984,7191.199334062688,6975.46896722086,6548.600978299552,7748.968678801236,7119.462688641929,6468.247374396879,6513.1326455330545,4129.821270693369,6210.36177607127,6136.451309263019,278864.758819564,12315.011803451787,17262.44235875972,19375.061795192,24974.2166876205,25713.837149824,25830.503079680002,37568.312515648,23472.590166032,43012.102333216004,49340.680930140006,1714.6366327614196,165.58430277353526,159.34996897131347,150.6411077019043,190.67897169226075,191.49002126855467,157.580996046875,159.92116712402344,122.01952712506103,197.932273546875,219.43829651101683,74964.72064956767,9872.203803495944,9116.75879024648,8726.982433023755,9159.715127956746,7722.558523521389,7501.52091238264,8520.551210996007,3756.1257680756576,4854.66769983671,5733.636380032296,350392.24854435906,22079.815418343154,29232.4674953218,29442.084862071002,34406.643632943,31421.971385216002,33436.522335040005,49450.577646024,27476.358809152003,39077.139295208006,54368.667665040004,985.7737702198772,119.58747268279838,102.46716988833617,95.58239338000487,120.24368933825683,110.02975462011719,74.86900662890625,95.39998082714844,50.646402843322754,101.41675519531249,115.53114481567383,243224.88009599826,33607.24115558777,29949.88966110473,29183.01271364071,29795.431922104042,25613.759267285222,23028.357542598373,21836.879590098244,12143.086072869068,17597.9939970419,20469.2281736683,1129082.340374562,62817.6838617472,81785.50971039971,92069.07064384801,101153.149668953,103548.73334099201,97443.96927129601,140955.680136384,86279.49758131201,160250.569925376,202778.47623425402,875.0753262560978,118.26338163072013,105.54575759412765,102.29491143041992,104.78610235076904,91.46655044433594,80.92498583007813,80.25912133496094,45.51264080963134,69.7760259453125,76.24584888574218
2160.0,111899.70970100707,13907.30858024655,12614.538315307866,12239.243147671748,13435.072699539862,12369.610770696005,10496.878372234529,10012.684168887869,6326.505092929812,9515.175733894577,10982.692819598085,581274.2836101534,26700.748028949874,35906.18492002652,42548.354202056005,49210.446690756005,54919.047617184006,49910.129242112,71818.012264096,47397.125238431996,90220.52581248,112643.709594061,743.2959576495621,89.4822113294289,81.67938411059951,79.00555063659668,86.88475617175293,80.96190717431641,68.166198484375,68.40734886132812,43.907187695983886,69.6080538515625,75.19335933361816,128323.16387477952,15251.97181206736,14070.716969497062,13333.612355919402,15241.267355754553,14096.946659103049,12109.50291545791,12095.683684960082,7782.43499111639,11611.667604774371,12729.35952612945,581548.085274805,26466.81260719544,36084.1344637145,41507.053992128,49866.328435607,54537.926870112,50237.980164608,74442.78402240001,48131.318943520004,90300.01239616,109973.73337936001,1098.422575039242,123.30447633417916,114.16694863841246,109.41930155944824,126.25388593066405,120.42978039648438,101.34993679882813,102.87861661132813,69.87871705633545,110.530959625,120.209952088562,65041.715022984,7191.199334062688,6975.46896722086,6548.600978299552,7748.968678801236,7119.462688641929,6468.247374396879,6513.1326455330545,4129.821270693369,6210.36177607127,6136.451309263019,278864.758819564,12315.011803451787,17262.44235875972,19375.061795192,24974.2166876205,25713.837149824,25830.503079680002,37568.312515648,23472.590166032,43012.102333216004,49340.680930140006,1714.6366327614196,165.58430277353526,159.34996897131347,150.6411077019043,190.67897169226075,191.49002126855467,157.580996046875,159.92116712402344,122.01952712506103,197.932273546875,219.43829651101683,74964.72064956767,9872.203803495944,9116.75879024648,8726.982433023755,9159.715127956746,7722.558523521389,7501.52091238264,8520.551210996007,3756.1257680756576,4854.66769983671,5733.636380032296,350392.24854435906,22079.815418343154,29232.4674953218,29442.084862071002,34406.643632943,31421.971385216002,33436.522335040005,49450.577646024,27476.358809152003,39077.139295208006,54368.667665040004,985.7737702198772,119.58747268279838,102.46716988833617,95.58239338000487,120.24368933825683,110.02975462011719,74.86900662890625,95.39998082714844,50.646402843322754,101.41675519531249,115.53114481567383,243224.88009599826,33607.24115558777,29949.88966110473,29183.01271364071,29795.431922104042,25613.759267285222,23028.357542598373,21836.879590098244,12143.086072869068,17597.9939970419,20469.2281736683,1129082.340374562,62817.6838617472,81785.50971039971,92069.07064384801,101153.149668953,103548.73334099201,97443.96927129601,140955.680136384,86279.49758131201,160250.569925376,202778.47623425402,875.0753262560978,118.26338163072013,105.54575759412765,102.29491143041992,104.78610235076904,91.46655044433594,80.92498583007813,80.25912133496094,45.51264080963134,69.7760259453125,76.24584888574218
2161.0,111899.70970100707,13907.30858024655,12614.538315307866,12239.243147671748,13435.072699539862,12369.610770696005,10496.878372234529,10012.684168887869,6326.505092929812,9515.175733894577,10982.692819598085,581274.2836101534,26700.748028949874,35906.18492002652,42548.354202056005,49210.446690756005,54919.047617184006,49910.129242112,71818.012264096,47397.125238431996,90220.52581248,112643.709594061,743.2959576495621,89.4822113294289,81.67938411059951,79.00555063659668,86.88475617175293,80.96190717431641,68.166198484375,68.40734886132812,43.907187695983886,69.6080538515625,75.19335933361816,128323.16387477952,15251.97181206736,14070.716969497062,13333.612355919402,15241.267355754553,14096.946659103049,12109.50291545791,12095.683684960082,7782.43499111639,11611.667604774371,12729.35952612945,581548.085274805,26466.81260719544,36084.1344637145,41507.053992128,49866.328435607,54537.926870112,50237.980164608,74442.78402240001,48131.318943520004,90300.01239616,109973.73337936001,1098.422575039242,123.30447633417916,114.16694863841246,109.41930155944824,126.25388593066405,120.42978039648438,101.34993679882813,102.87861661132813,69.87871705633545,110.530959625,120.209952088562,65041.715022984,7191.199334062688,6975.46896722086,6548.600978299552,7748.968678801236,7119.462688641929,6468.247374396879,6513.1326455330545,4129.821270693369,6210.36177607127,6136.451309263019,278864.758819564,12315.011803451787,17262.44235875972,19375.061795192,24974.2166876205,25713.837149824,25830.503079680002,37568.312515648,23472.590166032,43012.102333216004,49340.680930140006,1714.6366327614196,165.58430277353526,159.34996897131347,150.6411077019043,190.67897169226075,191.49002126855467,157.580996046875,159.92116712402344,122.01952712506103,197.932273546875,219.43829651101683,74964.72064956767,9872.203803495944,9116.75879024648,8726.982433023755,9159.715127956746,7722.558523521389,7501.52091238264,8520.551210996007,3756.1257680756576,4854.66769983671,5733.636380032296,350392.24854435906,22079.815418343154,29232.4674953218,29442.084862071002,34406.643632943,31421.971385216002,33436.522335040005,49450.577646024,27476.358809152003,39077.139295208006,54368.667665040004,985.7737702198772,119.58747268279838,102.46716988833617,95.58239338000487,120.24368933825683,110.02975462011719,74.86900662890625,95.39998082714844,50.646402843322754,101.41675519531249,115.53114481567383,243224.88009599826,33607.24115558777,29949.88966110473,29183.01271364071,29795.431922104042,25613.759267285222,23028.357542598373,21836.879590098244,12143.086072869068,17597.9939970419,20469.2281736683,1129082.340374562,62817.6838617472,81785.50971039971,92069.07064384801,101153.149668953,103548.73334099201,97443.96927129601,140955.680136384,86279.49758131201,160250.569925376,202778.47623425402,875.0753262560978,118.26338163072013,105.54575759412765,102.29491143041992,104.78610235076904,91.46655044433594,80.92498583007813,80.25912133496094,45.51264080963134,69.7760259453125,76.24584888574218
2162.0,111899.70970100707,13907.30858024655,12614.538315307866,12239.243147671748,13435.072699539862,12369.610770696005,10496.878372234529,10012.684168887869,6326.505092929812,9515.175733894577,10982.692819598085,581274.2836101534,26700.748028949874,35906.18492002652,42548.354202056005,49210.446690756005,54919.047617184006,49910.129242112,71818.012264096,47397.125238431996,90220.52581248,112643.709594061,743.2959576495621,89.4822113294289,81.67938411059951,79.00555063659668,86.88475617175293,80.96190717431641,68.166198484375,68.40734886132812,43.907187695983886,69.6080538515625,75.19335933361816,128323.16387477952,15251.97181206736,14070.716969497062,13333.612355919402,15241.267355754553,14096.946659103049,12109.50291545791,12095.683684960082,7782.43499111639,11611.667604774371,12729.35952612945,581548.085274805,26466.81260719544,36084.1344637145,41507.053992128,49866.328435607,54537.926870112,50237.980164608,74442.78402240001,48131.318943520004,90300.01239616,109973.73337936001,1098.422575039242,123.30447633417916,114.16694863841246,109.41930155944824,126.25388593066405,120.42978039648438,101.34993679882813,102.87861661132813,69.87871705633545,110.530959625,120.209952088562,65041.715022984,7191.199334062688,6975.46896722086,6548.600978299552,7748.968678801236,7119.462688641929,6468.247374396879,6513.1326455330545,4129.821270693369,6210.36177607127,6136.451309263019,278864.758819564,12315.011803451787,17262.44235875972,19375.061795192,24974.2166876205,25713.837149824,25830.503079680002,37568.312515648,23472.590166032,43012.102333216004,49340.680930140006,1714.6366327614196,165.58430277353526,159.34996897131347,150.6411077019043,190.67897169226075,191.49002126855467,157.580996046875,159.92116712402344,122.01952712506103,197.932273546875,219.43829651101683,74964.72064956767,9872.203803495944,9116.75879024648,8726.982433023755,9159.715127956746,7722.558523521389,7501.52091238264,8520.551210996007,3756.1257680756576,4854.66769983671,5733.636380032296,350392.24854435906,22079.815418343154,29232.4674953218,29442.084862071002,34406.643632943,31421.971385216002,33436.522335040005,49450.577646024,27476.358809152003,39077.139295208006,54368.667665040004,985.7737702198772,119.58747268279838,102.46716988833617,95.58239338000487,120.24368933825683,110.02975462011719,74.86900662890625,95.39998082714844,50.646402843322754,101.41675519531249,115.53114481567383,243224.88009599826,33607.24115558777,29949.88966110473,29183.01271364071,29795.431922104042,25613.759267285222,23028.357542598373,21836.879590098244,12143.086072869068,17597.9939970419,20469.2281736683,1129082.340374562,62817.6838617472,81785.50971039971,92069.07064384801,101153.149668953,103548.73334099201,97443.96927129601,140955.680136384,86279.49758131201,160250.569925376,202778.47623425402,875.0753262560978,118.26338163072013,105.54575759412765,102.29491143041992,104.78610235076904,91.46655044433594,80.92498583007813,80.25912133496094,45.51264080963134,69.7760259453125,76.24584888574218
2163.0,111899.70970100707,13907.30858024655,12614.538315307866,12239.243147671748,13435.072699539862,12369.610770696005,10496.878372234529,10012.684168887869,6326.505092929812,9515.175733894577,10982.692819598085,581274.2836101534,26700.748028949874,35906.18492002652,42548.354202056005,49210.446690756005,54919.047617184006,49910.129242112,71818.012264096,47397.125238431996,90220.52581248,112643.709594061,743.2959576495621,89.4822113294289,81.67938411059951,79.00555063659668,86.88475617175293,80.96190717431641,68.166198484375,68.40734886132812,43.907187695983886,69.6080538515625,75.19335933361816,128323.16387477952,15251.97181206736,14070.716969497062,13333.612355919402,15241.267355754553,14096.946659103049,12109.50291545791,12095.683684960082,7782.43499111639,11611.667604774371,12729.35952612945,581548.085274805,26466.81260719544,36084.1344637145,41507.053992128,49866.328435607,54537.926870112,50237.980164608,74442.78402240001,48131.318943520004,90300.01239616,109973.73337936001,1098.422575039242,123.30447633417916,114.16694863841246,109.41930155944824,126.25388593066405,120.42978039648438,101.34993679882813,102.87861661132813,69.87871705633545,110.530959625,120.209952088562,65041.715022984,7191.199334062688,6975.46896722086,6548.600978299552,7748.968678801236,7119.462688641929,6468.247374396879,6513.1326455330545,4129.821270693369,6210.36177607127,6136.451309263019,278864.758819564,12315.011803451787,17262.44235875972,19375.061795192,24974.2166876205,25713.837149824,25830.503079680002,37568.312515648,23472.590166032,43012.102333216004,49340.680930140006,1714.6366327614196,165.58430277353526,159.34996897131347,150.6411077019043,190.67897169226075,191.49002126855467,157.580996046875,159.92116712402344,122.01952712506103,197.932273546875,219.43829651101683,74964.72064956767,9872.203803495944,9116.75879024648,8726.982433023755,9159.715127956746,7722.558523521389,7501.52091238264,8520.551210996007,3756.1257680756576,4854.66769983671,5733.636380032296,350392.24854435906,22079.815418343154,29232.4674953218,29442.084862071002,34406.643632943,31421.971385216002,33436.522335040005,49450.577646024,27476.358809152003,39077.139295208006,54368.667665040004,985.7737702198772,119.58747268279838,102.46716988833617,95.58239338000487,120.24368933825683,110.02975462011719,74.86900662890625,95.39998082714844,50.646402843322754,101.41675519531249,115.53114481567383,243224.88009599826,33607.24115558777,29949.88966110473,29183.01271364071,29795.431922104042,25613.759267285222,23028.357542598373,21836.879590098244,12143.086072869068,17597.9939970419,20469.2281736683,1129082.340374562,62817.6838617472,81785.50971039971,92069.07064384801,101153.149668953,103548.73334099201,97443.96927129601,140955.680136384,86279.49758131201,160250.569925376,202778.47623425402,875.0753262560978,118.26338163072013,105.54575759412765,102.29491143041992,104.78610235076904,91.46655044433594,80.92498583007813,80.25912133496094,45.51264080963134,69.7760259453125,76.24584888574218
2164.0,111899.70970100707,13907.30858024655,12614.538315307866,12239.243147671748,13435.072699539862,12369.610770696005,10496.878372234529,10012.684168887869,6326.505092929812,9515.175733894577,10982.692819598085,581274.2836101534,26700.748028949874,35906.18492002652,42548.354202056005,49210.446690756005,54919.047617184006,49910.129242112,71818.012264096,47397.125238431996,90220.52581248,112643.709594061,743.2959576495621,89.4822113294289,81.67938411059951,79.00555063659668,86.88475617175293,80.96190717431641,68.166198484375,68.40734886132812,43.907187695983886,69.6080538515625,75.19335933361816,128323.16387477952,15251.97181206736,14070.716969497062,13333.612355919402,15241.267355754553,14096.946659103049,12109.50291545791,12095.683684960082,7782.43499111639,11611.667604774371,12729.35952612945,581548.085274805,26466.81260719544,36084.1344637145,41507.053992128,49866.328435607,54537.926870112,50237.980164608,74442.78402240001,48131.318943520004,90300.01239616,109973.73337936001,1098.422575039242,123.30447633417916,114.16694863841246,109.41930155944824,126.25388593066405,120.42978039648438,101.34993679882813,102.87861661132813,69.87871705633545,110.530959625,120.209952088562,65041.715022984,7191.199334062688,6975.46896722086,6548.600978299552,7748.968678801236,7119.462688641929,6468.247374396879,6513.1326455330545,4129.821270693369,6210.36177607127,6136.451309263019,278864.758819564,12315.011803451787,17262.44235875972,19375.061795192,24974.2166876205,25713.837149824,25830.503079680002,37568.312515648,23472.590166032,43012.102333216004,49340.680930140006,1714.6366327614196,165.58430277353526,159.34996897131347,150.6411077019043,190.67897169226075,191.49002126855467,157.580996046875,159.92116712402344,122.01952712506103,197.932273546875,219.43829651101683,74964.72064956767,9872.203803495944,9116.75879024648,8726.982433023755,9159.715127956746,7722.558523521389,7501.52091238264,8520.551210996007,3756.1257680756576,4854.66769983671,5733.636380032296,350392.24854435906,22079.815418343154,29232.4674953218,29442.084862071002,34406.643632943,31421.971385216002,33436.522335040005,49450.577646024,27476.358809152003,39077.139295208006,54368.667665040004,985.7737702198772,119.58747268279838,102.46716988833617,95.58239338000487,120.24368933825683,110.02975462011719,74.86900662890625,95.39998082714844,50.646402843322754,101.41675519531249,115.53114481567383,243224.88009599826,33607.24115558777,29949.88966110473,29183.01271364071,29795.431922104042,25613.759267285222,23028.357542598373,21836.879590098244,12143.086072869068,17597.9939970419,20469.2281736683,1129082.340374562,62817.6838617472,81785.50971039971,92069.07064384801,101153.149668953,103548.73334099201,97443.96927129601,140955.680136384,86279.49758131201,160250.569925376,202778.47623425402,875.0753262560978,118.26338163072013,105.54575759412765,102.29491143041992,104.78610235076904,91.46655044433594,80.92498583007813,80.25912133496094,45.51264080963134,69.7760259453125,76.24584888574218
2165.0,111899.70970100707,13907.30858024655,12614.538315307866,12239.243147671748,13435.072699539862,12369.610770696005,10496.878372234529,10012.684168887869,6326.505092929812,9515.175733894577,10982.692819598085,581274.2836101534,26700.748028949874,35906.18492002652,42548.354202056005,49210.446690756005,54919.047617184006,49910.129242112,71818.012264096,47397.125238431996,90220.52581248,112643.709594061,743.2959576495621,89.4822113294289,81.67938411059951,79.00555063659668,86.88475617175293,80.96190717431641,68.166198484375,68.40734886132812,43.907187695983886,69.6080538515625,75.19335933361816,128323.16387477952,15251.97181206736,14070.716969497062,13333.612355919402,15241.267355754553,14096.946659103049,12109.50291545791,12095.683684960082,7782.43499111639,11611.667604774371,12729.35952612945,581548.085274805,26466.81260719544,36084.1344637145,41507.053992128,49866.328435607,54537.926870112,50237.980164608,74442.78402240001,48131.318943520004,90300.01239616,109973.73337936001,1098.422575039242,123.30447633417916,114.16694863841246,109.41930155944824,126.25388593066405,120.42978039648438,101.34993679882813,102.87861661132813,69.87871705633545,110.530959625,120.209952088562,65041.715022984,7191.199334062688,6975.46896722086,6548.600978299552,7748.968678801236,7119.462688641929,6468.247374396879,6513.1326455330545,4129.821270693369,6210.36177607127,6136.451309263019,278864.758819564,12315.011803451787,17262.44235875972,19375.061795192,24974.2166876205,25713.837149824,25830.503079680002,37568.312515648,23472.590166032,43012.102333216004,49340.680930140006,1714.6366327614196,165.58430277353526,159.34996897131347,150.6411077019043,190.67897169226075,191.49002126855467,157.580996046875,159.92116712402344,122.01952712506103,197.932273546875,219.43829651101683,74964.72064956767,9872.203803495944,9116.75879024648,8726.982433023755,9159.715127956746,7722.558523521389,7501.52091238264,8520.551210996007,3756.1257680756576,4854.66769983671,5733.636380032296,350392.24854435906,22079.815418343154,29232.4674953218,29442.084862071002,34406.643632943,31421.971385216002,33436.522335040005,49450.577646024,27476.358809152003,39077.139295208006,54368.667665040004,985.7737702198772,119.58747268279838,102.46716988833617,95.58239338000487,120.24368933825683,110.02975462011719,74.86900662890625,95.39998082714844,50.646402843322754,101.41675519531249,115.53114481567383,243224.88009599826,33607.24115558777,29949.88966110473,29183.01271364071,29795.431922104042,25613.759267285222,23028.357542598373,21836.879590098244,12143.086072869068,17597.9939970419,20469.2281736683,1129082.340374562,62817.6838617472,81785.50971039971,92069.07064384801,101153.149668953,103548.73334099201,97443.96927129601,140955.680136384,86279.49758131201,160250.569925376,202778.47623425402,875.0753262560978,118.26338163072013,105.54575759412765,102.29491143041992,104.78610235076904,91.46655044433594,80.92498583007813,80.25912133496094,45.51264080963134,69.7760259453125,76.24584888574218
2166.0,111899.70970100707,13907.30858024655,12614.538315307866,12239.243147671748,13435.072699539862,12369.610770696005,10496.878372234529,10012.684168887869,6326.505092929812,9515.175733894577,10982.692819598085,581274.2836101534,26700.748028949874,35906.18492002652,42548.354202056005,49210.446690756005,54919.047617184006,49910.129242112,71818.012264096,47397.125238431996,90220.52581248,112643.709594061,743.2959576495621,89.4822113294289,81.67938411059951,79.00555063659668,86.88475617175293,80.96190717431641,68.166198484375,68.40734886132812,43.907187695983886,69.6080538515625,75.19335933361816,128323.16387477952,15251.97181206736,14070.716969497062,13333.612355919402,15241.267355754553,14096.946659103049,12109.50291545791,12095.683684960082,7782.43499111639,11611.667604774371,12729.35952612945,581548.085274805,26466.81260719544,36084.1344637145,41507.053992128,49866.328435607,54537.926870112,50237.980164608,74442.78402240001,48131.318943520004,90300.01239616,109973.73337936001,1098.422575039242,123.30447633417916,114.16694863841246,109.41930155944824,126.25388593066405,120.42978039648438,101.34993679882813,102.87861661132813,69.87871705633545,110.530959625,120.209952088562,65041.715022984,7191.199334062688,6975.46896722086,6548.600978299552,7748.968678801236,7119.462688641929,6468.247374396879,6513.1326455330545,4129.821270693369,6210.36177607127,6136.451309263019,278864.758819564,12315.011803451787,17262.44235875972,19375.061795192,24974.2166876205,25713.837149824,25830.503079680002,37568.312515648,23472.590166032,43012.102333216004,49340.680930140006,1714.6366327614196,165.58430277353526,159.34996897131347,150.6411077019043,190.67897169226075,191.49002126855467,157.580996046875,159.92116712402344,122.01952712506103,197.932273546875,219.43829651101683,74964.72064956767,9872.203803495944,9116.75879024648,8726.982433023755,9159.715127956746,7722.558523521389,7501.52091238264,8520.551210996007,3756.1257680756576,4854.66769983671,5733.636380032296,350392.24854435906,22079.815418343154,29232.4674953218,29442.084862071002,34406.643632943,31421.971385216002,33436.522335040005,49450.577646024,27476.358809152003,39077.139295208006,54368.667665040004,985.7737702198772,119.58747268279838,102.46716988833617,95.58239338000487,120.24368933825683,110.02975462011719,74.86900662890625,95.39998082714844,50.646402843322754,101.41675519531249,115.53114481567383,243224.88009599826,33607.24115558777,29949.88966110473,29183.01271364071,29795.431922104042,25613.759267285222,23028.357542598373,21836.879590098244,12143.086072869068,17597.9939970419,20469.2281736683,1129082.340374562,62817.6838617472,81785.50971039971,92069.07064384801,101153.149668953,103548.73334099201,97443.96927129601,140955.680136384,86279.49758131201,160250.569925376,202778.47623425402,875.0753262560978,118.26338163072013,105.54575759412765,102.29491143041992,104.78610235076904,91.46655044433594,80.92498583007813,80.25912133496094,45.51264080963134,69.7760259453125,76.24584888574218
2167.0,111899.70970100707,13907.30858024655,12614.538315307866,12239.243147671748,13435.072699539862,12369.610770696005,10496.878372234529,10012.684168887869,6326.505092929812,9515.175733894577,10982.692819598085,581274.2836101534,26700.748028949874,35906.18492002652,42548.354202056005,49210.446690756005,54919.047617184006,49910.129242112,71818.012264096,47397.125238431996,90220.52581248,112643.709594061,743.2959576495621,89.4822113294289,81.67938411059951,79.00555063659668,86.88475617175293,80.96190717431641,68.166198484375,68.40734886132812,43.907187695983886,69.6080538515625,75.19335933361816,128323.16387477952,15251.97181206736,14070.716969497062,13333.612355919402,15241.267355754553,14096.946659103049,12109.50291545791,12095.683684960082,7782.43499111639,11611.667604774371,12729.35952612945,581548.085274805,26466.81260719544,36084.1344637145,41507.053992128,49866.328435607,54537.926870112,50237.980164608,74442.78402240001,48131.318943520004,90300.01239616,109973.73337936001,1098.422575039242,123.30447633417916,114.16694863841246,109.41930155944824,126.25388593066405,120.42978039648438,101.34993679882813,102.87861661132813,69.87871705633545,110.530959625,120.209952088562,65041.715022984,7191.199334062688,6975.46896722086,6548.600978299552,7748.968678801236,7119.462688641929,6468.247374396879,6513.1326455330545,4129.821270693369,6210.36177607127,6136.451309263019,278864.758819564,12315.011803451787,17262.44235875972,19375.061795192,24974.2166876205,25713.837149824,25830.503079680002,37568.312515648,23472.590166032,43012.102333216004,49340.680930140006,1714.6366327614196,165.58430277353526,159.34996897131347,150.6411077019043,190.67897169226075,191.49002126855467,157.580996046875,159.92116712402344,122.01952712506103,197.932273546875,219.43829651101683,74964.72064956767,9872.203803495944,9116.75879024648,8726.982433023755,9159.715127956746,7722.558523521389,7501.52091238264,8520.551210996007,3756.1257680756576,4854.66769983671,5733.636380032296,350392.24854435906,22079.815418343154,29232.4674953218,29442.084862071002,34406.643632943,31421.971385216002,33436.522335040005,49450.577646024,27476.358809152003,39077.139295208006,54368.667665040004,985.7737702198772,119.58747268279838,102.46716988833617,95.58239338000487,120.24368933825683,110.02975462011719,74.86900662890625,95.39998082714844,50.646402843322754,101.41675519531249,115.53114481567383,243224.88009599826,33607.24115558777,29949.88966110473,29183.01271364071,29795.431922104042,25613.759267285222,23028.357542598373,21836.879590098244,12143.086072869068,17597.9939970419,20469.2281736683,1129082.340374562,62817.6838617472,81785.50971039971,92069.07064384801,101153.149668953,103548.73334099201,97443.96927129601,140955.680136384,86279.49758131201,160250.569925376,202778.47623425402,875.0753262560978,118.26338163072013,105.54575759412765,102.29491143041992,104.78610235076904,91.46655044433594,80.92498583007813,80.25912133496094,45.51264080963134,69.7760259453125,76.24584888574218
2168.0,111899.70970100707,13907.30858024655,12614.538315307866,12239.243147671748,13435.072699539862,12369.610770696005,10496.878372234529,10012.684168887869,6326.505092929812,9515.175733894577,10982.692819598085,581274.2836101534,26700.748028949874,35906.18492002652,42548.354202056005,49210.446690756005,54919.047617184006,49910.129242112,71818.012264096,47397.125238431996,90220.52581248,112643.709594061,743.2959576495621,89.4822113294289,81.67938411059951,79.00555063659668,86.88475617175293,80.96190717431641,68.166198484375,68.40734886132812,43.907187695983886,69.6080538515625,75.19335933361816,128323.16387477952,15251.97181206736,14070.716969497062,13333.612355919402,15241.267355754553,14096.946659103049,12109.50291545791,12095.683684960082,7782.43499111639,11611.667604774371,12729.35952612945,581548.085274805,26466.81260719544,36084.1344637145,41507.053992128,49866.328435607,54537.926870112,50237.980164608,74442.78402240001,48131.318943520004,90300.01239616,109973.73337936001,1098.422575039242,123.30447633417916,114.16694863841246,109.41930155944824,126.25388593066405,120.42978039648438,101.34993679882813,102.87861661132813,69.87871705633545,110.530959625,120.209952088562,65041.715022984,7191.199334062688,6975.46896722086,6548.600978299552,7748.968678801236,7119.462688641929,6468.247374396879,6513.1326455330545,4129.821270693369,6210.36177607127,6136.451309263019,278864.758819564,12315.011803451787,17262.44235875972,19375.061795192,24974.2166876205,25713.837149824,25830.503079680002,37568.312515648,23472.590166032,43012.102333216004,49340.680930140006,1714.6366327614196,165.58430277353526,159.34996897131347,150.6411077019043,190.67897169226075,191.49002126855467,157.580996046875,159.92116712402344,122.01952712506103,197.932273546875,219.43829651101683,74964.72064956767,9872.203803495944,9116.75879024648,8726.982433023755,9159.715127956746,7722.558523521389,7501.52091238264,8520.551210996007,3756.1257680756576,4854.66769983671,5733.636380032296,350392.24854435906,22079.815418343154,29232.4674953218,29442.084862071002,34406.643632943,31421.971385216002,33436.522335040005,49450.577646024,27476.358809152003,39077.139295208006,54368.667665040004,985.7737702198772,119.58747268279838,102.46716988833617,95.58239338000487,120.24368933825683,110.02975462011719,74.86900662890625,95.39998082714844,50.646402843322754,101.41675519531249,115.53114481567383,243224.88009599826,33607.24115558777,29949.88966110473,29183.01271364071,29795.431922104042,25613.759267285222,23028.357542598373,21836.879590098244,12143.086072869068,17597.9939970419,20469.2281736683,1129082.340374562,62817.6838617472,81785.50971039971,92069.07064384801,101153.149668953,103548.73334099201,97443.96927129601,140955.680136384,86279.49758131201,160250.569925376,202778.47623425402,875.0753262560978,118.26338163072013,105.54575759412765,102.29491143041992,104.78610235076904,91.46655044433594,80.92498583007813,80.25912133496094,45.51264080963134,69.7760259453125,76.24584888574218
2169.0,111899.70970100707,13907.30858024655,12614.538315307866,12239.243147671748,13435.072699539862,12369.610770696005,10496.878372234529,10012.684168887869,6326.505092929812,9515.175733894577,10982.692819598085,581274.2836101534,26700.748028949874,35906.18492002652,42548.354202056005,49210.446690756005,54919.047617184006,49910.129242112,71818.012264096,47397.125238431996,90220.52581248,112643.709594061,743.2959576495621,89.4822113294289,81.67938411059951,79.00555063659668,86.88475617175293,80.96190717431641,68.166198484375,68.40734886132812,43.907187695983886,69.6080538515625,75.19335933361816,128323.16387477952,15251.97181206736,14070.716969497062,13333.612355919402,15241.267355754553,14096.946659103049,12109.50291545791,12095.683684960082,7782.43499111639,11611.667604774371,12729.35952612945,581548.085274805,26466.81260719544,36084.1344637145,41507.053992128,49866.328435607,54537.926870112,50237.980164608,74442.78402240001,48131.318943520004,90300.01239616,109973.73337936001,1098.422575039242,123.30447633417916,114.16694863841246,109.41930155944824,126.25388593066405,120.42978039648438,101.34993679882813,102.87861661132813,69.87871705633545,110.530959625,120.209952088562,65041.715022984,7191.199334062688,6975.46896722086,6548.600978299552,7748.968678801236,7119.462688641929,6468.247374396879,6513.1326455330545,4129.821270693369,6210.36177607127,6136.451309263019,278864.758819564,12315.011803451787,17262.44235875972,19375.061795192,24974.2166876205,25713.837149824,25830.503079680002,37568.312515648,23472.590166032,43012.102333216004,49340.680930140006,1714.6366327614196,165.58430277353526,159.34996897131347,150.6411077019043,190.67897169226075,191.49002126855467,157.580996046875,159.92116712402344,122.01952712506103,197.932273546875,219.43829651101683,74964.72064956767,9872.203803495944,9116.75879024648,8726.982433023755,9159.715127956746,7722.558523521389,7501.52091238264,8520.551210996007,3756.1257680756576,4854.66769983671,5733.636380032296,350392.24854435906,22079.815418343154,29232.4674953218,29442.084862071002,34406.643632943,31421.971385216002,33436.522335040005,49450.577646024,27476.358809152003,39077.139295208006,54368.667665040004,985.7737702198772,119.58747268279838,102.46716988833617,95.58239338000487,120.24368933825683,110.02975462011719,74.86900662890625,95.39998082714844,50.646402843322754,101.41675519531249,115.53114481567383,243224.88009599826,33607.24115558777,29949.88966110473,29183.01271364071,29795.431922104042,25613.759267285222,23028.357542598373,21836.879590098244,12143.086072869068,17597.9939970419,20469.2281736683,1129082.340374562,62817.6838617472,81785.50971039971,92069.07064384801,101153.149668953,103548.73334099201,97443.96927129601,140955.680136384,86279.49758131201,160250.569925376,202778.47623425402,875.0753262560978,118.26338163072013,105.54575759412765,102.29491143041992,104.78610235076904,91.46655044433594,80.92498583007813,80.25912133496094,45.51264080963134,69.7760259453125,76.24584888574218
2170.0,111899.70970100707,13907.30858024655,12614.538315307866,12239.243147671748,13435.072699539862,12369.610770696005,10496.878372234529,10012.684168887869,6326.505092929812,9515.175733894577,10982.692819598085,581274.2836101534,26700.748028949874,35906.18492002652,42548.354202056005,49210.446690756005,54919.047617184006,49910.129242112,71818.012264096,47397.125238431996,90220.52581248,112643.709594061,743.2959576495621,89.4822113294289,81.67938411059951,79.00555063659668,86.88475617175293,80.96190717431641,68.166198484375,68.40734886132812,43.907187695983886,69.6080538515625,75.19335933361816,128323.16387477952,15251.97181206736,14070.716969497062,13333.612355919402,15241.267355754553,14096.946659103049,12109.50291545791,12095.683684960082,7782.43499111639,11611.667604774371,12729.35952612945,581548.085274805,26466.81260719544,36084.1344637145,41507.053992128,49866.328435607,54537.926870112,50237.980164608,74442.78402240001,48131.318943520004,90300.01239616,109973.73337936001,1098.422575039242,123.30447633417916,114.16694863841246,109.41930155944824,126.25388593066405,120.42978039648438,101.34993679882813,102.87861661132813,69.87871705633545,110.530959625,120.209952088562,65041.715022984,7191.199334062688,6975.46896722086,6548.600978299552,7748.968678801236,7119.462688641929,6468.247374396879,6513.1326455330545,4129.821270693369,6210.36177607127,6136.451309263019,278864.758819564,12315.011803451787,17262.44235875972,19375.061795192,24974.2166876205,25713.837149824,25830.503079680002,37568.312515648,23472.590166032,43012.102333216004,49340.680930140006,1714.6366327614196,165.58430277353526,159.34996897131347,150.6411077019043,190.67897169226075,191.49002126855467,157.580996046875,159.92116712402344,122.01952712506103,197.932273546875,219.43829651101683,74964.72064956767,9872.203803495944,9116.75879024648,8726.982433023755,9159.715127956746,7722.558523521389,7501.52091238264,8520.551210996007,3756.1257680756576,4854.66769983671,5733.636380032296,350392.24854435906,22079.815418343154,29232.4674953218,29442.084862071002,34406.643632943,31421.971385216002,33436.522335040005,49450.577646024,27476.358809152003,39077.139295208006,54368.667665040004,985.7737702198772,119.58747268279838,102.46716988833617,95.58239338000487,120.24368933825683,110.02975462011719,74.86900662890625,95.39998082714844,50.646402843322754,101.41675519531249,115.53114481567383,243224.88009599826,33607.24115558777,29949.88966110473,29183.01271364071,29795.431922104042,25613.759267285222,23028.357542598373,21836.879590098244,12143.086072869068,17597.9939970419,20469.2281736683,1129082.340374562,62817.6838617472,81785.50971039971,92069.07064384801,101153.149668953,103548.73334099201,97443.96927129601,140955.680136384,86279.49758131201,160250.569925376,202778.47623425402,875.0753262560978,118.26338163072013,105.54575759412765,102.29491143041992,104.78610235076904,91.46655044433594,80.92498583007813,80.25912133496094,45.51264080963134,69.7760259453125,76.24584888574218
2171.0,111899.70970100707,13907.30858024655,12614.538315307866,12239.243147671748,13435.072699539862,12369.610770696005,10496.878372234529,10012.684168887869,6326.505092929812,9515.175733894577,10982.692819598085,581274.2836101534,26700.748028949874,35906.18492002652,42548.354202056005,49210.446690756005,54919.047617184006,49910.129242112,71818.012264096,47397.125238431996,90220.52581248,112643.709594061,743.2959576495621,89.4822113294289,81.67938411059951,79.00555063659668,86.88475617175293,80.96190717431641,68.166198484375,68.40734886132812,43.907187695983886,69.6080538515625,75.19335933361816,128323.16387477952,15251.97181206736,14070.716969497062,13333.612355919402,15241.267355754553,14096.946659103049,12109.50291545791,12095.683684960082,7782.43499111639,11611.667604774371,12729.35952612945,581548.085274805,26466.81260719544,36084.1344637145,41507.053992128,49866.328435607,54537.926870112,50237.980164608,74442.78402240001,48131.318943520004,90300.01239616,109973.73337936001,1098.422575039242,123.30447633417916,114.16694863841246,109.41930155944824,126.25388593066405,120.42978039648438,101.34993679882813,102.87861661132813,69.87871705633545,110.530959625,120.209952088562,65041.715022984,7191.199334062688,6975.46896722086,6548.600978299552,7748.968678801236,7119.462688641929,6468.247374396879,6513.1326455330545,4129.821270693369,6210.36177607127,6136.451309263019,278864.758819564,12315.011803451787,17262.44235875972,19375.061795192,24974.2166876205,25713.837149824,25830.503079680002,37568.312515648,23472.590166032,43012.102333216004,49340.680930140006,1714.6366327614196,165.58430277353526,159.34996897131347,150.6411077019043,190.67897169226075,191.49002126855467,157.580996046875,159.92116712402344,122.01952712506103,197.932273546875,219.43829651101683,74964.72064956767,9872.203803495944,9116.75879024648,8726.982433023755,9159.715127956746,7722.558523521389,7501.52091238264,8520.551210996007,3756.1257680756576,4854.66769983671,5733.636380032296,350392.24854435906,22079.815418343154,29232.4674953218,29442.084862071002,34406.643632943,31421.971385216002,33436.522335040005,49450.577646024,27476.358809152003,39077.139295208006,54368.667665040004,985.7737702198772,119.58747268279838,102.46716988833617,95.58239338000487,120.24368933825683,110.02975462011719,74.86900662890625,95.39998082714844,50.646402843322754,101.41675519531249,115.53114481567383,243224.88009599826,33607.24115558777,29949.88966110473,29183.01271364071,29795.431922104042,25613.759267285222,23028.357542598373,21836.879590098244,12143.086072869068,17597.9939970419,20469.2281736683,1129082.340374562,62817.6838617472,81785.50971039971,92069.07064384801,101153.149668953,103548.73334099201,97443.96927129601,140955.680136384,86279.49758131201,160250.569925376,202778.47623425402,875.0753262560978,118.26338163072013,105.54575759412765,102.29491143041992,104.78610235076904,91.46655044433594,80.92498583007813,80.25912133496094,45.51264080963134,69.7760259453125,76.24584888574218
2172.0,111899.70970100707,13907.30858024655,12614.538315307866,12239.243147671748,13435.072699539862,12369.610770696005,10496.878372234529,10012.684168887869,6326.505092929812,9515.175733894577,10982.692819598085,581274.2836101534,26700.748028949874,35906.18492002652,42548.354202056005,49210.446690756005,54919.047617184006,49910.129242112,71818.012264096,47397.125238431996,90220.52581248,112643.709594061,743.2959576495621,89.4822113294289,81.67938411059951,79.00555063659668,86.88475617175293,80.96190717431641,68.166198484375,68.40734886132812,43.907187695983886,69.6080538515625,75.19335933361816,128323.16387477952,15251.97181206736,14070.716969497062,13333.612355919402,15241.267355754553,14096.946659103049,12109.50291545791,12095.683684960082,7782.43499111639,11611.667604774371,12729.35952612945,581548.085274805,26466.81260719544,36084.1344637145,41507.053992128,49866.328435607,54537.926870112,50237.980164608,74442.78402240001,48131.318943520004,90300.01239616,109973.73337936001,1098.422575039242,123.30447633417916,114.16694863841246,109.41930155944824,126.25388593066405,120.42978039648438,101.34993679882813,102.87861661132813,69.87871705633545,110.530959625,120.209952088562,65041.715022984,7191.199334062688,6975.46896722086,6548.600978299552,7748.968678801236,7119.462688641929,6468.247374396879,6513.1326455330545,4129.821270693369,6210.36177607127,6136.451309263019,278864.758819564,12315.011803451787,17262.44235875972,19375.061795192,24974.2166876205,25713.837149824,25830.503079680002,37568.312515648,23472.590166032,43012.102333216004,49340.680930140006,1714.6366327614196,165.58430277353526,159.34996897131347,150.6411077019043,190.67897169226075,191.49002126855467,157.580996046875,159.92116712402344,122.01952712506103,197.932273546875,219.43829651101683,74964.72064956767,9872.203803495944,9116.75879024648,8726.982433023755,9159.715127956746,7722.558523521389,7501.52091238264,8520.551210996007,3756.1257680756576,4854.66769983671,5733.636380032296,350392.24854435906,22079.815418343154,29232.4674953218,29442.084862071002,34406.643632943,31421.971385216002,33436.522335040005,49450.577646024,27476.358809152003,39077.139295208006,54368.667665040004,985.7737702198772,119.58747268279838,102.46716988833617,95.58239338000487,120.24368933825683,110.02975462011719,74.86900662890625,95.39998082714844,50.646402843322754,101.41675519531249,115.53114481567383,243224.88009599826,33607.24115558777,29949.88966110473,29183.01271364071,29795.431922104042,25613.759267285222,23028.357542598373,21836.879590098244,12143.086072869068,17597.9939970419,20469.2281736683,1129082.340374562,62817.6838617472,81785.50971039971,92069.07064384801,101153.149668953,103548.73334099201,97443.96927129601,140955.680136384,86279.49758131201,160250.569925376,202778.47623425402,875.0753262560978,118.26338163072013,105.54575759412765,102.29491143041992,104.78610235076904,91.46655044433594,80.92498583007813,80.25912133496094,45.51264080963134,69.7760259453125,76.24584888574218
2173.0,111899.70970100707,13907.30858024655,12614.538315307866,12239.243147671748,13435.072699539862,12369.610770696005,10496.878372234529,10012.684168887869,6326.505092929812,9515.175733894577,10982.692819598085,581274.2836101534,26700.748028949874,35906.18492002652,42548.354202056005,49210.446690756005,54919.047617184006,49910.129242112,71818.012264096,47397.125238431996,90220.52581248,112643.709594061,743.2959576495621,89.4822113294289,81.67938411059951,79.00555063659668,86.88475617175293,80.96190717431641,68.166198484375,68.40734886132812,43.907187695983886,69.6080538515625,75.19335933361816,128323.16387477952,15251.97181206736,14070.716969497062,13333.612355919402,15241.267355754553,14096.946659103049,12109.50291545791,12095.683684960082,7782.43499111639,11611.667604774371,12729.35952612945,581548.085274805,26466.81260719544,36084.1344637145,41507.053992128,49866.328435607,54537.926870112,50237.980164608,74442.78402240001,48131.318943520004,90300.01239616,109973.73337936001,1098.422575039242,123.30447633417916,114.16694863841246,109.41930155944824,126.25388593066405,120.42978039648438,101.34993679882813,102.87861661132813,69.87871705633545,110.530959625,120.209952088562,65041.715022984,7191.199334062688,6975.46896722086,6548.600978299552,7748.968678801236,7119.462688641929,6468.247374396879,6513.1326455330545,4129.821270693369,6210.36177607127,6136.451309263019,278864.758819564,12315.011803451787,17262.44235875972,19375.061795192,24974.2166876205,25713.837149824,25830.503079680002,37568.312515648,23472.590166032,43012.102333216004,49340.680930140006,1714.6366327614196,165.58430277353526,159.34996897131347,150.6411077019043,190.67897169226075,191.49002126855467,157.580996046875,159.92116712402344,122.01952712506103,197.932273546875,219.43829651101683,74964.72064956767,9872.203803495944,9116.75879024648,8726.982433023755,9159.715127956746,7722.558523521389,7501.52091238264,8520.551210996007,3756.1257680756576,4854.66769983671,5733.636380032296,350392.24854435906,22079.815418343154,29232.4674953218,29442.084862071002,34406.643632943,31421.971385216002,33436.522335040005,49450.577646024,27476.358809152003,39077.139295208006,54368.667665040004,985.7737702198772,119.58747268279838,102.46716988833617,95.58239338000487,120.24368933825683,110.02975462011719,74.86900662890625,95.39998082714844,50.646402843322754,101.41675519531249,115.53114481567383,243224.88009599826,33607.24115558777,29949.88966110473,29183.01271364071,29795.431922104042,25613.759267285222,23028.357542598373,21836.879590098244,12143.086072869068,17597.9939970419,20469.2281736683,1129082.340374562,62817.6838617472,81785.50971039971,92069.07064384801,101153.149668953,103548.73334099201,97443.96927129601,140955.680136384,86279.49758131201,160250.569925376,202778.47623425402,875.0753262560978,118.26338163072013,105.54575759412765,102.29491143041992,104.78610235076904,91.46655044433594,80.92498583007813,80.25912133496094,45.51264080963134,69.7760259453125,76.24584888574218
2174.0,111899.70970100707,13907.30858024655,12614.538315307866,12239.243147671748,13435.072699539862,12369.610770696005,10496.878372234529,10012.684168887869,6326.505092929812,9515.175733894577,10982.692819598085,581274.2836101534,26700.748028949874,35906.18492002652,42548.354202056005,49210.446690756005,54919.047617184006,49910.129242112,71818.012264096,47397.125238431996,90220.52581248,112643.709594061,743.2959576495621,89.4822113294289,81.67938411059951,79.00555063659668,86.88475617175293,80.96190717431641,68.166198484375,68.40734886132812,43.907187695983886,69.6080538515625,75.19335933361816,128323.16387477952,15251.97181206736,14070.716969497062,13333.612355919402,15241.267355754553,14096.946659103049,12109.50291545791,12095.683684960082,7782.43499111639,11611.667604774371,12729.35952612945,581548.085274805,26466.81260719544,36084.1344637145,41507.053992128,49866.328435607,54537.926870112,50237.980164608,74442.78402240001,48131.318943520004,90300.01239616,109973.73337936001,1098.422575039242,123.30447633417916,114.16694863841246,109.41930155944824,126.25388593066405,120.42978039648438,101.34993679882813,102.87861661132813,69.87871705633545,110.530959625,120.209952088562,65041.715022984,7191.199334062688,6975.46896722086,6548.600978299552,7748.968678801236,7119.462688641929,6468.247374396879,6513.1326455330545,4129.821270693369,6210.36177607127,6136.451309263019,278864.758819564,12315.011803451787,17262.44235875972,19375.061795192,24974.2166876205,25713.837149824,25830.503079680002,37568.312515648,23472.590166032,43012.102333216004,49340.680930140006,1714.6366327614196,165.58430277353526,159.34996897131347,150.6411077019043,190.67897169226075,191.49002126855467,157.580996046875,159.92116712402344,122.01952712506103,197.932273546875,219.43829651101683,74964.72064956767,9872.203803495944,9116.75879024648,8726.982433023755,9159.715127956746,7722.558523521389,7501.52091238264,8520.551210996007,3756.1257680756576,4854.66769983671,5733.636380032296,350392.24854435906,22079.815418343154,29232.4674953218,29442.084862071002,34406.643632943,31421.971385216002,33436.522335040005,49450.577646024,27476.358809152003,39077.139295208006,54368.667665040004,985.7737702198772,119.58747268279838,102.46716988833617,95.58239338000487,120.24368933825683,110.02975462011719,74.86900662890625,95.39998082714844,50.646402843322754,101.41675519531249,115.53114481567383,243224.88009599826,33607.24115558777,29949.88966110473,29183.01271364071,29795.431922104042,25613.759267285222,23028.357542598373,21836.879590098244,12143.086072869068,17597.9939970419,20469.2281736683,1129082.340374562,62817.6838617472,81785.50971039971,92069.07064384801,101153.149668953,103548.73334099201,97443.96927129601,140955.680136384,86279.49758131201,160250.569925376,202778.47623425402,875.0753262560978,118.26338163072013,105.54575759412765,102.29491143041992,104.78610235076904,91.46655044433594,80.92498583007813,80.25912133496094,45.51264080963134,69.7760259453125,76.24584888574218
2175.0,111899.70970100707,13907.30858024655,12614.538315307866,12239.243147671748,13435.072699539862,12369.610770696005,10496.878372234529,10012.684168887869,6326.505092929812,9515.175733894577,10982.692819598085,581274.2836101534,26700.748028949874,35906.18492002652,42548.354202056005,49210.446690756005,54919.047617184006,49910.129242112,71818.012264096,47397.125238431996,90220.52581248,112643.709594061,743.2959576495621,89.4822113294289,81.67938411059951,79.00555063659668,86.88475617175293,80.96190717431641,68.166198484375,68.40734886132812,43.907187695983886,69.6080538515625,75.19335933361816,128323.16387477952,15251.97181206736,14070.716969497062,13333.612355919402,15241.267355754553,14096.946659103049,12109.50291545791,12095.683684960082,7782.43499111639,11611.667604774371,12729.35952612945,581548.085274805,26466.81260719544,36084.1344637145,41507.053992128,49866.328435607,54537.926870112,50237.980164608,74442.78402240001,48131.318943520004,90300.01239616,109973.73337936001,1098.422575039242,123.30447633417916,114.16694863841246,109.41930155944824,126.25388593066405,120.42978039648438,101.34993679882813,102.87861661132813,69.87871705633545,110.530959625,120.209952088562,65041.715022984,7191.199334062688,6975.46896722086,6548.600978299552,7748.968678801236,7119.462688641929,6468.247374396879,6513.1326455330545,4129.821270693369,6210.36177607127,6136.451309263019,278864.758819564,12315.011803451787,17262.44235875972,19375.061795192,24974.2166876205,25713.837149824,25830.503079680002,37568.312515648,23472.590166032,43012.102333216004,49340.680930140006,1714.6366327614196,165.58430277353526,159.34996897131347,150.6411077019043,190.67897169226075,191.49002126855467,157.580996046875,159.92116712402344,122.01952712506103,197.932273546875,219.43829651101683,74964.72064956767,9872.203803495944,9116.75879024648,8726.982433023755,9159.715127956746,7722.558523521389,7501.52091238264,8520.551210996007,3756.1257680756576,4854.66769983671,5733.636380032296,350392.24854435906,22079.815418343154,29232.4674953218,29442.084862071002,34406.643632943,31421.971385216002,33436.522335040005,49450.577646024,27476.358809152003,39077.139295208006,54368.667665040004,985.7737702198772,119.58747268279838,102.46716988833617,95.58239338000487,120.24368933825683,110.02975462011719,74.86900662890625,95.39998082714844,50.646402843322754,101.41675519531249,115.53114481567383,243224.88009599826,33607.24115558777,29949.88966110473,29183.01271364071,29795.431922104042,25613.759267285222,23028.357542598373,21836.879590098244,12143.086072869068,17597.9939970419,20469.2281736683,1129082.340374562,62817.6838617472,81785.50971039971,92069.07064384801,101153.149668953,103548.73334099201,97443.96927129601,140955.680136384,86279.49758131201,160250.569925376,202778.47623425402,875.0753262560978,118.26338163072013,105.54575759412765,102.29491143041992,104.78610235076904,91.46655044433594,80.92498583007813,80.25912133496094,45.51264080963134,69.7760259453125,76.24584888574218
2176.0,111899.70970100707,13907.30858024655,12614.538315307866,12239.243147671748,13435.072699539862,12369.610770696005,10496.878372234529,10012.684168887869,6326.505092929812,9515.175733894577,10982.692819598085,581274.2836101534,26700.748028949874,35906.18492002652,42548.354202056005,49210.446690756005,54919.047617184006,49910.129242112,71818.012264096,47397.125238431996,90220.52581248,112643.709594061,743.2959576495621,89.4822113294289,81.67938411059951,79.00555063659668,86.88475617175293,80.96190717431641,68.166198484375,68.40734886132812,43.907187695983886,69.6080538515625,75.19335933361816,128323.16387477952,15251.97181206736,14070.716969497062,13333.612355919402,15241.267355754553,14096.946659103049,12109.50291545791,12095.683684960082,7782.43499111639,11611.667604774371,12729.35952612945,581548.085274805,26466.81260719544,36084.1344637145,41507.053992128,49866.328435607,54537.926870112,50237.980164608,74442.78402240001,48131.318943520004,90300.01239616,109973.73337936001,1098.422575039242,123.30447633417916,114.16694863841246,109.41930155944824,126.25388593066405,120.42978039648438,101.34993679882813,102.87861661132813,69.87871705633545,110.530959625,120.209952088562,65041.715022984,7191.199334062688,6975.46896722086,6548.600978299552,7748.968678801236,7119.462688641929,6468.247374396879,6513.1326455330545,4129.821270693369,6210.36177607127,6136.451309263019,278864.758819564,12315.011803451787,17262.44235875972,19375.061795192,24974.2166876205,25713.837149824,25830.503079680002,37568.312515648,23472.590166032,43012.102333216004,49340.680930140006,1714.6366327614196,165.58430277353526,159.34996897131347,150.6411077019043,190.67897169226075,191.49002126855467,157.580996046875,159.92116712402344,122.01952712506103,197.932273546875,219.43829651101683,74964.72064956767,9872.203803495944,9116.75879024648,8726.982433023755,9159.715127956746,7722.558523521389,7501.52091238264,8520.551210996007,3756.1257680756576,4854.66769983671,5733.636380032296,350392.24854435906,22079.815418343154,29232.4674953218,29442.084862071002,34406.643632943,31421.971385216002,33436.522335040005,49450.577646024,27476.358809152003,39077.139295208006,54368.667665040004,985.7737702198772,119.58747268279838,102.46716988833617,95.58239338000487,120.24368933825683,110.02975462011719,74.86900662890625,95.39998082714844,50.646402843322754,101.41675519531249,115.53114481567383,243224.88009599826,33607.24115558777,29949.88966110473,29183.01271364071,29795.431922104042,25613.759267285222,23028.357542598373,21836.879590098244,12143.086072869068,17597.9939970419,20469.2281736683,1129082.340374562,62817.6838617472,81785.50971039971,92069.07064384801,101153.149668953,103548.73334099201,97443.96927129601,140955.680136384,86279.49758131201,160250.569925376,202778.47623425402,875.0753262560978,118.26338163072013,105.54575759412765,102.29491143041992,104.78610235076904,91.46655044433594,80.92498583007813,80.25912133496094,45.51264080963134,69.7760259453125,76.24584888574218
2177.0,111899.70970100707,13907.30858024655,12614.538315307866,12239.243147671748,13435.072699539862,12369.610770696005,10496.878372234529,10012.684168887869,6326.505092929812,9515.175733894577,10982.692819598085,581274.2836101534,26700.748028949874,35906.18492002652,42548.354202056005,49210.446690756005,54919.047617184006,49910.129242112,71818.012264096,47397.125238431996,90220.52581248,112643.709594061,743.2959576495621,89.4822113294289,81.67938411059951,79.00555063659668,86.88475617175293,80.96190717431641,68.166198484375,68.40734886132812,43.907187695983886,69.6080538515625,75.19335933361816,128323.16387477952,15251.97181206736,14070.716969497062,13333.612355919402,15241.267355754553,14096.946659103049,12109.50291545791,12095.683684960082,7782.43499111639,11611.667604774371,12729.35952612945,581548.085274805,26466.81260719544,36084.1344637145,41507.053992128,49866.328435607,54537.926870112,50237.980164608,74442.78402240001,48131.318943520004,90300.01239616,109973.73337936001,1098.422575039242,123.30447633417916,114.16694863841246,109.41930155944824,126.25388593066405,120.42978039648438,101.34993679882813,102.87861661132813,69.87871705633545,110.530959625,120.209952088562,65041.715022984,7191.199334062688,6975.46896722086,6548.600978299552,7748.968678801236,7119.462688641929,6468.247374396879,6513.1326455330545,4129.821270693369,6210.36177607127,6136.451309263019,278864.758819564,12315.011803451787,17262.44235875972,19375.061795192,24974.2166876205,25713.837149824,25830.503079680002,37568.312515648,23472.590166032,43012.102333216004,49340.680930140006,1714.6366327614196,165.58430277353526,159.34996897131347,150.6411077019043,190.67897169226075,191.49002126855467,157.580996046875,159.92116712402344,122.01952712506103,197.932273546875,219.43829651101683,74964.72064956767,9872.203803495944,9116.75879024648,8726.982433023755,9159.715127956746,7722.558523521389,7501.52091238264,8520.551210996007,3756.1257680756576,4854.66769983671,5733.636380032296,350392.24854435906,22079.815418343154,29232.4674953218,29442.084862071002,34406.643632943,31421.971385216002,33436.522335040005,49450.577646024,27476.358809152003,39077.139295208006,54368.667665040004,985.7737702198772,119.58747268279838,102.46716988833617,95.58239338000487,120.24368933825683,110.02975462011719,74.86900662890625,95.39998082714844,50.646402843322754,101.41675519531249,115.53114481567383,243224.88009599826,33607.24115558777,29949.88966110473,29183.01271364071,29795.431922104042,25613.759267285222,23028.357542598373,21836.879590098244,12143.086072869068,17597.9939970419,20469.2281736683,1129082.340374562,62817.6838617472,81785.50971039971,92069.07064384801,101153.149668953,103548.73334099201,97443.96927129601,140955.680136384,86279.49758131201,160250.569925376,202778.47623425402,875.0753262560978,118.26338163072013,105.54575759412765,102.29491143041992,104.78610235076904,91.46655044433594,80.92498583007813,80.25912133496094,45.51264080963134,69.7760259453125,76.24584888574218
2178.0,111899.70970100707,13907.30858024655,12614.538315307866,12239.243147671748,13435.072699539862,12369.610770696005,10496.878372234529,10012.684168887869,6326.505092929812,9515.175733894577,10982.692819598085,581274.2836101534,26700.748028949874,35906.18492002652,42548.354202056005,49210.446690756005,54919.047617184006,49910.129242112,71818.012264096,47397.125238431996,90220.52581248,112643.709594061,743.2959576495621,89.4822113294289,81.67938411059951,79.00555063659668,86.88475617175293,80.96190717431641,68.166198484375,68.40734886132812,43.907187695983886,69.6080538515625,75.19335933361816,128323.16387477952,15251.97181206736,14070.716969497062,13333.612355919402,15241.267355754553,14096.946659103049,12109.50291545791,12095.683684960082,7782.43499111639,11611.667604774371,12729.35952612945,581548.085274805,26466.81260719544,36084.1344637145,41507.053992128,49866.328435607,54537.926870112,50237.980164608,74442.78402240001,48131.318943520004,90300.01239616,109973.73337936001,1098.422575039242,123.30447633417916,114.16694863841246,109.41930155944824,126.25388593066405,120.42978039648438,101.34993679882813,102.87861661132813,69.87871705633545,110.530959625,120.209952088562,65041.715022984,7191.199334062688,6975.46896722086,6548.600978299552,7748.968678801236,7119.462688641929,6468.247374396879,6513.1326455330545,4129.821270693369,6210.36177607127,6136.451309263019,278864.758819564,12315.011803451787,17262.44235875972,19375.061795192,24974.2166876205,25713.837149824,25830.503079680002,37568.312515648,23472.590166032,43012.102333216004,49340.680930140006,1714.6366327614196,165.58430277353526,159.34996897131347,150.6411077019043,190.67897169226075,191.49002126855467,157.580996046875,159.92116712402344,122.01952712506103,197.932273546875,219.43829651101683,74964.72064956767,9872.203803495944,9116.75879024648,8726.982433023755,9159.715127956746,7722.558523521389,7501.52091238264,8520.551210996007,3756.1257680756576,4854.66769983671,5733.636380032296,350392.24854435906,22079.815418343154,29232.4674953218,29442.084862071002,34406.643632943,31421.971385216002,33436.522335040005,49450.577646024,27476.358809152003,39077.139295208006,54368.667665040004,985.7737702198772,119.58747268279838,102.46716988833617,95.58239338000487,120.24368933825683,110.02975462011719,74.86900662890625,95.39998082714844,50.646402843322754,101.41675519531249,115.53114481567383,243224.88009599826,33607.24115558777,29949.88966110473,29183.01271364071,29795.431922104042,25613.759267285222,23028.357542598373,21836.879590098244,12143.086072869068,17597.9939970419,20469.2281736683,1129082.340374562,62817.6838617472,81785.50971039971,92069.07064384801,101153.149668953,103548.73334099201,97443.96927129601,140955.680136384,86279.49758131201,160250.569925376,202778.47623425402,875.0753262560978,118.26338163072013,105.54575759412765,102.29491143041992,104.78610235076904,91.46655044433594,80.92498583007813,80.25912133496094,45.51264080963134,69.7760259453125,76.24584888574218
2179.0,111899.70970100707,13907.30858024655,12614.538315307866,12239.243147671748,13435.072699539862,12369.610770696005,10496.878372234529,10012.684168887869,6326.505092929812,9515.175733894577,10982.692819598085,581274.2836101534,26700.748028949874,35906.18492002652,42548.354202056005,49210.446690756005,54919.047617184006,49910.129242112,71818.012264096,47397.125238431996,90220.52581248,112643.709594061,743.2959576495621,89.4822113294289,81.67938411059951,79.00555063659668,86.88475617175293,80.96190717431641,68.166198484375,68.40734886132812,43.907187695983886,69.6080538515625,75.19335933361816,128323.16387477952,15251.97181206736,14070.716969497062,13333.612355919402,15241.267355754553,14096.946659103049,12109.50291545791,12095.683684960082,7782.43499111639,11611.667604774371,12729.35952612945,581548.085274805,26466.81260719544,36084.1344637145,41507.053992128,49866.328435607,54537.926870112,50237.980164608,74442.78402240001,48131.318943520004,90300.01239616,109973.73337936001,1098.422575039242,123.30447633417916,114.16694863841246,109.41930155944824,126.25388593066405,120.42978039648438,101.34993679882813,102.87861661132813,69.87871705633545,110.530959625,120.209952088562,65041.715022984,7191.199334062688,6975.46896722086,6548.600978299552,7748.968678801236,7119.462688641929,6468.247374396879,6513.1326455330545,4129.821270693369,6210.36177607127,6136.451309263019,278864.758819564,12315.011803451787,17262.44235875972,19375.061795192,24974.2166876205,25713.837149824,25830.503079680002,37568.312515648,23472.590166032,43012.102333216004,49340.680930140006,1714.6366327614196,165.58430277353526,159.34996897131347,150.6411077019043,190.67897169226075,191.49002126855467,157.580996046875,159.92116712402344,122.01952712506103,197.932273546875,219.43829651101683,74964.72064956767,9872.203803495944,9116.75879024648,8726.982433023755,9159.715127956746,7722.558523521389,7501.52091238264,8520.551210996007,3756.1257680756576,4854.66769983671,5733.636380032296,350392.24854435906,22079.815418343154,29232.4674953218,29442.084862071002,34406.643632943,31421.971385216002,33436.522335040005,49450.577646024,27476.358809152003,39077.139295208006,54368.667665040004,985.7737702198772,119.58747268279838,102.46716988833617,95.58239338000487,120.24368933825683,110.02975462011719,74.86900662890625,95.39998082714844,50.646402843322754,101.41675519531249,115.53114481567383,243224.88009599826,33607.24115558777,29949.88966110473,29183.01271364071,29795.431922104042,25613.759267285222,23028.357542598373,21836.879590098244,12143.086072869068,17597.9939970419,20469.2281736683,1129082.340374562,62817.6838617472,81785.50971039971,92069.07064384801,101153.149668953,103548.73334099201,97443.96927129601,140955.680136384,86279.49758131201,160250.569925376,202778.47623425402,875.0753262560978,118.26338163072013,105.54575759412765,102.29491143041992,104.78610235076904,91.46655044433594,80.92498583007813,80.25912133496094,45.51264080963134,69.7760259453125,76.24584888574218
2180.0,111899.70970100707,13907.30858024655,12614.538315307866,12239.243147671748,13435.072699539862,12369.610770696005,10496.878372234529,10012.684168887869,6326.505092929812,9515.175733894577,10982.692819598085,581274.2836101534,26700.748028949874,35906.18492002652,42548.354202056005,49210.446690756005,54919.047617184006,49910.129242112,71818.012264096,47397.125238431996,90220.52581248,112643.709594061,743.2959576495621,89.4822113294289,81.67938411059951,79.00555063659668,86.88475617175293,80.96190717431641,68.166198484375,68.40734886132812,43.907187695983886,69.6080538515625,75.19335933361816,128323.16387477952,15251.97181206736,14070.716969497062,13333.612355919402,15241.267355754553,14096.946659103049,12109.50291545791,12095.683684960082,7782.43499111639,11611.667604774371,12729.35952612945,581548.085274805,26466.81260719544,36084.1344637145,41507.053992128,49866.328435607,54537.926870112,50237.980164608,74442.78402240001,48131.318943520004,90300.01239616,109973.73337936001,1098.422575039242,123.30447633417916,114.16694863841246,109.41930155944824,126.25388593066405,120.42978039648438,101.34993679882813,102.87861661132813,69.87871705633545,110.530959625,120.209952088562,65041.715022984,7191.199334062688,6975.46896722086,6548.600978299552,7748.968678801236,7119.462688641929,6468.247374396879,6513.1326455330545,4129.821270693369,6210.36177607127,6136.451309263019,278864.758819564,12315.011803451787,17262.44235875972,19375.061795192,24974.2166876205,25713.837149824,25830.503079680002,37568.312515648,23472.590166032,43012.102333216004,49340.680930140006,1714.6366327614196,165.58430277353526,159.34996897131347,150.6411077019043,190.67897169226075,191.49002126855467,157.580996046875,159.92116712402344,122.01952712506103,197.932273546875,219.43829651101683,74964.72064956767,9872.203803495944,9116.75879024648,8726.982433023755,9159.715127956746,7722.558523521389,7501.52091238264,8520.551210996007,3756.1257680756576,4854.66769983671,5733.636380032296,350392.24854435906,22079.815418343154,29232.4674953218,29442.084862071002,34406.643632943,31421.971385216002,33436.522335040005,49450.577646024,27476.358809152003,39077.139295208006,54368.667665040004,985.7737702198772,119.58747268279838,102.46716988833617,95.58239338000487,120.24368933825683,110.02975462011719,74.86900662890625,95.39998082714844,50.646402843322754,101.41675519531249,115.53114481567383,243224.88009599826,33607.24115558777,29949.88966110473,29183.01271364071,29795.431922104042,25613.759267285222,23028.357542598373,21836.879590098244,12143.086072869068,17597.9939970419,20469.2281736683,1129082.340374562,62817.6838617472,81785.50971039971,92069.07064384801,101153.149668953,103548.73334099201,97443.96927129601,140955.680136384,86279.49758131201,160250.569925376,202778.47623425402,875.0753262560978,118.26338163072013,105.54575759412765,102.29491143041992,104.78610235076904,91.46655044433594,80.92498583007813,80.25912133496094,45.51264080963134,69.7760259453125,76.24584888574218
2181.0,111899.70970100707,13907.30858024655,12614.538315307866,12239.243147671748,13435.072699539862,12369.610770696005,10496.878372234529,10012.684168887869,6326.505092929812,9515.175733894577,10982.692819598085,581274.2836101534,26700.748028949874,35906.18492002652,42548.354202056005,49210.446690756005,54919.047617184006,49910.129242112,71818.012264096,47397.125238431996,90220.52581248,112643.709594061,743.2959576495621,89.4822113294289,81.67938411059951,79.00555063659668,86.88475617175293,80.96190717431641,68.166198484375,68.40734886132812,43.907187695983886,69.6080538515625,75.19335933361816,128323.16387477952,15251.97181206736,14070.716969497062,13333.612355919402,15241.267355754553,14096.946659103049,12109.50291545791,12095.683684960082,7782.43499111639,11611.667604774371,12729.35952612945,581548.085274805,26466.81260719544,36084.1344637145,41507.053992128,49866.328435607,54537.926870112,50237.980164608,74442.78402240001,48131.318943520004,90300.01239616,109973.73337936001,1098.422575039242,123.30447633417916,114.16694863841246,109.41930155944824,126.25388593066405,120.42978039648438,101.34993679882813,102.87861661132813,69.87871705633545,110.530959625,120.209952088562,65041.715022984,7191.199334062688,6975.46896722086,6548.600978299552,7748.968678801236,7119.462688641929,6468.247374396879,6513.1326455330545,4129.821270693369,6210.36177607127,6136.451309263019,278864.758819564,12315.011803451787,17262.44235875972,19375.061795192,24974.2166876205,25713.837149824,25830.503079680002,37568.312515648,23472.590166032,43012.102333216004,49340.680930140006,1714.6366327614196,165.58430277353526,159.34996897131347,150.6411077019043,190.67897169226075,191.49002126855467,157.580996046875,159.92116712402344,122.01952712506103,197.932273546875,219.43829651101683,74964.72064956767,9872.203803495944,9116.75879024648,8726.982433023755,9159.715127956746,7722.558523521389,7501.52091238264,8520.551210996007,3756.1257680756576,4854.66769983671,5733.636380032296,350392.24854435906,22079.815418343154,29232.4674953218,29442.084862071002,34406.643632943,31421.971385216002,33436.522335040005,49450.577646024,27476.358809152003,39077.139295208006,54368.667665040004,985.7737702198772,119.58747268279838,102.46716988833617,95.58239338000487,120.24368933825683,110.02975462011719,74.86900662890625,95.39998082714844,50.646402843322754,101.41675519531249,115.53114481567383,243224.88009599826,33607.24115558777,29949.88966110473,29183.01271364071,29795.431922104042,25613.759267285222,23028.357542598373,21836.879590098244,12143.086072869068,17597.9939970419,20469.2281736683,1129082.340374562,62817.6838617472,81785.50971039971,92069.07064384801,101153.149668953,103548.73334099201,97443.96927129601,140955.680136384,86279.49758131201,160250.569925376,202778.47623425402,875.0753262560978,118.26338163072013,105.54575759412765,102.29491143041992,104.78610235076904,91.46655044433594,80.92498583007813,80.25912133496094,45.51264080963134,69.7760259453125,76.24584888574218
2182.0,111899.70970100707,13907.30858024655,12614.538315307866,12239.243147671748,13435.072699539862,12369.610770696005,10496.878372234529,10012.684168887869,6326.505092929812,9515.175733894577,10982.692819598085,581274.2836101534,26700.748028949874,35906.18492002652,42548.354202056005,49210.446690756005,54919.047617184006,49910.129242112,71818.012264096,47397.125238431996,90220.52581248,112643.709594061,743.2959576495621,89.4822113294289,81.67938411059951,79.00555063659668,86.88475617175293,80.96190717431641,68.166198484375,68.40734886132812,43.907187695983886,69.6080538515625,75.19335933361816,128323.16387477952,15251.97181206736,14070.716969497062,13333.612355919402,15241.267355754553,14096.946659103049,12109.50291545791,12095.683684960082,7782.43499111639,11611.667604774371,12729.35952612945,581548.085274805,26466.81260719544,36084.1344637145,41507.053992128,49866.328435607,54537.926870112,50237.980164608,74442.78402240001,48131.318943520004,90300.01239616,109973.73337936001,1098.422575039242,123.30447633417916,114.16694863841246,109.41930155944824,126.25388593066405,120.42978039648438,101.34993679882813,102.87861661132813,69.87871705633545,110.530959625,120.209952088562,65041.715022984,7191.199334062688,6975.46896722086,6548.600978299552,7748.968678801236,7119.462688641929,6468.247374396879,6513.1326455330545,4129.821270693369,6210.36177607127,6136.451309263019,278864.758819564,12315.011803451787,17262.44235875972,19375.061795192,24974.2166876205,25713.837149824,25830.503079680002,37568.312515648,23472.590166032,43012.102333216004,49340.680930140006,1714.6366327614196,165.58430277353526,159.34996897131347,150.6411077019043,190.67897169226075,191.49002126855467,157.580996046875,159.92116712402344,122.01952712506103,197.932273546875,219.43829651101683,74964.72064956767,9872.203803495944,9116.75879024648,8726.982433023755,9159.715127956746,7722.558523521389,7501.52091238264,8520.551210996007,3756.1257680756576,4854.66769983671,5733.636380032296,350392.24854435906,22079.815418343154,29232.4674953218,29442.084862071002,34406.643632943,31421.971385216002,33436.522335040005,49450.577646024,27476.358809152003,39077.139295208006,54368.667665040004,985.7737702198772,119.58747268279838,102.46716988833617,95.58239338000487,120.24368933825683,110.02975462011719,74.86900662890625,95.39998082714844,50.646402843322754,101.41675519531249,115.53114481567383,243224.88009599826,33607.24115558777,29949.88966110473,29183.01271364071,29795.431922104042,25613.759267285222,23028.357542598373,21836.879590098244,12143.086072869068,17597.9939970419,20469.2281736683,1129082.340374562,62817.6838617472,81785.50971039971,92069.07064384801,101153.149668953,103548.73334099201,97443.96927129601,140955.680136384,86279.49758131201,160250.569925376,202778.47623425402,875.0753262560978,118.26338163072013,105.54575759412765,102.29491143041992,104.78610235076904,91.46655044433594,80.92498583007813,80.25912133496094,45.51264080963134,69.7760259453125,76.24584888574218
2183.0,111899.70970100707,13907.30858024655,12614.538315307866,12239.243147671748,13435.072699539862,12369.610770696005,10496.878372234529,10012.684168887869,6326.505092929812,9515.175733894577,10982.692819598085,581274.2836101534,26700.748028949874,35906.18492002652,42548.354202056005,49210.446690756005,54919.047617184006,49910.129242112,71818.012264096,47397.125238431996,90220.52581248,112643.709594061,743.2959576495621,89.4822113294289,81.67938411059951,79.00555063659668,86.88475617175293,80.96190717431641,68.166198484375,68.40734886132812,43.907187695983886,69.6080538515625,75.19335933361816,128323.16387477952,15251.97181206736,14070.716969497062,13333.612355919402,15241.267355754553,14096.946659103049,12109.50291545791,12095.683684960082,7782.43499111639,11611.667604774371,12729.35952612945,581548.085274805,26466.81260719544,36084.1344637145,41507.053992128,49866.328435607,54537.926870112,50237.980164608,74442.78402240001,48131.318943520004,90300.01239616,109973.73337936001,1098.422575039242,123.30447633417916,114.16694863841246,109.41930155944824,126.25388593066405,120.42978039648438,101.34993679882813,102.87861661132813,69.87871705633545,110.530959625,120.209952088562,65041.715022984,7191.199334062688,6975.46896722086,6548.600978299552,7748.968678801236,7119.462688641929,6468.247374396879,6513.1326455330545,4129.821270693369,6210.36177607127,6136.451309263019,278864.758819564,12315.011803451787,17262.44235875972,19375.061795192,24974.2166876205,25713.837149824,25830.503079680002,37568.312515648,23472.590166032,43012.102333216004,49340.680930140006,1714.6366327614196,165.58430277353526,159.34996897131347,150.6411077019043,190.67897169226075,191.49002126855467,157.580996046875,159.92116712402344,122.01952712506103,197.932273546875,219.43829651101683,74964.72064956767,9872.203803495944,9116.75879024648,8726.982433023755,9159.715127956746,7722.558523521389,7501.52091238264,8520.551210996007,3756.1257680756576,4854.66769983671,5733.636380032296,350392.24854435906,22079.815418343154,29232.4674953218,29442.084862071002,34406.643632943,31421.971385216002,33436.522335040005,49450.577646024,27476.358809152003,39077.139295208006,54368.667665040004,985.7737702198772,119.58747268279838,102.46716988833617,95.58239338000487,120.24368933825683,110.02975462011719,74.86900662890625,95.39998082714844,50.646402843322754,101.41675519531249,115.53114481567383,243224.88009599826,33607.24115558777,29949.88966110473,29183.01271364071,29795.431922104042,25613.759267285222,23028.357542598373,21836.879590098244,12143.086072869068,17597.9939970419,20469.2281736683,1129082.340374562,62817.6838617472,81785.50971039971,92069.07064384801,101153.149668953,103548.73334099201,97443.96927129601,140955.680136384,86279.49758131201,160250.569925376,202778.47623425402,875.0753262560978,118.26338163072013,105.54575759412765,102.29491143041992,104.78610235076904,91.46655044433594,80.92498583007813,80.25912133496094,45.51264080963134,69.7760259453125,76.24584888574218
2184.0,111899.70970100707,13907.30858024655,12614.538315307866,12239.243147671748,13435.072699539862,12369.610770696005,10496.878372234529,10012.684168887869,6326.505092929812,9515.175733894577,10982.692819598085,581274.2836101534,26700.748028949874,35906.18492002652,42548.354202056005,49210.446690756005,54919.047617184006,49910.129242112,71818.012264096,47397.125238431996,90220.52581248,112643.709594061,743.2959576495621,89.4822113294289,81.67938411059951,79.00555063659668,86.88475617175293,80.96190717431641,68.166198484375,68.40734886132812,43.907187695983886,69.6080538515625,75.19335933361816,128323.16387477952,15251.97181206736,14070.716969497062,13333.612355919402,15241.267355754553,14096.946659103049,12109.50291545791,12095.683684960082,7782.43499111639,11611.667604774371,12729.35952612945,581548.085274805,26466.81260719544,36084.1344637145,41507.053992128,49866.328435607,54537.926870112,50237.980164608,74442.78402240001,48131.318943520004,90300.01239616,109973.73337936001,1098.422575039242,123.30447633417916,114.16694863841246,109.41930155944824,126.25388593066405,120.42978039648438,101.34993679882813,102.87861661132813,69.87871705633545,110.530959625,120.209952088562,65041.715022984,7191.199334062688,6975.46896722086,6548.600978299552,7748.968678801236,7119.462688641929,6468.247374396879,6513.1326455330545,4129.821270693369,6210.36177607127,6136.451309263019,278864.758819564,12315.011803451787,17262.44235875972,19375.061795192,24974.2166876205,25713.837149824,25830.503079680002,37568.312515648,23472.590166032,43012.102333216004,49340.680930140006,1714.6366327614196,165.58430277353526,159.34996897131347,150.6411077019043,190.67897169226075,191.49002126855467,157.580996046875,159.92116712402344,122.01952712506103,197.932273546875,219.43829651101683,74964.72064956767,9872.203803495944,9116.75879024648,8726.982433023755,9159.715127956746,7722.558523521389,7501.52091238264,8520.551210996007,3756.1257680756576,4854.66769983671,5733.636380032296,350392.24854435906,22079.815418343154,29232.4674953218,29442.084862071002,34406.643632943,31421.971385216002,33436.522335040005,49450.577646024,27476.358809152003,39077.139295208006,54368.667665040004,985.7737702198772,119.58747268279838,102.46716988833617,95.58239338000487,120.24368933825683,110.02975462011719,74.86900662890625,95.39998082714844,50.646402843322754,101.41675519531249,115.53114481567383,243224.88009599826,33607.24115558777,29949.88966110473,29183.01271364071,29795.431922104042,25613.759267285222,23028.357542598373,21836.879590098244,12143.086072869068,17597.9939970419,20469.2281736683,1129082.340374562,62817.6838617472,81785.50971039971,92069.07064384801,101153.149668953,103548.73334099201,97443.96927129601,140955.680136384,86279.49758131201,160250.569925376,202778.47623425402,875.0753262560978,118.26338163072013,105.54575759412765,102.29491143041992,104.78610235076904,91.46655044433594,80.92498583007813,80.25912133496094,45.51264080963134,69.7760259453125,76.24584888574218
2185.0,111899.70970100707,13907.30858024655,12614.538315307866,12239.243147671748,13435.072699539862,12369.610770696005,10496.878372234529,10012.684168887869,6326.505092929812,9515.175733894577,10982.692819598085,581274.2836101534,26700.748028949874,35906.18492002652,42548.354202056005,49210.446690756005,54919.047617184006,49910.129242112,71818.012264096,47397.125238431996,90220.52581248,112643.709594061,743.2959576495621,89.4822113294289,81.67938411059951,79.00555063659668,86.88475617175293,80.96190717431641,68.166198484375,68.40734886132812,43.907187695983886,69.6080538515625,75.19335933361816,128323.16387477952,15251.97181206736,14070.716969497062,13333.612355919402,15241.267355754553,14096.946659103049,12109.50291545791,12095.683684960082,7782.43499111639,11611.667604774371,12729.35952612945,581548.085274805,26466.81260719544,36084.1344637145,41507.053992128,49866.328435607,54537.926870112,50237.980164608,74442.78402240001,48131.318943520004,90300.01239616,109973.73337936001,1098.422575039242,123.30447633417916,114.16694863841246,109.41930155944824,126.25388593066405,120.42978039648438,101.34993679882813,102.87861661132813,69.87871705633545,110.530959625,120.209952088562,65041.715022984,7191.199334062688,6975.46896722086,6548.600978299552,7748.968678801236,7119.462688641929,6468.247374396879,6513.1326455330545,4129.821270693369,6210.36177607127,6136.451309263019,278864.758819564,12315.011803451787,17262.44235875972,19375.061795192,24974.2166876205,25713.837149824,25830.503079680002,37568.312515648,23472.590166032,43012.102333216004,49340.680930140006,1714.6366327614196,165.58430277353526,159.34996897131347,150.6411077019043,190.67897169226075,191.49002126855467,157.580996046875,159.92116712402344,122.01952712506103,197.932273546875,219.43829651101683,74964.72064956767,9872.203803495944,9116.75879024648,8726.982433023755,9159.715127956746,7722.558523521389,7501.52091238264,8520.551210996007,3756.1257680756576,4854.66769983671,5733.636380032296,350392.24854435906,22079.815418343154,29232.4674953218,29442.084862071002,34406.643632943,31421.971385216002,33436.522335040005,49450.577646024,27476.358809152003,39077.139295208006,54368.667665040004,985.7737702198772,119.58747268279838,102.46716988833617,95.58239338000487,120.24368933825683,110.02975462011719,74.86900662890625,95.39998082714844,50.646402843322754,101.41675519531249,115.53114481567383,243224.88009599826,33607.24115558777,29949.88966110473,29183.01271364071,29795.431922104042,25613.759267285222,23028.357542598373,21836.879590098244,12143.086072869068,17597.9939970419,20469.2281736683,1129082.340374562,62817.6838617472,81785.50971039971,92069.07064384801,101153.149668953,103548.73334099201,97443.96927129601,140955.680136384,86279.49758131201,160250.569925376,202778.47623425402,875.0753262560978,118.26338163072013,105.54575759412765,102.29491143041992,104.78610235076904,91.46655044433594,80.92498583007813,80.25912133496094,45.51264080963134,69.7760259453125,76.24584888574218
2186.0,111899.70970100707,13907.30858024655,12614.538315307866,12239.243147671748,13435.072699539862,12369.610770696005,10496.878372234529,10012.684168887869,6326.505092929812,9515.175733894577,10982.692819598085,581274.2836101534,26700.748028949874,35906.18492002652,42548.354202056005,49210.446690756005,54919.047617184006,49910.129242112,71818.012264096,47397.125238431996,90220.52581248,112643.709594061,743.2959576495621,89.4822113294289,81.67938411059951,79.00555063659668,86.88475617175293,80.96190717431641,68.166198484375,68.40734886132812,43.907187695983886,69.6080538515625,75.19335933361816,128323.16387477952,15251.97181206736,14070.716969497062,13333.612355919402,15241.267355754553,14096.946659103049,12109.50291545791,12095.683684960082,7782.43499111639,11611.667604774371,12729.35952612945,581548.085274805,26466.81260719544,36084.1344637145,41507.053992128,49866.328435607,54537.926870112,50237.980164608,74442.78402240001,48131.318943520004,90300.01239616,109973.73337936001,1098.422575039242,123.30447633417916,114.16694863841246,109.41930155944824,126.25388593066405,120.42978039648438,101.34993679882813,102.87861661132813,69.87871705633545,110.530959625,120.209952088562,65041.715022984,7191.199334062688,6975.46896722086,6548.600978299552,7748.968678801236,7119.462688641929,6468.247374396879,6513.1326455330545,4129.821270693369,6210.36177607127,6136.451309263019,278864.758819564,12315.011803451787,17262.44235875972,19375.061795192,24974.2166876205,25713.837149824,25830.503079680002,37568.312515648,23472.590166032,43012.102333216004,49340.680930140006,1714.6366327614196,165.58430277353526,159.34996897131347,150.6411077019043,190.67897169226075,191.49002126855467,157.580996046875,159.92116712402344,122.01952712506103,197.932273546875,219.43829651101683,74964.72064956767,9872.203803495944,9116.75879024648,8726.982433023755,9159.715127956746,7722.558523521389,7501.52091238264,8520.551210996007,3756.1257680756576,4854.66769983671,5733.636380032296,350392.24854435906,22079.815418343154,29232.4674953218,29442.084862071002,34406.643632943,31421.971385216002,33436.522335040005,49450.577646024,27476.358809152003,39077.139295208006,54368.667665040004,985.7737702198772,119.58747268279838,102.46716988833617,95.58239338000487,120.24368933825683,110.02975462011719,74.86900662890625,95.39998082714844,50.646402843322754,101.41675519531249,115.53114481567383,243224.88009599826,33607.24115558777,29949.88966110473,29183.01271364071,29795.431922104042,25613.759267285222,23028.357542598373,21836.879590098244,12143.086072869068,17597.9939970419,20469.2281736683,1129082.340374562,62817.6838617472,81785.50971039971,92069.07064384801,101153.149668953,103548.73334099201,97443.96927129601,140955.680136384,86279.49758131201,160250.569925376,202778.47623425402,875.0753262560978,118.26338163072013,105.54575759412765,102.29491143041992,104.78610235076904,91.46655044433594,80.92498583007813,80.25912133496094,45.51264080963134,69.7760259453125,76.24584888574218
2187.0,111899.70970100707,13907.30858024655,12614.538315307866,12239.243147671748,13435.072699539862,12369.610770696005,10496.878372234529,10012.684168887869,6326.505092929812,9515.175733894577,10982.692819598085,581274.2836101534,26700.748028949874,35906.18492002652,42548.354202056005,49210.446690756005,54919.047617184006,49910.129242112,71818.012264096,47397.125238431996,90220.52581248,112643.709594061,743.2959576495621,89.4822113294289,81.67938411059951,79.00555063659668,86.88475617175293,80.96190717431641,68.166198484375,68.40734886132812,43.907187695983886,69.6080538515625,75.19335933361816,128323.16387477952,15251.97181206736,14070.716969497062,13333.612355919402,15241.267355754553,14096.946659103049,12109.50291545791,12095.683684960082,7782.43499111639,11611.667604774371,12729.35952612945,581548.085274805,26466.81260719544,36084.1344637145,41507.053992128,49866.328435607,54537.926870112,50237.980164608,74442.78402240001,48131.318943520004,90300.01239616,109973.73337936001,1098.422575039242,123.30447633417916,114.16694863841246,109.41930155944824,126.25388593066405,120.42978039648438,101.34993679882813,102.87861661132813,69.87871705633545,110.530959625,120.209952088562,65041.715022984,7191.199334062688,6975.46896722086,6548.600978299552,7748.968678801236,7119.462688641929,6468.247374396879,6513.1326455330545,4129.821270693369,6210.36177607127,6136.451309263019,278864.758819564,12315.011803451787,17262.44235875972,19375.061795192,24974.2166876205,25713.837149824,25830.503079680002,37568.312515648,23472.590166032,43012.102333216004,49340.680930140006,1714.6366327614196,165.58430277353526,159.34996897131347,150.6411077019043,190.67897169226075,191.49002126855467,157.580996046875,159.92116712402344,122.01952712506103,197.932273546875,219.43829651101683,74964.72064956767,9872.203803495944,9116.75879024648,8726.982433023755,9159.715127956746,7722.558523521389,7501.52091238264,8520.551210996007,3756.1257680756576,4854.66769983671,5733.636380032296,350392.24854435906,22079.815418343154,29232.4674953218,29442.084862071002,34406.643632943,31421.971385216002,33436.522335040005,49450.577646024,27476.358809152003,39077.139295208006,54368.667665040004,985.7737702198772,119.58747268279838,102.46716988833617,95.58239338000487,120.24368933825683,110.02975462011719,74.86900662890625,95.39998082714844,50.646402843322754,101.41675519531249,115.53114481567383,243224.88009599826,33607.24115558777,29949.88966110473,29183.01271364071,29795.431922104042,25613.759267285222,23028.357542598373,21836.879590098244,12143.086072869068,17597.9939970419,20469.2281736683,1129082.340374562,62817.6838617472,81785.50971039971,92069.07064384801,101153.149668953,103548.73334099201,97443.96927129601,140955.680136384,86279.49758131201,160250.569925376,202778.47623425402,875.0753262560978,118.26338163072013,105.54575759412765,102.29491143041992,104.78610235076904,91.46655044433594,80.92498583007813,80.25912133496094,45.51264080963134,69.7760259453125,76.24584888574218
2188.0,111899.70970100707,13907.30858024655,12614.538315307866,12239.243147671748,13435.072699539862,12369.610770696005,10496.878372234529,10012.684168887869,6326.505092929812,9515.175733894577,10982.692819598085,581274.2836101534,26700.748028949874,35906.18492002652,42548.354202056005,49210.446690756005,54919.047617184006,49910.129242112,71818.012264096,47397.125238431996,90220.52581248,112643.709594061,743.2959576495621,89.4822113294289,81.67938411059951,79.00555063659668,86.88475617175293,80.96190717431641,68.166198484375,68.40734886132812,43.907187695983886,69.6080538515625,75.19335933361816,128323.16387477952,15251.97181206736,14070.716969497062,13333.612355919402,15241.267355754553,14096.946659103049,12109.50291545791,12095.683684960082,7782.43499111639,11611.667604774371,12729.35952612945,581548.085274805,26466.81260719544,36084.1344637145,41507.053992128,49866.328435607,54537.926870112,50237.980164608,74442.78402240001,48131.318943520004,90300.01239616,109973.73337936001,1098.422575039242,123.30447633417916,114.16694863841246,109.41930155944824,126.25388593066405,120.42978039648438,101.34993679882813,102.87861661132813,69.87871705633545,110.530959625,120.209952088562,65041.715022984,7191.199334062688,6975.46896722086,6548.600978299552,7748.968678801236,7119.462688641929,6468.247374396879,6513.1326455330545,4129.821270693369,6210.36177607127,6136.451309263019,278864.758819564,12315.011803451787,17262.44235875972,19375.061795192,24974.2166876205,25713.837149824,25830.503079680002,37568.312515648,23472.590166032,43012.102333216004,49340.680930140006,1714.6366327614196,165.58430277353526,159.34996897131347,150.6411077019043,190.67897169226075,191.49002126855467,157.580996046875,159.92116712402344,122.01952712506103,197.932273546875,219.43829651101683,74964.72064956767,9872.203803495944,9116.75879024648,8726.982433023755,9159.715127956746,7722.558523521389,7501.52091238264,8520.551210996007,3756.1257680756576,4854.66769983671,5733.636380032296,350392.24854435906,22079.815418343154,29232.4674953218,29442.084862071002,34406.643632943,31421.971385216002,33436.522335040005,49450.577646024,27476.358809152003,39077.139295208006,54368.667665040004,985.7737702198772,119.58747268279838,102.46716988833617,95.58239338000487,120.24368933825683,110.02975462011719,74.86900662890625,95.39998082714844,50.646402843322754,101.41675519531249,115.53114481567383,243224.88009599826,33607.24115558777,29949.88966110473,29183.01271364071,29795.431922104042,25613.759267285222,23028.357542598373,21836.879590098244,12143.086072869068,17597.9939970419,20469.2281736683,1129082.340374562,62817.6838617472,81785.50971039971,92069.07064384801,101153.149668953,103548.73334099201,97443.96927129601,140955.680136384,86279.49758131201,160250.569925376,202778.47623425402,875.0753262560978,118.26338163072013,105.54575759412765,102.29491143041992,104.78610235076904,91.46655044433594,80.92498583007813,80.25912133496094,45.51264080963134,69.7760259453125,76.24584888574218
2189.0,111899.70970100707,13907.30858024655,12614.538315307866,12239.243147671748,13435.072699539862,12369.610770696005,10496.878372234529,10012.684168887869,6326.505092929812,9515.175733894577,10982.692819598085,581274.2836101534,26700.748028949874,35906.18492002652,42548.354202056005,49210.446690756005,54919.047617184006,49910.129242112,71818.012264096,47397.125238431996,90220.52581248,112643.709594061,743.2959576495621,89.4822113294289,81.67938411059951,79.00555063659668,86.88475617175293,80.96190717431641,68.166198484375,68.40734886132812,43.907187695983886,69.6080538515625,75.19335933361816,128323.16387477952,15251.97181206736,14070.716969497062,13333.612355919402,15241.267355754553,14096.946659103049,12109.50291545791,12095.683684960082,7782.43499111639,11611.667604774371,12729.35952612945,581548.085274805,26466.81260719544,36084.1344637145,41507.053992128,49866.328435607,54537.926870112,50237.980164608,74442.78402240001,48131.318943520004,90300.01239616,109973.73337936001,1098.422575039242,123.30447633417916,114.16694863841246,109.41930155944824,126.25388593066405,120.42978039648438,101.34993679882813,102.87861661132813,69.87871705633545,110.530959625,120.209952088562,65041.715022984,7191.199334062688,6975.46896722086,6548.600978299552,7748.968678801236,7119.462688641929,6468.247374396879,6513.1326455330545,4129.821270693369,6210.36177607127,6136.451309263019,278864.758819564,12315.011803451787,17262.44235875972,19375.061795192,24974.2166876205,25713.837149824,25830.503079680002,37568.312515648,23472.590166032,43012.102333216004,49340.680930140006,1714.6366327614196,165.58430277353526,159.34996897131347,150.6411077019043,190.67897169226075,191.49002126855467,157.580996046875,159.92116712402344,122.01952712506103,197.932273546875,219.43829651101683,74964.72064956767,9872.203803495944,9116.75879024648,8726.982433023755,9159.715127956746,7722.558523521389,7501.52091238264,8520.551210996007,3756.1257680756576,4854.66769983671,5733.636380032296,350392.24854435906,22079.815418343154,29232.4674953218,29442.084862071002,34406.643632943,31421.971385216002,33436.522335040005,49450.577646024,27476.358809152003,39077.139295208006,54368.667665040004,985.7737702198772,119.58747268279838,102.46716988833617,95.58239338000487,120.24368933825683,110.02975462011719,74.86900662890625,95.39998082714844,50.646402843322754,101.41675519531249,115.53114481567383,243224.88009599826,33607.24115558777,29949.88966110473,29183.01271364071,29795.431922104042,25613.759267285222,23028.357542598373,21836.879590098244,12143.086072869068,17597.9939970419,20469.2281736683,1129082.340374562,62817.6838617472,81785.50971039971,92069.07064384801,101153.149668953,103548.73334099201,97443.96927129601,140955.680136384,86279.49758131201,160250.569925376,202778.47623425402,875.0753262560978,118.26338163072013,105.54575759412765,102.29491143041992,104.78610235076904,91.46655044433594,80.92498583007813,80.25912133496094,45.51264080963134,69.7760259453125,76.24584888574218
2190.0,111899.70970100707,13907.30858024655,12614.538315307866,12239.243147671748,13435.072699539862,12369.610770696005,10496.878372234529,10012.684168887869,6326.505092929812,9515.175733894577,10982.692819598085,581274.2836101534,26700.748028949874,35906.18492002652,42548.354202056005,49210.446690756005,54919.047617184006,49910.129242112,71818.012264096,47397.125238431996,90220.52581248,112643.709594061,743.2959576495621,89.4822113294289,81.67938411059951,79.00555063659668,86.88475617175293,80.96190717431641,68.166198484375,68.40734886132812,43.907187695983886,69.6080538515625,75.19335933361816,128323.16387477952,15251.97181206736,14070.716969497062,13333.612355919402,15241.267355754553,14096.946659103049,12109.50291545791,12095.683684960082,7782.43499111639,11611.667604774371,12729.35952612945,581548.085274805,26466.81260719544,36084.1344637145,41507.053992128,49866.328435607,54537.926870112,50237.980164608,74442.78402240001,48131.318943520004,90300.01239616,109973.73337936001,1098.422575039242,123.30447633417916,114.16694863841246,109.41930155944824,126.25388593066405,120.42978039648438,101.34993679882813,102.87861661132813,69.87871705633545,110.530959625,120.209952088562,65041.715022984,7191.199334062688,6975.46896722086,6548.600978299552,7748.968678801236,7119.462688641929,6468.247374396879,6513.1326455330545,4129.821270693369,6210.36177607127,6136.451309263019,278864.758819564,12315.011803451787,17262.44235875972,19375.061795192,24974.2166876205,25713.837149824,25830.503079680002,37568.312515648,23472.590166032,43012.102333216004,49340.680930140006,1714.6366327614196,165.58430277353526,159.34996897131347,150.6411077019043,190.67897169226075,191.49002126855467,157.580996046875,159.92116712402344,122.01952712506103,197.932273546875,219.43829651101683,74964.72064956767,9872.203803495944,9116.75879024648,8726.982433023755,9159.715127956746,7722.558523521389,7501.52091238264,8520.551210996007,3756.1257680756576,4854.66769983671,5733.636380032296,350392.24854435906,22079.815418343154,29232.4674953218,29442.084862071002,34406.643632943,31421.971385216002,33436.522335040005,49450.577646024,27476.358809152003,39077.139295208006,54368.667665040004,985.7737702198772,119.58747268279838,102.46716988833617,95.58239338000487,120.24368933825683,110.02975462011719,74.86900662890625,95.39998082714844,50.646402843322754,101.41675519531249,115.53114481567383,243224.88009599826,33607.24115558777,29949.88966110473,29183.01271364071,29795.431922104042,25613.759267285222,23028.357542598373,21836.879590098244,12143.086072869068,17597.9939970419,20469.2281736683,1129082.340374562,62817.6838617472,81785.50971039971,92069.07064384801,101153.149668953,103548.73334099201,97443.96927129601,140955.680136384,86279.49758131201,160250.569925376,202778.47623425402,875.0753262560978,118.26338163072013,105.54575759412765,102.29491143041992,104.78610235076904,91.46655044433594,80.92498583007813,80.25912133496094,45.51264080963134,69.7760259453125,76.24584888574218
2191.0,111899.70970100707,13907.30858024655,12614.538315307866,12239.243147671748,13435.072699539862,12369.610770696005,10496.878372234529,10012.684168887869,6326.505092929812,9515.175733894577,10982.692819598085,581274.2836101534,26700.748028949874,35906.18492002652,42548.354202056005,49210.446690756005,54919.047617184006,49910.129242112,71818.012264096,47397.125238431996,90220.52581248,112643.709594061,743.2959576495621,89.4822113294289,81.67938411059951,79.00555063659668,86.88475617175293,80.96190717431641,68.166198484375,68.40734886132812,43.907187695983886,69.6080538515625,75.19335933361816,128323.16387477952,15251.97181206736,14070.716969497062,13333.612355919402,15241.267355754553,14096.946659103049,12109.50291545791,12095.683684960082,7782.43499111639,11611.667604774371,12729.35952612945,581548.085274805,26466.81260719544,36084.1344637145,41507.053992128,49866.328435607,54537.926870112,50237.980164608,74442.78402240001,48131.318943520004,90300.01239616,109973.73337936001,1098.422575039242,123.30447633417916,114.16694863841246,109.41930155944824,126.25388593066405,120.42978039648438,101.34993679882813,102.87861661132813,69.87871705633545,110.530959625,120.209952088562,65041.715022984,7191.199334062688,6975.46896722086,6548.600978299552,7748.968678801236,7119.462688641929,6468.247374396879,6513.1326455330545,4129.821270693369,6210.36177607127,6136.451309263019,278864.758819564,12315.011803451787,17262.44235875972,19375.061795192,24974.2166876205,25713.837149824,25830.503079680002,37568.312515648,23472.590166032,43012.102333216004,49340.680930140006,1714.6366327614196,165.58430277353526,159.34996897131347,150.6411077019043,190.67897169226075,191.49002126855467,157.580996046875,159.92116712402344,122.01952712506103,197.932273546875,219.43829651101683,74964.72064956767,9872.203803495944,9116.75879024648,8726.982433023755,9159.715127956746,7722.558523521389,7501.52091238264,8520.551210996007,3756.1257680756576,4854.66769983671,5733.636380032296,350392.24854435906,22079.815418343154,29232.4674953218,29442.084862071002,34406.643632943,31421.971385216002,33436.522335040005,49450.577646024,27476.358809152003,39077.139295208006,54368.667665040004,985.7737702198772,119.58747268279838,102.46716988833617,95.58239338000487,120.24368933825683,110.02975462011719,74.86900662890625,95.39998082714844,50.646402843322754,101.41675519531249,115.53114481567383,243224.88009599826,33607.24115558777,29949.88966110473,29183.01271364071,29795.431922104042,25613.759267285222,23028.357542598373,21836.879590098244,12143.086072869068,17597.9939970419,20469.2281736683,1129082.340374562,62817.6838617472,81785.50971039971,92069.07064384801,101153.149668953,103548.73334099201,97443.96927129601,140955.680136384,86279.49758131201,160250.569925376,202778.47623425402,875.0753262560978,118.26338163072013,105.54575759412765,102.29491143041992,104.78610235076904,91.46655044433594,80.92498583007813,80.25912133496094,45.51264080963134,69.7760259453125,76.24584888574218
2192.0,111899.70970100707,13907.30858024655,12614.538315307866,12239.243147671748,13435.072699539862,12369.610770696005,10496.878372234529,10012.684168887869,6326.505092929812,9515.175733894577,10982.692819598085,581274.2836101534,26700.748028949874,35906.18492002652,42548.354202056005,49210.446690756005,54919.047617184006,49910.129242112,71818.012264096,47397.125238431996,90220.52581248,112643.709594061,743.2959576495621,89.4822113294289,81.67938411059951,79.00555063659668,86.88475617175293,80.96190717431641,68.166198484375,68.40734886132812,43.907187695983886,69.6080538515625,75.19335933361816,128323.16387477952,15251.97181206736,14070.716969497062,13333.612355919402,15241.267355754553,14096.946659103049,12109.50291545791,12095.683684960082,7782.43499111639,11611.667604774371,12729.35952612945,581548.085274805,26466.81260719544,36084.1344637145,41507.053992128,49866.328435607,54537.926870112,50237.980164608,74442.78402240001,48131.318943520004,90300.01239616,109973.73337936001,1098.422575039242,123.30447633417916,114.16694863841246,109.41930155944824,126.25388593066405,120.42978039648438,101.34993679882813,102.87861661132813,69.87871705633545,110.530959625,120.209952088562,65041.715022984,7191.199334062688,6975.46896722086,6548.600978299552,7748.968678801236,7119.462688641929,6468.247374396879,6513.1326455330545,4129.821270693369,6210.36177607127,6136.451309263019,278864.758819564,12315.011803451787,17262.44235875972,19375.061795192,24974.2166876205,25713.837149824,25830.503079680002,37568.312515648,23472.590166032,43012.102333216004,49340.680930140006,1714.6366327614196,165.58430277353526,159.34996897131347,150.6411077019043,190.67897169226075,191.49002126855467,157.580996046875,159.92116712402344,122.01952712506103,197.932273546875,219.43829651101683,74964.72064956767,9872.203803495944,9116.75879024648,8726.982433023755,9159.715127956746,7722.558523521389,7501.52091238264,8520.551210996007,3756.1257680756576,4854.66769983671,5733.636380032296,350392.24854435906,22079.815418343154,29232.4674953218,29442.084862071002,34406.643632943,31421.971385216002,33436.522335040005,49450.577646024,27476.358809152003,39077.139295208006,54368.667665040004,985.7737702198772,119.58747268279838,102.46716988833617,95.58239338000487,120.24368933825683,110.02975462011719,74.86900662890625,95.39998082714844,50.646402843322754,101.41675519531249,115.53114481567383,243224.88009599826,33607.24115558777,29949.88966110473,29183.01271364071,29795.431922104042,25613.759267285222,23028.357542598373,21836.879590098244,12143.086072869068,17597.9939970419,20469.2281736683,1129082.340374562,62817.6838617472,81785.50971039971,92069.07064384801,101153.149668953,103548.73334099201,97443.96927129601,140955.680136384,86279.49758131201,160250.569925376,202778.47623425402,875.0753262560978,118.26338163072013,105.54575759412765,102.29491143041992,104.78610235076904,91.46655044433594,80.92498583007813,80.25912133496094,45.51264080963134,69.7760259453125,76.24584888574218
2193.0,111899.70970100707,13907.30858024655,12614.538315307866,12239.243147671748,13435.072699539862,12369.610770696005,10496.878372234529,10012.684168887869,6326.505092929812,9515.175733894577,10982.692819598085,581274.2836101534,26700.748028949874,35906.18492002652,42548.354202056005,49210.446690756005,54919.047617184006,49910.129242112,71818.012264096,47397.125238431996,90220.52581248,112643.709594061,743.2959576495621,89.4822113294289,81.67938411059951,79.00555063659668,86.88475617175293,80.96190717431641,68.166198484375,68.40734886132812,43.907187695983886,69.6080538515625,75.19335933361816,128323.16387477952,15251.97181206736,14070.716969497062,13333.612355919402,15241.267355754553,14096.946659103049,12109.50291545791,12095.683684960082,7782.43499111639,11611.667604774371,12729.35952612945,581548.085274805,26466.81260719544,36084.1344637145,41507.053992128,49866.328435607,54537.926870112,50237.980164608,74442.78402240001,48131.318943520004,90300.01239616,109973.73337936001,1098.422575039242,123.30447633417916,114.16694863841246,109.41930155944824,126.25388593066405,120.42978039648438,101.34993679882813,102.87861661132813,69.87871705633545,110.530959625,120.209952088562,65041.715022984,7191.199334062688,6975.46896722086,6548.600978299552,7748.968678801236,7119.462688641929,6468.247374396879,6513.1326455330545,4129.821270693369,6210.36177607127,6136.451309263019,278864.758819564,12315.011803451787,17262.44235875972,19375.061795192,24974.2166876205,25713.837149824,25830.503079680002,37568.312515648,23472.590166032,43012.102333216004,49340.680930140006,1714.6366327614196,165.58430277353526,159.34996897131347,150.6411077019043,190.67897169226075,191.49002126855467,157.580996046875,159.92116712402344,122.01952712506103,197.932273546875,219.43829651101683,74964.72064956767,9872.203803495944,9116.75879024648,8726.982433023755,9159.715127956746,7722.558523521389,7501.52091238264,8520.551210996007,3756.1257680756576,4854.66769983671,5733.636380032296,350392.24854435906,22079.815418343154,29232.4674953218,29442.084862071002,34406.643632943,31421.971385216002,33436.522335040005,49450.577646024,27476.358809152003,39077.139295208006,54368.667665040004,985.7737702198772,119.58747268279838,102.46716988833617,95.58239338000487,120.24368933825683,110.02975462011719,74.86900662890625,95.39998082714844,50.646402843322754,101.41675519531249,115.53114481567383,243224.88009599826,33607.24115558777,29949.88966110473,29183.01271364071,29795.431922104042,25613.759267285222,23028.357542598373,21836.879590098244,12143.086072869068,17597.9939970419,20469.2281736683,1129082.340374562,62817.6838617472,81785.50971039971,92069.07064384801,101153.149668953,103548.73334099201,97443.96927129601,140955.680136384,86279.49758131201,160250.569925376,202778.47623425402,875.0753262560978,118.26338163072013,105.54575759412765,102.29491143041992,104.78610235076904,91.46655044433594,80.92498583007813,80.25912133496094,45.51264080963134,69.7760259453125,76.24584888574218
2194.0,111899.70970100707,13907.30858024655,12614.538315307866,12239.243147671748,13435.072699539862,12369.610770696005,10496.878372234529,10012.684168887869,6326.505092929812,9515.175733894577,10982.692819598085,581274.2836101534,26700.748028949874,35906.18492002652,42548.354202056005,49210.446690756005,54919.047617184006,49910.129242112,71818.012264096,47397.125238431996,90220.52581248,112643.709594061,743.2959576495621,89.4822113294289,81.67938411059951,79.00555063659668,86.88475617175293,80.96190717431641,68.166198484375,68.40734886132812,43.907187695983886,69.6080538515625,75.19335933361816,128323.16387477952,15251.97181206736,14070.716969497062,13333.612355919402,15241.267355754553,14096.946659103049,12109.50291545791,12095.683684960082,7782.43499111639,11611.667604774371,12729.35952612945,581548.085274805,26466.81260719544,36084.1344637145,41507.053992128,49866.328435607,54537.926870112,50237.980164608,74442.78402240001,48131.318943520004,90300.01239616,109973.73337936001,1098.422575039242,123.30447633417916,114.16694863841246,109.41930155944824,126.25388593066405,120.42978039648438,101.34993679882813,102.87861661132813,69.87871705633545,110.530959625,120.209952088562,65041.715022984,7191.199334062688,6975.46896722086,6548.600978299552,7748.968678801236,7119.462688641929,6468.247374396879,6513.1326455330545,4129.821270693369,6210.36177607127,6136.451309263019,278864.758819564,12315.011803451787,17262.44235875972,19375.061795192,24974.2166876205,25713.837149824,25830.503079680002,37568.312515648,23472.590166032,43012.102333216004,49340.680930140006,1714.6366327614196,165.58430277353526,159.34996897131347,150.6411077019043,190.67897169226075,191.49002126855467,157.580996046875,159.92116712402344,122.01952712506103,197.932273546875,219.43829651101683,74964.72064956767,9872.203803495944,9116.75879024648,8726.982433023755,9159.715127956746,7722.558523521389,7501.52091238264,8520.551210996007,3756.1257680756576,4854.66769983671,5733.636380032296,350392.24854435906,22079.815418343154,29232.4674953218,29442.084862071002,34406.643632943,31421.971385216002,33436.522335040005,49450.577646024,27476.358809152003,39077.139295208006,54368.667665040004,985.7737702198772,119.58747268279838,102.46716988833617,95.58239338000487,120.24368933825683,110.02975462011719,74.86900662890625,95.39998082714844,50.646402843322754,101.41675519531249,115.53114481567383,243224.88009599826,33607.24115558777,29949.88966110473,29183.01271364071,29795.431922104042,25613.759267285222,23028.357542598373,21836.879590098244,12143.086072869068,17597.9939970419,20469.2281736683,1129082.340374562,62817.6838617472,81785.50971039971,92069.07064384801,101153.149668953,103548.73334099201,97443.96927129601,140955.680136384,86279.49758131201,160250.569925376,202778.47623425402,875.0753262560978,118.26338163072013,105.54575759412765,102.29491143041992,104.78610235076904,91.46655044433594,80.92498583007813,80.25912133496094,45.51264080963134,69.7760259453125,76.24584888574218
2195.0,111899.70970100707,13907.30858024655,12614.538315307866,12239.243147671748,13435.072699539862,12369.610770696005,10496.878372234529,10012.684168887869,6326.505092929812,9515.175733894577,10982.692819598085,581274.2836101534,26700.748028949874,35906.18492002652,42548.354202056005,49210.446690756005,54919.047617184006,49910.129242112,71818.012264096,47397.125238431996,90220.52581248,112643.709594061,743.2959576495621,89.4822113294289,81.67938411059951,79.00555063659668,86.88475617175293,80.96190717431641,68.166198484375,68.40734886132812,43.907187695983886,69.6080538515625,75.19335933361816,128323.16387477952,15251.97181206736,14070.716969497062,13333.612355919402,15241.267355754553,14096.946659103049,12109.50291545791,12095.683684960082,7782.43499111639,11611.667604774371,12729.35952612945,581548.085274805,26466.81260719544,36084.1344637145,41507.053992128,49866.328435607,54537.926870112,50237.980164608,74442.78402240001,48131.318943520004,90300.01239616,109973.73337936001,1098.422575039242,123.30447633417916,114.16694863841246,109.41930155944824,126.25388593066405,120.42978039648438,101.34993679882813,102.87861661132813,69.87871705633545,110.530959625,120.209952088562,65041.715022984,7191.199334062688,6975.46896722086,6548.600978299552,7748.968678801236,7119.462688641929,6468.247374396879,6513.1326455330545,4129.821270693369,6210.36177607127,6136.451309263019,278864.758819564,12315.011803451787,17262.44235875972,19375.061795192,24974.2166876205,25713.837149824,25830.503079680002,37568.312515648,23472.590166032,43012.102333216004,49340.680930140006,1714.6366327614196,165.58430277353526,159.34996897131347,150.6411077019043,190.67897169226075,191.49002126855467,157.580996046875,159.92116712402344,122.01952712506103,197.932273546875,219.43829651101683,74964.72064956767,9872.203803495944,9116.75879024648,8726.982433023755,9159.715127956746,7722.558523521389,7501.52091238264,8520.551210996007,3756.1257680756576,4854.66769983671,5733.636380032296,350392.24854435906,22079.815418343154,29232.4674953218,29442.084862071002,34406.643632943,31421.971385216002,33436.522335040005,49450.577646024,27476.358809152003,39077.139295208006,54368.667665040004,985.7737702198772,119.58747268279838,102.46716988833617,95.58239338000487,120.24368933825683,110.02975462011719,74.86900662890625,95.39998082714844,50.646402843322754,101.41675519531249,115.53114481567383,243224.88009599826,33607.24115558777,29949.88966110473,29183.01271364071,29795.431922104042,25613.759267285222,23028.357542598373,21836.879590098244,12143.086072869068,17597.9939970419,20469.2281736683,1129082.340374562,62817.6838617472,81785.50971039971,92069.07064384801,101153.149668953,103548.73334099201,97443.96927129601,140955.680136384,86279.49758131201,160250.569925376,202778.47623425402,875.0753262560978,118.26338163072013,105.54575759412765,102.29491143041992,104.78610235076904,91.46655044433594,80.92498583007813,80.25912133496094,45.51264080963134,69.7760259453125,76.24584888574218
2196.0,111899.70970100707,13907.30858024655,12614.538315307866,12239.243147671748,13435.072699539862,12369.610770696005,10496.878372234529,10012.684168887869,6326.505092929812,9515.175733894577,10982.692819598085,581274.2836101534,26700.748028949874,35906.18492002652,42548.354202056005,49210.446690756005,54919.047617184006,49910.129242112,71818.012264096,47397.125238431996,90220.52581248,112643.709594061,743.2959576495621,89.4822113294289,81.67938411059951,79.00555063659668,86.88475617175293,80.96190717431641,68.166198484375,68.40734886132812,43.907187695983886,69.6080538515625,75.19335933361816,128323.16387477952,15251.97181206736,14070.716969497062,13333.612355919402,15241.267355754553,14096.946659103049,12109.50291545791,12095.683684960082,7782.43499111639,11611.667604774371,12729.35952612945,581548.085274805,26466.81260719544,36084.1344637145,41507.053992128,49866.328435607,54537.926870112,50237.980164608,74442.78402240001,48131.318943520004,90300.01239616,109973.73337936001,1098.422575039242,123.30447633417916,114.16694863841246,109.41930155944824,126.25388593066405,120.42978039648438,101.34993679882813,102.87861661132813,69.87871705633545,110.530959625,120.209952088562,65041.715022984,7191.199334062688,6975.46896722086,6548.600978299552,7748.968678801236,7119.462688641929,6468.247374396879,6513.1326455330545,4129.821270693369,6210.36177607127,6136.451309263019,278864.758819564,12315.011803451787,17262.44235875972,19375.061795192,24974.2166876205,25713.837149824,25830.503079680002,37568.312515648,23472.590166032,43012.102333216004,49340.680930140006,1714.6366327614196,165.58430277353526,159.34996897131347,150.6411077019043,190.67897169226075,191.49002126855467,157.580996046875,159.92116712402344,122.01952712506103,197.932273546875,219.43829651101683,74964.72064956767,9872.203803495944,9116.75879024648,8726.982433023755,9159.715127956746,7722.558523521389,7501.52091238264,8520.551210996007,3756.1257680756576,4854.66769983671,5733.636380032296,350392.24854435906,22079.815418343154,29232.4674953218,29442.084862071002,34406.643632943,31421.971385216002,33436.522335040005,49450.577646024,27476.358809152003,39077.139295208006,54368.667665040004,985.7737702198772,119.58747268279838,102.46716988833617,95.58239338000487,120.24368933825683,110.02975462011719,74.86900662890625,95.39998082714844,50.646402843322754,101.41675519531249,115.53114481567383,243224.88009599826,33607.24115558777,29949.88966110473,29183.01271364071,29795.431922104042,25613.759267285222,23028.357542598373,21836.879590098244,12143.086072869068,17597.9939970419,20469.2281736683,1129082.340374562,62817.6838617472,81785.50971039971,92069.07064384801,101153.149668953,103548.73334099201,97443.96927129601,140955.680136384,86279.49758131201,160250.569925376,202778.47623425402,875.0753262560978,118.26338163072013,105.54575759412765,102.29491143041992,104.78610235076904,91.46655044433594,80.92498583007813,80.25912133496094,45.51264080963134,69.7760259453125,76.24584888574218
2197.0,111899.70970100707,13907.30858024655,12614.538315307866,12239.243147671748,13435.072699539862,12369.610770696005,10496.878372234529,10012.684168887869,6326.505092929812,9515.175733894577,10982.692819598085,581274.2836101534,26700.748028949874,35906.18492002652,42548.354202056005,49210.446690756005,54919.047617184006,49910.129242112,71818.012264096,47397.125238431996,90220.52581248,112643.709594061,743.2959576495621,89.4822113294289,81.67938411059951,79.00555063659668,86.88475617175293,80.96190717431641,68.166198484375,68.40734886132812,43.907187695983886,69.6080538515625,75.19335933361816,128323.16387477952,15251.97181206736,14070.716969497062,13333.612355919402,15241.267355754553,14096.946659103049,12109.50291545791,12095.683684960082,7782.43499111639,11611.667604774371,12729.35952612945,581548.085274805,26466.81260719544,36084.1344637145,41507.053992128,49866.328435607,54537.926870112,50237.980164608,74442.78402240001,48131.318943520004,90300.01239616,109973.73337936001,1098.422575039242,123.30447633417916,114.16694863841246,109.41930155944824,126.25388593066405,120.42978039648438,101.34993679882813,102.87861661132813,69.87871705633545,110.530959625,120.209952088562,65041.715022984,7191.199334062688,6975.46896722086,6548.600978299552,7748.968678801236,7119.462688641929,6468.247374396879,6513.1326455330545,4129.821270693369,6210.36177607127,6136.451309263019,278864.758819564,12315.011803451787,17262.44235875972,19375.061795192,24974.2166876205,25713.837149824,25830.503079680002,37568.312515648,23472.590166032,43012.102333216004,49340.680930140006,1714.6366327614196,165.58430277353526,159.34996897131347,150.6411077019043,190.67897169226075,191.49002126855467,157.580996046875,159.92116712402344,122.01952712506103,197.932273546875,219.43829651101683,74964.72064956767,9872.203803495944,9116.75879024648,8726.982433023755,9159.715127956746,7722.558523521389,7501.52091238264,8520.551210996007,3756.1257680756576,4854.66769983671,5733.636380032296,350392.24854435906,22079.815418343154,29232.4674953218,29442.084862071002,34406.643632943,31421.971385216002,33436.522335040005,49450.577646024,27476.358809152003,39077.139295208006,54368.667665040004,985.7737702198772,119.58747268279838,102.46716988833617,95.58239338000487,120.24368933825683,110.02975462011719,74.86900662890625,95.39998082714844,50.646402843322754,101.41675519531249,115.53114481567383,243224.88009599826,33607.24115558777,29949.88966110473,29183.01271364071,29795.431922104042,25613.759267285222,23028.357542598373,21836.879590098244,12143.086072869068,17597.9939970419,20469.2281736683,1129082.340374562,62817.6838617472,81785.50971039971,92069.07064384801,101153.149668953,103548.73334099201,97443.96927129601,140955.680136384,86279.49758131201,160250.569925376,202778.47623425402,875.0753262560978,118.26338163072013,105.54575759412765,102.29491143041992,104.78610235076904,91.46655044433594,80.92498583007813,80.25912133496094,45.51264080963134,69.7760259453125,76.24584888574218
2198.0,111899.70970100707,13907.30858024655,12614.538315307866,12239.243147671748,13435.072699539862,12369.610770696005,10496.878372234529,10012.684168887869,6326.505092929812,9515.175733894577,10982.692819598085,581274.2836101534,26700.748028949874,35906.18492002652,42548.354202056005,49210.446690756005,54919.047617184006,49910.129242112,71818.012264096,47397.125238431996,90220.52581248,112643.709594061,743.2959576495621,89.4822113294289,81.67938411059951,79.00555063659668,86.88475617175293,80.96190717431641,68.166198484375,68.40734886132812,43.907187695983886,69.6080538515625,75.19335933361816,128323.16387477952,15251.97181206736,14070.716969497062,13333.612355919402,15241.267355754553,14096.946659103049,12109.50291545791,12095.683684960082,7782.43499111639,11611.667604774371,12729.35952612945,581548.085274805,26466.81260719544,36084.1344637145,41507.053992128,49866.328435607,54537.926870112,50237.980164608,74442.78402240001,48131.318943520004,90300.01239616,109973.73337936001,1098.422575039242,123.30447633417916,114.16694863841246,109.41930155944824,126.25388593066405,120.42978039648438,101.34993679882813,102.87861661132813,69.87871705633545,110.530959625,120.209952088562,65041.715022984,7191.199334062688,6975.46896722086,6548.600978299552,7748.968678801236,7119.462688641929,6468.247374396879,6513.1326455330545,4129.821270693369,6210.36177607127,6136.451309263019,278864.758819564,12315.011803451787,17262.44235875972,19375.061795192,24974.2166876205,25713.837149824,25830.503079680002,37568.312515648,23472.590166032,43012.102333216004,49340.680930140006,1714.6366327614196,165.58430277353526,159.34996897131347,150.6411077019043,190.67897169226075,191.49002126855467,157.580996046875,159.92116712402344,122.01952712506103,197.932273546875,219.43829651101683,74964.72064956767,9872.203803495944,9116.75879024648,8726.982433023755,9159.715127956746,7722.558523521389,7501.52091238264,8520.551210996007,3756.1257680756576,4854.66769983671,5733.636380032296,350392.24854435906,22079.815418343154,29232.4674953218,29442.084862071002,34406.643632943,31421.971385216002,33436.522335040005,49450.577646024,27476.358809152003,39077.139295208006,54368.667665040004,985.7737702198772,119.58747268279838,102.46716988833617,95.58239338000487,120.24368933825683,110.02975462011719,74.86900662890625,95.39998082714844,50.646402843322754,101.41675519531249,115.53114481567383,243224.88009599826,33607.24115558777,29949.88966110473,29183.01271364071,29795.431922104042,25613.759267285222,23028.357542598373,21836.879590098244,12143.086072869068,17597.9939970419,20469.2281736683,1129082.340374562,62817.6838617472,81785.50971039971,92069.07064384801,101153.149668953,103548.73334099201,97443.96927129601,140955.680136384,86279.49758131201,160250.569925376,202778.47623425402,875.0753262560978,118.26338163072013,105.54575759412765,102.29491143041992,104.78610235076904,91.46655044433594,80.92498583007813,80.25912133496094,45.51264080963134,69.7760259453125,76.24584888574218
2199.0,111899.70970100707,13907.30858024655,12614.538315307866,12239.243147671748,13435.072699539862,12369.610770696005,10496.878372234529,10012.684168887869,6326.505092929812,9515.175733894577,10982.692819598085,581274.2836101534,26700.748028949874,35906.18492002652,42548.354202056005,49210.446690756005,54919.047617184006,49910.129242112,71818.012264096,47397.125238431996,90220.52581248,112643.709594061,743.2959576495621,89.4822113294289,81.67938411059951,79.00555063659668,86.88475617175293,80.96190717431641,68.166198484375,68.40734886132812,43.907187695983886,69.6080538515625,75.19335933361816,128323.16387477952,15251.97181206736,14070.716969497062,13333.612355919402,15241.267355754553,14096.946659103049,12109.50291545791,12095.683684960082,7782.43499111639,11611.667604774371,12729.35952612945,581548.085274805,26466.81260719544,36084.1344637145,41507.053992128,49866.328435607,54537.926870112,50237.980164608,74442.78402240001,48131.318943520004,90300.01239616,109973.73337936001,1098.422575039242,123.30447633417916,114.16694863841246,109.41930155944824,126.25388593066405,120.42978039648438,101.34993679882813,102.87861661132813,69.87871705633545,110.530959625,120.209952088562,65041.715022984,7191.199334062688,6975.46896722086,6548.600978299552,7748.968678801236,7119.462688641929,6468.247374396879,6513.1326455330545,4129.821270693369,6210.36177607127,6136.451309263019,278864.758819564,12315.011803451787,17262.44235875972,19375.061795192,24974.2166876205,25713.837149824,25830.503079680002,37568.312515648,23472.590166032,43012.102333216004,49340.680930140006,1714.6366327614196,165.58430277353526,159.34996897131347,150.6411077019043,190.67897169226075,191.49002126855467,157.580996046875,159.92116712402344,122.01952712506103,197.932273546875,219.43829651101683,74964.72064956767,9872.203803495944,9116.75879024648,8726.982433023755,9159.715127956746,7722.558523521389,7501.52091238264,8520.551210996007,3756.1257680756576,4854.66769983671,5733.636380032296,350392.24854435906,22079.815418343154,29232.4674953218,29442.084862071002,34406.643632943,31421.971385216002,33436.522335040005,49450.577646024,27476.358809152003,39077.139295208006,54368.667665040004,985.7737702198772,119.58747268279838,102.46716988833617,95.58239338000487,120.24368933825683,110.02975462011719,74.86900662890625,95.39998082714844,50.646402843322754,101.41675519531249,115.53114481567383,243224.88009599826,33607.24115558777,29949.88966110473,29183.01271364071,29795.431922104042,25613.759267285222,23028.357542598373,21836.879590098244,12143.086072869068,17597.9939970419,20469.2281736683,1129082.340374562,62817.6838617472,81785.50971039971,92069.07064384801,101153.149668953,103548.73334099201,97443.96927129601,140955.680136384,86279.49758131201,160250.569925376,202778.47623425402,875.0753262560978,118.26338163072013,105.54575759412765,102.29491143041992,104.78610235076904,91.46655044433594,80.92498583007813,80.25912133496094,45.51264080963134,69.7760259453125,76.24584888574218
2200.0,111899.70970100707,13907.30858024655,12614.538315307866,12239.243147671748,13435.072699539862,12369.610770696005,10496.878372234529,10012.684168887869,6326.505092929812,9515.175733894577,10982.692819598085,581274.2836101534,26700.748028949874,35906.18492002652,42548.354202056005,49210.446690756005,54919.047617184006,49910.129242112,71818.012264096,47397.125238431996,90220.52581248,112643.709594061,743.2959576495621,89.4822113294289,81.67938411059951,79.00555063659668,86.88475617175293,80.96190717431641,68.166198484375,68.40734886132812,43.907187695983886,69.6080538515625,75.19335933361816,128323.16387477952,15251.97181206736,14070.716969497062,13333.612355919402,15241.267355754553,14096.946659103049,12109.50291545791,12095.683684960082,7782.43499111639,11611.667604774371,12729.35952612945,581548.085274805,26466.81260719544,36084.1344637145,41507.053992128,49866.328435607,54537.926870112,50237.980164608,74442.78402240001,48131.318943520004,90300.01239616,109973.73337936001,1098.422575039242,123.30447633417916,114.16694863841246,109.41930155944824,126.25388593066405,120.42978039648438,101.34993679882813,102.87861661132813,69.87871705633545,110.530959625,120.209952088562,65041.715022984,7191.199334062688,6975.46896722086,6548.600978299552,7748.968678801236,7119.462688641929,6468.247374396879,6513.1326455330545,4129.821270693369,6210.36177607127,6136.451309263019,278864.758819564,12315.011803451787,17262.44235875972,19375.061795192,24974.2166876205,25713.837149824,25830.503079680002,37568.312515648,23472.590166032,43012.102333216004,49340.680930140006,1714.6366327614196,165.58430277353526,159.34996897131347,150.6411077019043,190.67897169226075,191.49002126855467,157.580996046875,159.92116712402344,122.01952712506103,197.932273546875,219.43829651101683,74964.72064956767,9872.203803495944,9116.75879024648,8726.982433023755,9159.715127956746,7722.558523521389,7501.52091238264,8520.551210996007,3756.1257680756576,4854.66769983671,5733.636380032296,350392.24854435906,22079.815418343154,29232.4674953218,29442.084862071002,34406.643632943,31421.971385216002,33436.522335040005,49450.577646024,27476.358809152003,39077.139295208006,54368.667665040004,985.7737702198772,119.58747268279838,102.46716988833617,95.58239338000487,120.24368933825683,110.02975462011719,74.86900662890625,95.39998082714844,50.646402843322754,101.41675519531249,115.53114481567383,243224.88009599826,33607.24115558777,29949.88966110473,29183.01271364071,29795.431922104042,25613.759267285222,23028.357542598373,21836.879590098244,12143.086072869068,17597.9939970419,20469.2281736683,1129082.340374562,62817.6838617472,81785.50971039971,92069.07064384801,101153.149668953,103548.73334099201,97443.96927129601,140955.680136384,86279.49758131201,160250.569925376,202778.47623425402,875.0753262560978,118.26338163072013,105.54575759412765,102.29491143041992,104.78610235076904,91.46655044433594,80.92498583007813,80.25912133496094,45.51264080963134,69.7760259453125,76.24584888574218
