Time,Coastal GDP (global) ssp126,Coastal GDP (0-10) ssp126,Coastal GDP (10-20) ssp126,Coastal GDP (20-30) ssp126,Coastal GDP (30-40) ssp126,Coastal GDP (40-50) ssp126,Coastal GDP (50-60) ssp126,Coastal GDP (60-70) ssp126,Coastal GDP (70-80) ssp126,Coastal GDP (80-90) ssp126,Coastal GDP (90-100) ssp126,Coastal Capital (global) ssp126,Coastal Capital (0-10) ssp126,Coastal Capital (10-20) ssp126,Coastal Capital (20-30) ssp126,Coastal Capital (30-40) ssp126,Coastal Capital (40-50) ssp126,Coastal Capital (50-60) ssp126,Coastal Capital (60-70) ssp126,Coastal Capital (70-80) ssp126,Coastal Capital (80-90) ssp126,Coastal Capital (90-100) ssp126,Coastal pop (global) ssp126,Coastal pop (0-10) ssp126,Coastal pop (10-20) ssp126,Coastal pop (20-30) ssp126,Coastal pop (30-40) ssp126,Coastal pop (40-50) ssp126,Coastal pop (50-60) ssp126,Coastal pop (60-70) ssp126,Coastal pop (70-80) ssp126,Coastal pop (80-90) ssp126,Coastal pop (90-100) ssp126,Coastal GDP (global) ssp245,Coastal GDP (0-10) ssp245,Coastal GDP (10-20) ssp245,Coastal GDP (20-30) ssp245,Coastal GDP (30-40) ssp245,Coastal GDP (40-50) ssp245,Coastal GDP (50-60) ssp245,Coastal GDP (60-70) ssp245,Coastal GDP (70-80) ssp245,Coastal GDP (80-90) ssp245,Coastal GDP (90-100) ssp245,Coastal Capital (global) ssp245,Coastal Capital (0-10) ssp245,Coastal Capital (10-20) ssp245,Coastal Capital (20-30) ssp245,Coastal Capital (30-40) ssp245,Coastal Capital (40-50) ssp245,Coastal Capital (50-60) ssp245,Coastal Capital (60-70) ssp245,Coastal Capital (70-80) ssp245,Coastal Capital (80-90) ssp245,Coastal Capital (90-100) ssp245,Coastal pop (global) ssp245,Coastal pop (0-10) ssp245,Coastal pop (10-20) ssp245,Coastal pop (20-30) ssp245,Coastal pop (30-40) ssp245,Coastal pop (40-50) ssp245,Coastal pop (50-60) ssp245,Coastal pop (60-70) ssp245,Coastal pop (70-80) ssp245,Coastal pop (80-90) ssp245,Coastal pop (90-100) ssp245,Coastal GDP (global) ssp370,Coastal GDP (0-10) ssp370,Coastal GDP (10-20) ssp370,Coastal GDP (20-30) ssp370,Coastal GDP (30-40) ssp370,Coastal GDP (40-50) ssp370,Coastal GDP (50-60) ssp370,Coastal GDP (60-70) ssp370,Coastal GDP (70-80) ssp370,Coastal GDP (80-90) ssp370,Coastal GDP (90-100) ssp370,Coastal Capital (global) ssp370,Coastal Capital (0-10) ssp370,Coastal Capital (10-20) ssp370,Coastal Capital (20-30) ssp370,Coastal Capital (30-40) ssp370,Coastal Capital (40-50) ssp370,Coastal Capital (50-60) ssp370,Coastal Capital (60-70) ssp370,Coastal Capital (70-80) ssp370,Coastal Capital (80-90) ssp370,Coastal Capital (90-100) ssp370,Coastal pop (global) ssp370,Coastal pop (0-10) ssp370,Coastal pop (10-20) ssp370,Coastal pop (20-30) ssp370,Coastal pop (30-40) ssp370,Coastal pop (40-50) ssp370,Coastal pop (50-60) ssp370,Coastal pop (60-70) ssp370,Coastal pop (70-80) ssp370,Coastal pop (80-90) ssp370,Coastal pop (90-100) ssp370,Coastal GDP (global) ssp460,Coastal GDP (0-10) ssp460,Coastal GDP (10-20) ssp460,Coastal GDP (20-30) ssp460,Coastal GDP (30-40) ssp460,Coastal GDP (40-50) ssp460,Coastal GDP (50-60) ssp460,Coastal GDP (60-70) ssp460,Coastal GDP (70-80) ssp460,Coastal GDP (80-90) ssp460,Coastal GDP (90-100) ssp460,Coastal Capital (global) ssp460,Coastal Capital (0-10) ssp460,Coastal Capital (10-20) ssp460,Coastal Capital (20-30) ssp460,Coastal Capital (30-40) ssp460,Coastal Capital (40-50) ssp460,Coastal Capital (50-60) ssp460,Coastal Capital (60-70) ssp460,Coastal Capital (70-80) ssp460,Coastal Capital (80-90) ssp460,Coastal Capital (90-100) ssp460,Coastal pop (global) ssp460,Coastal pop (0-10) ssp460,Coastal pop (10-20) ssp460,Coastal pop (20-30) ssp460,Coastal pop (30-40) ssp460,Coastal pop (40-50) ssp460,Coastal pop (50-60) ssp460,Coastal pop (60-70) ssp460,Coastal pop (70-80) ssp460,Coastal pop (80-90) ssp460,Coastal pop (90-100) ssp460,Coastal GDP (global) ssp585,Coastal GDP (0-10) ssp585,Coastal GDP (10-20) ssp585,Coastal GDP (20-30) ssp585,Coastal GDP (30-40) ssp585,Coastal GDP (40-50) ssp585,Coastal GDP (50-60) ssp585,Coastal GDP (60-70) ssp585,Coastal GDP (70-80) ssp585,Coastal GDP (80-90) ssp585,Coastal GDP (90-100) ssp585,Coastal Capital (global) ssp585,Coastal Capital (0-10) ssp585,Coastal Capital (10-20) ssp585,Coastal Capital (20-30) ssp585,Coastal Capital (30-40) ssp585,Coastal Capital (40-50) ssp585,Coastal Capital (50-60) ssp585,Coastal Capital (60-70) ssp585,Coastal Capital (70-80) ssp585,Coastal Capital (80-90) ssp585,Coastal Capital (90-100) ssp585,Coastal pop (global) ssp585,Coastal pop (0-10) ssp585,Coastal pop (10-20) ssp585,Coastal pop (20-30) ssp585,Coastal pop (30-40) ssp585,Coastal pop (40-50) ssp585,Coastal pop (50-60) ssp585,Coastal pop (60-70) ssp585,Coastal pop (70-80) ssp585,Coastal pop (80-90) ssp585,Coastal pop (90-100) ssp585
2000.0,12095.165274912295,106.18106292893069,200.87605636782084,216.56617117516805,269.6240986472673,478.77695067934695,755.7479346829739,475.892101828484,1651.492731030931,4391.785719788317,3548.222447783079,63238.618094644895,708.0872005398135,1830.576413221205,1276.907703754922,1827.0838423265986,4002.4632571866973,3666.0306967541087,2549.900197914219,9954.41614694547,20961.85863913428,16461.293996867556,1008.9993786559347,86.3472824215393,77.5292687745874,96.69898536773681,92.55015771704983,98.8528778399694,105.54871436050438,120.14621837377929,105.80547677753152,120.844621100708,104.67577592252886,12095.165562815022,106.18106292893069,200.8763508232807,216.56617117516805,269.6240986472673,478.77695067934695,755.7479346829739,475.892101828484,1651.492731030931,4391.785710302146,3548.222450716507,63238.618094644895,708.0872005398135,1830.576413221205,1276.907703754922,1827.0838423265986,4002.4632571866973,3666.0306967541087,2549.900197914219,9954.41614694547,20961.85863913428,16461.293996867556,1008.9955038651023,86.3472824215393,77.5292687745874,96.69898536773681,92.55015771704983,98.8528778399694,105.54871436050438,120.14621837377929,105.80547677753152,120.84083580310057,104.67568642930377,12095.16375314994,106.18106292893069,200.8745419683644,216.56617117516805,269.6240986472673,478.77695067934695,755.7479346829739,475.892101828484,1651.492731030931,4391.785708990455,3548.22245121804,63238.618094644895,708.0872005398135,1830.576413221205,1276.907703754922,1827.0838423265986,4002.4632571866973,3666.0306967541087,2549.900197914219,9954.41614694547,20961.85863913428,16461.293996867556,1009.0192367415976,86.3472824215393,77.5292687745874,96.69898536773681,92.55015771704983,98.8528778399694,105.54871436050438,120.14621837377929,105.80547677753152,120.86401986053467,104.67623524836505,12095.165533530706,106.18106292893069,200.8763508232807,216.56617117516805,269.6240986472673,478.77695067934695,755.7479346829739,475.892101828484,1651.492731030931,4391.785682220082,3548.222449514256,63238.618094644895,708.0872005398135,1830.576413221205,1276.907703754922,1827.0838423265986,4002.4632571866973,3666.0306967541087,2549.900197914219,9954.41614694547,20961.85863913428,16461.293996867556,1009.0042207785391,86.3472824215393,77.5292687745874,96.69898536773681,92.55015771704983,98.8528778399694,105.54871436050438,120.14621837377929,105.80547677753152,120.84935116430664,104.6758879815346,12095.167410404416,106.18106292893069,200.87824380261924,216.56617117516805,269.6240986472673,478.77695067934695,755.7479346829739,475.892101828484,1651.492731030931,4391.785665429191,3548.2224501995247,63238.618094644895,708.0872005398135,1830.576413221205,1276.907703754922,1827.0838423265986,4002.4632571866973,3666.0306967541087,2549.900197914219,9954.41614694547,20961.85863913428,16461.293996867556,1008.974191375875,86.3472824215393,77.5292687745874,96.69898536773681,92.55015771704983,98.8528778399694,105.54871436050438,120.14621837377929,105.80547677753152,120.82001612695312,104.67519361622392
2001.0,12330.41953356312,111.97689437210335,207.57651289509238,228.58628572798426,281.22883516095516,494.0006146247645,777.9787963512234,508.51052727204393,1682.4093028904483,4449.92207811111,3588.229686157419,65322.85112616807,749.6486872464296,1863.1672685078834,1378.3319221178517,1914.2430004627242,4117.283060558888,3864.085637414907,2819.4516508714064,10220.442434071902,21468.211407938375,16927.98605697774,1021.0734737417254,88.00153633731841,79.25789438001716,98.12922823779296,94.03718130081207,100.11611191852188,106.58700680188393,120.94489961279297,106.84366782640686,121.34148197358846,105.81446535259067,12330.41980591783,111.97689437210335,207.57677991172073,228.58628572798426,281.22883516095516,494.0006146247645,777.9787963512234,508.51052727204393,1682.4093028904483,4449.922085067032,3588.2296845395804,65322.85112616807,749.6486872464296,1863.1672685078834,1378.3319221178517,1914.2430004627242,4117.283060558888,3864.085637414907,2819.4516508714064,10220.442434071902,21468.211407938375,16927.98605697774,1021.0695715379137,88.00153633731841,79.25789438001716,98.12922823779296,94.03718130081207,100.11611191852188,106.58700680188393,120.94489961279297,106.84366782640686,121.33767006672811,105.81437505563939,12330.418156363558,111.97689437210335,207.57513949087962,228.58628572798426,281.22883516095516,494.0006146247645,777.9787963512234,508.51052727204393,1682.4093028904483,4449.9220771915725,3588.229683281607,65322.85112616807,749.6486872464296,1863.1672685078834,1378.3319221178517,1914.2430004627242,4117.283060558888,3864.085637414907,2819.4516508714064,10220.442434071902,21468.211407938375,16927.98605697774,1021.0934715631365,88.00153633731841,79.25789438001716,98.12922823779296,94.03718130081207,100.11611191852188,106.58700680188393,120.94489961279297,106.84366782640686,121.36101746345662,105.81492768413365,12330.419762736854,111.97689437210335,207.57677991172073,228.58628572798426,281.22883516095516,494.0006146247645,777.9787963512234,508.51052727204393,1682.4093028904483,4449.922042305807,3588.2296841198295,65322.85112616807,749.6486872464296,1863.1672685078834,1378.3319221178517,1914.2430004627242,4117.283060558888,3864.085637414907,2819.4516508714064,10220.442434071902,21468.211407938375,16927.98605697774,1021.0783500888323,88.00153633731841,79.25789438001716,98.12922823779296,94.03718130081207,100.11611191852188,106.58700680188393,120.94489961279297,106.84366782640686,121.34624560115194,105.81457807213413,12330.421497562924,111.97689437210335,207.57849664647216,228.58628572798426,281.22883516095516,494.0006146247645,777.9787963512234,508.51052727204393,1682.4093028904483,4449.922059419887,3588.229685097069,65322.85112616807,749.6486872464296,1863.1672685078834,1378.3319221178517,1914.2430004627242,4117.283060558888,3864.085637414907,2819.4516508714064,10220.442434071902,21468.211407938375,16927.98605697774,1021.048109509685,88.00153633731841,79.25789438001716,98.12922823779296,94.03718130081207,100.11611191852188,106.58700680188393,120.94489961279297,106.84366782640686,121.31670428749227,105.81387880664646
2002.0,12643.538837623031,116.57289382105962,218.08205585057246,239.94135720511494,292.20320196215584,516.4324688259535,807.2017736870466,556.3137977819367,1715.0451964013691,4518.98400804922,3662.762084038582,67472.03994850574,794.7027313925195,1900.9051843028967,1476.4879055631015,2000.7192148456916,4245.9495728066195,4077.4189879158785,3130.5867639735316,10539.885107570824,21956.895662102015,17348.488818032656,1032.9818827956983,89.64139226172351,80.99349426491558,99.53503506561279,95.52087521516006,101.38243169562053,107.59340419355702,121.71038364257812,107.92449269148051,121.81809905051422,106.86227471453607,12643.539029808024,116.57289382105962,218.08228956788727,239.94135720511494,292.20320196215584,516.4324688259535,807.2017736870466,556.3137977819367,1715.0451964013691,4518.983967075718,3662.7620834797667,67472.03994850574,794.7027313925195,1900.9051843028967,1476.4879055631015,2000.7192148456916,4245.9495728066195,4077.4189879158785,3130.5867639735316,10539.885107570824,21956.895662102015,17348.488818032656,1032.9779575747816,89.64139226172351,80.99349426491558,99.53503506561279,95.52087521516006,101.38243169562053,107.59340419355702,121.71038364257812,107.92449269148051,121.81426458304595,106.86218396108758,12643.537632006153,116.57289382105962,218.08085399552436,239.94135720511494,292.20320196215584,516.4324688259535,807.2017736870466,556.3137977819367,1715.0451964013691,4518.9840037990625,3662.7620845269103,67472.03994850574,794.7027313925195,1900.9051843028967,1476.4879055631015,2000.7192148456916,4245.9495728066195,4077.4189879158785,3130.5867639735316,10539.885107570824,21956.895662102015,17348.488818032656,1033.0019897328475,89.64139226172351,80.99349426491558,99.53503506561279,95.52087521516006,101.38243169562053,107.59340419355702,121.71038364257812,107.92449269148051,121.83774101377105,106.86273968842828,12643.539034318728,116.57289382105962,218.08228956788727,239.94135720511494,292.20320196215584,516.4324688259535,807.2017736870466,556.3137977819367,1715.0451964013691,4518.983970623585,3662.7620844426056,67472.03994850574,794.7027313925195,1900.9051843028967,1476.4879055631015,2000.7192148456916,4245.9495728066195,4077.4189879158785,3130.5867639735316,10539.885107570824,21956.895662102015,17348.488818032656,1032.98678525659,89.64139226172351,80.99349426491558,99.53503506561279,95.52087521516006,101.38243169562053,107.59340419355702,121.71038364257812,107.92449269148051,121.82288810367584,106.86238812226617,12643.540572221047,116.57289382105962,218.0837918866974,239.94135720511494,292.20320196215584,516.4324688259535,807.2017736870466,556.3137977819367,1715.0451964013691,4518.984009433467,3662.7620812162354,67472.03994850574,794.7027313925195,1900.9051843028967,1476.4879055631015,2000.7192148456916,4245.9495728066195,4077.4189879158785,3130.5867639735316,10539.885107570824,21956.895662102015,17348.488818032656,1032.9563803467847,89.64139226172351,80.99349426491558,99.53503506561279,95.52087521516006,101.38243169562053,107.59340419355702,121.71038364257812,107.92449269148051,121.79318641672515,106.86168489941156
2003.0,13076.29208586304,123.14742590184674,229.23086776141906,258.3503292167416,308.30147911867505,543.1291007711177,832.5968533682249,598.38487850744,1790.437935978284,4606.980669734197,3785.732545505114,69810.95262199825,847.0718956240681,1949.622941339176,1582.1428838962813,2093.391487484886,4384.620368570113,4322.66134554311,3516.6251932936875,10894.581238777662,22416.80228905613,17803.43297841313,1044.831130058926,91.27093484579181,82.73096803577053,100.92326934259033,97.00303832218653,102.65207954528188,108.57422713178325,122.45061363916015,109.035744772915,122.29421362522649,107.89604079822003,13076.292378638955,123.14742590184674,229.231134202301,258.3503292167416,308.30147911867505,543.1291007711177,832.5968533682249,598.38487850744,1790.437935978284,4606.98069557117,3785.732546003169,69810.95262199825,847.0718956240681,1949.622941339176,1582.1428838962813,2093.391487484886,4384.620368570113,4322.66134554311,3516.6251932936875,10894.581238777662,22416.80228905613,17803.43297841313,1044.8271905049405,91.27093484579181,82.73096803577053,100.92326934259033,97.00303832218653,102.65207954528188,108.57422713178325,122.45061363916015,109.035744772915,122.29036517338324,107.8959496960777,13076.290706933001,123.14742590184674,229.2294974574564,258.3503292167416,308.30147911867505,543.1291007711177,832.5968533682249,598.38487850744,1790.437935978284,4606.980661585419,3785.7325450278104,69810.95262199825,847.0718956240681,1949.622941339176,1582.1428838962813,2093.391487484886,4384.620368570113,4322.66134554311,3516.6251932936875,10894.581238777662,22416.80228905613,17803.43297841313,1044.8513261282314,91.27093484579181,82.73096803577053,100.92326934259033,97.00303832218653,102.65207954528188,108.57422713178325,122.45061363916015,109.035744772915,122.31394268839787,107.89650780435407,13076.292334650114,123.14742590184674,229.231134202301,258.3503292167416,308.30147911867505,543.1291007711177,832.5968533682249,598.38487850744,1790.437935978284,4606.980651676848,3785.732545908652,69810.95262199825,847.0718956240681,1949.622941339176,1582.1428838962813,2093.391487484886,4384.620368570113,4322.66134554311,3516.6251932936875,10894.581238777662,22416.80228905613,17803.43297841313,1044.8360555843624,91.27093484579181,82.73096803577053,100.92326934259033,97.00303832218653,102.65207954528188,108.57422713178325,122.45061363916015,109.035744772915,122.29902522587346,107.89615472300946,13076.294066319642,123.14742590184674,229.23284710358666,258.3503292167416,308.30147911867505,543.1291007711177,832.5968533682249,598.38487850744,1790.437935978284,4606.980670103821,3785.73254624992,69810.95262199825,847.0718956240681,1949.622941339176,1582.1428838962813,2093.391487484886,4384.620368570113,4322.66134554311,3516.6251932936875,10894.581238777662,22416.80228905613,17803.43297841313,1044.805514922009,91.27093484579181,82.73096803577053,100.92326934259033,97.00303832218653,102.65207954528188,108.57422713178325,122.45061363916015,109.035744772915,122.26919079093695,107.89544849559248
2004.0,13709.823928263717,130.72188394030914,245.11873312987305,278.4585066240849,329.69885197237295,572.1215626481863,893.0859309916433,656.5637679662772,1888.2676558131886,4746.311957983088,3969.475077194651,72467.22121071212,906.9970450232383,1990.0041052248466,1702.5105541481719,2205.8885387936984,4568.28318731407,4606.517500242795,3956.4096834040315,11321.746795199724,22898.934939962583,18309.928861398985,1056.7426214109935,92.88178565447711,84.46381359661447,102.3026732758789,98.48569182446325,103.92354236951947,109.53767967898297,123.17502251586913,110.16011432493669,122.79278987429522,109.01950829595637,13709.824241878858,130.72188394030914,245.11905801508382,278.4585066240849,329.69885197237295,572.1215626481863,893.0859309916433,656.5637679662772,1888.2676558131886,4746.311944118231,3969.475079789442,72467.22121071212,906.9970450232383,1990.0041052248466,1702.5105541481719,2205.8885387936984,4568.28318731407,4606.517500242795,3956.4096834040315,11321.746795199724,22898.934939962583,18309.928861398985,1056.7386651882,92.88178565447711,84.46381359661447,102.3026732758789,98.48569182446325,103.92354236951947,109.53767967898297,123.17502251586913,110.16011432493669,122.78892504769611,109.01941689976191,13709.822246183436,130.72188394030914,245.1170623847563,278.4585066240849,329.69885197237295,572.1215626481863,893.0859309916433,656.5637679662772,1888.2676558131886,4746.311947480285,3969.475076362292,72467.22121071212,906.9970450232383,1990.0041052248466,1702.5105541481719,2205.8885387936984,4568.28318731407,4606.517500242795,3956.4096834040315,11321.746795199724,22898.934939962583,18309.928861398985,1056.7628926157206,92.88178565447711,84.46381359661447,102.3026732758789,98.48569182446325,103.92354236951947,109.53767967898297,123.17502251586913,110.16011432493669,122.81259234383869,109.01997703114009,13709.824241699815,130.72188394030914,245.11905801508382,278.4585066240849,329.69885197237295,572.1215626481863,893.0859309916433,656.5637679662772,1888.2676558131886,4746.311947309955,3969.4750764186697,72467.22121071212,906.9970450232383,1990.0041052248466,1702.5105541481719,2205.8885387936984,4568.28318731407,4606.517500242795,3956.4096834040315,11321.746795199724,22898.934939962583,18309.928861398985,1056.747565153181,92.88178565447711,84.46381359661447,102.3026732758789,98.48569182446325,103.92354236951947,109.53767967898297,123.17502251586913,110.16011432493669,122.79761931277179,109.0196225996673,13709.826350258081,130.72188394030914,245.1211464573426,278.4585066240849,329.69885197237295,572.1215626481863,893.0859309916433,656.5637679662772,1888.2676558131886,4746.311967921909,3969.4750759227254,72467.22121071212,906.9970450232383,1990.0041052248466,1702.5105541481719,2205.8885387936984,4568.28318731407,4606.517500242795,3956.4096834040315,11321.746795199724,22898.934939962583,18309.928861398985,1056.7169108944684,92.88178565447711,84.46381359661447,102.3026732758789,98.48569182446325,103.92354236951947,109.53767967898297,123.17502251586913,110.16011432493669,122.76767393472004,109.01891371900629
2005.0,14284.049965074359,138.43180486259027,258.10502872672055,300.14444470190443,351.71891203660584,600.5921515578677,945.3117514638404,719.934810124622,1977.3020285886582,4864.202085663937,4128.306947347589,75331.55954799973,974.6351855773943,2035.4881363021793,1843.753025181586,2343.8041112925703,4785.923503807875,4922.080852643192,4450.055659036812,11736.956780350325,23367.51479767289,18871.34749613487,1068.782921154642,94.45405493366528,86.18840550853014,103.67955737457275,99.96949365558571,105.1972999353671,110.49012294225001,123.8911101352539,111.28336353670373,123.33177056460761,110.29774256810582,14284.050319468015,138.43180486259027,258.1053902817464,300.14444470190443,351.71891203660584,600.5921515578677,945.3117514638404,719.934810124622,1977.3020285886582,4864.202080246769,4128.306945603388,75331.55954799973,974.6351855773943,2035.4881363021793,1843.753025181586,2343.8041112925703,4785.923503807875,4922.080852643192,4450.055659036812,11736.956780350325,23367.51479767289,18871.34749613487,1068.778952081934,94.45405493366528,86.18840550853014,103.67955737457275,99.96949365558571,105.1972999353671,110.49012294225001,123.8911101352539,111.28336353670373,123.32789331924629,110.29765074075901,14284.048097981968,138.43180486259027,258.1031693705685,300.14444470190443,351.71891203660584,600.5921515578677,945.3117514638404,719.934810124622,1977.3020285886582,4864.202078252398,4128.306947022891,75331.55954799973,974.6351855773943,2035.4881363021793,1843.753025181586,2343.8041112925703,4785.923503807875,4922.080852643192,4450.055659036812,11736.956780350325,23367.51479767289,18871.34749613487,1068.8032671596163,94.45405493366528,86.18840550853014,103.67955737457275,99.96949365558571,105.1972999353671,110.49012294225001,123.8911101352539,111.28336353670373,123.35164609134101,110.29821304634677,14284.050292375248,138.43180486259027,258.1053902817464,300.14444470190443,351.71891203660584,600.5921515578677,945.3117514638404,719.934810124622,1977.3020285886582,4864.2020514428195,4128.306947314578,75331.55954799973,974.6351855773943,2035.4881363021793,1843.753025181586,2343.8041112925703,4785.923503807875,4922.080852643192,4450.055659036812,11736.956780350325,23367.51479767289,18871.34749613487,1068.7878834742678,94.45405493366528,86.18840550853014,103.67955737457275,99.96949365558571,105.1972999353671,110.49012294225001,123.8911101352539,111.28336353670373,123.33661811294746,110.29785733939183,14284.05268254931,138.43180486259027,258.10771453237606,300.14444470190443,351.71891203660584,600.5921515578677,945.3117514638404,719.934810124622,1977.3020285886582,4864.202119352286,4128.306945328541,75331.55954799973,974.6351855773943,2035.4881363021793,1843.753025181586,2343.8041112925703,4785.923503807875,4922.080852643192,4450.055659036812,11736.956780350325,23367.51479767289,18871.34749613487,1068.7571183474367,94.45405493366528,86.18840550853014,103.67955737457275,99.96949365558571,105.1972999353671,110.49012294225001,123.8911101352539,111.28336353670373,123.3065645038166,110.29714582169163
2006.0,14951.677498602869,146.88242093682868,272.46313161572647,323.16968108652844,376.30580884784644,635.7945930922368,1010.9441097075982,796.7636744768605,2081.174308063175,5007.389609575741,4300.790161200338,78680.9179095889,1055.0793104563693,2102.7782779487084,2005.5304638887815,2496.2518088223965,5013.244444837326,5280.546905356354,5006.630035424688,12312.985848365845,23927.427990324428,19480.442824164023,1080.9787824105122,95.97874089213848,87.90068018827772,105.05702270251464,101.45434845887476,106.4723590383029,111.43228307652353,124.60164133129882,112.39794884774786,123.92363691311073,111.76012096172272,14951.6778931057,146.88242093682868,272.46348953863173,323.16968108652844,376.30580884784644,635.7945930922368,1010.9441097075982,796.7636744768605,2081.174308063175,5007.389645118789,4300.790162237213,78680.9179095889,1055.0793104563693,2102.7782779487084,2005.5304638887815,2496.2518088223965,5013.244444837326,5280.546905356354,5006.630035424688,12312.985848365845,23927.427990324428,19480.442824164023,1080.9747970381825,95.97874089213848,87.90068018827772,105.05702270251464,101.45434845887476,106.4723590383029,111.43228307652353,124.60164133129882,112.39794884774786,123.91974369350623,111.7600288089975,14951.675630758162,146.88242093682868,272.46129074613145,323.16968108652844,376.30580884784644,635.7945930922368,1010.9441097075982,796.7636744768605,2081.174308063175,5007.389581085473,4300.790162715493,78680.9179095889,1055.0793104563693,2102.7782779487084,2005.5304638887815,2496.2518088223965,5013.244444837326,5280.546905356354,5006.630035424688,12312.985848365845,23927.427990324428,19480.442824164023,1080.9992116988421,95.97874089213848,87.90068018827772,105.05702270251464,101.45434845887476,106.4723590383029,111.43228307652353,124.60164133129882,112.39794884774786,123.9435937335453,111.76059342961824,14951.677878725146,146.88242093682868,272.46348953863173,323.16968108652844,376.30580884784644,635.7945930922368,1010.9441097075982,796.7636744768605,2081.174308063175,5007.389631821322,4300.790161154123,78680.9179095889,1055.0793104563693,2102.7782779487084,2005.5304638887815,2496.2518088223965,5013.244444837326,5280.546905356354,5006.630035424688,12312.985848365845,23927.427990324428,19480.442824164023,1080.9837661707813,95.97874089213848,87.90068018827772,105.05702270251464,101.45434845887476,106.4723590383029,111.43228307652353,124.60164133129882,112.39794884774786,123.92850544411658,111.76023619098603,14951.680086715145,146.88242093682868,272.4657906142758,323.16968108652844,376.30580884784644,635.7945930922368,1010.9441097075982,796.7636744768605,2081.174308063175,5007.389536855931,4300.790163033875,78680.9179095889,1055.0793104563693,2102.7782779487084,2005.5304638887815,2496.2518088223965,5013.244444837326,5280.546905356354,5006.630035424688,12312.985848365845,23927.427990324428,19480.442824164023,1080.9528699516652,95.97874089213848,87.90068018827772,105.05702270251464,101.45434845887476,106.4723590383029,111.43228307652353,124.60164133129882,112.39794884774786,123.89832355947303,111.75952185651337
2007.0,15612.408848263809,156.47719946087213,289.4637635247414,347.3136700092648,401.60967405989004,675.6125562878673,1083.662444164184,876.1367952548004,2186.370246858085,5157.020606990682,4438.7418916534,82260.98936033498,1144.1219150128693,2161.6483958133995,2203.183576305078,2668.5989774776517,5270.2385323482695,5688.873711496904,5628.805407134938,12920.87573313973,24467.542186424995,20107.100925181152,1093.3074563237033,97.47421751416397,89.60464683781147,106.43357714465331,102.93842600564712,107.75281989202189,112.36406288901877,125.30780217431641,113.50847504442665,124.55413193856477,113.3692968830788,15612.409243980528,156.47719946087213,289.4641350148225,347.3136700092648,401.60967405989004,675.6125562878673,1083.662444164184,876.1367952548004,2186.370246858085,5157.020632811706,4438.741890059015,82260.98936033498,1144.1219150128693,2161.6483958133995,2203.183576305078,2668.5989774776517,5270.2385323482695,5688.873711496904,5628.805407134938,12920.87573313973,24467.542186424995,20107.100925181152,1093.3034543802523,97.47421751416397,89.60464683781147,106.43357714465331,102.93842600564712,107.75281989202189,112.36406288901877,125.30780217431641,113.50847504442665,124.5502225926175,113.36920428557515,15612.407012139029,156.47719946087213,289.4618528978922,347.3136700092648,401.60967405989004,675.6125562878673,1083.662444164184,876.1367952548004,2186.370246858085,5157.020680836406,4438.741892309745,82260.98936033498,1144.1219150128693,2161.6483958133995,2203.183576305078,2668.5989774776517,5270.2385323482695,5688.873711496904,5628.805407134938,12920.87573313973,24467.542186424995,20107.100925181152,1093.3279719978518,97.47421751416397,89.60464683781147,106.43357714465331,102.93842600564712,107.75281989202189,112.36406288901877,125.30780217431641,113.50847504442665,124.57417323470735,113.3697712610848,15612.409222898406,156.47719946087213,289.4641350148225,347.3136700092648,401.60967405989004,675.6125562878673,1083.662444164184,876.1367952548004,2186.370246858085,5157.02061013268,4438.741891655916,82260.98936033498,1144.1219150128693,2161.6483958133995,2203.183576305078,2668.5989774776517,5270.2385323482695,5688.873711496904,5628.805407134938,12920.87573313973,24467.542186424995,20107.100925181152,1093.3124597150454,97.47421751416397,89.60464683781147,106.43357714465331,102.93842600564712,107.75281989202189,112.36406288901877,125.30780217431641,113.50847504442665,124.55901963296175,113.369412580024,15612.411586932345,156.47719946087213,289.466523298384,347.3136700092648,401.60967405989004,675.6125562878673,1083.662444164184,876.1367952548004,2186.370246858085,5157.020584849223,4438.7418926897535,82260.98936033498,1144.1219150128693,2161.6483958133995,2203.183576305078,2668.5989774776517,5270.2385323482695,5688.873711496904,5628.805407134938,12920.87573313973,24467.542186424995,20107.100925181152,1093.2814377226443,97.47421751416397,89.60464683781147,106.43357714465331,102.93842600564712,107.75281989202189,112.36406288901877,125.30780217431641,113.50847504442665,124.52871495376253,113.3686952668221
2008.0,15905.249527337422,165.39241010547497,302.21870969383997,361.2193597798577,419.66061116287995,707.7104026918065,1134.9590367899013,927.179769731643,2246.3174459381785,5165.882836401666,4474.708945042203,85671.18714516277,1243.277374692219,2221.9213116246515,2396.048599619766,2855.9739437454255,5559.256340563098,6150.598958752706,6323.004213551751,13409.871961164155,24839.03727119043,20672.197170258572,1105.7036085304683,98.95599712001037,91.31551539855455,107.80506088562011,104.41847362804234,109.05068539131831,113.28974063399005,126.01305708178711,114.61904949618823,125.19064896416569,115.04537993079137,15905.249852737103,165.39241010547497,302.2191087833893,361.2193597798577,419.66061116287995,707.7104026918065,1134.9590367899013,927.179769731643,2246.3174459381785,5165.882763668809,4474.708944085194,85671.18714516277,1243.277374692219,2221.9213116246515,2396.048599619766,2855.9739437454255,5559.256340563098,6150.598958752706,6323.004213551751,13409.871961164155,24839.03727119043,20672.197170258572,1105.6995902948115,98.95599712001037,91.31551539855455,107.80506088562011,104.41847362804234,109.05068539131831,113.28974063399005,126.01305708178711,114.61904949618823,125.18672362706852,115.0452870322318,15905.247447040208,165.39241010547497,302.2166571650054,361.2193597798577,419.66061116287995,707.7104026918065,1134.9590367899013,927.179769731643,2246.3174459381785,5165.882811825055,4474.708941850438,85671.18714516277,1243.277374692219,2221.9213116246515,2396.048599619766,2855.9739437454255,5559.256340563098,6150.598958752706,6323.004213551751,13409.871961164155,24839.03727119043,20672.197170258572,1105.724193480633,98.95599712001037,91.31551539855455,107.80506088562011,104.41847362804234,109.05068539131831,113.28974063399005,126.01305708178711,114.61904949618823,125.21075797283268,115.04585587228918,15905.249874703528,165.39241010547497,302.2191087833893,361.2193597798577,419.66061116287995,707.7104026918065,1134.9590367899013,927.179769731643,2246.3174459381785,5165.882787120469,4474.70894259996,85671.18714516277,1243.277374692219,2221.9213116246515,2396.048599619766,2855.9739437454255,5559.256340563098,6150.598958752706,6323.004213551751,13409.871961164155,24839.03727119043,20672.197170258572,1105.708627983532,98.95599712001037,91.31551539855455,107.80506088562011,104.41847362804234,109.05068539131831,113.28974063399005,126.01305708178711,114.61904949618823,125.19555237944888,115.04549596857214,15905.25246431268,165.39241010547497,302.22167446833583,361.2193597798577,419.66061116287995,707.7104026918065,1134.9590367899013,927.179769731643,2246.3174459381785,5165.882811099743,4474.708942544894,85671.18714516277,1243.277374692219,2221.9213116246515,2396.048599619766,2855.9739437454255,5559.256340563098,6150.598958752706,6323.004213551751,13409.871961164155,24839.03727119043,20672.197170258572,1105.6774988888055,98.95599712001037,91.31551539855455,107.80506088562011,104.41847362804234,109.05068539131831,113.28974063399005,126.01305708178711,114.61904949618823,125.16514313195133,115.04477612134313
2009.0,15748.597049251739,173.67737900043844,310.645874704553,386.3976506697029,445.2502723277547,723.8823209949496,1162.0930829187103,1003.9379852781319,2194.2223559359545,4972.9229995647365,4375.567127856777,89226.62462928865,1354.237212005439,2282.85707847378,2605.7070066398283,3050.065214393537,5825.667216237184,6704.649295407852,7222.418178321001,13941.907701533368,25149.718498611517,21089.39722766511,1118.0868627703494,100.44931343461514,93.05428742748117,109.16491926928711,105.8898614366498,110.3812671297984,114.21446998908614,126.72061206152343,115.73239960108039,125.8054697265234,116.67426269430457,15748.597466841735,173.67737900043844,310.6463081362514,386.3976506697029,445.2502723277547,723.8823209949496,1162.0930829187103,1003.9379852781319,2194.2223559359545,4972.922986254414,4375.567125325395,89226.62462928865,1354.237212005439,2282.85707847378,2605.7070066398283,3050.065214393537,5825.667216237184,6704.649295407852,7222.418178321001,13941.907701533368,25149.718498611517,21089.39722766511,1118.0828320205173,100.44931343461514,93.05428742748117,109.16491926928711,105.8898614366498,110.3812671297984,114.21446998908614,126.72061206152343,115.73239960108039,125.801532241477,116.67416942951881,15748.594862225567,173.67737900043844,310.6436457814307,386.3976506697029,445.2502723277547,723.8823209949496,1162.0930829187103,1003.9379852781319,2194.2223559359545,4972.923040925258,4375.567128393205,89226.62462928865,1354.237212005439,2282.85707847378,2605.7070066398283,3050.065214393537,5825.667216237184,6704.649295407852,7222.418178321001,13941.907701533368,25149.718498611517,21089.39722766511,1118.107522185953,100.44931343461514,93.05428742748117,109.16491926928711,105.8898614366498,110.3812671297984,114.21446998908614,126.72061206152343,115.73239960108039,125.82565142372799,116.67474041270363,15748.597499682426,173.67737900043844,310.6463081362514,386.3976506697029,445.2502723277547,723.8823209949496,1162.0930829187103,1003.9379852781319,2194.2223559359545,4972.923019804746,4375.56712461575,89226.62462928865,1354.237212005439,2282.85707847378,2605.7070066398283,3050.065214393537,5825.667216237184,6704.649295407852,7222.418178321001,13941.907701533368,25149.718498611517,21089.39722766511,1118.0919023665103,100.44931343461514,93.05428742748117,109.16491926928711,105.8898614366498,110.3812671297984,114.21446998908614,126.72061206152343,115.73239960108039,125.8103928831396,116.67437913384926,15748.60027396235,173.67737900043844,310.6490943146834,386.3976506697029,445.2502723277547,723.8823209949496,1162.0930829187103,1003.9379852781319,2194.2223559359545,4972.9230063547175,4375.567126167275,89226.62462928865,1354.237212005439,2282.85707847378,2605.7070066398283,3050.065214393537,5825.667216237184,6704.649295407852,7222.418178321001,13941.907701533368,25149.718498611517,21089.39722766511,1118.0606624513798,100.44931343461514,93.05428742748117,109.16491926928711,105.8898614366498,110.3812671297984,114.21446998908614,126.72061206152343,115.73239960108039,125.77987531355953,116.67365678829871
2010.0,16569.61629183004,182.7468729275219,331.46637713118315,416.37464242064084,476.34632908397293,766.2078792969098,1254.9655124325411,1113.239338778598,2288.5056202533838,5182.67989948018,4557.083820025123,93133.921888305,1479.8176482869578,2353.1394882348072,2843.613676107969,3269.0093407797913,6124.9307700098225,7336.880308083795,8226.331262815813,14515.72259446885,25469.25801527283,21515.218784244345,1130.3820388952593,101.97622287656307,94.83600564897394,110.50826354547118,107.34864260958825,111.75457949264239,115.14103039249991,127.43196949267578,116.8503960144326,126.3638700785551,118.17105874385715,16569.616670355936,182.7468729275219,331.466835568746,416.37464242064084,476.34632908397293,766.2078792969098,1254.9655124325411,1113.239338778598,2288.5056202533838,5182.679820294259,4557.083819299382,93133.921888305,1479.8176482869578,2353.1394882348072,2843.613676107969,3269.0093407797913,6124.9307700098225,7336.880308083795,8226.331262815813,14515.72259446885,25469.25801527283,21515.218784244345,1130.377995208507,101.97622287656307,94.83600564897394,110.50826354547118,107.34864260958825,111.75457949264239,115.14103039249991,127.43196949267578,116.8503960144326,126.35991987121868,118.17096526444125,16569.61386494828,182.7468729275219,331.46401943792443,416.37464242064084,476.34632908397293,766.2078792969098,1254.9655124325411,1113.239338778598,2288.5056202533838,5182.679830237708,4557.083820079095,93133.921888305,1479.8176482869578,2353.1394882348072,2843.613676107969,3269.0093407797913,6124.9307700098225,7336.880308083795,8226.331262815813,14515.72259446885,25469.25801527283,21515.218784244345,1130.4027515271869,101.97622287656307,94.83600564897394,110.50826354547118,107.34864260958825,111.75457949264239,115.14103039249991,127.43196949267578,116.8503960144326,126.38410371020794,118.1715377441318,16569.616669911586,182.7468729275219,331.466835568746,416.37464242064084,476.34632908397293,766.2078792969098,1254.9655124325411,1113.239338778598,2288.5056202533838,5182.679818859245,4557.083820290048,93133.921888305,1479.8176482869578,2353.1394882348072,2843.613676107969,3269.0093407797913,6124.9307700098225,7336.880308083795,8226.331262815813,14515.72259446885,25469.25801527283,21515.218784244345,1130.3870889907641,101.97622287656307,94.83600564897394,110.50826354547118,107.34864260958825,111.75457949264239,115.14103039249991,127.43196949267578,116.8503960144326,126.36880334405804,118.17117557385897,16569.61965755426,182.7468729275219,331.4697827104556,416.37464242064084,476.34632908397293,766.2078792969098,1254.9655124325411,1113.239338778598,2288.5056202533838,5182.6798596112885,4557.083820038963,93133.921888305,1479.8176482869578,2353.1394882348072,2843.613676107969,3269.0093407797913,6124.9307700098225,7336.880308083795,8226.331262815813,14515.72259446885,25469.25801527283,21515.218784244345,1130.3557658431048,101.97622287656307,94.83600564897394,110.50826354547118,107.34864260958825,111.75457949264239,115.14103039249991,127.43196949267578,116.8503960144326,126.33820454370402,118.17045122655367
2011.0,17184.477844866247,192.6439157837677,347.58681351760856,442.2793544647996,505.2532735564434,802.3141395758888,1326.9867144038483,1210.2677155378558,2370.347122718373,5288.457424437049,4698.341370870596,97214.12791415346,1616.0315651832416,2416.4695805280116,3093.183424374172,3512.3161210158146,6456.007125645932,8012.641056836405,9295.668303009814,15057.797867526633,25766.590671036753,21987.42219899662,1140.1062857143393,103.24713070811748,96.36111695390319,111.70720189404297,108.50353712961518,112.78162749877143,115.76347331951045,127.7939873383789,117.72181477474463,126.85694759042644,119.36944850682866,17187.747538511023,192.94923205888276,348.1201864737574,442.83388634544565,505.79664858087284,802.9768314831907,1327.9150578497845,1210.7873603205899,2371.300406504465,5286.981586581367,4698.086342312656,97214.12791415346,1616.0315651832416,2416.4695805280116,3093.183424374172,3512.3161210158146,6456.007125645932,8012.641056836405,9295.668303009814,15057.797867526633,25766.590671036753,21987.42219899662,1140.968783189062,103.41567168347645,96.51137674451743,111.84625420953368,108.64103843908863,112.87467145975732,115.83883100365782,127.84885741210937,117.78169185541093,126.8204422363615,119.38994814514862,17176.96567890815,193.1925639342788,348.64784461938075,443.29522170334764,506.230498306233,803.6032329298235,1328.779932602778,1211.176916407053,2370.4210170286,5281.117874845708,4690.50057653098,97214.12791415346,1616.0315651832416,2416.4695805280116,3093.183424374172,3512.3161210158146,6456.007125645932,8012.641056836405,9295.668303009814,15057.797867526633,25766.590671036753,21987.42219899662,1141.4421581352526,103.54264328057002,96.66127719426035,111.96221206890868,108.75954053705502,112.95957575957011,115.90709282592464,127.8899912248535,117.78349044016099,126.69175419122314,119.2845806127262,17179.714644031763,192.89385926124393,348.492473275829,442.5071268616221,505.38949939002003,802.3146411474575,1327.1413575708395,1210.1179153713754,2370.09833262074,5284.8687785862,4695.890659946453,97214.12791415346,1616.0315651832416,2416.4695805280116,3093.183424374172,3512.3161210158146,6456.007125645932,8012.641056836405,9295.668303009814,15057.797867526633,25766.590671036753,21987.42219899662,1140.4900163546897,103.39259836679459,96.60509520159148,111.76362541729736,108.56951024263483,112.77542862546301,115.77246655758142,127.77816971362304,117.72275887623128,126.77170647817087,119.33865687530184,17197.12497691622,192.5769752953711,347.4931289905285,442.23896010035617,505.1967874285937,802.2261645092052,1326.8539414940053,1210.2427930840038,2371.7801578871263,5292.834826856123,4705.6812412708905,97214.12791415346,1616.0315651832416,2416.4695805280116,3093.183424374172,3512.3161210158146,6456.007125645932,8012.641056836405,9295.668303009814,15057.797867526633,25766.590671036753,21987.42219899662,1140.2529166869506,103.21304433322334,96.33346372260463,111.69682765393065,108.49058566918593,112.76719890890335,115.75395002976727,127.79135573901367,117.76564827009564,126.94944860579251,119.49139375443374
2012.0,17832.730248127013,203.13748514325673,364.5362526529443,469.79762673840924,535.975857339887,840.3196937047636,1404.046171159608,1315.7533425947045,2456.760891711332,5397.08994655671,4845.31298052537,101673.53463750936,1773.8214484935859,2491.20681893653,3343.810489986344,3767.3261256317583,6819.780617064256,8732.33554712901,10446.562509542626,15690.373211664755,26098.00495917666,22510.31290988389,1149.9675318527634,104.53953440452385,97.91260246306538,112.9192371564331,109.67237907670807,113.8197448363273,116.39047659811425,128.15705763061524,118.60662709416914,127.35779630922079,120.59207628358625,17839.84635785036,203.7811419926688,365.6545697782967,470.977431725485,537.1352445965508,841.7080697390509,1405.9949017429385,1316.8832758740207,2458.7865465397053,5394.094218868464,4844.830956993162,101673.53463750936,1773.8214484935859,2491.20681893653,3343.810489986344,3767.3261256317583,6819.780617064256,8732.33554712901,10446.562509542626,15690.373211664755,26098.00495917666,22510.31290988389,1151.719809287716,104.88213362352084,98.21825735828304,113.20068517584228,109.95086237568873,114.00779942638945,116.54227827725744,128.26711543530274,118.72787995171916,127.28868188605546,120.6341157776569,17817.86754846458,204.29580838112838,366.76658920163254,471.95956264693666,538.0632342343354,843.0183935696201,1407.8075098784534,1317.7307063327462,2457.05616412953,5382.110372736018,4829.059207354181,101673.53463750936,1773.8214484935859,2491.20681893653,3343.810489986344,3767.3261256317583,6819.780617064256,8732.33554712901,10446.562509542626,15690.373211664755,26098.00495917666,22510.31290988389,1152.6549547102325,105.14023546355628,98.52373747651171,113.43555637286376,110.19090484683775,114.17956646359562,116.67996453063988,128.3496568894043,118.73138041468536,127.00517490167044,120.41877735046732,17823.14736623368,203.6619877295892,366.436307331498,470.2826093216172,536.2763658043885,840.3170978137067,1404.3588893449848,1315.4272515542973,2456.2952735037848,5389.787888784756,4840.303695045089,101673.53463750936,1773.8214484935859,2491.20681893653,3343.810489986344,3767.3261256317583,6819.780617064256,8732.33554712901,10446.562509542626,15690.373211664755,26098.00495917666,22510.31290988389,1150.7500151126524,104.8372305094986,98.40993072370433,113.03347225183104,109.80640362185996,113.80733103764867,116.4087831069796,128.1253078857422,118.6092460027607,127.18182944924641,120.53048052338075,17858.927265182516,202.99577610714996,364.3367350673279,469.7121040592499,535.8573252315438,840.1342711279711,1403.7697071084342,1315.6990347219385,2459.6911820310556,5406.075518053652,4860.655611674184,101673.53463750936,1773.8214484935859,2491.20681893653,3343.810489986344,3767.3261256317583,6819.780617064256,8732.33554712901,10446.562509542626,15690.373211664755,26098.00495917666,22510.31290988389,1150.2943217957682,104.4708243314619,97.85656986018836,112.89831934857177,109.646311273229,113.79059995052503,116.37127799207734,128.15176793310548,118.69577079341197,127.57078478121996,120.8420955319773
2013.0,18516.630472623896,214.265123175627,382.359645330336,499.0303847449945,568.6308438257464,880.3314666108879,1486.541337856518,1430.43255436007,2548.0437105301953,5508.6752192669555,4998.320186922603,106275.47730965159,1940.0851513690097,2580.478649114039,3578.145662573938,4017.6007391662865,7188.104465447121,9506.041839839263,11691.67695744475,16302.77818960866,26433.664180970634,23036.90147411784,1159.9687094296953,105.85390239161013,99.4909337573366,114.14458414855956,110.85538017738044,114.86904564306496,117.02209737306833,128.5211330102539,119.50513574620074,127.86665839028072,121.83983879193985,18528.22988796916,215.28314656764678,384.11905594355966,500.912736097349,570.4861033977597,882.5135576514729,1489.610585654358,1432.27575940441,2551.2712982579455,5504.113505421369,4997.644139573276,106275.47730965159,1940.0851513690097,2580.478649114039,3578.145662573938,4017.6007391662865,7188.104465447121,9506.041839839263,11691.67695744475,16302.77818960866,26433.664180970634,23036.90147411784,1162.6345106446504,106.3762441795969,99.95727631386471,114.57177035565185,111.27837397354043,115.15412715629863,117.25141164035271,128.68674081884765,119.68932190445888,127.76486231763887,121.9043819843999,18494.61982549494,216.09957005399795,385.87354352378276,502.4810498017065,571.974944525784,884.5701197940151,1492.4609247949486,1433.6584544138577,2548.7229559345924,5485.741739639367,4973.036523012814,106275.47730965159,1940.0851513690097,2580.478649114039,3578.145662573938,4017.6007391662865,7188.104465447121,9506.041839839263,11691.67695744475,16302.77818960866,26433.664180970634,23036.90147411784,1164.0448042580956,106.76968072856425,100.42417607272732,114.92861889202881,111.64308764186876,115.41478232105993,117.45968428865075,128.8109728413086,119.69441803595352,127.32453171954154,121.57485171639216,18502.180511206196,215.09090793944472,385.3502144914906,499.80495777967343,569.1271716560638,880.3216840176485,1487.0142238356382,1429.9012568388766,2547.3966362973238,5497.531752332459,4990.641706017597,106275.47730965159,1940.0851513690097,2580.478649114039,3578.145662573938,4017.6007391662865,7188.104465447121,9506.041839839263,11691.67695744475,16302.77818960866,26433.664180970634,23036.90147411784,1161.1706876682929,106.31079677113341,100.2512571328237,114.31807312286377,111.05958354412711,114.85041651909232,117.04997189522146,128.47339712841796,119.5102042683064,127.59942640441179,121.74756088189505,18557.357768221078,214.04015568356226,382.0449567724472,498.89431549384506,568.4440837617976,880.0384475454625,1486.1094263819791,1430.3439954402859,2552.5398183921893,5522.511536152712,5022.391032596775,106275.47730965159,1940.0851513690097,2580.478649114039,3578.145662573938,4017.6007391662865,7188.104465447121,9506.041839839263,11691.67695744475,16302.77818960866,26433.664180970634,23036.90147411784,1160.483361075261,105.75005108282947,99.40579263154244,114.11288862139892,110.81600551702844,114.82491006811237,116.99306931852102,128.51317619140625,119.64114978807365,128.20253054904413,122.22378730730438
2014.0,19238.609204434004,226.06672026037657,401.1044521893319,530.084381324239,603.3424528680196,922.4629235042362,1574.9023609854826,1555.107275621384,2644.51492701663,5623.314178095264,5157.709532569069,110979.66591887923,2119.0434276865085,2681.990734727169,3822.9067285575,4274.645362050605,7559.500955826128,10299.346355108968,12999.360552303751,16884.17080675394,26745.293418028337,23593.407577836348,1170.1127415004783,107.1906776937275,101.09658838522874,115.38334745074462,112.05271178786998,115.92968459629273,117.65833331664824,128.8862619675293,120.4176799952125,128.38376719898605,123.11368910823869,19255.396190894317,227.49844510826364,403.56550402641903,532.7540276715363,605.9815750067045,925.5120587930572,1579.202039897341,1557.7795222695265,2649.0846903886654,5617.140100261327,5156.878227471466,110979.66591887923,2119.0434276865085,2681.990734727169,3822.9067285575,4274.645362050605,7559.500955826128,10299.346355108968,12999.360552303751,16884.17080675394,26745.293418028337,23593.407577836348,1173.7164991612722,107.8986290392313,101.72906388162279,115.95973087982178,112.62385027661914,116.31381657412052,117.966289973562,129.10773600146484,120.6663873214538,128.24924088085746,123.20175433251858,19209.696149823907,228.64984390562736,406.02522712055577,534.9804670034358,608.1048116187872,928.3816975461509,1583.1876069940236,1559.7851954876999,2645.7552831177763,5592.099733353803,5122.726283676057,110979.66591887923,2119.0434276865085,2681.990734727169,3822.9067285575,4274.645362050605,7559.500955826128,10299.346355108968,12999.360552303751,16884.17080675394,26745.293418028337,23593.407577836348,1175.6153536167144,108.43172174556256,102.36340119347739,116.44171718914794,113.11641975525194,116.66541312701034,118.24630239425778,129.27396487060545,120.67291358589294,127.64999567919396,122.7535040763142,19219.250163041233,227.2231063607855,405.2891715990358,531.1837380758648,604.0702114015896,922.4411649895052,1575.5373091451743,1554.3370341140856,2643.724493027298,5608.196794163208,5147.247140164707,110979.66591887923,2119.0434276865085,2681.990734727169,3822.9067285575,4274.645362050605,7559.500955826128,10299.346355108968,12999.360552303751,16884.17080675394,26745.293418028337,23593.407577836348,1171.7556639627503,107.81406415737437,102.12986030584788,115.61748671362304,112.32929378858732,115.904818321388,117.69612437882661,128.822424861084,120.42600490638982,128.0247145371785,122.99087199245095,19294.93191358852,225.74919010854893,400.6647173709697,529.8919710525473,603.0807831404812,922.0509553488308,1574.3028026229006,1554.9787555444173,2650.649369204177,5642.2588424334135,5191.304526762272,110979.66591887923,2119.0434276865085,2681.990734727169,3822.9067285575,4274.645362050605,7559.500955826128,10299.346355108968,12999.360552303751,16884.17080675394,26745.293418028337,23593.407577836348,1170.8235432101958,107.05114260843182,100.98161263791751,115.34066911273193,111.99984680006182,115.87024227525639,117.61935050727367,128.87561030859374,120.60219531583851,128.84505671983146,123.63781692425894
2015.0,20001.28469605063,238.58474046694857,420.8211184101154,563.0735009442627,640.2433310334937,966.833892945396,1669.5958540526217,1690.6485481469554,2746.5169006869505,5741.113597010574,5323.853212353293,116182.0798639765,2300.0603113760108,2806.2879274374086,4086.122904826344,4548.2108599968415,7950.100669019021,11109.575335207344,14395.449631510626,17601.895902916665,27199.302321978674,24185.07399970753,1180.40278346771,108.55030274399566,102.73010627763915,116.63572743859862,113.26459401815556,117.00176558472394,118.29922373583388,129.25243034057615,121.34461001636082,128.9094011239462,124.41462218787991,20024.035623210828,240.47314060259126,424.04892511376335,566.6227071544961,643.7629298336425,970.8292865353458,1675.2460942230205,1694.280701984025,2752.5808368200087,5733.2790039753845,5322.9119969685835,116182.0798639765,2300.0603113760108,2806.2879274374086,4086.122904826344,4548.2108599968415,7950.100669019021,11109.575335207344,14395.449631510626,17601.895902916665,27199.302321978674,24185.07399970753,1184.9694332147951,109.44993192362021,103.53427480660629,117.36472938671875,113.98755537377679,117.48703243699383,118.68696647238421,129.5301135476074,121.65947868836594,128.74207945489263,124.52727112382888,19965.76287824669,241.9958355933013,427.2815148665327,569.5858954926996,646.6017456343352,974.5841938952144,1680.4733845239407,1697.0076361624099,2748.51224019573,5701.275302564512,5278.445129317988,116182.0798639765,2300.0603113760108,2806.2879274374086,4086.122904826344,4548.2108599968415,7950.100669019021,11109.575335207344,14395.449631510626,17601.895902916665,27199.302321978674,24185.07399970753,1187.3703565259843,110.12716989667415,104.34223549235558,117.9750445626831,114.6112470830968,117.93166365496873,119.03992468789696,129.73859145410157,121.66722969808247,127.98174214973353,123.95550784639143,19976.982857296323,240.1036622834808,426.3114947485357,564.5362919280649,641.2424041687902,966.7950546784483,1670.3936498675885,1689.6019034983453,2745.6241276898145,5721.884998319739,5310.489270113531,116182.0798639765,2300.0603113760108,2806.2879274374086,4086.122904826344,4548.2108599968415,7950.100669019021,11109.575335207344,14395.449631510626,17601.895902916665,27199.302321978674,24185.07399970753,1182.508790546201,109.34772811323356,104.04653147592211,116.93197541308594,113.61579179870951,116.9706828005154,118.3472787442615,129.17241290307618,121.35701147970026,128.45795283108043,124.261424986616,20074.359520622038,238.16469076899713,420.24555363933536,562.818399331705,639.89945879358,966.2909267595669,1668.8155041877817,1690.4739634334935,2754.366697688652,5765.438098979766,5367.846227039163,116182.0798639765,2300.0603113760108,2806.2879274374086,4086.122904826344,4548.2108599968415,7950.100669019021,11109.575335207344,14395.449631510626,17601.895902916665,27199.302321978674,24185.07399970753,1181.318616877533,108.37460566029166,102.58451153770804,116.58184087030028,113.1980486814469,116.92673690437078,118.25014902978658,129.23908309667968,121.57934267692247,129.4987267361183,125.08557168390846
2016.0,20816.25262765312,253.94169239971163,442.94730281894704,601.9777205724884,682.0060350549275,1021.4820271635643,1769.9291761475392,1829.3822436560117,2853.894448285049,5863.421047779105,5497.270933775839,121529.85102396605,2492.885147607623,2951.311227285008,4370.426401215344,4825.774948150221,8357.955443925897,11950.048456947216,15882.178512678376,18259.38667766689,27637.6580412099,24802.226167279616,1188.729510283856,109.73219546954059,104.24300251109194,117.66023523913573,114.26105577074951,117.86022014643144,118.77106674825716,129.4545999885254,122.04723670499905,129.28667451127146,125.4132231938535,20826.356345912754,255.95772151261264,446.68086241680993,605.7510321789769,685.5842096375909,1025.4205716796655,1774.4588629186778,1829.4536609551042,2859.25247484276,5850.706889795836,5493.090059974736,121529.85102396605,2492.885147607623,2951.311227285008,4370.426401215344,4825.774948150221,8357.955443925897,11950.048456947216,15882.178512678376,18259.38667766689,27637.6580412099,24802.226167279616,1194.7740896825485,110.90160033043766,105.2990730105257,118.626568178833,115.218766083745,118.50957925361632,119.2937689226899,129.8291082531738,122.46841736553806,129.05752202179528,125.56968626219367,20734.50513347243,257.77415536789044,450.5981325511066,609.0471278281839,688.7356321686782,1029.4671518658272,1779.7592706406606,1830.755628095612,2852.4751176489185,5804.147216043098,5431.745701262509,121529.85102396605,2492.885147607623,2951.311227285008,4370.426401215344,4825.774948150221,8357.955443925897,11950.048456947216,15882.178512678376,18259.38667766689,27637.6580412099,24802.226167279616,1198.2215702774465,111.85266427978802,106.410912279181,119.47767127410889,116.08755354300892,119.13145083653592,119.78553809378313,130.11779723168945,122.51366770597112,128.01594609233618,124.82836894104385,20766.24079979849,255.08614841893854,449.09623717048316,602.7700203345051,682.0040936640348,1019.6052722848538,1767.6959530185356,1823.3110249275887,2850.221866157639,5837.838499462918,5478.6116843589525,121529.85102396605,2492.885147607623,2951.311227285008,4370.426401215344,4825.774948150221,8357.955443925897,11950.048456947216,15882.178512678376,18259.38667766689,27637.6580412099,24802.226167279616,1191.594427431753,110.81109907176304,106.025551373595,118.06270306768798,114.73683014206146,117.82123233929204,118.83639632989454,129.34583265649414,122.07315194663643,128.67029096858215,125.2113395357462,20934.129699115256,253.62301891601666,442.5519520437673,602.3760619980403,682.2491798634948,1021.6715536494166,1771.2817292968064,1833.2006663714685,2866.129244899975,5900.61732540262,5560.428966673603,121529.85102396605,2492.885147607623,2951.311227285008,4370.426401215344,4825.774948150221,8357.955443925897,11950.048456947216,15882.178512678376,18259.38667766689,27637.6580412099,24802.226167279616,1189.9611709477138,109.49346507860183,104.05498249476575,117.5875212715454,114.17263986000358,117.75947337102747,118.70385814296817,129.439747748291,122.35716117279654,130.0971585938401,126.29516321387386
2017.0,21675.476728622645,270.3393030080943,466.2850968472973,643.5714421582954,726.5673094847626,1079.374138721144,1877.1499593208775,1979.500601303312,2966.816131694754,5989.068110780071,5676.804635304132,127285.86663545683,2701.133734426974,3108.4506938965937,4679.2876488155625,5116.3226089795135,8790.194337832907,12821.083044967438,17441.772120915626,19041.80085423509,28156.209393607685,25429.61219777943,1197.153863267868,110.93187206408214,105.78026991760802,118.69386726031493,115.26772676264589,118.72635216579103,119.24581503928137,129.65709686230468,122.75877129965924,129.668950502182,126.42314139399873,21671.676451575582,272.4888717014381,470.5666451587215,647.5823066033586,730.2003456635628,1083.224653103818,1880.3011662635456,1975.41096930867,2971.3584757097356,5971.297992431208,5669.245025631587,127285.86663545683,2701.133734426974,3108.4506938965937,4679.2876488155625,5116.3226089795135,8790.194337832907,12821.083044967438,17441.772120915626,19041.80085423509,28156.209393607685,25429.61219777943,1204.709668251404,112.37866312841987,107.09604583872675,119.90225208734131,116.46516669487416,119.54260556281518,119.90505093074917,130.12879984643553,123.28848024277666,129.3778879982643,126.62471592100107,21544.447775421377,274.62923642023725,475.23145603384324,651.2431721304876,733.7003899069471,1087.5802290362526,1885.6065557002955,1975.0450658292527,2961.7519122567214,5909.587905394469,5590.071852712852,127285.86663545683,2701.133734426974,3108.4506938965937,4679.2876488155625,5116.3226089795135,8790.194337832907,12821.083044967438,17441.772120915626,19041.80085423509,28156.209393607685,25429.61219777943,1209.2389461016778,113.61220035271072,108.52265432535171,120.99991201416015,117.58509789279765,120.34551042469668,120.53778153023337,130.49812751391602,123.37265654534035,128.0533249069147,125.71168059555637,21597.336016965346,271.04764238336276,473.1403746996421,643.5943688166411,725.4412982714224,1075.4399846939552,1871.4420334008316,1967.6014656958553,2960.0996991161214,5956.927540965141,5652.601608922288,127285.86663545683,2701.133734426974,3108.4506938965937,4679.2876488155625,5116.3226089795135,8790.194337832907,12821.083044967438,17441.772120915626,19041.80085423509,28156.209393607685,25429.61219777943,1200.812891937525,112.30361921572303,108.0454672237153,119.2047037677002,115.87159966025501,118.6795023398869,119.32891574743819,129.51949409008787,122.79977688581228,128.88693429009865,126.17287871680747,21841.821923187472,270.1380443850878,466.092928287422,644.7158440753691,727.4782752618274,1080.383629127882,1880.982314589534,1987.9773286380614,2983.7943312759808,6039.770384651339,5760.488842894874,127285.86663545683,2701.133734426974,3108.4506938965937,4679.2876488155625,5116.3226089795135,8790.194337832907,12821.083044967438,17441.772120915626,19041.80085423509,28156.209393607685,25429.61219777943,1198.7080063569797,110.62931810372352,105.54891779510926,118.60202359020995,115.15727780310844,118.59947601268625,119.16032168653226,129.64070752905272,123.14551991280734,130.70360145128058,127.52084247246944
2018.0,22581.807544436873,287.8512802793588,490.9034486986164,688.0408986019112,774.117221042863,1140.7091505446792,1991.7733915784056,2141.9377148799817,3085.6245183403166,6118.160318190768,5862.689602280009,133158.1939166046,2931.1894482359835,3288.754734026361,5017.3268985549375,5428.461237665854,9250.61003458068,13754.237427381247,19110.275301818,19721.162159180694,28590.59995065366,26065.57672450709,1205.6772483030672,112.14963267825317,107.34231096004105,119.73673026727295,116.28473821744882,119.6002224960742,119.72353191522168,129.85992249633787,123.47934823931237,130.05627292942665,127.44453810367834,22562.71157359623,290.14023537527174,495.77831426761935,692.3035337998572,777.8006584046341,1144.4367184699233,1993.252480577856,2133.013040065001,3089.2264073320553,6095.152536871539,5851.60764843243,133158.1939166046,2931.1894482359835,3288.754734026361,5017.3268985549375,5428.461237665854,9250.61003458068,13754.237427381247,19110.275301818,19721.162159180694,28590.59995065366,26065.57672450709,1214.7782763563862,113.88166945244598,108.92582304073834,121.19195911505126,117.72695436215906,120.58623736744975,120.52082428655743,130.4291775258789,124.1198489907931,129.7032483739977,127.69253384131467,22398.20442164907,292.6372357088549,501.25837976297237,696.3636143016997,781.6886840124134,1149.1195128981392,1998.4832289555013,2130.7064771272735,3076.6614281023512,6017.674507315303,5753.611353464469,133158.1939166046,2931.1894482359835,3288.754734026361,5017.3268985549375,5428.461237665854,9250.61003458068,13754.237427381247,19110.275301818,19721.162159180694,28590.59995065366,26065.57672450709,1220.4253888814108,115.4065941554613,110.67838985033274,122.54203131469725,119.10418045951634,121.57403132995223,121.29672223674226,130.8795613227539,124.24438704402685,128.0939060031848,126.60558516474318,22472.884273870255,288.0541870006083,498.51584614044833,687.1851731787377,771.732329851335,1134.4780041933882,1982.0956323173298,2123.3104879601606,3075.573742657841,6079.254268583341,5832.684601987098,133158.1939166046,2931.1894482359835,3288.754734026361,5017.3268985549375,5428.461237665854,9250.61003458068,13754.237427381247,19110.275301818,19721.162159180694,28590.59995065366,26065.57672450709,1210.1665533739235,113.82591256519316,110.10717126567482,120.35811290264893,117.02029702427893,119.54555607351588,119.8248717992084,129.69337883398438,123.53707053647693,129.10796788072108,127.14621449222099,22800.58419326726,287.7852233057529,490.93947594418756,690.0337795648225,775.7848695821783,1142.634242461218,1998.4739344759405,2155.822473703619,3107.736336411684,6183.032742814114,5968.341115003771,133158.1939166046,2931.1894482359835,3288.754734026361,5017.3268985549375,5428.461237665854,9250.61003458068,13754.237427381247,19110.275301818,19721.162159180694,28590.59995065366,26065.57672450709,1207.5607313407854,111.78243300740337,107.06670403989004,119.62547182415771,116.15207288755828,119.44681710922717,119.6195148960278,129.8420126369629,123.94462631128299,131.31818948437547,128.76288914389968
2019.0,23538.300392820416,306.55697375508515,516.8755592595624,735.5845509225234,824.8585625723651,1205.698617941964,2114.354097796561,2317.7042671661675,3210.6862729563254,6250.809034573662,6055.172455876134,139284.59964500577,3174.8772529691573,3470.385212591489,5353.644265576063,5733.561841113223,9727.982958645858,14721.822999381755,20844.262131582753,20457.755970498758,29114.781881307455,26685.52513133919,1214.3010806939385,113.3858210242338,108.92957181972766,120.7888376732788,117.31218784616327,120.48191354446291,120.2042291766343,130.06306551245117,124.20911254766243,130.44872786529444,128.4776136840297,23502.36931143243,308.9908276459784,522.3921611823821,740.1146021864222,828.5873101791359,1209.2637262442513,2113.829627829627,2303.189298385556,3213.2064194290665,6222.375224526052,6040.420113823923,139284.59964500577,3174.8772529691573,3470.385212591489,5353.644265576063,5733.561841113223,9727.982958645858,14721.822999381755,20844.262131582753,20457.755970498758,29114.781881307455,26685.52513133919,1224.9821648778543,115.41113839451599,110.78903119460868,122.49587951342772,119.00434175173777,121.64056783133506,121.14116080801152,130.73026989453123,124.96273421895737,130.03368993693113,128.77335133379768,23298.572532980164,311.87970914490654,528.760520301986,744.6112069766239,832.9069057334552,1214.2931289354726,2118.89273803185,2298.636308267515,3197.5447264681625,6128.486783502109,5922.56050561807,139284.59964500577,3174.8772529691573,3470.385212591489,5353.644265576063,5733.561841113223,9727.982958645858,14721.822999381755,20844.262131582753,20457.755970498758,29114.781881307455,26685.52513133919,1231.7840013368545,117.23661384647083,112.87908452064704,124.10427720642089,120.64515929239022,122.81719215744018,122.06246459808062,131.26211750634766,125.12909111161717,128.13772672040508,127.5102743770349,23395.68151247981,306.17688451894816,525.2987734528798,733.7299892008274,821.0674490115778,1196.9091203577088,2100.155650988806,2291.3416460851213,3196.9812176488094,6204.922803489581,6019.09797772544,139284.59964500577,3174.8772529691573,3470.385212591489,5353.644265576063,5733.561841113223,9727.982958645858,14721.822999381755,20844.262131582753,20457.755970498758,29114.781881307455,26685.52513133919,1219.6580504147269,115.3787561539669,112.21158927364158,121.52305320159911,118.18313542897987,120.41948625052737,120.32432154628252,129.86748900634765,124.28522402926563,129.33343889931822,128.13155662479807,23813.789921986972,306.646031699554,517.1670103212482,738.5394844100036,827.3810319822098,1208.6435129193824,2124.3590274434514,2337.8386034873283,3238.355050575169,6330.545426811319,6184.314742337205,139284.59964500577,3174.8772529691573,3470.385212591489,5353.644265576063,5733.561841113223,9727.982958645858,14721.822999381755,20844.262131582753,20457.755970498758,29114.781881307455,26685.52513133919,1216.5209659958596,112.95317787476158,108.60876269139195,120.6579269607544,117.15714015189772,120.3015549717195,120.08148691783833,130.04361990234375,124.75464133645039,131.94107678591251,130.02157840278946
2020.0,24548.22685264416,326.5417253825803,544.2788702236691,786.4156385266903,879.008429890527,1274.567364554744,2245.490962216368,2507.8942371724957,3342.3941849168423,6387.128128597257,6254.50731116298,142110.02260922414,3264.3153419412347,3524.5901181957574,5458.926553792626,5820.837423679077,9842.152386430833,15157.58331558107,21708.939488937,20771.06294403662,29506.717351333496,27054.897685296484,1223.0269172531018,114.6407707612562,110.54249097455215,121.85035465832519,118.35021822098291,121.37150286238503,120.68793317842412,130.26651410888672,124.94822401109101,130.8463907028632,129.52251777433537,24493.75277051928,329.12558763600487,550.4891219042771,791.2286670908371,882.7763543472882,1277.9257157301736,2242.5871448184344,2486.942201897637,3343.6712866952616,6353.07269543291,6235.933994966434,142110.02260922414,3264.3153419412347,3524.5901181957574,5458.926553792626,5820.837423679077,9842.152386430833,15157.58331558107,21708.939488937,20771.06294403662,29506.717351333496,27054.897685296484,1235.3233937750977,116.96763086347771,112.68631689983248,123.81410124041747,120.29754337587404,122.70572097752094,121.76606436382555,131.03204783203125,125.81731231315094,130.36927515770006,129.86738075126718,24248.540702909664,332.4444874520082,557.8243474356635,796.2025280711703,887.5755941470024,1283.322122972171,2247.3748099114437,2479.801154001198,3324.765056105889,6242.106783770943,6097.123819042188,142110.02260922414,3264.3153419412347,3524.5901181957574,5458.926553792626,5820.837423679077,9842.152386430833,15157.58331558107,21708.939488937,20771.06294403662,29506.717351333496,27054.897685296484,1243.3178451763602,119.10312768198966,115.12570956432509,125.68690302563476,122.2084133727219,124.07517644996761,122.83502553179669,131.6457736809082,126.02698567654126,128.1848237378149,128.42590645466007,24368.714958934142,325.4918092041183,553.5696555487874,783.4288182979208,873.6499522608203,1262.9342905950316,2226.1578643452804,2472.6703451929247,3324.6820439906483,6334.040796902271,6212.089382596377,142110.02260922414,3264.3153419412347,3524.5901181957574,5458.926553792626,5820.837423679077,9842.152386430833,15157.58331558107,21708.939488937,20771.06294403662,29506.717351333496,27054.897685296484,1229.289948735295,116.96291465472984,114.35961445919251,122.69959445385742,119.36036148713266,121.30136348714018,120.82726520967174,130.0418500986328,125.04444361654323,129.563405807662,129.12913546073258,24885.059231757572,326.8079645282484,544.8553017160629,790.457298465056,882.4936450243764,1278.6455091808007,2259.287985315616,2535.221805616472,3376.080249356377,6482.453579807815,6408.7558927467335,142110.02260922414,3264.3153419412347,3524.5901181957574,5458.926553792626,5820.837423679077,9842.152386430833,15157.58331558107,21708.939488937,20771.06294403662,29506.717351333496,27054.897685296484,1225.5903467800488,114.14186250305461,110.17550306003999,121.69946779791259,118.17262069452048,121.16375084022832,120.54623723583936,130.24551391821288,125.57578845081996,132.57239619015883,131.29720608926178
2021.0,25528.30045335853,348.5807512919673,575.7485642556109,839.0843744034952,936.8935032303664,1349.2677705491071,2370.466197714372,2684.376639979567,3472.867129336418,6516.901425408343,6434.1140971892555,145249.67476465888,3281.014905399655,3516.4560310970596,5552.61789097425,5871.821755443885,9827.294374337522,15867.77878066865,22981.42368383675,21042.571648882615,29827.2728479978,27481.422846020625,1229.8871183284416,115.674101694252,111.96190467702627,122.67673196765136,119.18110410667687,122.0375346511147,120.98015571379017,130.2598978762207,125.51437490753847,131.15972849377155,130.4415842403996,25360.394370023572,348.5502546823013,579.2827519071861,838.7419800911916,934.6183535032851,1345.402531581847,2350.5863608008995,2635.7018680973947,3460.6813893965045,6467.845881965834,6398.982997997168,145142.84000830626,3280.717516662151,3517.2558889486554,5552.521347033657,5871.034896613936,9824.610219725688,15842.936277221655,22932.97029059625,21033.634421570147,29814.451103941996,27472.70804599204,1244.0852409843785,118.34176445275878,114.44720765102863,124.93200611535644,121.41688830973183,123.59419591727375,122.23138493132973,131.14425393432617,126.52870860474953,130.60203692373895,130.8467941440847,24995.450263687046,350.4319570015922,584.5821768328565,839.3553073110045,934.8872920042575,1344.9398869649503,2345.242952053847,2613.3138556798226,3427.815558124814,6326.914942643952,6227.966335069936,145018.68784051907,3281.4631436814943,3518.5368090620136,5552.672245341157,5871.257494163429,9823.603770490085,15831.965962570144,22910.316632518752,21021.92303270432,29778.34807019335,27428.600679794305,1253.5601788360582,120.91031231089592,117.35531975079655,127.13848299139404,123.67785855704426,125.22213605210351,123.49515769268584,131.8642668564453,126.78007718443239,127.98709414906644,129.1294732911937,25232.37815346742,341.8391756184947,578.4379794676818,828.3366807438581,922.7564397832988,1326.6333079445749,2331.3005328725208,2620.408461044061,3439.7907296532985,6457.915750353755,6384.959095985815,145087.67601057483,3276.944563776525,3516.9082498858234,5547.333431857125,5866.8551277719735,9818.296732351531,15832.935079098197,22918.975395809,21028.20601759869,29811.64610978266,27469.57530264344,1237.0367351457576,118.36706849804115,116.45080495889019,123.61944038342284,120.31343444118612,121.94610396037078,121.1189163235743,129.98173696118164,125.62161406388118,129.6439256536522,129.97368990155732,26036.654432972828,350.9594643520419,579.360904710188,848.5227240595002,946.2240427118162,1360.9945006222736,2400.8332756771697,2737.4570187209483,3526.5526320744457,6649.418478953633,6636.331391090928,145459.90948391252,3282.436925499239,3517.550954984777,5557.277521847438,5875.513788762697,9831.91533608517,15896.294481147153,23033.6127693245,21065.19293029951,29861.212679826585,27538.902096135556,1232.936004418567,115.07226781488036,111.52339335519314,122.49796734783935,118.96941431948834,121.79152412139868,120.81011210920094,130.2374923522949,126.25958048757767,133.22843754191302,132.54581496878075
2022.0,26558.825859972978,372.1696884472914,609.1017209055559,895.2835316599153,998.6838053696936,1428.5429247431262,2503.0343144528433,2873.278373960541,3609.6363825952494,6649.692203052102,6619.402914786618,148700.47837126913,3309.992138792933,3517.347978092507,5664.5225958,5941.341124512671,9842.174537627665,16636.455334711358,24351.6646459855,21359.319286331134,30149.272318163377,27928.38841125196,1236.8221568175404,116.7212238821678,113.40209318458056,123.50894053875732,120.01917194087957,122.70832458962201,121.27411117306208,130.25328703393555,126.08729112874978,131.47771400198124,131.36999934380435,26266.168680367493,369.1691832763311,609.6351488063731,889.1127162223404,989.5830892018103,1416.5750125245372,2464.184230561548,2793.360196342881,3582.6752822274025,6585.100378677158,6566.773442527158,148411.49423755595,3307.598625770878,3517.956766744714,5661.3149081457195,5936.973924598065,9833.165934362703,16569.914468488674,24224.67027395475,21333.534826205003,30120.026820753523,27906.33768853193,1252.9578535589433,119.73790640016173,116.23816790303421,126.06047478601073,122.54849112154889,124.49048898655248,122.6999649134972,131.25656608691406,127.24938280704632,130.83946233338594,131.8369482207917,25773.258866064047,369.42788155814503,612.6699732930765,884.8482076787487,984.7816411003503,1409.6342411777157,2447.6838424215157,2754.0153265301974,3534.9073746255817,6413.211170688111,6362.079206990655,148107.59739634529,3308.066294731532,3519.72620044027,5658.936139881062,5935.272962953865,9828.526219089805,16538.435207528273,24162.854752651,21303.7524392177,30041.179651353912,27810.847528497827,1263.9611640161459,122.75184063004112,119.6306084525771,128.6075053703613,125.16730969903803,126.38170533484458,124.161180463135,132.0831314399414,127.54437874756836,127.79253093895197,129.84097293968702,26133.966959244597,359.03880399060165,604.468993194561,875.8207715066169,974.6936176785234,1393.6789262341958,2441.862752097875,2776.9739199848214,3559.7480267777732,6584.608870105602,6563.072277673904,148299.69058985877,3298.1680705506074,3515.9431380595925,5649.688364207969,5927.636329605899,9819.400398742162,16549.241904433344,24196.4752187755,21322.63989123719,30117.02329113962,27903.473983106884,1244.9010810929344,119.79886181494521,118.58463556318068,124.54669606646728,121.27718276216369,122.59554631094646,121.41267891526246,129.92166900781248,126.20746959138322,129.7284874562888,130.82785360448395,27254.394993548325,376.9666082392391,616.1222634845157,910.8561654204774,1014.6523432771941,1448.8640550846826,2552.1192152072263,2955.824494708291,3685.156618223938,6821.138583257237,6872.694646645517,149208.89204814102,3314.258630622711,3520.539913605957,5676.718935210438,5951.281701581896,9854.78784686579,16709.28540585126,24484.12205789025,21414.702302900358,30226.084310478946,28057.110943133415,1240.3671461998576,116.01557306101321,112.89083913261747,123.3020753204956,119.77329356709653,122.42359401031875,121.07551880034542,130.2294748293457,126.95239920665621,133.89355348595808,133.81082478601073
2023.0,27642.823272977657,397.421268768687,644.4551794506688,955.2498922773809,1064.6461066937086,1512.681802305692,2643.6870234581543,3075.473650156288,3753.0486412238743,6785.580227336425,6810.579481306793,152473.7228252105,3351.5316345662354,3527.3830795946988,5795.0959265565625,6029.886164729846,9887.2251759636,17466.789966155942,25825.789956690252,21722.01576871098,30473.087473102605,28394.9176791398,1243.8331631522678,117.78241710046196,114.86337107850956,124.34702388354492,120.8645335905488,123.3838970129559,121.56987691266632,130.24668026171875,126.66707168900999,131.8004046703515,132.3078869525001,27213.10049536283,391.0579751426243,641.6339884711675,942.5122606534038,1047.860753028669,1491.6508182494506,2583.6866359715423,2960.4492903624205,3709.889554759565,6704.898977577912,6739.460241146035,151922.7764717006,3345.1002315427613,3526.7481545413407,5785.601070106438,6018.945653853135,9867.97056113091,17340.567396538685,25587.990237807502,21671.032996778096,30423.90113417208,28354.919035229603,1261.9427842832554,121.15645934448814,118.05976740131568,127.19951228601073,123.69249730414599,125.3946536085813,123.17182205489777,131.3689941677246,127.97946267029475,131.08162372960425,132.837991716192,26583.434375757864,389.4903509613899,642.1564535039023,932.8079811738154,1037.4008558206222,1477.5635224926828,2554.92237582504,2902.2916275703296,3646.2168083798733,6501.025957850715,6499.558442179426,151381.8447999711,3344.1922516811305,3528.1791405099866,5777.895986640626,6013.069725628802,9856.920968598988,17278.579041570047,25469.6345379765,21616.641485210122,30295.86797843962,28200.863683715317,1274.5235559510768,124.62851843788147,121.95254764499879,130.09415619055176,126.67707471214126,127.55406301803087,124.8331518948264,132.30232829711915,128.32007613754837,127.60112814136791,130.56051147661077,27075.37644058193,377.1364090010839,631.7192246707075,926.0280242092832,1029.626249060442,1464.252539504497,2558.1416176340435,2942.893847211412,3684.7832496944557,6714.192387060877,6746.60289253509,151752.13596776995,3327.9962857238065,3521.6868299489597,5766.199089990719,6003.411788227147,9845.535987686204,17308.50047332692,25545.331863815,21654.618747120137,30423.220597703817,28355.63430422733,1252.8850206945833,121.2589598022766,120.76200448603629,125.48130836578369,122.25176934814976,123.2497416791811,121.7085878815708,129.86163107983398,126.80215937094998,129.8171110116105,131.69174766919076,28542.655857398335,404.9759500158722,655.291600644968,977.7705785269676,1088.1283685297628,1542.6356905778473,2713.860865214395,3191.611756850564,3852.3947995656904,6997.764702678396,7118.221544793883,153373.97869054117,3360.210453367376,3533.754435261008,5817.900236826687,6048.852633592707,9911.50488844318,17601.223922281126,26069.237828049252,21820.945268932635,30601.585285979367,28608.76373780783,1247.8848536153102,116.97191202937698,114.27811097937774,124.11172180426024,120.5843105650525,123.05998970694183,121.34249565916085,130.22147058447266,127.6543917820994,134.56792971265173,135.09252079191637
2024.0,28783.498962337682,424.45648332545784,681.933446130077,1019.2362170579327,1135.065403396425,1601.992752565133,2792.945926535376,3291.897162061273,3903.4707980645658,6924.646810108472,7007.853963093005,156582.2728177104,3405.977833807909,3546.716776430559,5944.853273977626,6138.016882715296,9962.996953891992,18362.27629856837,27410.353441634503,22131.53827527311,30799.08759183463,28880.455489576492,1250.921020305614,118.85789687376976,116.3460755942905,125.19102753778076,121.71725552753543,124.06430122835421,121.86741695633029,130.2400710986328,127.25379784993677,132.12785356265306,133.25532407633065,28203.330228164417,414.29730801173497,675.3719165369438,999.1232644175079,1109.653205797983,1570.8497819152244,2709.4154654047907,3137.5325305376086,3842.574532986817,6827.304975062385,6917.2072474934075,155684.46404982172,3393.3980636299457,3543.7132607349167,5925.706884872407,6117.297303988723,9929.24915197313,18157.073607481623,27027.100427995752,22046.511123437987,30726.531942253623,28817.88228345368,1271.0416871553957,122.59785232613945,119.91255361291289,128.3492642703247,124.84907947877704,126.30676975097919,123.6469029985516,131.48149027905274,128.7191211597062,131.32856929535387,133.85008398359798,27427.521500246956,410.6804337726463,673.1141628136664,983.369041915277,1092.8952969903235,1548.8940780198598,2667.1947613897382,3058.550885223446,3761.9272232384815,6590.392477865435,6640.503139018018,154847.26865066998,3389.9403895322926,3543.9370875694585,5909.759568540625,6104.86791686383,9908.853428237242,18054.05256862843,26833.87284972575,21960.766859118452,30543.05249886655,28598.165483587316,1285.2501699012955,126.5410555517025,124.3221653784604,131.59872492749022,128.20747423229585,128.7393473635783,125.51113174174165,132.52187959570313,129.10731827032052,127.41289756132458,131.2881752786784,28058.608496456534,396.1799850098822,660.2486078147855,979.1152482830478,1087.7289804038307,1538.545376209996,2680.451627943825,3118.7272924651247,3815.137284859943,6846.741501684976,6935.732591781082,155452.14082175388,3366.4641439067054,3534.1526249350795,5897.123670079438,6094.456941947837,9896.845629779755,18112.866160428,26969.664048699753,22024.516041485327,30730.62446888459,28825.427091607486,1260.990909228189,122.7479959921131,122.98391066444229,126.42340902099609,123.23738778357142,123.90874097814988,122.0066724500668,129.80160919580078,127.40582482310444,129.90983264779996,132.56552567214416,29906.11830556152,435.14640470768035,697.0320448049292,1049.6033112633986,1167.0284983836,1642.7179978469492,2886.8260480290032,3446.206947117561,4028.8036392926274,7179.450069277815,7373.303344837934,157974.47999303666,3420.796313347175,3557.43510973094,5981.585933466938,6169.0329589954645,10002.945825975981,18577.173831486103,27798.52052080075,22285.510651290686,30987.994045743202,29193.484802199448,1255.4904122883004,117.94152621392917,115.68554515907978,124.92700061016845,121.40255262368356,123.70075727962755,121.6110320825572,130.21343682104492,128.36571059806764,135.2517001160979,136.39115078404413
2025.0,29984.273114240514,453.4052220029999,721.6691666830753,1087.5123108758767,1210.246091849977,1696.8035679495856,2951.369701093187,3523.5504838110646,4061.2924418439093,7066.976327076251,7211.447801054617,161028.9851793169,3473.749710381514,3575.6467974458446,6114.261120719313,6266.236256707155,10069.910300851107,19323.390093282476,29106.361826253004,22587.90468481521,31127.58890703405,29383.9354818273,1258.0867403108787,119.94784297042655,117.85056239023184,126.04101097625731,122.57741506316411,124.74957036945605,122.16674844471764,130.23345169311523,127.84757206141191,132.46011738248157,134.2124489596164,29239.116653459387,438.9730344126105,710.9472010240517,1059.1392541531798,1175.174380450995,1654.4043248409182,2841.7154967029787,3325.208766676881,3980.991295448783,6952.38297360341,7100.179926145622,159686.70212973858,3452.384356734129,3568.8745791016704,6081.567574496344,6231.9087992326,10016.415264374147,19017.166299538963,28538.426579665003,22458.493992885593,31027.905035971275,29293.559647738948,1280.2564174173237,124.06251419485473,121.79711407669902,129.50985092126464,126.01836531962407,127.22692720402526,124.12536594914174,131.59410471142579,129.46847766580152,131.5803434007058,134.87335397378124,28307.146066660385,433.0630775168164,705.6192985009067,1036.6718107364143,1151.423346213064,1623.8008961720623,2784.750224877869,3223.2242134370117,3882.231485859498,6681.3437101569025,6785.0180031897935,158487.2544014097,3444.9038865353077,3566.839749693193,6054.098537611657,6210.169447666888,9983.122970994913,18861.118860626648,28249.639369455752,22333.807595805803,30782.51818026908,29001.035802750448,1296.1439328854617,128.49025678225325,126.74046725703788,133.1213452161865,129.7588303540784,129.93771193564032,126.19521641393017,132.7418431665039,129.9062885937915,127.22784576177882,132.0241274042611,29085.76700650015,416.2205704971418,690.1196066566129,1035.2475834539002,1149.1862223083165,1616.7590944124472,2809.1229268460934,3305.065895761592,3951.0632544375376,6982.333198979458,7130.648653147032,159391.7191343636,3413.085344224022,3553.1391534209124,6042.344301988188,6200.64780828672,9972.796868664378,18960.43798352635,28466.5124704795,22431.430220034294,31039.556483925222,29311.76849981402,1269.22089467128,124.26670104101562,125.25127692266892,127.37303521972656,124.23416946969162,124.57256656916189,122.30690628788614,129.7415998581543,128.01862405215903,130.00668447478722,133.44933077602863,31349.806084362124,467.6501045834811,741.5182713427611,1126.7157650395407,1251.7570868059374,1749.5482265399542,3071.8428978071124,3721.1118440438454,4214.955947410237,7366.354309265306,7638.351631523949,163025.4104610167,3496.8548874037174,3592.1363308003133,6168.7057382007815,6312.856094521393,10130.339761035853,19640.00502196698,29676.899017180753,22810.220842043276,31386.183058708077,29811.209709155613,1263.1851974237384,118.92467869516658,117.11347631658292,125.74793446856688,122.22809501251494,124.34590755077194,121.8811703741076,130.20542479077147,129.08650217750858,135.94502556073473,137.70698247701262
2026.0,31143.53786034446,484.72259973594595,766.4390172083939,1157.670459177789,1288.1064396231266,1795.3658254119496,3097.236451334361,3728.318578429666,4216.498232650897,7207.414682482287,7401.765574290027,165753.17076160846,3555.405325019599,3615.0993262577563,6302.8716727474375,6414.381983367381,10207.441956722523,20333.314725775675,30882.0530988915,23084.95789812497,31458.020150557073,29899.624624144602,1263.3309071706537,120.78327076982688,119.12635897921109,126.66722627905273,123.2314224083951,125.22651127836895,122.26807836926316,130.01783580419922,128.27749332245148,132.70305750535346,135.02965245453177,30127.080101946372,462.15572618076203,746.6182746368023,1113.9742323433702,1234.9873436218445,1731.4036781719653,2946.947748839341,3467.2345677705675,4103.789005507983,7063.009897452215,7256.95962742159,163821.53600227454,3520.715723650323,3601.8852669714606,6249.631383351688,6359.763685815057,10125.306733678093,19895.20884655208,30075.54060402925,22895.938266192818,31324.7499029212,29772.795589112407,1287.8122457567504,125.3245328642025,123.51463484315705,130.47721877124022,127.01508444632482,127.9751188791418,124.42837671759652,131.50860207324217,130.07931415454615,131.72419243282653,135.76517057447253,28966.81924360918,451.64231124978613,734.9015583118547,1079.7864511903817,1198.6088631228506,1684.997373876277,2866.179259748032,3330.7873105456656,3977.6113729186527,6746.844597206484,6895.460145439189,162164.5144930125,3506.6397912048046,3595.6962918211893,6205.1671783130005,6324.0716675879285,10073.252289827446,19668.77497012158,29661.680489615002,22721.75604429617,31008.862875949482,29398.612894275942,1305.6298692488867,130.30632177690507,129.09102320024084,134.50465404833983,131.1973363080138,131.00744242437267,126.73380061017107,132.77321736376953,130.5792316584944,126.84999345424318,132.58684840433634,29998.12003629745,432.0427189317554,716.294875154636,1086.6006244244284,1205.5354314418696,1689.8182528183384,2914.067688589047,3450.3803447003297,4077.2943826215433,7115.65907574807,7310.4266418674715,163475.97674504586,3465.251701291716,3577.353381807784,6198.490061542094,6319.228540612815,10069.828423719347,19828.020006056446,29993.58645958725,22866.6112109692,31349.402461509413,29808.204497949788,1275.4613994067697,125.58649337128638,127.42845891470384,128.06657151263428,124.99938603496557,125.00613426365136,122.38143344602418,129.4428888144531,128.44499053849523,129.94951785628984,134.15552465426586,32849.00614055793,505.3282772067848,795.0699844267364,1210.6388475776741,1345.1349038392764,1867.471263215473,3254.524895268465,3979.5260996677503,4411.899877685625,7570.463095134363,7908.948896535833,168500.44779124652,3590.3640541470413,3639.831769890106,6380.923269068469,6482.18490041113,10295.75582737565,20777.90986447176,31680.2138849155,23393.415632934164,31799.48355556336,30460.365032469344,1269.0453993870346,119.64791502172565,118.30823039613485,126.34712061486816,122.84678514727688,124.78395741749668,121.95306697164987,129.98923877099608,129.65264938303517,136.60148451659725,138.914951147254
2027.0,32358.409319964318,518.2867259170763,814.0657247402302,1232.363280809295,1371.0706376897963,1899.8348819309142,3250.6619632339457,3944.987080511859,4378.473394209396,7350.902197975402,7597.763432946487,170766.9459049347,3651.491977326166,3665.3886424179746,6511.364436571375,6583.166745579056,10376.369106524537,21394.773036205166,32742.53084050825,23623.46815275852,31790.75989149829,30427.633075545433,1268.631140121604,121.62874243565177,120.41884607785153,127.29680277905273,123.89022558267271,125.70615803914308,122.3705504864018,129.8025864477539,128.7125926907387,132.95018828617668,135.85444729616106,31048.206284927608,486.6233094678423,784.1397060177171,1171.6542774615552,1297.915860457342,1812.0798164432838,3056.22474662263,3615.3263511541427,4230.867083102822,7175.7086022120675,7417.666531988171,168095.24142751077,3598.588353447011,3642.87220178102,6430.209700389063,6501.157007500921,10256.099303172787,20792.654485188792,31641.213715719252,23359.087004238314,31617.6296265648,30255.73002950879,1295.460409628023,126.60502292731285,125.25956521025323,131.45229783776855,128.02149167687512,128.7289472845006,124.73366937148165,131.4231495378418,130.69795484817487,131.87234747154952,136.66596346226464,29646.77175006736,471.05691108789495,765.4478879773559,1124.6945832967515,1247.7797077010516,1748.5695432840214,2950.088193944265,3441.940348447307,4075.808799223773,6813.257775470753,7008.1279996343255,165884.33111641658,3575.2087667642813,3630.54993619229,6363.13340817475,6446.716901779055,10179.199431600982,20478.241202390724,31072.3353380135,23124.768165349178,31222.947722299916,29791.23024385191,1315.2665335914319,132.15543861940574,131.48868602807306,135.90328815917968,132.65428737928448,132.08795555948782,127.27736512514186,132.80460822314453,131.26258385206657,126.47606794175672,133.15625270389128,30943.723930966367,448.5022734296098,743.5108687230776,1140.501758071172,1264.7105044641053,1766.277236320995,3023.125588076373,3602.0837858636405,4208.053689472278,7251.792203200143,7495.166023344934,167710.57555257363,3522.9829790781605,3606.814570047638,6365.813833672,6450.449868192545,10188.07500522241,20717.094313909234,31553.729721063253,23330.339880051164,31660.547904795465,30314.727476541742,1281.8078538813338,126.93246429922294,129.64947866736054,128.76436634851075,125.7726487013266,125.44232782541275,122.45740991115211,129.14485346191407,128.87862252589588,129.8961638887329,134.86951825180518,34432.802679021086,546.1411226615465,852.5804831361678,1300.8219247399654,1445.5753567183692,1993.5715361704279,3448.5586127274482,4255.886568676894,4619.094139272313,7780.544312579598,8190.028622338337,174420.41649547938,3702.2569594910333,3701.067823017773,6619.376712386595,6678.235053579032,10500.646689697893,21995.52616706105,33816.9713420385,24036.84761951732,32228.175439503415,31141.31268918673,1274.9734814589428,120.38049261726283,119.51862370285748,126.94952704412842,123.47021262487,125.22438597925472,122.0259464808259,129.77342640527343,130.22613164895017,137.26673270023727,140.13800225528274
2028.0,33631.924598121135,554.2635217851749,864.737274632361,1311.8851882911167,1459.4759959288563,2010.5734316741923,3412.0500342344335,4174.246532765162,4547.53907926759,7497.512358047521,7799.641181494759,176083.48828969515,3762.6273025026126,3726.8706142550295,6740.483887505063,6773.38282987082,10577.577543014459,22510.663945504348,34693.1908283665,24204.315954705628,32126.1902584855,30968.185125485084,1273.9881678182076,122.48445602161026,121.72830759457683,127.92982225030516,124.55382603363627,126.188534446887,122.4741062621715,129.5876823383789,129.15293132040927,133.20156294972847,136.68693860050368,32003.89753945096,512.4496028476203,823.6113195333966,1232.3282254454825,1364.1237654954937,1896.611058145869,3169.706678781448,3769.74398871926,4362.384859930573,7290.523588583136,7582.414451968772,172514.38446313795,3686.2247326022325,3691.9871031347725,6623.658844667438,6656.419137549406,10409.026776426574,21710.969131253907,33238.218310337754,23848.230257226805,31907.073386175012,30742.57678376403,1303.2023976769574,127.90432158355712,127.03242869460487,132.43527107556153,129.03773099401752,129.48841998493242,125.04125545801996,131.33777340356446,131.3244939762549,132.02485204245662,137.57585046398793,30347.713264356444,491.3456448634019,797.315518375354,1171.471222765812,1299.0201521916113,1814.6117646540604,3036.5544208836327,3556.8024316520846,4176.913371840687,6880.599495599482,7123.079241530233,169652.06753763385,3650.692287759811,3671.461597949581,6528.196841674282,6578.263559769508,10300.961497160833,21290.709734534255,32483.88264386825,23543.024918344992,31425.610841110683,30179.263615461547,1325.0564867802327,134.03828675655555,133.9345089555776,137.31746376904297,134.12991862549973,133.17935847831296,127.82595186184955,132.83599869824218,131.95648330444058,126.10605701444244,133.73245931626903,31923.916487163126,465.6260981568749,771.8112324759634,1197.0776400389004,1326.854594899643,1846.2977003814951,3136.4642711267593,3760.456423695276,4343.515400434965,7390.797413061128,7685.015712892111,172101.45058706496,3586.30582340618,3641.5503937488593,6544.592601188094,6594.598533461774,10327.72973073088,21629.13891116921,33149.75718221175,23822.95623251463,31973.381342099176,30831.43983653433,1288.262241102656,128.30522219501114,131.91530801516674,129.46647750115966,126.55410503029918,125.88114933154773,122.53486114299821,128.847486515625,129.31962266087848,129.84663647268007,135.5913722372898,36106.53697552466,590.3552657988891,914.349557889324,1397.7329005761064,1553.6169602322439,2128.4290778367035,3654.6745631422214,4551.43804555127,4837.115080235279,7996.784113000211,8482.041411262375,180808.0496194937,3833.5884243642327,3776.4637436490993,6885.330115548938,6902.346330639817,10746.642669401088,23297.79044007708,36096.29160725425,24742.45753492603,32672.572274642884,31854.56647899021,1280.9703204125976,121.12253670689391,120.74489278597045,127.55518956317138,124.09843515724205,125.66720737634039,122.09983516034794,129.5579486520996,130.80703750986137,137.94090323241568,141.376334268255
2029.0,34967.29975755131,592.8307700015791,918.654013277512,1396.5494641364937,1553.6827350724075,2127.966660877217,3581.830374275479,4416.828679891676,4724.032184658272,7647.318936340219,8007.605939020548,181716.9881319247,3889.502371497413,3799.9533835273664,6991.064153334063,6985.904060576894,10812.073803790501,23684.023542813,36739.6901088665,24828.48493600958,32464.692260734668,31521.59951077473,1279.4025902481117,123.35049841055488,123.05495134429263,128.56635194580076,125.22229697939562,126.67364690839958,122.57878645045018,129.37312120874023,129.59855639444493,133.4572090355916,137.5271715704411,32995.61677525377,539.7127932475896,865.1379597095195,1296.1508246023695,1433.7835206525783,1985.185736836327,3287.5599059419724,3930.756144156239,4498.50802459683,7407.4996706973925,7751.322194812959,177085.88631235072,3783.885668457623,3749.4085147429823,6830.3623912845005,6825.914130139593,10584.380376681147,22651.63201826494,34869.3552192505,24363.70558936575,32193.614369115337,31233.628035048365,1311.0393318368729,129.22275646068763,128.83368290836907,133.42608025268555,130.0639006022821,130.25360841752482,125.35114678287673,131.25242702441406,131.95904073131072,132.18173346713112,138.4949551895909,31070.37371283134,512.5490224048555,830.563805649212,1220.1937708212502,1352.4181900783965,1883.2220702728073,3125.6575765429884,3675.4971815039926,4281.017650910635,6948.884735927317,7240.369708719809,173473.1613665314,3733.192091937083,3718.505394195534,6700.554848170438,6718.889723989235,10438.561654757743,22107.354514038092,33898.5611566035,23976.74171293535,31617.645964318082,30563.154305586388,1335.002145046681,135.9555447054901,136.42947574903727,138.74734407458496,135.62450784627185,134.2817730509381,128.37958657563757,132.86738301489257,132.66106982138356,125.73992276632022,134.31553744212485,32940.098768371856,483.4421556512004,801.2413544610088,1256.461216723364,1392.118016211311,1930.0493824419414,3254.2575768299225,3925.79247883595,4483.860747786345,7532.743504261885,7880.132335168885,176654.9330228919,3655.266814310473,3681.600964635581,6735.131754807,6751.988191318535,10489.034643525792,22565.671987492635,34784.5663444295,24344.863427127348,32288.286485009732,31358.522410235273,1294.8266002023631,129.70536252542112,134.2269134543519,130.1729593081665,127.34387580226051,126.32262951725768,122.61377332672309,128.55080608569335,129.76809289897196,129.80097000754452,136.3212172759726,37875.916997604676,638.2605059932024,980.7003146469698,1501.8741600060664,1669.8390110253208,2272.6654550711514,3873.651051574179,4867.516013016013,5066.57404545257,8219.374596977263,8785.461843841926,187688.12039269853,3985.5344801716037,3866.7161251162306,7180.183445417063,7156.003472643528,11035.576313629255,24690.010554648157,38527.8918443395,25512.400122086376,33133.00416322028,32600.799871426505,1287.0368397777513,121.87418463089561,121.9872860582528,128.16411859576417,124.73148491345441,126.11241348820114,122.17473269648265,129.34286316210938,131.39547060476505,138.62413180193613,142.63015382589018
2030.0,36367.94062460686,634.1801867733423,976.0301291184065,1486.687716690665,1654.0747799567353,2252.4240915349455,3760.4555108267054,4673.508778554983,4908.307296093559,7800.399137884593,8221.87299717301,187664.89126461803,4032.765614488001,3885.086190981824,7263.70523571025,7221.3490814803035,11080.36179502501,24913.57234811846,38879.54614181075,25494.848345522543,32806.46297849723,32087.193532983656,1284.8750643901114,124.2270211091919,124.39905056576657,129.20628214855955,125.89568578441559,127.16152272556019,122.68460224704813,129.1589260270996,130.04953496811896,133.71717645324563,138.3752623611052,34024.897277553224,568.4957096674564,908.8309330326728,1363.2867289211247,1507.0762338972359,2078.0007018184037,3409.958731852127,4098.646017921572,4639.409031779811,7526.68367678346,7924.509511879337,181798.84740201462,3891.495020980689,3815.1962123463145,7050.290780013188,7009.515023265422,10781.563279714665,23611.962998772015,36530.090053637505,24903.582538403723,32477.34396789722,31727.807526983896,1318.972698355361,130.5606716342106,130.6638728127055,134.42488996484374,131.10009730576104,131.02455667076347,125.66338649298143,131.16714954956055,132.60170699222635,132.3430322334838,139.4233346988245,31815.52230836789,534.7099734229862,865.2553996052476,1270.9432035596753,1408.066079855608,1954.502794084176,3217.4817926429255,3798.153856952219,4388.217499216472,7018.131575089602,7360.060133939019,177332.14975729538,3822.2557280887618,3771.4980570118682,6879.785177324001,6868.044943403846,10590.752676844226,22924.659314715915,35310.60067603325,24423.52754145302,31799.0381956383,30941.987446782197,1345.1063838475409,137.90800755198478,138.97467844021463,140.19308362316895,137.13833991712616,135.395327614233,128.93836037828325,132.89880407836912,133.3765012370851,125.3776720144658,134.90560899260984,33993.731888177914,501.9798727641139,831.8489220823094,1318.7913702111402,1460.6589286197036,2017.710323360812,3376.6881016617563,4098.398298342042,4629.27925736257,7677.698363269146,8080.678450504409,181359.47140744881,3729.246595236246,3726.6804501105826,6937.296540355876,6922.439165848333,10671.357699395909,23524.01561511735,36453.60234319525,24894.446811419366,32605.37283948105,31895.01334728882,1301.5030750247406,131.13354703295136,136.58531972192836,130.88378790710448,128.14210957419533,126.76679040133428,122.69419443365645,128.25482766333008,130.22416699487604,129.7591610278368,137.05917026752758,39747.02622432393,690.172065567064,1051.9805557249206,1613.7858684333376,1794.8657908103996,2426.9481450745225,4106.315767721977,5205.541280787022,5308.117889172606,8448.514393220365,9100.78446781171,195066.38219779852,4159.340837029617,3972.6710158662113,7505.175489552251,7440.524652308914,11368.853541214694,26172.13819377767,41111.2380643445,26346.80509407305,33609.96589713812,33379.6694124935,1293.1738427978546,122.63559716452122,123.24600913699412,128.77632443359374,125.36942362974638,126.5600398933835,122.25061626281237,129.12807957666016,131.9915258705178,139.31655087600708,143.89967595361827
2031.0,37669.45033044041,677.5387416476573,1037.168281682219,1576.6632114494187,1755.0360097978419,2376.3003277386397,3916.9133950114774,4885.143130067854,5078.216527386139,7948.383147593538,8418.087558065658,193832.53591271397,4192.69541929415,3982.760813542467,7556.856249329376,7478.577215017673,11380.418728952074,26174.40702037468,41065.812819094004,26192.026757673346,33150.21972602328,32658.761163412837,1288.9071413496786,124.91457963771819,125.58395225238252,129.69675336828612,126.42350915477633,127.50409184493779,122.63007504434633,128.7662256894531,130.38684981243773,133.8923402120743,139.10876433326612,34904.35024181281,595.4986075871368,951.814498965252,1425.2285800933691,1574.5844035496336,2163.1387328601595,3506.018680710133,4221.078256349028,4761.499055520293,7632.752213956919,8072.73721222089,186552.80542578673,4007.6132117445727,3888.7893942769497,7280.150391392188,7204.294442050103,10996.279859975291,24568.551433860728,38177.85351510975,25456.301689629654,32755.606161339358,32217.36532640824,1325.3237021508678,131.69043140460013,132.33278644229077,135.27573878430175,131.9924598573718,131.63972109149742,125.79525286185789,130.87366407641602,133.1109090635165,132.39826987510205,140.2144686939137,32353.40872282975,552.5221144392493,895.7316795798748,1311.7599390150606,1452.3453972730097,2011.3344356494874,3276.4700058949397,3868.3224730751813,4470.391365316004,7063.205033540682,7451.326279046229,181112.16899082653,3915.32810719777,3829.0659167852937,7060.879017829376,7021.2232930324635,10751.26133732282,23716.86361049904,36674.120304186756,24870.533014031505,31965.179917158286,31307.714472783224,1353.4307463093937,139.62191001042174,141.34225677478622,141.47829801831054,138.48937260662382,136.33612162295913,129.31070972774458,132.7075777590332,133.94498694551217,124.86724495445823,135.3322678895441,34896.280388942316,514.8858438577938,856.473810783798,1375.2019623648582,1522.8707908982965,2097.2222007932974,3472.9092111617156,4225.263983424607,4758.075459409363,7814.694330062059,8258.682796186593,186112.31648690722,3805.1549766230705,3775.012953574973,7147.542965657313,7102.920561878722,10870.379508103242,24480.519371352853,38113.707796220755,25460.899058762996,32922.75022854892,32433.429066184475,1306.4499440991922,132.32932878364943,138.76084759474372,131.42505198364256,128.7691611389386,127.04199464298009,122.58213939136027,127.74484322729492,130.5364587871596,129.60570153432036,137.65441701510238,41545.77831266134,746.0127819541709,1130.2257996608682,1728.067488212709,1923.681840247487,2584.1652788887122,4315.454576464593,5489.053049905223,5539.845828268693,8683.926635081336,9405.345033977555,202835.0900303964,4356.161906955514,4095.620868819866,7859.498877034313,7755.599244414931,11745.33455218249,27713.311267006437,43786.866441866005,27233.84351237091,34103.966022701636,34184.88733704428,1297.876814343119,123.20539837391757,124.3440926837182,129.24042877209473,125.86175338105397,126.86343678412628,122.16635554736852,128.73562115600586,132.47457616685057,139.93250384764002,145.0526476303432
2032.0,39027.64977552074,723.9744733679277,1102.2250318538738,1672.103276412831,1862.2504342328389,2507.18120247139,4079.9784349765705,5106.360484320714,5254.4861865609,8099.38735771932,8619.70289360435,200232.6785491771,4370.174105779318,4093.5276605626746,7871.44593636475,7758.545735886405,11713.362949690782,27468.838148983086,43302.69965444,26920.81007194666,33496.381920751286,33236.89236477202,1292.9863754750343,125.61010016601753,126.78354230957699,130.1893986883545,126.95478639204609,127.84837884487008,122.57666050731778,128.37471367333984,130.72859193448153,134.07144369630336,139.84875926272642,35811.67702301453,623.8677966628828,996.9007658788515,1489.996587836407,1645.1881795082672,2251.8495769369133,3604.8218188972933,4347.169089501234,4887.08326070094,7740.622998791952,8224.176948299792,191355.06744411652,4132.510398933809,3970.396063311266,7520.337646602626,7410.5897942240545,11228.786708819536,25522.851649724907,39815.357826477004,26022.261059193053,33029.02101240837,32702.95528442172,1331.754013675113,132.835693029356,134.02680794834376,136.13263890209961,132.89268450014924,132.25891965951348,125.92893013905882,130.58086447558594,133.62675560356286,132.45763593410683,141.01308348333643,32903.94650843771,570.9796940112633,927.3323065286377,1353.887131529316,1498.072355678407,2069.879483599383,3336.6036848657795,3939.7859362940317,4554.439961353865,7108.85685761999,7544.109096956943,184821.20799468664,4012.5050629194607,3891.282639608326,7244.085098219938,7178.60862125987,10920.123143264069,24485.70539781326,37992.313780898,25318.266513617706,32117.09737392667,31661.220363159362,1361.889798460595,141.36466595267677,143.75456421098136,142.77641246350098,139.85626391574925,137.28542647572087,129.68706426464246,132.51658678344725,134.52256988725307,124.36174409820413,135.764500408419,35825.93847257138,528.1805163514692,881.8814088470796,1434.0276769698148,1587.796120198447,2179.9556636118964,3571.9244560858856,4356.057132732618,4890.737763459729,7954.3564084541495,8441.02132586036,190920.004686657,3883.071500554611,3826.644567792138,7366.188243506625,7293.731907297775,11086.327906635635,25436.61122814201,39767.59354224525,26044.65534475845,33240.869685053,32974.31076067146,1311.4930243706378,133.54834213848304,140.97793966640282,131.96917637768553,129.40264670497726,127.3188468586483,122.4717108531971,127.23689919116211,130.85516084341515,129.45614916493795,138.2561525717287,43437.86442027519,806.509867559229,1214.404622029279,1850.4672555669342,2061.8349300730806,2751.803058394675,4535.3457050942825,5788.005675212615,5782.226853491262,8926.197650694758,9721.068802159081,211016.1862878787,4577.571512736408,4236.564040092385,8244.7869513845,8102.9538220649965,12167.127881740347,29317.393498506044,46561.649581100006,28175.28720184166,34615.42761241671,35017.424185995704,1302.638649394162,123.78265120886516,125.45596051245403,129.70661477099608,126.35758432220017,127.1682852726388,122.08318247762632,128.344369140625,132.9641189044102,140.55660542620276,146.21927735814356
2033.0,40445.36294819859,773.7118028660769,1171.457615767629,1773.3420042519326,1976.1084828400892,2645.4716159494355,4249.932174230003,5337.595397336268,5437.367301929616,8253.478631855187,8826.897921172284,206878.71719314347,4566.169337358745,4217.991506234113,8208.474604143814,8062.296764689557,12080.420933335161,28799.216774157263,45594.4920590455,27682.04707500753,33845.37459050053,33822.23354867125,1297.1133444232494,126.31370323197746,127.99805710622215,130.68429356799317,127.4895625674073,128.19439568773223,122.52431551352929,127.98438791821289,131.07480348122937,134.25452189537143,140.59530345357416,36747.888007245485,653.6759005160602,1044.1961151628598,1557.719818197097,1719.0308296436592,2344.286132067078,3706.4462838246523,4477.025757505054,5016.267022639336,7850.3299953359665,8378.91015235362,196212.98372457913,4266.483796056626,4060.2473004849708,7771.261237963438,7628.759901478261,11479.38642696304,26476.28736536377,41445.256066891,26601.880298997406,33298.179525667794,33185.241804712816,1338.2646188654803,133.99675074573707,135.74636201373195,136.9956323239746,133.8008841277464,132.88217375380086,126.06439964176774,130.288704435791,134.14931349746504,132.5211342814045,141.8192640440613,33467.490257019046,590.1077722377651,960.1009201339211,1397.3676407521834,1545.2953493187933,2130.191649082503,3397.9077506930284,4012.571818844267,4640.410455945448,7155.095138772582,7638.441761238426,188467.01450283095,4113.897424593441,3958.2294896099083,7429.661786786875,7340.384654666339,11097.395840401776,25232.828176587533,39268.24559201925,25767.22417121703,32255.760786651572,32003.386580297174,1370.4859627392534,143.13691833696555,146.2125505910666,144.08763483496094,141.239216140077,138.24335892223738,130.06747983817553,132.32593587963868,135.1093486683327,123.86113151444148,136.2023880133575,36783.60407388911,541.8766377828568,908.0983330282844,1495.3707701606281,1655.554012172728,2266.0443829321202,3673.81409278021,4490.898849328147,5027.389392536348,8096.74202364115,8627.815579526567,195789.04882000372,3963.081702447806,3881.626515267034,7593.557716182875,7495.181602594622,11319.458647954189,26393.71642069944,41417.877048024005,26646.182063629403,33560.169150663845,33518.19795254051,1316.6337393927274,134.7910544844303,143.23746079515743,132.51606825524902,130.04261022248147,127.59736086326265,122.36283905338597,126.73096438940429,131.1803626491391,129.3105148844242,138.86450379579293,45428.67875971057,872.0604549866974,1304.9756244404198,1981.5632348243078,2210.0062282876725,2930.565521289803,4766.544807462227,6103.240961000697,6035.7703617449515,9175.536985258937,10048.414580414743,219633.06332086454,4825.306791093494,4396.608149453057,8662.816645875064,8484.465246123831,12636.538631499232,30988.432169703556,49442.727145395,29173.034270990735,35144.79191125933,35878.34235947107,1307.4601027127442,124.36748778379153,126.58181647243953,130.174873210083,126.85697353633999,127.47460372511433,122.00104386626052,127.95430601513671,133.4602377208655,141.18895448175144,147.39980590096175
2034.0,41925.56529956412,826.9917138717268,1245.1403300628176,1880.732001097283,2097.024474273133,2791.599759084038,4427.070998447887,5579.3018289376105,5627.121698138117,8410.725180047346,9039.857315604208,213784.6814147486,4781.7428908877555,4356.8216776951385,8569.026555754062,8390.951459673992,12482.939047720783,30167.978089486034,47945.516133353005,28476.640998404015,34197.610221288815,34415.45434048499,1301.2885414380235,127.02549559693718,129.22769844907904,131.18139315551758,128.027855727521,128.54213607822703,122.4730898861332,127.59526494580078,131.42554096817105,134.4416061338749,141.3484604967618,37714.042029490265,684.9993422014373,1093.813057116152,1628.5344582031892,1796.2623142406978,2440.6078203238526,3810.9758289800043,4610.760529267531,5149.159134209971,7961.90880095738,8537.020743990106,201133.87569949648,4409.859550231197,4158.595181710411,8033.358405569813,7859.1915335390695,11748.408793365106,27430.226243038163,43070.0859012855,27195.586402693876,33563.6685825887,33664.895105474614,1344.8567570653918,135.17388909379957,137.49192009955524,137.864820397583,134.71714800331776,133.5095110552678,126.2017393606081,129.99718668115233,134.67866836408507,132.58880853467608,142.6330654753468,34044.39430278963,609.9319309504173,994.0829331952023,1442.2447665806071,1594.0644635102283,2192.32564150437,3460.405558439191,4086.6999962837826,4728.351900221647,7201.928784643273,7734.358327460895,192057.01448472225,4219.619524741294,4030.000301308621,7617.855301824376,7506.742392447813,11283.145240303993,25959.786881391476,40504.79549780175,26217.90240118437,32382.095832991556,32335.071110726967,1379.2211976855365,144.93918755092048,148.71715958046912,145.4121083239746,142.63846366114413,139.2099975673094,130.4519683936255,132.13548623242187,135.70545026673744,123.36537604252528,136.64600006640876,37770.20971599194,555.9876667245268,935.1524241928118,1559.339844264617,1726.2699755879078,2355.6272363134913,3778.6653566290543,4629.914738587159,5168.157442263248,8241.909295662432,8819.185735766663,200725.96526250613,4045.270491719417,3940.0145517255564,7830.001877982376,7707.610304496555,11570.070399780267,27353.18991196179,43067.10457565,27265.953871131413,33881.0817445508,34065.66753350789,1321.873969581452,136.05800318382072,145.5403036508696,133.06581023815917,130.68919441296774,127.87753988131665,122.25559416538954,126.22704279296875,131.51213768233555,129.1688019821024,139.47954159152198,47523.94804188219,943.0954001425054,1402.4337298584605,2121.976719616739,2368.9258553084155,3121.204659809626,5009.638382515,6435.64252660431,6301.009237501814,9432.163052642263,10387.858477883148,228710.55065526074,5101.287784366709,4576.972998687619,9115.520158845,8902.174084981523,13156.09281216763,32730.59917611107,52437.481950506,30229.111212842097,35692.51792314158,36768.792553611565,1312.3418443732164,124.95996096064758,127.72187310905456,130.64530562261962,127.35991500773328,127.78238350828981,121.91995312943767,127.5653898840332,133.9629982858898,141.82968629935692,148.59437856615386
2035.0,43471.390433631364,884.0733355921501,1323.5657453072156,1994.6488427252295,2225.4388556756658,2946.020082537897,4611.700771859716,5831.952998674747,5824.020024845496,8571.197648558167,9258.772127855274,220940.99525728202,5017.56232990098,4510.568718407053,8953.525145077438,8744.84020127931,12920.883013811337,31572.070871098735,50350.350505437,29302.433600295448,34552.986014535934,35015.77485743879,1305.5124104124743,127.74558885531235,130.47267859651018,131.6807444206543,128.56969309524757,128.89162684454345,122.42293693180203,127.20730362573242,131.78081785828914,134.63274010098363,142.10828008339942,38711.237652889286,717.9180168493899,1145.8693198285112,1702.5808765314036,1877.038869309596,2540.980844100873,3918.4924626988272,4748.491472952856,5285.8724409719,8075.39529390136,8698.598055744702,206113.6508614544,4562.805877795998,4265.677171769144,8306.729646923875,8101.856527060716,12035.508343003727,28383.47904843045,44687.8328279645,27802.29629437434,33825.78344945302,34141.68167467855,1351.5311852346679,136.36725884102057,139.26389413709973,138.74014001245118,135.64153366612803,134.1409680124283,126.34088371938347,129.7063434255371,135.21489966514153,132.66067554008723,143.4545882153909,34635.03505109802,630.479008957023,1029.325357743199,1488.5638028827523,1644.431562192167,2256.3380668268187,3524.1236633056087,4162.198913716035,4818.313932954532,7249.367639101139,7831.893103418681,195587.7283855596,4329.568221519007,4106.597820857664,7808.559688649563,7677.397215633522,11476.716491008567,26665.961258228635,41701.100403825,26669.201374916727,32496.456473901675,32656.169437019154,1388.097837301553,146.77208002631758,151.2693374763124,146.74998242529296,144.05420984539663,140.18542399554156,130.84060523788023,131.94534545239256,136.31097818764937,122.87446765119886,137.09540700357078,38786.715032742766,570.5271167103257,963.0722345837735,1626.0478710449195,1800.0743646327724,2448.8492296029995,3886.563164045548,4773.233787620299,5313.172859631056,8389.918119490681,9015.256285380452,205722.74819997477,4129.427529025879,4001.7482167245503,8075.445567369376,7930.842465960438,11837.636310656611,28313.418549323218,44712.5987677265,27902.44632234545,34203.42310035554,34615.76137048721,1327.2153150190313,137.3496416215801,147.88736153535436,133.61846713488768,131.3424865066571,128.15939866200495,122.14991665576291,125.72513415771483,131.8505708072921,129.03101623684216,140.101321700935,49729.764340204405,1020.0839427429408,1507.3126489632093,2272.3701933826064,2539.3780380652106,3324.524804536511,5265.243158917684,6786.1500857194305,6578.503815656313,9696.299079763767,10739.898572456717,238239.12809257297,5406.718668366995,4778.6003370104145,9603.849802276438,9356.966542386932,13726.341102274979,34540.11425507852,55538.993888039506,31341.312193863352,36258.49491125299,37687.73639202267,1317.2845779168824,125.56019514883518,128.87633138664484,131.1178272229614,127.8664500235424,128.0916478141594,121.83990220507002,127.17769399658202,134.47248280286064,142.4788980359354,149.8031492802912
2036.0,44833.04283767253,940.6575542320699,1403.4704725170825,2102.1795754084014,2346.156003887809,3088.8559638022803,4763.678333203469,6025.457212834834,5992.7193678047215,8718.35125639425,9451.517097587535,228218.6672911654,5272.422742137938,4679.0228681875815,9357.435658976625,9119.661511355112,13388.161145737806,32981.09716752621,52753.050028801,30144.018970923546,34908.61400684553,35615.18319067407,1308.1439946024223,128.25579128137588,131.53082337845635,132.01307989587403,128.9437800467494,129.0794143172245,122.20416711010789,126.6315418720703,132.00615262960076,134.74321490773724,142.73602916322588,39615.477228704345,750.9449268260785,1199.6713954817706,1773.5716219093317,1953.9130364580549,2635.6368571223034,4009.9378071262395,4858.181214805034,5409.113909628861,8181.302535518272,8843.203923828407,211093.68775331147,4724.853787768618,4381.542087245623,8589.074901930626,8354.509419850197,12337.559793648195,29322.752882299286,46274.366826994,28414.785821901063,34083.28998998258,34610.95224169137,1356.6317514123436,137.3611944259529,140.863884162781,139.46236448571776,136.41054518391405,134.61480350430344,126.3092166684382,129.2145317902832,135.61894823621213,132.6390988080673,144.13716414667368,35114.199963851126,649.7277269700454,1063.9878696253493,1530.0008042936108,1688.4417688861104,2312.348815476532,3572.3960715187814,4213.325241066187,4892.554054434754,7281.192295514175,7910.225316065742,199007.4861085448,4442.848294003917,4187.5948848403505,7999.344033298563,7849.802246143786,11674.70503685601,27341.038473941735,42839.050142694,27114.413266642252,32596.45837636214,32962.231353762,1395.5107256498109,148.41099860285567,153.67910441510963,147.98071934301757,145.34874067706303,141.0161954235592,131.07280729704308,131.55741961743163,136.79387971236815,122.25251011137294,137.39835044999003,39664.08824474226,582.7729873093167,989.5174080320348,1687.796519333971,1867.935412667992,2534.1241186282373,3975.018516544899,4883.986329951186,5439.373783422678,8521.79845689656,9181.764711955355,210703.22626392104,4214.321987034016,4066.2561811842534,8326.944924824687,8162.0410999363,12118.356948274612,29258.809031427965,46326.1390161145,28546.361471599852,34523.779935273575,35160.215668251236,1330.815804413648,138.42939305121612,150.0827335063145,133.99038876208496,131.81329495772076,128.25820528637504,121.8500396124885,125.00531149560547,132.03828878605628,128.78181307184124,140.5663358839451,51683.66538722337,1094.9181219113013,1612.1915072786453,2413.0468890234097,2698.4663499178187,3511.695925176083,5473.585946432703,7051.078800151235,6820.195441273792,9948.058537855444,11060.42786820292,248027.67162240247,5739.147823109457,5000.678212500604,10121.09307072875,9842.606513075187,14338.707951790508,36371.405192874256,58663.3942338595,32488.017770922914,36839.26519808497,38623.35565545649,1320.6634776332817,125.94819540757369,129.84271165943383,131.42443444580078,128.20555123922992,128.24073341584634,121.59222049720597,126.60316665966796,134.85552011980187,143.06476548008155,150.88617870863962
2037.0,46246.97128649115,1001.0117945326854,1488.3005163495532,2215.532169265444,2473.4899897300334,3238.793752581861,4920.6715758294185,6225.379550542395,6166.560380783603,8868.255787931988,9648.975768944147,235631.12013206325,5547.45247217631,4862.956346980729,9781.79930929275,9516.42690230989,13885.95409498312,34397.22167931025,55157.483027629,31002.246485118358,35265.00638676913,36214.57342749376,1310.8156495357555,128.7719575615158,132.60131694244885,132.3466335723877,129.32015678124193,129.26823067077302,121.98690162356687,126.05834501391601,132.23529636542634,134.8576712976389,143.36913970684014,40546.08526259043,785.5999061048249,1256.0743334419874,1847.533692121818,2033.9900656615757,2733.902795811309,4103.537081033676,4970.404750543986,5535.454148482419,8288.926194043193,8990.662295345575,216082.31776975645,4896.3786610571115,4506.503739376375,8880.852436541563,8617.530996122,12654.903383398723,30249.59835122603,47832.5491576735,29033.62159975415,34336.805351400675,35073.57409320625,1361.8010591468492,138.36797024121856,142.48649701267863,140.18911889331054,137.18573069185845,135.09143915261365,126.27940131883287,128.72459963378907,136.0286885734551,132.62176045819902,144.8258531708932,35603.49631962413,669.6314788347464,1099.8598322332532,1572.59184857717,1733.6664008572782,2369.8170453745433,3621.427256969459,4265.079400893452,4968.25442397775,7313.465029313768,7989.703602592645,202325.42955860504,4559.593270189703,4273.097820032225,8190.49785080775,8024.167772425015,11877.243993928701,27986.94908154885,43922.189792567005,27554.247644259405,32683.11257527582,33254.32975757072,1403.0506031480902,150.07587448927114,156.13234668735836,149.2232535753174,146.65764286894236,141.85398367622756,131.30877941428946,131.17063038598633,137.28511921589325,121.63672802532625,137.70624480947805,40564.16198201413,595.3621299582364,1016.7367263378028,1751.8917676419,1938.3962301872994,2622.46057437878,4065.5030317210512,4997.309614288269,5568.801098029382,8655.969605129185,9351.731204342197,215675.18138135702,4300.085058064647,4133.604827542343,8584.875196778188,8401.526253547841,12412.537071244502,30190.943771257796,47910.678079085505,29198.323239704867,34842.703243935335,35699.904640196015,1334.5080143993564,139.53040348955153,152.31844664629054,134.3640151705322,132.2892611926827,128.35812385884856,121.552521381289,124.2896265036621,132.2319301074035,128.5368789229517,141.0368071261445,53725.26866198822,1175.4335607904598,1724.4957209281142,2562.46937520182,2867.5926038527064,3709.6152033781873,5690.182404684331,7326.349201000787,7071.021505492924,10206.712596104613,11391.39649055426,258097.30117142154,6100.504081966018,5244.533279492485,10669.018412931813,10360.88609466625,14995.338749769007,38227.637342890346,61816.2045747505,33670.82669026472,37435.40595712103,39576.94598756938,1324.0945471455564,126.34197935728835,130.82074008628797,131.7322267055664,128.54703735344577,128.39064643330715,121.34606738149904,126.03120804296874,135.24439545663824,143.65868093978833,151.9815653887664
2038.0,47715.5291440119,1065.3948283204686,1578.3657856929565,2335.0224601652317,2607.8052901616384,3396.193039920758,5082.848976151234,6431.937012695483,6345.706198101108,9020.966179934125,9851.289372869034,243192.05376394492,5843.868904376006,5063.202398557133,10227.711485198375,9936.221250748224,14415.520038784192,35822.55838749133,57567.478268138504,31877.981615625435,35622.66408521544,36814.84732981033,1313.527712390859,129.2941540957546,133.6843424773352,132.68136647851563,129.6988027860375,129.45805844714164,121.77117900404953,125.48777171728516,132.46827935268254,134.97611882712363,144.00763920493353,41503.96984935014,821.9671972577103,1315.2079013380037,1924.5916489934425,2117.404952795562,2835.918748403218,4199.343063771642,5085.2199191202835,5664.976339766071,8398.297783727185,9141.042294177143,221087.81523045045,5077.773901168456,4640.900535772171,9182.535601155938,8891.32071172824,12987.91915688675,31165.53497495287,49365.167595732004,29659.35964464817,34586.91127438557,35530.391834020375,1367.039949212722,139.38778638760948,144.1321360057261,140.92041447070312,137.96717129145694,135.5708847240467,126.25146459631634,128.23650022314453,136.4441855322405,132.60867542247152,145.5207305590068,36103.17703161505,690.2141495378072,1136.9848866551545,1616.3678464657387,1780.139225492984,2428.7823190414497,3671.230160244777,4317.468596656862,5045.447814248594,7346.1889528553,8070.353080416414,205550.2461162294,4679.952632486832,4363.218737011895,8382.3164944585,8200.700103929517,12084.470650677136,28605.503263470764,44953.801047623005,27989.401150938058,32757.389679491997,33533.49235614164,1410.719122216589,151.76719456629561,158.62991846867965,150.47760341516113,147.98109284407167,142.69886914495896,131.54849280137825,130.78494740356444,137.7847853451746,121.02704039872121,138.0191778285836,41487.59170496898,608.3050693642399,1044.7544637567885,1818.4212008880847,2011.5567191542757,2713.97125681718,4158.063930766823,5113.261043210897,5701.543846785465,8792.476273136419,9525.237901088842,220646.22660085748,4386.843563543181,4203.865305312153,8849.607871957876,8649.631374037537,12720.50646633442,31111.352288321188,49469.06185532601,29858.947912583197,35160.71632879095,36235.69363465094,1338.2932209964902,140.6530469106674,154.5953338734796,134.73924347167969,132.77044732419884,128.45917077251767,121.25736202511334,123.57801660766602,132.43157000611532,128.29621993202161,141.5128100730307,55859.025241311836,1262.072626649606,1844.7600160964962,2721.182227636902,3047.3934701861303,3918.911460515539,5915.362898896245,7612.366020024099,7331.33415241731,10472.460343642466,11733.18202524695,268469.75051583635,6492.886427932008,5511.608307649901,11249.518116279001,10913.723251802845,15698.53624441279,40111.963606138976,65002.792264317504,34891.377279000226,38047.520096084416,40549.82492221861,1327.5782974232334,126.74152651816749,131.8105715670011,132.04114952270507,128.89094492413147,128.5414351861267,121.10149511021255,125.46184401293945,135.63914635766136,144.26073927470875,153.08944494957936
2039.0,49241.18073763684,1134.083479210813,1673.9963379886467,2460.9848454356834,2749.4870238729845,3561.4334574105187,5250.379127141317,6645.347913151745,6530.32503422988,9176.54110629846,10058.602412896931,250915.40621982093,6162.987098202235,5280.668489215704,10696.336237521626,10380.187544349123,14978.194722901466,37259.23377830811,59986.71923917151,32772.08783310026,35982.07975145684,37416.91152559413,1316.2805257064867,129.82242810066603,134.78009178160332,133.01732877893065,130.07973314383761,129.64892726798058,121.55694966529965,124.91978255371093,132.70513089173434,135.09859747420023,144.6515560485232,42490.070467924306,860.1353832968468,1377.2082988587629,2004.8746117518733,2204.29743860805,2941.8305879001173,4297.406982338589,5202.688095404136,5797.764788942737,8509.448939576761,9294.415341246415,226118.3932981271,5269.471710413347,4785.103066230999,9494.623520755376,9176.297438565765,13337.003661240638,32072.025472736987,50874.891216520504,30292.556971895276,34834.18426101326,35982.23597875512,1372.34911914005,140.42082182602118,145.80118229169153,141.65621916748046,138.7548863841782,136.0531575651903,126.22537419333219,127.75026911083984,136.86547734222293,132.59987267155026,146.22185858754324,36613.50871326997,711.5005199571092,1175.408267573336,1661.363053062557,1827.8951493715786,2489.2851389841185,3721.818893849099,4370.502097329462,5124.167270295856,7379.372259658079,8152.196063188775,208690.3476054712,4804.072315551521,4458.080949912586,8575.082095400563,8379.607203634912,12296.52430666096,29198.441519770662,45937.083476968,28420.534393270143,32820.2081748623,33800.713169439514,1418.5183733156537,153.48544245086478,161.17269959389853,151.74400892236326,149.31927671790473,143.55092977311944,131.79196435081576,130.4004379572754,138.29296307393687,120.42343971083879,138.33721076463604,42435.05561549405,621.6130644292621,1073.5955130523448,1887.4787682054616,2087.520844820199,2808.7729510836807,4252.747164962701,5231.903474518196,5837.692042546786,8931.362554441255,9702.369237434199,225623.79801630485,4474.724192101487,4277.114265899554,9121.535876514063,8906.70142391013,13042.603467826846,32021.503281669357,51003.98451633751,30528.855329658596,35478.33924343236,36768.43641895498,1342.172909547655,141.79777450743484,156.9142260838108,135.11618046765136,133.25690840558204,128.56135874189854,120.96450138999009,122.87049602001953,132.63725000060003,128.05981843003082,141.99439550063693,58089.64077569651,1355.3147100585188,1973.5585837305393,2889.7655313298173,3238.5460298615667,4140.249150149276,6149.466533113334,7909.548915393362,7601.501663723573,10745.508643179372,12086.181015157148,279167.5329057495,6918.572522438494,5803.478482995937,11864.602518636939,11503.167637674364,16450.751740350017,42027.51058694339,68228.51488912251,36151.35152648928,38676.2170127941,41543.365988304504,1331.1153588295988,127.14695048000335,132.81239985745333,132.3512209373169,129.23729437535275,128.69308154976795,120.85847016190337,124.89505063916015,136.0398440811689,144.87105845339298,154.2099882940793
2040.0,50826.51716910854,1207.3745622692627,1775.5432194957423,2593.769047585514,2898.9418912140986,3734.912620469702,5423.442194151349,6865.838917895754,6720.590234465076,9335.037813227884,10271.066668334279,258790.35612306694,6505.395662508058,5515.931144317597,11187.802872265001,10848.288957050716,15573.295787920279,38704.26059668469,62410.123383099,33682.228667537376,36343.13251320716,38019.89653847706,1319.0743684688543,130.35686970822906,135.88873713716984,133.35442564074705,130.46299813342534,129.84081840183353,121.34425583875775,124.35434386352539,132.9458685066311,135.2251185120573,145.3009327264781,43505.3659764234,900.1980016151823,1442.2184444414029,2088.519990325582,2294.814379066241,3051.790288203716,4397.783010627678,5322.869278511916,5933.906992298193,8622.412648039062,9450.852943294407,231171.38119863623,5471.679526191572,4939.413436934332,9817.158950917437,9472.373878116923,13701.693641772395,32968.36426996962,52360.63614679551,30932.212360201378,35078.93757984339,36428.91140789372,1377.7295243957503,141.4672776491375,147.49399879638815,142.39668625048827,139.54897477174217,136.53829543124436,126.20114564721798,127.26587278881836,137.2926250499827,132.5953694155922,146.92927859513867,37134.76178687401,733.5162124830674,1215.177249290779,1707.6104930734234,1876.9701981101227,2551.366985398258,3773.2114020939307,4424.1870089932845,5204.446980097297,7413.017769553737,8235.257487780305,211744.35123808702,4931.887819910979,4557.713637352212,8768.6993302135,8560.620276313579,12512.797928147127,29765.83501009266,46872.438092873,28846.65488741561,32871.94444184355,34055.75981392489,1426.4501069352384,155.23110778142737,163.7615941861608,153.0224883630371,150.67238816253243,144.4102268993468,132.03928619568705,130.01704540771485,138.80973594138274,119.82585010550879,138.6603838924402,43407.252425397055,635.2973416095284,1103.2855786388081,1959.1595833326742,2166.397188412831,2906.98650580111,4349.603403,5353.298683757373,5977.339780353922,9072.67464013931,9883.209720351337,230601.00297784322,4563.582445295899,4353.320056395054,9400.486852327376,9172.462356962122,13378.146852242591,32920.26826923418,52513.667217129005,31206.43472006744,35795.43887587455,37297.19533231505,1346.1484723712415,142.96499150907135,159.27597017034506,135.49476616394043,133.74874930609042,128.66467462781142,120.67395931315684,122.16701991870117,132.84904807483113,127.82767273011159,142.4816205571822,60422.0773001623,1455.6769594022803,2111.5069450167034,3068.83645797437,3441.769185890737,4374.33212662419,6392.847036114658,8218.334394933832,7881.9045083116525,11026.07015012288,12450.799535771013,290178.73904510296,7378.689797454571,6121.146112952134,12514.860083486938,12129.617132798725,17251.72024332284,43970.33517664399,71486.439026341,37448.03164779852,39321.5462039629,42556.353620341164,1334.706149055479,127.5583111274023,133.82635800099803,132.66247664025877,129.58606120670342,128.84558713843154,120.6169754530711,124.33082258471678,136.4465188733835,145.48974308545635,155.34329494505715
2041.0,52194.85608310046,1277.681987729859,1875.4777928386911,2714.8097496541636,3034.126166230697,3887.8587285564477,5563.436093294619,7030.973126647514,6877.933422916427,9479.413584627042,10453.145430604987,266689.4715883112,6868.396004572148,5767.87372094097,11695.351836063126,11334.00475734152,16191.648071789052,40130.88254933905,64789.784744774006,34593.37039699055,36703.00224832522,38615.157258175524,1320.1836288509014,130.66924485354232,136.78710777257083,133.51087220507813,130.6716035712517,129.85724742812062,120.97021339922904,123.61292223608397,133.03383920790424,135.27263098881434,145.7979471883062,44429.15271851828,940.1048867291375,1508.6303048531636,2167.6576738517956,2379.737639616579,3153.183865978761,4484.568021712697,5420.131355011118,6055.080885560137,8729.809493495626,9590.248591709063,236197.02873485358,5683.752489326862,5103.767965207101,10147.338771799938,9776.824857707483,14078.14706528585,33844.53973920922,53804.569634135005,31571.663134907616,35320.38283423202,36866.04224304253,1381.5244206956863,142.29696013519094,149.00269338131142,142.97778518200684,140.1822737132731,136.85419087470675,126.01965907741379,126.60413806469727,137.5795547575933,132.51004091190384,147.49712459758913,37554.17941326316,754.3030010914747,1254.4675354190754,1748.830941566331,1919.4512657396122,2604.5409571958244,3812.6069709186304,4460.178962905769,5267.6945388400845,7433.711575297718,8298.393664288631,214672.85304065046,5062.578528043367,4661.732905552166,8960.9030893135,8741.323223576275,12730.008876422486,30301.12329496699,47748.7323137145,29261.55294374333,32910.88762085484,34294.01024446304,1433.165210905916,156.81326067409705,166.23225326565552,154.20580066296387,151.92934377776854,145.1471950776143,132.16638106599234,129.48258764086913,139.22342642196702,119.114705941607,138.85025637738107,44235.64624327349,646.8619192766475,1131.783815381632,2024.1133524227623,2237.3121007187547,2993.7944821938363,4428.614377790832,5446.261495343057,6094.5648302280915,9198.927815306177,10033.412054611885,235509.64572782506,4652.3581598436385,4432.020023836783,9683.05419924325,9443.571424208882,13722.465783388656,33795.10414472327,53975.892353355004,31882.27603452855,36109.120651473706,37813.78295322336,1348.3717864657183,143.9189758207817,161.50477133673166,135.67990461010743,134.0581373361035,128.57324569794702,120.19694418757152,121.25979522387695,132.8968597724734,127.48187742929744,142.80127505082774,62480.52131944959,1550.667906686671,2245.5905166539847,3232.386915351015,3626.0451690071186,4582.412630441649,6590.9942143412045,8451.107744174073,8122.052857225062,11296.505327672177,12782.758037896485,301323.19561608305,7868.718036604726,6462.578339729318,13191.025838958125,12784.075611481298,18089.154408116763,45902.04224554027,74707.726496742,38760.4536810382,39980.796932045494,43576.624025826815,1336.6748222031147,127.74640151866436,134.6295114286642,132.7944731472778,129.76066917146196,128.82427322878027,120.21518980097389,123.5915304345703,136.70517546201793,146.0639499692497,156.3436480414542
2042.0,53609.46750226711,1352.2792063212864,1981.1660637548675,2841.5221512605285,3175.6548686938013,4047.2040123948764,5707.076739584317,7200.079253883768,7039.123195672165,9626.26705926779,10639.094951433854,274627.5985408269,7253.2669813327075,6037.45493630318,12220.065209505063,11838.306920931844,16834.323424650993,41541.51483905609,67130.01063420251,35506.55196160158,37062.26519080214,39203.83844244102,1321.3282514312364,130.98599431392668,137.69530528981352,133.6678324025879,130.88164771909314,129.8743862316351,120.59850202489162,122.87592148388671,133.1251118285309,135.32431834519625,146.2992317916746,45377.92206546239,981.9173500270936,1578.1896171001365,2249.804131662417,2467.8394348829415,3258.0149735866044,4573.102683848018,5519.170070807716,6178.924183476265,8838.844265783247,9732.115354288047,241204.48998522936,5906.149836571301,5278.600231548412,10485.679696352938,10090.064624677294,14466.755474319962,34702.232426533614,55209.729927589,32211.615248342114,35559.084123070206,37294.57839622452,1385.3795532278389,143.13692385163878,150.53139412416385,143.56213961938477,140.82027662532226,137.17194588798714,125.84045715632533,125.94584011254882,137.87139899565994,132.42924086227274,148.06993599253522,37981.68287584207,775.7614660548838,1295.0663950562996,1791.0467811075348,1962.9166490396624,2658.8815874961497,3852.548739329008,4496.463600793402,5331.98378930078,7454.724167805691,8362.289699858717,217485.42640386705,5196.312635275135,4770.276630131899,9152.020832799062,8921.961274275593,12948.357727451421,30806.28101125915,48569.506759460506,29666.097350682536,32937.99283179929,34516.61935073245,1440.003097582212,158.41916319206047,168.7455108629019,155.40001821154783,153.19977955094623,145.89017977008868,132.29724931928754,128.95031114160156,139.6451817852864,118.41091702212142,139.04478672636972,45082.39213042654,658.744023030668,1161.0677230562135,2091.2218837316664,2310.5678110917684,3083.27126703327,4509.077325029217,5540.838722468496,6214.282715654295,9327.143532585515,10186.177126745384,240358.64806613847,4741.222364467452,4513.302225523223,9969.6407193465,9720.371151657118,14075.912606797836,34647.780722407966,55393.955112048,32557.182440005883,36419.98441299686,38319.29631088763,1350.6870435836029,144.89298985306547,163.77317417789362,135.86608293554687,134.3719518355703,128.4829412473421,119.72353451512599,120.35931205664062,132.95049133499262,127.14094196386957,143.12562366355573,64619.777578807974,1652.1239441098417,2388.347731083956,3404.695560085147,3820.2425770969567,4800.555061637454,6795.375518618852,8690.473470720015,8369.71396883432,11573.979898439356,13124.269848182064,312622.51770765934,8390.805888344956,6829.366429769717,13894.886775056251,13468.2478627606,18964.98081612327,47825.83731823549,77897.8092294185,40090.253050600055,40654.668057165785,44605.66228018471,1338.6920827967172,127.93896884082126,135.4420158429527,132.92716743530272,129.9369379256457,128.8036230307784,119.8158504492638,122.8566236052246,136.96903203058278,146.64658804273844,157.3552755934068
2043.0,55072.244958107876,1431.4375893228525,2092.947385776344,2974.176234661803,3323.827901627637,4213.22209810334,5854.4618025659865,7373.2533466974655,7204.25860297912,9775.644447471972,10829.015548901629,282619.44521879096,7661.369995153207,6325.697718572803,12763.04607956025,12362.207388306771,17502.434125474454,42938.49367934384,69434.886659133,36422.786923184154,37421.4851474826,39787.03750257992,1322.508596995642,131.30711822754287,138.61348327974105,133.82542704211426,131.09315550139695,129.89227212150334,120.22913008325862,122.14332441552733,133.21972340963902,135.3801830825796,146.8047798323389,46352.48750532958,1025.7308260042385,1651.0498081882408,2335.074315653957,2559.2395336721133,3366.4024476343197,4663.421435169242,5620.01886603146,6305.499737263184,8949.544425732163,9876.506109980817,246202.73223297406,6139.360199801313,5464.366786931254,10832.704546580251,10412.514416219852,14867.923986886079,35543.036277481326,56579.036558370004,32852.749606595266,35795.59305060427,37715.4468035044,1389.2954195539485,143.9872540775089,152.08040659257077,144.14979094848633,141.46301990674036,137.4915874402876,125.66348063232421,125.29096792016601,138.1681912427423,132.35297615823984,148.64774463488232,38417.46545340673,797.914724860231,1337.0188813473287,1834.282445080768,2007.3892190792917,2714.416274994456,3893.047497983686,4533.044011548062,5397.334747984337,7476.057985319933,8426.959665208658,220191.21654182178,5333.2543724756915,4883.488795635288,9342.388206962938,9102.768201888666,13168.04604902682,31283.166141765712,49338.1472221735,30061.121278038325,32954.15219151049,34724.6840823443,1446.965405278029,160.04917129887008,171.3021967321341,156.6052723276367,154.4838223681479,146.63923855248402,132.43190880924104,128.4202446274414,140.07508480581913,117.71440881070518,139.2440569455495,45947.95861345759,670.9533537227152,1191.159998981081,2160.5557539020415,2386.242534846286,3175.5004130259113,4591.019068984767,5637.059572997037,6336.55151445258,9457.356272004903,10341.560130540196,245156.6513142942,4830.334351248476,4597.256741823107,10260.669838253189,10003.208739294398,14438.834351338204,35480.03318286155,56770.9585351485,33231.94615132156,36728.61307660397,38814.796346401265,1353.0954146503623,145.88739278836823,166.08191626254987,136.05324116967773,134.69028449934595,128.39374005047273,119.25370158111787,119.46553298168945,133.00998706399494,126.80485108944225,143.4547671637032,66843.49220297909,1760.5024922026068,2540.35003647975,3586.2283406028646,4024.897392579977,5029.253377788309,7006.188607026927,8936.618739030633,8625.129227280975,11858.686907866115,13475.63708212097,324098.71417611354,8947.247468698175,7223.222528036935,14628.296718957376,14183.930967818544,19881.236713929087,49744.805587361225,81062.072768419,41439.08270377859,41343.87562477704,45644.94309433764,1340.7580986393234,128.13608036637686,136.26399169090462,133.060389017334,130.11485529836082,128.78363699617623,119.41892923333573,122.12607863452148,137.23812242778342,147.23774746153737,158.37826751299298
2044.0,56585.16069298618,1515.446721546359,2211.1804390356806,3113.0499622155285,3478.9576367379063,4386.1963885696605,6005.689408745697,7550.592471904269,7373.43867103816,9927.593454093625,11023.01553909939,290679.7368583984,8094.155918641274,6633.698559718542,13325.434124635438,12906.756947640099,18197.149779235937,44324.02044092539,71708.39364200851,37343.0707061483,37781.20313376382,40365.853605680786,1323.72467118404,131.6326611442337,139.54173605420254,133.9836000875244,131.30609264177158,129.9108718160591,119.86208020406532,121.41509043310546,133.31765677206724,135.4402435885558,147.31463844245494,47353.697494870044,1071.6467329578434,1727.372164544132,2423.585782464167,2654.0623294760258,3478.469170210261,4755.560835675222,5722.709790508285,6434.871525667274,9061.941559635308,10023.477603731662,251200.51260302463,6383.900178873992,5661.561689800472,11188.956835928064,10744.611269860072,15282.072683245506,36368.46267371068,57915.2206143275,33495.73957846747,36030.44043455942,38129.5466442515,1393.2725357020163,144.84814693727301,153.65005448237298,144.74066569018555,142.11053256025505,137.81312007512904,125.48871968881774,124.63948102563477,138.46995398486874,132.2812916339407,149.2305696235386,38861.71888973709,820.7873540973183,1380.3711381177961,1878.5619513945337,2052.892960769828,2771.1716201624686,3934.1148677899278,4569.921560589149,5463.76752944203,7497.714221508764,8492.41568586515,222798.9659443251,5473.57602249204,5001.521356776408,9532.303815174439,9283.978453089914,13389.27630327832,31733.54281393142,50057.8550757275,30447.424205418512,32960.22431270264,34919.263585734065,1454.0537036233488,161.7037373017292,173.9030950494306,157.8216387010498,155.78166924016344,147.39441220855952,132.57039660676145,127.89235478393555,140.51320896700426,117.02509347494173,139.44809728977333,46832.814486997726,683.4995465485623,1222.0842556847663,2232.187866943561,2464.4160107718053,3270.569103621085,4674.4673533591695,5734.9509903867975,6461.429300871748,9589.601145370601,10499.608913439635,249911.92825681035,4919.859143342215,4683.979263380799,10556.55132627925,10292.429837579424,14811.588939021944,36293.47250407093,58109.8725953905,33907.32309739124,37035.54783643806,39301.30371391591,1355.5978985876172,146.90248280359458,168.43176382694315,136.2413266484375,135.01316446828906,128.30566841554975,118.78742733845687,118.57838581103515,133.07538176806435,126.47358915410852,143.78870835313845,69155.51688369016,1876.2940919488228,2702.207081686583,3777.4860556570334,4240.576043152735,5269.024983021123,7223.643489330279,9189.736224034092,8888.547050625279,12150.827285953525,13837.174578280674,335773.864559907,9540.49477931226,7645.988947669043,15393.205487166751,14932.992731761227,20840.042063351077,51661.948369261496,84205.54397913601,42808.5651805907,42049.13125205317,46695.95176960533,1342.873561152241,128.33778475684642,137.09556242184115,133.19429714160157,130.2944565282062,128.7643081436467,119.02447418931388,121.39989940258789,137.51247489268442,147.83754241598987,159.41276125952302
2045.0,58150.28423501024,1604.6155718645055,2336.2469083964875,3258.436792744388,3641.3728385652644,4566.423459609092,6160.858194671338,7732.1959142128035,7546.7664498704335,10082.162368606012,11221.205736469818,298795.9249184122,8552.046375939784,6962.001607976123,13906.966485792063,13471.593589532038,18917.454540817056,45694.893402748006,73945.1457327915,38265.17833334613,38141.057963552754,40939.58688591673,1324.9767577719729,131.96267796123885,140.48024165642283,134.14235895397948,131.5204986907969,129.93020055971766,119.49731120460844,120.69119412890625,133.41893095361715,135.50451210958767,147.8288315530976,48382.43407232687,1119.770768123421,1807.326190245594,2515.464136445951,2752.437486759782,3594.3425751192294,4849.559060868678,5827.277808914488,6567.105226272457,9176.06273654453,10173.08808303261,256194.43007955814,6640.00898344602,5870.558619391594,11554.397220069313,11086.212574324567,15708.723712124973,37177.57735920244,59216.770426777504,34139.679299905234,36263.66204649311,38536.83983782339,1397.3116359001765,145.7196930789013,155.24066296107293,145.3348935081787,142.76287236410147,138.13656107433223,125.31618304725409,123.99140470703125,138.7767259582941,132.21416514381932,149.818474057191,39314.6493740758,844.4046583482033,1425.1713867394851,1923.911502035975,2099.4524843182494,2829.1764326461234,3975.76213047672,4607.0984621074,5531.302503458329,7519.6974819130655,8558.672332032187,225307.4527826336,5617.2381700818705,5124.438771844305,9721.693801027,9465.356219564368,13611.585328492925,32157.40177140133,50728.7778277765,30824.23330917955,32956.3759119108,35100.35167135506,1461.2697442121596,163.38328272621345,176.54906700881887,159.04927981237793,157.09349972722475,148.1557890595417,132.7127087008095,127.36660759545897,140.95961588979924,116.34293701279162,139.6569566791235,47737.447363606356,696.3930843691124,1253.8647749612965,2306.19603973904,2545.1713611396067,3368.5662182417686,4759.449962486654,5834.542293327244,6588.976443202423,9723.911342681306,10660.375843457941,254617.55088358655,5009.696679401739,4773.47619195737,10857.079645554939,10587.720728430639,15193.516734520817,37086.81458996126,59408.6202119355,34581.87401384375,37340.4859432253,39778.26614475515,1358.1958511063585,147.93866437825966,170.8235275433862,136.4304374743042,135.3406698353814,128.21870884749174,118.3246801308639,117.69782431469726,133.14671309816754,126.14712480378056,144.12750068002617,71559.87914815747,2000.0240404184253,2874.569986603889,3978.989256015255,4467.874393970439,5520.41335657703,7447.948952531586,9450.022706602074,9160.22425030717,12450.604766311408,14209.207438820287,347633.8631553251,10171.471297812705,8098.659866549462,16189.691312780877,15715.310022153833,21840.504402629398,53573.12303752537,87321.279012913,44195.87727647956,42770.278011457456,47757.66891502343,1345.0385591593413,128.54405549122046,137.93685147160934,133.3288059781494,130.4757332687695,128.74563066034554,118.63241198875522,120.6780247446289,137.7921112985469,148.44605635996007,160.4588778973559
2046.0,59458.39010950288,1688.2940203564158,2456.495179880427,3386.5276721346363,3785.087533255996,4722.803083506152,6278.240419847919,7852.582954393133,7687.028722468782,10215.332814322059,11385.997709337442,306834.1980899519,9030.898545937163,7308.565552011516,14499.06638417625,14049.023562333417,19653.61579018953,47024.0709824392,76097.37072732051,39174.66806125912,38497.0510023447,41499.86748194044,1324.5324755695717,132.0795511218071,141.20137187573766,134.1076653383789,131.5496585938061,129.76835186956453,118.97613639272069,119.80699612475586,133.3575047649424,135.48881983169412,148.1964196561643,49301.020663491654,1167.464545365348,1888.229067492089,2601.0406574948843,2844.089807419341,3700.727851151193,4927.218806745658,5903.874954645646,6684.498898386464,9278.980009241643,10304.89606554947,261129.93464761708,6906.855066724498,6091.155467725219,11925.7979514945,11434.398467372936,16144.036439813612,37959.206017131146,60463.662637815,34778.040125448155,36493.40969601507,38933.37277807694,1399.742269760128,146.38082307689476,156.6408522862327,145.72866932971192,143.22876762557922,138.28333582674503,124.99179483887981,123.18324239257812,138.9439284431597,132.07871529764986,150.28214064269696,39660.18752835868,866.7859114521783,1469.6779115919892,1963.8027114340866,2139.566800123171,2879.0440872129534,4004.323162342007,4624.160497778016,5583.615003103676,7525.201994034195,8604.009449286244,227677.90082689637,5763.4470682632,5251.937784968621,9908.460201121501,9644.735326631426,13832.246936336533,32547.903568609883,51339.045273636504,31185.901447412223,32940.323119741945,35263.90010017443,1467.3610222061104,164.91533177613258,179.07701624099016,160.15760228381347,158.29442632620507,148.80334679024028,132.75527883753944,126.72979978100585,141.3149671231684,115.55755650975942,139.75569653725574,48484.615851237715,707.3811390759641,1284.816674819557,2371.9700929413584,2617.1607923797633,3454.6690829015774,4824.206486169106,5900.614344242797,6694.6806263759845,9837.343347286784,10791.77326504481,259203.8235041426,5098.976880854842,4865.417526144057,11158.668102663063,10885.720136144437,15580.136235325443,37846.69715975218,60643.31641127801,35246.49642550524,37639.65102370221,40238.74360277299,1359.0310150148325,148.77334651923752,173.08450685633372,136.40120237158203,135.4646399707106,127.93212536555957,117.67986691863179,116.62595056591796,133.04993733680251,125.71088391679572,144.30855519326101,73650.27002961637,2115.333953017284,3039.5171157794152,4158.610959841303,4670.340120092658,5740.93270167211,7623.679430449707,9631.725022800583,9390.331331132875,12732.877842823946,14546.921552006734,359496.4609356503,10833.758835255567,8578.105098430176,17006.2243717145,16520.10122820891,22868.957891068112,55441.85646177493,90344.758389262,45580.75936496681,43503.31615082775,48818.62314414149,1345.595328964394,128.5369143069725,138.56146817542458,133.27198062457273,130.47241420011272,128.54734435759877,118.08480010883689,119.79649232788086,137.9150647244004,149.02091659492777,161.38793354366683
2047.0,60805.81202140216,1776.59400922834,2583.105875791758,3519.6825543885147,3934.513334838634,4884.656615379308,6397.992612484804,7974.844802521698,7830.073712565108,10350.544631201888,11553.803873002176,314811.8700040455,9532.07603980849,7674.490611863379,15102.81117192225,14639.976133168593,20406.63353005152,48314.544704944004,78170.5208618875,40072.91912382076,38849.84983766239,42048.04798891655,1324.122621466937,132.1998238783493,141.9300415539534,134.07339606420896,131.579885354603,129.60742135573386,118.45846404278397,118.92928180517578,133.29917787476003,135.47754691021584,148.5675826271528,50242.965231591326,1217.358899026845,1972.8675215726485,2689.5427043706686,2938.8283450384165,3810.320925559824,5006.209885700167,5981.4796993695745,6804.194196890985,9383.348755514926,10438.814298547379,266017.4201981709,7184.981423263159,6323.90971485718,12303.728157985375,11789.610533725454,16588.431979920293,38715.258604198236,61659.39276686,35411.68919494936,36720.253823990875,39320.16399842098,1402.2266486238505,147.05001617497825,158.0585150755346,146.1245320895996,143.69799939127464,138.4313809810996,124.67034673328995,122.38036029199218,139.1154905128883,131.94805279169273,150.74995458150065,40012.30376774542,889.859214654423,1515.6164494789914,2004.5204265430539,2180.4658143082197,2929.8411226652843,4033.2701344009624,4641.285015198139,5636.683695498567,7530.934329335247,8649.827565662463,229920.70684955863,5912.395422017048,5384.188886019055,10092.96532665375,9822.391410279773,14051.52114658015,32907.15137387864,51892.4695079465,31533.472340256594,32913.01501004919,35411.136425877914,1473.5706597877286,166.46892783525848,181.64647665113878,161.27563607470702,159.50771040573613,149.45606997647857,132.8016990884137,126.09614969970703,141.67843305658755,114.78057203681135,139.8589849628899,49246.05217746355,718.6784141128071,1316.5910780249033,2439.6227997923806,2691.1981542930275,3543.0309589983885,4889.896705190799,5967.436210018705,6802.276835841348,9952.3118330511,10925.009188140135,263681.4155808,5187.891092527133,4959.913938834555,11461.787057183627,11186.796183393786,15971.828419741343,38575.306918206734,61817.9277359775,35902.24435987127,37933.71350018929,40684.006374874785,1359.9618035969893,149.62712817669106,175.38420860335253,136.37283523706054,135.59277206624333,127.64722581736517,117.04036029263162,115.56387196704101,132.95927031942588,125.28014140095615,144.49398971622205,75813.17198507035,2237.658718341876,3214.1474298703247,4346.390083845389,4882.047331188523,5970.394524317458,7803.815553904543,9816.919563933703,9626.504411047485,13022.026526592448,14893.267842028565,371385.37545044237,11529.612282542295,9086.129489654273,17844.548772954,17348.962930007056,23927.12692015075,57271.8207359776,93282.527507085,46965.132027969936,44249.05332981159,49880.461454289645,1346.2010667837974,128.5336852239704,139.19338133499406,133.21577043139646,130.47048482758322,128.35000368854523,117.54083594855713,118.92138634960936,138.04280272038346,149.6047985581212,162.32791770063685
2048.0,62194.030290431074,1869.783819650745,2716.425329148817,3658.1050543088922,4089.878162164809,5052.177682958255,6520.161852786961,8099.0088544227665,7975.9587490191,10487.833207168154,11724.69757880275,322745.856946913,10057.001653007377,8060.954842340835,15719.285101550877,15245.39917546875,21177.50593989568,49569.23544457678,80169.7079780875,40961.24590282243,39200.10031922251,42585.4205899403,1323.7472262831764,132.3235351640682,142.66633234788895,134.03963346386718,131.6111764804982,129.44738120330715,117.94421479077172,118.05797886450195,133.2439236377857,135.47070879985333,148.9423415306339,51209.005771619006,1269.5610434036919,2061.419754390603,2781.0706903601094,3036.75834616452,3923.2204613813255,5086.553129488247,6060.104319398661,6926.240845379255,9489.193491217453,10574.88369043511,270866.9493245883,7474.962153019853,6569.41636893955,12688.74915830975,12152.2931625062,17042.341078676396,39447.53960041214,62807.2300597185,36041.47663381615,36944.74867792872,39698.192431261166,1404.7651057225173,147.72735180301285,159.49392615135193,146.52251101586913,144.1706261567391,138.5807089145794,124.35174716829061,121.58269722216797,139.2914473363184,131.8221913879771,151.22189856621097,40371.14910438391,913.6476292944973,1563.0348700557654,2046.0831967764711,2222.164434453182,2981.5855187088796,4062.61068424622,4658.472697169201,5690.520830766413,7536.895520743539,8696.133722169698,232045.69715965458,6064.273692520704,5521.371204916307,10275.561549881,9998.592015030848,14269.667555985812,33237.1592284895,52392.597649578005,31867.946073474144,32875.325226433946,35543.202963344374,1479.9001466943623,168.04438441412734,184.25827158198905,162.40358184228515,160.73344601230727,150.11399379568434,132.8519736340115,125.4656701052246,142.05006675354713,114.01190427938413,139.96685427580178,50022.07149983228,730.2938863729378,1349.2111854231878,2509.2065173205065,2767.342117715173,3633.7129525509517,4956.53740292151,6035.013595902547,6911.802553454708,10068.838740939222,11060.112547231522,268060.42105011997,5276.625740486089,5057.0751982615,11766.8925857715,11491.3122894697,16368.967877429759,39274.673645472634,62936.17160017251,36550.11457331939,38223.33144396079,41115.25609577607,1360.9890663476494,150.50029432339858,177.7233475540683,136.34526458532713,135.72511784531744,127.36401770529747,116.40616562666487,114.51143859570313,132.87473450095885,124.85485285549116,144.6838327554227,78051.55113447612,2367.4473550013477,3399.04289932666,4542.696645560641,5103.419064366741,6209.164681563042,7988.4750140369215,10005.674521569339,9868.911306284535,13318.23075520183,15248.488891565077,383324.3224529244,12261.407130895273,9624.668160326735,18706.444147820002,18203.516303555578,25016.777201867,59066.66047558599,96140.86744341001,48350.85603622814,45008.305735357644,50944.819817877986,1346.8559649580407,128.5344045363741,139.83268851020455,133.16008987695312,130.4699092580618,128.1535882342143,117.00050443649219,118.0526768251953,138.17535394055477,150.197812246613,163.2789370933777
2049.0,63624.597453831826,1968.1471768975896,2856.819149151686,3802.0033836912075,4251.419215649392,5225.568357660024,6644.801467854475,8225.107324397222,8124.744095148993,10627.23346352249,11898.753819858517,330652.8061753517,10607.189747693079,8469.200158666676,16349.592169030377,15866.256759956494,21967.27378544979,50790.86441008216,82099.842076749,41840.9128445751,39548.42491248868,43113.24931066034,1323.4063476401002,132.4506573110962,143.41033626078223,134.00632739587402,131.64352930323298,129.28823406961965,117.4333954987254,117.19307736376953,133.191745567567,135.46830598615884,149.32073888327432,52199.91972858011,1324.184130187504,2154.0722211269263,2875.7293167867324,3137.987448917478,4039.5275596672545,5168.275579122211,6139.7625537278445,7050.688091285726,9596.53823092836,10713.15459682993,275688.353186444,7777.399411776758,6828.30131999716,13081.442523468875,12522.896929643723,17506.205050527267,40157.792527296624,63910.28953608,36668.2075972319,37167.421632238926,40068.39665818267,1407.3581165359167,148.41292901026725,160.947326487875,146.9226505887451,144.64662875800644,138.73131191993903,124.03603238522625,120.79024622802734,139.47180301309888,131.70112839162826,151.69805975310325,40736.88518936768,938.1757061661085,1611.9820429786712,2088.5081439602086,2264.679137861684,3034.2963304798827,4092.354649578509,4675.725137609184,5745.140528712064,7543.0860515044205,8742.937460516941,234062.2422253562,6219.26779715841,5663.671557649612,10456.584475507376,10173.592955589676,14486.923748080113,33539.78573580767,52842.854861403,32190.265745067936,32828.092125067065,35661.20322402527,1486.350960875359,169.64209643186186,186.91312378806973,163.54149465917968,161.97180403778822,150.77718407825182,132.90613476694654,124.83835848291015,142.42994649750054,113.25146164773464,140.07935648511588,50813.00120346841,742.2369029629242,1382.7007162752957,2580.7768720129725,2845.652518672385,3726.7769013234856,5024.139231489607,6103.356507244156,7023.295975733032,10186.951233647496,11197.114344106947,272350.51935309434,5365.373617504496,5157.01828267591,12074.429970512625,11799.62850798944,16771.93338101314,39946.717813148825,64001.554687711505,37191.08520304033,38509.128258333956,41533.649631164175,1362.113754255622,151.3931248035507,180.10265329965256,136.31850709521484,135.8617258581572,127.08248501313447,115.77716384332824,113.46860347949219,132.796353114493,124.43502101232957,144.87811673626936,80368.51573371944,2505.1777523574215,3594.820049440184,4747.920120279768,5334.899311471145,6457.627756364243,8177.7825612069,10198.06172150328,10117.72272286189,13621.672801151952,15612.830937082686,395336.7157489063,13031.684010356928,10195.78328744638,19593.7270001655,19085.438895906955,26139.70602265402,60829.75607671711,98925.677757922,49739.75747081525,45781.873306048976,52013.31192087318,1347.5602617435015,128.53906185136793,140.47942075494026,133.10495504858397,130.47069081012378,127.95813055060385,116.46381655039,117.19033936376952,138.31270971336133,150.8000579298811,164.24107917047988
2050.0,65099.12706469057,2071.9858465224297,3004.6729952427286,3951.5946237578128,4419.383251872314,5405.038559056746,6771.964036943359,8353.168156935384,8276.490563993677,10768.781504315137,12076.04752605113,338524.77804878034,11182.918068816402,8899.735456325485,16993.360984715502,16502.10193760523,22774.91084810422,51977.28360655381,83957.484622883,42710.62872579235,39894.81349540294,43631.54030258148,1323.0999316243028,132.58123321054077,144.1621230458188,133.9734649611206,131.67693733652246,129.12998242905235,116.92597638270807,116.33450328271483,133.14263025378503,135.4703457584095,149.70273496363043,53216.50098425067,1381.3473492474307,2251.0212999327327,2973.6245382459524,3242.6286263151837,4159.346702726396,5251.400859897814,6220.467895780767,7177.587412110978,9705.406822266978,10853.669477726438,280481.04064914724,8092.607263888729,7101.032101949659,13481.784833360438,12901.339865161435,17979.689868386864,40845.52779948086,64967.811646671005,37291.58767670593,37388.508361197826,40431.151232344484,1410.00602993612,149.10688255613326,162.4190265944755,147.32488126562498,145.1260738170791,138.88319586310575,123.72314731218195,120.00296166601562,139.65657703118305,131.58485985702418,152.17842397329665,41109.662892400724,963.4682387581763,1662.5087131947594,2131.8127144631194,2308.0261292237096,3087.9925799954913,4122.507976376186,4693.039660938311,5800.5543364960195,7549.50629697216,8790.246245982782,235972.69121704757,6377.407466764911,5811.209969318735,10636.064364070313,10347.296705014849,14703.103978968413,33815.58310102218,53244.268721500004,32500.42328376854,32771.72015508702,35765.61347153258,1492.9243444288409,171.2623882537613,189.61184548645068,164.68944579260253,163.22291614746223,151.44567717523574,132.96413576901793,124.21415143188476,142.81809751630928,112.49915517487811,140.1965316812383,51619.1724300147,754.5172664135376,1417.0840875609636,2654.3906073078033,2926.1911640403287,3822.286568639777,5092.719969399631,6172.473475232372,7136.795720026234,10306.669085074866,11336.044486319159,276548.8503835402,5454.114720851721,5259.792925602559,12384.262233581689,12111.51895492095,17180.25097168017,40590.86441359432,65013.084084205,37824.52621981647,38791.10083193583,41939.33502735147,1363.336788696739,152.30594417677307,182.52285763202642,136.29255500823973,136.0026330245299,126.80261293452405,115.15335860716819,112.43525884423828,132.72413996081275,124.02056178264141,145.07686672578512,82767.30988111997,2651.360751880094,3802.1345515915627,4962.4688350812,5576.953752839659,6716.1805152207335,8371.855983282821,10394.14515562958,10373.11479587515,13932.54149053532,15986.55404918374,407414.4172897852,13841.194814816017,10800.48237482167,20506.270295458253,19994.447069801292,27294.939605049436,62558.463397176536,101632.623792763,51130.235949318434,46570.00411703386,53085.755873546615,1348.3141512412192,128.54766289747525,141.13369262755893,133.05038449700928,130.47286766979175,127.76360608943605,115.93068159325242,116.33426852368163,138.45487578690555,151.41164311683463,165.21446843927382
2051.0,66351.57447247968,2168.756494734129,3145.5222738922116,4083.344519985422,4568.465944855519,5562.413323793196,6864.345458300526,8425.145158243546,8403.319003104967,10896.547958727368,12233.714336842831,346250.9334368,11779.198645895278,9349.897019213266,17642.431756669877,17145.682996413485,23591.513537778454,53106.372007870814,85703.77958817201,43559.72470898388,40236.93417955991,44135.39899624285,1321.3062553828763,132.5309389245529,144.72471150168107,133.76082228997802,131.53832780875913,128.81491600914,116.28194779875349,115.33937901928711,132.95017528774542,135.40110142497443,149.96393531800484,54150.90664208189,1438.1776611060848,2348.6788332980987,3065.449177194979,3341.10222161712,4271.615085344682,5319.985576966828,6275.384192987858,7295.495216869793,9808.373568367346,10986.645108328994,285202.9046934632,8419.749784793416,7387.324766804518,13886.856440155938,13285.067633284103,18459.680384830797,41501.66455103361,65963.357414681,37907.32064202822,37607.15537014484,40784.72770570686,1411.1510601152215,149.598271225111,163.65414755619693,147.5401294868164,145.4274367935484,138.89202426958465,123.27152856992817,119.08189458227538,139.70703697826718,131.4126441057334,152.56594654776,41415.76718905664,988.004602126976,1713.2929561239052,2170.9210851678317,2346.594202034314,3137.006661237265,4142.964683896937,4694.898183412995,5848.710552015385,7546.464561345699,8826.909701695291,237754.4218330402,6538.168149232858,5963.8531738258835,10812.555742238063,10518.23228888743,14916.58087413158,34060.319609491875,53589.263005833505,32795.52304515709,32705.234973999257,35854.690970242664,1498.2088647810945,172.70247705247687,192.1003835364983,165.6693574953613,164.31503170739447,151.99297615263797,132.92187452774834,123.49819416284178,143.1112602078619,111.66589521552085,140.23141472275267,52308.56637947624,765.420759081754,1451.1274023294116,2720.462281096898,2999.0293825529925,3908.6928193975104,5143.896473210957,6211.025912665041,7236.336367896604,10412.651627020736,11459.923354224287,280603.75176863046,5542.267485100423,5365.225766987244,12693.390738387814,12424.234415493132,17590.43375091179,41196.51428889799,65951.483452328,38444.41806690094,39067.0218652828,42328.7619383404,1362.8542215326388,153.0072541822605,184.7252997199428,136.05408625842284,135.9387671272251,126.3468565108161,114.37157732968926,111.23758825805663,132.50091332701473,123.52025447133302,145.15162434787774,84905.20555170461,2787.4885140567403,4000.0800376159973,5154.9646157183515,5794.588253396716,6946.8543692086305,8523.410655607438,10522.169657150154,10598.82534629166,14234.870708710992,16341.953393947953,419410.94827080227,14682.525881033689,11435.01253052341,21433.2086904225,20920.431580723314,28470.046872984556,64224.36924373587,104211.990620291,52507.743418382765,47370.600375522925,54155.01905718243,1347.6393830132774,128.37567930106638,141.60024025377606,132.81810626965333,130.30353982534143,127.41300064783381,115.26144496837281,115.34200207788085,138.45743765398757,151.98327283185148,166.08465918351388
2052.0,67638.70580259332,2270.3664299132383,3293.206130179623,4219.523546257351,4722.629785682028,5724.478326834849,6958.2705427322135,8497.743847087944,8532.35757187278,11026.157569902152,12393.972052131265,353851.1414812786,12397.439670201093,9820.923255595946,18297.918755877625,17797.921489036315,24418.061424588468,54181.835047545675,87345.491305774,44389.876216352735,40575.4717712242,44626.20254508228,1319.5494580449158,132.48378145728873,145.29316961386536,133.5489775178833,131.40090349654514,128.50131165551232,115.64267033485292,114.35277150195311,132.76092032896594,135.33646068412352,150.22849145392547,55108.355842986086,1497.5470597143233,2450.7257208971128,3160.129108446086,3442.6087544920715,4386.973990192937,5389.629929366554,6330.787342815909,7415.595810980601,9912.72636811263,11121.631757967889,289865.20678693557,8759.461889247143,7687.885368614366,14297.264372676313,13674.552296558311,18946.641758640406,42128.32654055873,66900.72659695051,38516.391966714065,37823.889323239346,41130.06667373637,1412.3443319485452,150.0960017861824,164.90292985799599,147.75674822424315,145.73120084559076,138.90191347957514,122.82363978267455,118.16793072094725,139.76153001161262,131.24531886337422,152.9571183763491,41728.008849708516,1013.2774062426605,1765.6817928261305,2210.746778727743,2385.8280547665827,3186.861326063981,4163.737123968798,4696.75805709813,5897.556348967564,7543.60854476608,8863.953416280683,239417.58027964426,6701.747625576439,6121.811091242384,10986.432786571439,10686.691269966273,15127.639968796308,34276.03260268559,53881.574123222,33076.63424708386,32629.467720082775,35929.54884441713,1503.6019324077058,174.1612991966591,194.62651555376172,166.65725954528807,165.41757578057383,152.54455080305243,132.8834600440607,122.78637055908203,143.41248387728572,110.84180687479686,140.27061017314517,53010.01373276435,776.6418434897015,1486.060891516539,2788.184055400445,3073.6984689758006,3997.1093492492682,5195.714845056228,6249.818796443406,7337.5189935376,10519.943061263992,11585.32342783128,284526.9556927657,5630.035524308941,5473.447417443555,13002.315313273,12738.164591191657,18002.891063677976,41766.134308656896,66821.270168017,39051.970093534044,39337.562666615675,42703.16454604679,1362.4696427685378,153.72638720750808,186.96283330376718,135.81690208575438,135.87917730474385,125.89380646771717,113.59699863194203,110.05266804907227,132.28430701525372,123.0259155099039,145.2306471928755,87111.12431020744,2931.0706324651455,4208.633784776039,5354.987587149273,6020.810426027473,7185.567788893145,8678.187114193202,10651.7711818183,10829.94160369659,14544.331982982225,16705.82220820616,431352.5332658039,15558.009329093666,12101.402381981368,22376.243172390878,21864.92388979236,29666.633689463408,65831.8583005619,106671.57966494,53874.509481417495,48184.5451558645,55222.82820029831,1347.017098340826,128.20762346951676,142.0726248636472,132.58683403417967,130.1357936537845,127.06398347803258,114.59722259366535,114.35820889672851,138.46468296612048,152.56426503748654,166.96585934766446
2053.0,68961.74209498322,2377.07144221098,3448.0679169469518,4360.283181388113,4882.048804021386,5891.374496759509,7053.7686518401315,8570.96631271223,8663.646455396314,11157.637661062548,12556.877172645305,361344.52959975466,13039.096717223269,10314.117184553528,18960.907070355377,18459.74869919686,25255.518359334204,55207.221242958745,88888.90289016301,45202.688436172,40911.07665089874,45105.25234889887,1317.8293789479508,132.4397141321106,145.8675618044517,133.3379662383423,131.26463880829442,128.18913946163607,115.00811621114921,113.37459716357421,132.57482634177512,135.27640406818057,150.4964147184367,56089.56817698242,1559.5758768207786,2557.3654178179668,3257.7528157742045,3547.242007665898,4505.510737522416,5460.351793698543,6386.678989544681,7537.933807706773,10018.486286243615,11258.670444187721,294478.8510808815,9112.41142648698,8003.460848683299,14713.609928144377,14070.261329601479,19441.02940367236,42727.48740215916,67783.5498131905,39119.738886366235,38039.21814546942,41468.083897107645,1413.585835216383,150.60012384532547,166.1654784439943,147.9747077606201,146.03732723358615,138.91288003576278,122.37943472961902,117.26097466088866,139.82005854322696,131.08287459839534,153.351975364964,42046.52914378787,1039.311255868125,1819.7276839333774,2251.302577386079,2425.7399706484,3237.5720612279197,4184.8317952404195,4698.61892010865,5947.102879085998,7540.93866227853,8901.383338010402,240971.92506864335,6868.354749933924,6285.298685863826,11158.046960748876,10852.951694069498,15336.553720239952,34464.73234105991,54124.758280952,33344.78586346228,32545.196255771818,35991.246516541236,1509.1045882298379,175.63917856956672,197.19086287130523,167.65317048571777,166.53067533693044,153.10043131335925,132.8488967796588,122.0786511730957,143.7218141677556,110.02678787235926,140.314119660089,53723.76337318128,788.1895057352066,1521.9094199686774,2857.5960526390627,3150.245663681012,4087.5830918425904,5248.18515148607,6288.85364436104,7440.37312108353,10628.561797861381,11712.26592452275,288329.633121297,5717.619442735528,5584.588847087885,13311.532031615001,13053.697527530907,18418.02917946954,42302.05788199165,67626.6843514695,39648.329159034416,39603.37683943422,43063.717860928395,1362.183592622972,154.4635906029129,189.23607194590068,135.5809193604126,135.8239193994055,125.44341737258338,112.82955908619022,108.88036315014648,132.07431000797664,122.53749210329723,145.3139495941465,89387.63274510467,3082.5410040116876,4428.381780249416,5562.832088477403,6255.960991658794,7432.603399196929,8836.261773186845,10782.969823395732,11066.602789955457,14861.10168235598,17078.37741261627,443264.92161788227,16470.07201051688,12801.803554285134,23337.116444259,22829.472056216247,30886.309513274326,67385.11361520209,109018.793716867,55232.68879893191,49012.69573421378,56290.856174116,1346.4472740296078,128.04351703234576,142.55090476974607,132.35651699652098,129.96959779179784,126.71654267649889,113.9379448774519,113.38280723706055,138.47660870271224,153.15469667348623,167.85813727198732
2054.0,70321.9714495168,2489.143040646125,3610.4687962620733,4505.77874326154,5046.904270985668,6063.249233689436,7150.872447521351,8644.820472767555,8797.230487149473,11291.017530150695,12722.486427082755,368749.63986052276,13705.698934960625,10830.84681368938,19632.489951938,19132.082917434564,26104.840146334802,56185.829667527214,90339.97184594501,45999.67554894932,41244.377108933884,45573.826924810135,1316.1459846876617,132.39875671944236,146.44793562802576,133.12778506262205,131.1295339889466,127.87840111591291,114.37826281884098,112.40478881347656,132.3918955113584,135.2209317404232,150.76769328861283,57095.29729325928,1624.390174407466,2668.813025462206,3358.413779833737,3655.0992552609046,4627.3149972794445,5532.170281063394,6443.063731512341,7662.5542020000785,10125.676208856896,11397.801637582563,299054.38977283466,9479.285652313414,8334.83592237325,15136.478006911626,14472.668294319239,19943.293769863445,43301.052878537,68615.23903962651,39718.25651008842,38253.625824772265,41799.653874029646,1414.8758722420662,151.11068051828957,167.442020839036,148.19407468725586,146.34583296117944,138.92494123450135,121.93888590404153,116.36097835375976,139.88261624954558,130.9253203762636,153.75052111819338,42371.474332365644,1066.130568038323,1875.4846601741178,2292.602961357577,2466.3418704683645,3289.154799836132,4206.2549614707,4700.479859605006,5997.361519982172,7538.455271663822,8939.207859769424,242426.60949146617,7038.193338633156,6454.545452927126,11327.746606101626,11017.281589404074,15543.588537119927,34628.22471926307,54322.140790934005,33600.94372224264,32453.15599709936,36040.788737741255,1514.7179749039965,177.13632919052887,199.79404348416827,168.65726652099607,167.65445356951767,153.66066366818285,132.81818929046295,121.37500493579101,144.03928425950983,109.22074142125987,140.36199856357908,54450.071912777,800.0731101702175,1558.6978981799125,2928.7413176519935,3228.717804143496,4180.16331539706,5301.314982794623,6328.131507515666,7544.930076775393,10738.528982316258,11840.77291783249,292022.36216391827,5805.211203440385,5698.78646285424,13621.515348911751,13371.212627519824,18836.23517402081,42806.458179905625,68371.7266140015,40234.58818958426,39865.080369997035,43411.54799368293,1361.9966907065934,155.219097555706,191.54556251316546,135.34618019177245,135.77300752438202,124.99568160816574,112.0691571215093,107.72054035253906,131.87093342413448,122.05496840851592,145.40156200670313,91737.41365260878,3242.3587554208916,4659.941510200749,5778.806221522005,6500.39590834023,7688.2562302232745,8997.715448814599,10915.781665694903,11308.94997762736,15185.363640149651,17459.844294614843,455173.41771506827,17421.281484304833,13538.492776054714,24317.585364379753,23815.63504560729,32130.705127973717,68888.12084785446,111260.59680532501,56584.34625259048,49855.91510111188,57360.738909865875,1345.92998193175,127.88332850822162,143.03511312940716,132.12714569750975,129.8049339953922,126.37068651474762,113.28359372841358,112.41570276538086,138.493208272188,153.7546579559636,168.76161136452566
2055.0,71720.71954909211,2606.8680573316437,3780.789740686134,4656.1679550668105,5217.383286432936,6240.252942906579,7249.6068785380985,8719.310826567062,8933.152012230406,11426.327979836951,12890.859869495454,376066.59772173315,14397.348826787731,11371.530040945005,20312.22777182025,19814.367771368,26964.981786084227,57117.84126562863,91699.705150469,46780.69810547056,41575.6308609976,46032.266142162225,1314.4991222182791,132.36094215748597,147.03437779863,132.91835868188477,130.99559585818963,127.56908948412323,113.75299906941747,111.44327894970702,132.21209486271965,135.17003833377123,151.04234702235019,58126.32302159763,1692.1224006482098,2785.2922641033842,3462.205868219067,3766.2815920804596,4752.4778586746115,5605.107278266262,6499.946629273235,7789.5041133449095,10234.317995549001,11539.067021438435,303595.8247534567,9860.44493060606,8682.532913147828,15565.89884399225,14881.690014091446,20453.13781300243,43849.75012347406,69397.3191526275,40312.25283909761,38467.51265651394,42125.28546690355,1416.2145482572907,151.62771812042428,168.73269982298493,148.4147913166504,146.65675010531075,138.93807929458475,121.50200291730427,115.46789356201171,139.94921181596118,130.77264100808858,154.15276029396986,42702.99203593274,1093.7619532306132,1933.008831618026,2334.661204818979,2507.6457952414207,3341.625805400423,4228.013152427406,4702.341514062163,6048.343776605508,7536.157660158443,8977.43234236971,243787.9502854471,7211.351453180787,6629.714324725993,11495.624928607625,11179.673324721036,15748.684080196184,34767.99157315869,54476.442528607506,33845.81435048397,32353.916314152353,36078.737407612905,1520.443186448098,178.65312373068429,202.43674716382242,169.66956833850097,168.78898023609074,154.22527114669322,132.79132750570344,120.67541651733399,144.36494047530024,108.4235610243368,140.41425030963194,55189.201074269404,812.302069583543,1596.4523912403752,3001.6621335350687,3309.1638889264495,4274.900701528674,5355.117047772772,6367.656533703996,7651.221193369467,10849.861113901614,11970.864000707337,295608.16291528346,5892.83874445017,5816.110391525023,13932.162702658876,13690.522211602298,19257.096385429875,43280.20407849311,69058.120341417,40811.004529583464,40122.96123050276,43747.142299620966,1361.9095242514302,155.99312824560545,193.89190887580966,135.11262609765623,135.72647604599416,124.55059812512874,111.31576474309611,106.57309274877929,131.67417291283965,121.57827937001704,145.49347708650384,94163.27741337838,3411.012969278257,4903.968015665688,6003.23174326114,6754.486587441459,7952.829328159463,9162.627154296579,11050.231543943999,11557.129186721724,15517.305483306503,17850.45540130349,467080.13000112434,18412.166588289314,14312.436753700948,25317.400515229878,24822.967530431408,33398.73670903957,70341.13592221265,113398.125059931,57929.46761287212,50714.82610887196,58432.86720054545,1345.4654567123707,127.72708310733509,143.52533351296543,131.8987552232666,129.64182991897374,126.02639526518249,112.63409478643798,111.45686512109374,138.51447412720972,154.36424571314382,169.6763799367621
2056.0,72949.01204491674,2715.5801873727314,3941.3346716592023,4788.367175773278,5367.6150727756,6395.444789334798,7324.736398126111,8760.518313924233,9052.72540777659,11554.403812296337,13048.286215877884,383222.80494077504,15108.122316858922,11932.74876297552,20992.287360532253,20499.402862329483,27827.427450867297,57991.815916567095,92949.507112185,47539.99297819164,41903.82754053154,46477.672639736316,1311.4943192183414,132.16325906666373,147.440814542773,132.5370721847534,130.69067470588706,127.11729636737155,113.00343835682344,110.36334684667968,131.90673458063168,135.05497167392397,151.21671089283382,59110.996177821085,1759.3856139890293,2901.6372114990268,3560.396440430638,3871.0785075859667,4870.13743277881,5670.295188040805,6545.083944175965,7912.530188531068,10342.434848204828,11678.016802584927,308082.72248358827,10254.937128191626,9046.01762478489,15999.205033589376,15294.861676228327,20967.579598385393,44370.36043456415,70124.5111658345,40900.10909565402,38680.95367242486,42444.187053930975,1416.2080038640183,151.96197726615523,169.81423294183944,148.43978048620605,146.77749979854997,138.81918666214798,120.95174137913752,114.47020529516601,139.89628564595188,130.59774794853305,154.47934644033134,43009.683224804176,1121.0324766440776,1991.0200550982383,2373.9625004979425,2545.3225487576374,3390.996283364681,4246.4982281804005,4701.32000482282,6098.791151351296,7530.728369324743,9010.011606762446,245053.17593302068,7387.490862874352,6810.733652694628,11660.799784308063,11339.11847413753,15950.728237362344,34884.41432911232,54588.7691212955,34079.39166668638,32247.5326763436,36104.19712820599,1525.0182372243728,179.99387916360854,204.84715097189616,170.52257537097168,169.76602073427443,154.67950626855563,132.69124389320945,119.92740223754882,144.61379424781273,107.5732315391283,140.40343279736697,55860.073587158004,823.4248475194589,1633.897900934026,3067.6797077961924,3382.0882533926288,4360.802883313086,5399.4239461869665,6392.472877896651,7750.638405530034,10954.6726868685,12094.972077720628,299062.7795241689,5980.057806113,5936.409017336502,14240.866761776251,14009.157515431529,19677.387246404713,43719.37891576921,69679.2843786765,41375.194065155294,40376.181309246684,44068.8625082592,1360.2478104776897,156.5661944047184,196.00285536447595,134.6732742241211,135.47393942479482,123.94343417862224,110.42484754717994,105.29000469946288,131.3426595247578,121.0502333389263,145.48036777063024,96401.87952865005,3567.5061580742063,5135.846242108121,6205.4986654437,6983.162651292849,8190.6774481171005,9299.997192506498,11147.08842441298,11788.593276089958,15849.54413914235,18233.96533146223,478891.7214240617,19434.23007894698,15119.042208929748,26326.102205641626,25841.583599422036,34678.77843363737,71730.15089956661,115409.1504484,59260.673320067646,51589.05222433435,59502.95800511513,1343.6906915187024,127.41195085392951,143.83777731905198,131.50020684954833,129.30825955095187,125.53997468083571,111.86082361889099,110.37982281274414,138.41390685593757,154.93769706373737,170.50027191307495
2057.0,74208.92609012728,2829.197230880592,4109.000063535985,4924.354837413183,5522.241086913642,6554.587157013041,7401.003390499391,8801.919494836908,9174.220997618955,11684.290634780189,13208.111196635247,390238.3628907045,15839.443213736551,12515.85970328561,21673.817223985752,21188.135571760562,28693.16827197908,58811.52672875107,94096.18532265701,48279.27660225987,42229.60227832525,46911.347973963755,1308.5307629650356,131.96881136312484,147.85188528422714,132.1572722710571,130.3874470814309,126.66774386194228,112.26004119434356,109.29388067749024,131.60489649988233,134.94425038555335,151.39453434598386,60119.36369763591,1829.5505723678775,3023.036735756503,3661.390697344692,3978.844449163188,4990.775553967752,5736.437915066932,6590.533706129516,8037.766156645123,10452.012171723325,11819.01573947111,312525.85937167244,10663.477492284614,9426.149133803043,16437.02456803625,15712.680029724994,21487.101559780844,44864.769465650505,70800.297759133,41482.74569989666,38894.40338941359,42757.21027394899,1416.2460852745542,152.3014470691662,170.9066340542202,148.46568274157715,146.8999785328743,138.7014337869086,120.40602974177503,113.48113092919921,139.84717535868765,130.42726180448912,154.80931125565684,43322.57794778631,1149.1015334931353,2050.8385232981636,2413.9265795737956,2583.5942397197527,3441.1794030950587,4265.258320812137,4700.2988305869585,6149.949005611438,7525.486778344771,9042.944733251075,246230.81947161318,7566.823312704186,6997.854597125427,11823.626894834251,11495.907404530875,16150.022655314817,34979.101365564304,54662.052679904,34302.586466580775,32134.678931671413,36118.165163383,1529.6912837684526,181.35079805196762,207.29078313266896,171.38208738085936,170.75172831710466,155.13727866605615,132.59489319647645,119.18401980102539,144.87056102778124,106.7324110368514,140.3967231576612,56542.02665659367,834.8785987293662,1672.3081111721772,3135.154382800871,3456.651601887314,4448.491403022588,5444.26223625337,6417.385789648288,7851.634825615698,11060.746603794865,12220.513103669085,302397.31442478043,6067.068741424015,6059.829131959744,14548.154110642501,14327.540054365994,20097.552128322797,44126.277115635385,70239.4003808025,41928.29336369527,40625.362314848506,44377.83708308371,1358.687016747953,157.15610420422553,198.1448989341383,134.2360803081665,135.2263381060406,123.34027863708114,109.54300998811316,104.02235602026367,131.01840415388472,120.52798215067482,145.4715642453648,98706.90608496654,3731.7316568145047,5379.0977695322445,6414.64026211558,7219.704060735044,8435.737942999976,9439.986992946875,11244.797046743628,12025.341964649902,16189.579017050015,18626.289371378865,490634.4065963198,20489.835106987997,15960.553859598822,27345.429379702626,26872.992352325407,35972.3512321808,73059.50921800314,117301.292138303,60580.22007759062,52479.50320467129,60572.72002695617,1341.9734153536565,127.10115214028644,144.1549927470126,131.10339955358887,128.9768537176801,125.05603846540498,111.0939565371952,109.3132009284668,138.31820940903663,155.52010614162015,171.3355057133647
2058.0,75501.49759350713,2947.95556084127,4284.115323865408,5064.243215323842,5681.392287599938,6717.782825510066,7478.423362857185,8843.516194293528,9297.673390263863,11816.014598975975,13370.380833975994,397132.65192252235,16592.77702022216,13122.263959407317,22357.954771804376,21881.489567995177,29563.15538505393,59580.57194395436,95146.17276938,49000.178980636134,42553.56835545306,47334.519168615894,1305.6081935569757,131.7775610847969,148.26761074425576,131.77902094470215,130.08591787360584,126.22042928093433,111.52267142047643,108.23476788378906,131.30656216320486,134.83784558305643,151.57580657815407,61152.1610999918,1902.749995701866,3149.7200041035135,3765.271262096046,4089.6646092766,5114.4692572458125,5803.55215385227,6636.3006019830245,8165.25507361475,10563.073502246712,11962.104639871348,316935.75791984366,11086.825315222497,9823.830598375755,16879.977526307128,16135.63561973154,22012.18828124836,45334.85445698655,71427.9155131985,42061.04667097118,39108.30680990844,43065.17712789371,1416.3289382992566,152.64615112172888,172.01005892176698,148.49255905187988,147.02417333259805,138.58482920186663,119.86482333951687,112.5006235673828,139.8018662723248,130.261177137115,155.14267635307658,43641.817046272816,1177.9946005308962,2112.5219034685456,2454.5626911245677,2622.4707312675646,3492.1900345725467,4284.298165922464,4699.277972231496,6201.828495451454,7520.433039145016,9076.239412558174,247329.02928165856,7749.569310845027,7191.34104552733,11984.433754429689,11650.317061921656,16346.848894955328,35053.62106432964,54699.082408282506,34516.235126477535,32015.98550105373,36121.59511383603,1534.4629417528251,182.7240955154991,209.76808729967402,172.24802639953612,171.74619910709546,155.59860911270283,132.50227983394194,118.44525391430663,145.13526186508477,105.90098927604818,140.3941394289361,57235.27327423984,846.6725261182585,1711.7098760278407,3204.1185778139957,3532.891835486801,4538.00468430173,5489.637941193675,6442.396154100374,7954.235049661852,11168.102185292217,12347.504444243188,305622.3001720058,6154.075492062704,6186.526964552528,14854.52824550025,14646.075374275993,20518.018288385352,44503.06274107331,70742.38405902851,42471.397652826614,40871.09500547134,44675.13634882914,1357.2274217419572,157.7630637859249,200.318572554168,133.80102359869383,134.98366751486043,122.74109848401021,108.67012740632582,102.76997714916992,130.70134027578428,120.0115001051035,145.46705086791647,101080.6763193537,3904.0962410123902,5634.303034001806,6630.89199345934,7464.38603857054,8688.23072771322,9582.65541412557,11343.36271511348,12267.50237364965,16537.60296043741,19027.644821270344,502333.95398046076,21581.400780679138,16839.319262281715,28377.112105789,27918.695647064156,37280.980843877085,74333.38730507898,119081.876955679,61890.27679389558,53387.086131498014,61643.81815461827,1340.3135753944223,126.79461574108791,144.47706222149966,130.70830277722166,128.64760014258042,124.5745701119132,110.33345992550515,108.25690057177734,138.22734171476372,156.11154752045155,172.1821746676216
2059.0,76827.81580140104,3072.1039959643313,4467.026965117469,5208.144236962824,5845.204550714293,6885.138214815112,7557.0223582630515,8885.3123713925,9423.116269320826,11949.603848451497,13535.142990399192,403924.3644089659,17369.62494846556,13753.43761653986,23045.772812062627,22580.379183540088,30438.330701570198,60302.3534027214,96105.499206712,49704.2688990096,42876.31971686336,47748.37792148112,1302.7265731749721,131.589501817461,148.68806865308545,131.402286420166,129.78609462085487,125.77535911136961,110.79134680172729,107.18594880688477,131.0116919225468,134.73575272960662,151.76052229126978,62210.135552472064,1979.1234667164722,3281.926929021531,3872.1206530186996,4203.627330476061,5241.2972830220515,5871.652782762388,6682.383657169989,8295.03961936369,10675.64134654515,12107.322484375925,321322.5277968879,11525.753929556633,10240.009775184215,17328.690678896626,16564.224943701505,22543.320115593182,45782.27969322769,72010.457116045,42635.84088861885,39323.07248318724,43368.878172877005,1416.4565719623517,152.99615553403854,173.1246847472267,148.5203916833496,147.1500969158914,138.46935856532002,119.32805916015577,111.52856197387695,139.76033173886094,130.09948373950766,155.47944790412424,43967.546273829204,1207.7378989518045,2176.1317562702675,2495.882397125676,2661.9624010705384,3544.043385067822,4303.623299896094,4698.257093992977,6254.44111322602,7515.566867853116,9109.90006037492,248355.51979433748,7935.938367751366,7391.461064520224,12143.543075057125,11802.615792217079,16541.462250952743,35109.45433287373,54702.474035281004,34721.15278703231,31892.04561001466,36115.372478637204,1539.3340722928933,184.1139849725971,212.27969417771433,173.12042249853513,172.7495156428286,156.06354027351998,132.41340395950365,117.71105797924804,145.40792360186254,105.07884981464481,140.39567937243925,57940.04055710739,858.815471968179,1752.1299723020772,3274.606655463212,3610.8469850741203,4629.382334021399,5535.562822904851,6467.504450347841,8058.46869261658,11276.756986582854,12475.966185826395,308747.82026670064,6241.27069099513,6316.657692234961,15160.494773756376,14965.161451873475,20939.214440351712,44851.7910104087,71191.94242989451,43005.55012002043,41113.95164597897,44961.78601118656,1355.8693214174339,158.3871913965187,202.52428410393094,133.36815212963867,134.74592270818985,122.14587650084638,107.80616242991066,101.53268073486328,130.39146789413266,119.50073402474499,145.46684949465788,103525.60734312134,4085.032871467891,5902.069794310651,6854.496089578414,7717.49438454555,8948.385554961089,9728.06064246839,11442.79084319688,12515.207802463325,16893.815121215044,19438.254238914244,514015.6033781399,22711.49119004962,17757.82295038047,29422.87005816425,28980.194490041657,38606.18738019227,75555.72323781403,120757.79166888601,63192.94251158658,54312.714383675855,62717.86550734914,1338.711113073683,126.49235286367701,144.80397854624175,130.31489014904784,128.32049275768452,124.09556679861545,109.57924906489276,107.21079593188476,138.14129913005024,156.71210586347388,173.04038196811473
2060.0,78188.99179544084,3201.9060558127294,4658.097601076601,5356.173048280216,6013.813870165978,7056.759607869608,7636.816961221133,8927.303660255837,9550.584876978297,12085.087563290086,13702.448550490413,410614.0493653879,18169.80302331001,14409.604646471718,23736.843406348253,23284.14416745506,31317.500830217105,60977.43709878364,96976.073312424,50391.35842669391,43198.191903413725,48153.09255027054,1299.8855946933434,131.40468078051566,149.11329229466486,131.02704350250244,129.48791317286162,125.33249982409858,110.06596472134781,106.14726775805664,130.72026605379534,134.63797022716236,151.948696358338,63294.07486989418,2058.8164158490777,3419.906480194161,3982.0224894679636,4320.823457250328,5371.342145124623,5940.759429391793,6728.7880025955,8427.166239286826,10789.738637150149,12254.711573583683,325689.4502494658,11980.623336551329,10675.24132190681,17783.197518398625,16998.330062045796,23080.1257229579,46207.714125158906,72549.3258055075,43207.21005411028,39539.15427693224,43668.52802589652,1416.6289699815998,153.35145189375305,174.2505455800886,148.54912086279296,147.27776013626382,138.3550494598422,118.79573620596456,110.56492046191406,139.7225855157218,129.94216597573805,155.81963388952053,44299.919612384205,1238.35881899231,2241.729245917994,2537.898618187565,2702.079254235225,3596.755034007523,4323.238428724539,4697.237250156421,6307.798699587815,7510.889075220599,9143.935187354195,249315.93817070324,8126.026309695975,7598.409136534413,12301.134202968564,11952.85339674772,16733.86333623554,35147.76281443793,54674.39665386351,34917.99842618782,31763.433817175228,36100.06007685652,1544.30561389157,185.52071405587958,214.82601662773703,173.99946623815916,173.7617671101898,156.53209413056706,132.32825638333034,116.98143238476563,145.68857565491402,104.26590214434671,140.4013891616807,58656.54128986249,871.3172423625916,1793.596103648569,3346.6509071784476,3690.556908620629,4722.6639763014555,5582.038921278161,6492.709351224058,8164.363856601327,11386.726965306032,12605.917057341247,311775.38887296466,6328.66756688166,6450.293171975191,15465.932780678251,15284.576642312046,21360.581281204682,45172.98779608169,71589.3977499155,43530.74672440342,41354.20376016555,45238.00139934676,1354.6129142957586,159.02871213752937,204.76251695451546,132.93740357025146,134.51316092258904,121.5545849316225,106.95092652533006,100.31026657714844,130.08876274042066,118.9956203890109,145.47095954734087,106044.21877608128,4274.996341855237,6183.038973103577,7085.70586377577,7979.32217446821,9216.437041131625,9876.263760496777,11543.092171456257,12768.594597549767,17258.420338719683,19858.34751352454,525681.7923734226,23880.343787203266,18716.873625307944,30482.34803995,30056.841639766557,39946.67308054043,76727.10894538854,122331.11763659601,64488.18678136384,55257.20254966368,63795.09628764222,1337.1660387291997,126.19432400500392,145.1357736948223,129.92318787835694,127.9954997306476,123.61901463596915,108.83127407176923,106.17480921948241,138.06005012285374,157.32187411238382,173.91023125791085
2061.0,79378.04240059979,3320.006213087801,4835.783084401842,5486.533923701373,6160.064956973958,7204.266908911284,7694.417445711995,8941.440675867958,9659.573364873997,12218.608459421972,13857.347367647768,417135.39706480986,18986.201971997954,15086.355221117443,24423.750856841,23985.425927415876,32191.984507239486,61596.89960151275,97744.490538351,51055.93758385019,43518.80115010591,48545.549706378195,1295.8258707233942,131.09568957460976,149.37903835374306,130.49106946820066,129.02803751002057,124.76431408543824,109.2369104564085,105.01163762207031,130.29728643010074,134.51021659379435,152.01167062900805,64327.68571397303,2137.44465447814,3556.465941600021,4086.9645941997132,4430.8098696796005,5492.483180411437,6002.044255635759,6764.450487879643,8552.146867857731,10908.720761307557,12396.155100923379,330015.446281692,12450.126365598888,11128.586116139848,18240.98580341275,17435.383792067456,23619.412766689016,46608.253379659596,73040.07950294351,43772.90732284772,39757.17651800275,43962.53471433055,1415.6612808980733,153.56842002904892,175.1973932134609,148.4074891323242,147.23726823470585,138.1187239669819,118.17829234552741,109.53210002075195,139.5730019958641,129.80285133827496,156.0457406211332,44618.84288983271,1268.6587696341958,2307.9228654311564,2578.861076175313,2739.4840989086315,3646.7358467068143,4340.124162994037,4694.313839817775,6360.950656458951,7508.869959823028,9172.921613882841,250209.91667296528,8319.500310335972,7812.1235815430555,12456.808403422938,12100.364538968961,16923.15253578744,35168.95023256636,54616.020235673,35107.080611191916,31630.804628404385,36075.11159507115,1548.4142641094897,186.7769225117836,217.16387820651744,174.75417212805175,174.64215288176052,156.90997925836038,132.20820778850222,116.2495923137207,145.90915016832517,103.46606506695461,140.3341437855135,59294.36448265297,882.650027816541,1834.6589784144505,3412.0818357657513,3761.4925008346627,4804.605574303589,5617.257745560347,6502.446595112067,8259.504893408435,11493.752303431884,12725.914028005265,314678.68698678515,6415.7974390237305,6587.256907576814,15768.339844988,15601.70244822419,21778.453116399705,45462.42127881213,71928.02055220101,44043.98313619887,41591.31928346747,45501.3929798933,1351.9677991500846,159.50763978967476,206.79663375398397,132.31498321386718,134.08886340464431,120.81623029584455,105.98319290116524,98.98713891308593,129.6514220200116,118.48017594729232,145.34151891051482,108375.33769821947,4450.003376471781,6447.97551185986,7295.331927604412,8213.281621944787,9455.123865345979,9998.457621139247,11612.165647128833,13003.068354683626,17631.09000693271,20268.839765108154,537246.7481321691,25078.05294561901,19710.687492767625,31545.494159313752,31138.55372489479,41290.63669954236,77836.57028225194,123785.822405375,65769.05904783077,56221.099902088994,64870.77147248458,1334.4261239481505,125.78746621596336,145.32004778282547,129.37379243347166,127.51235339451047,123.02053562768506,107.98259797200775,105.0413009802246,137.84031738723098,157.91369556672382,174.6340165875075
2062.0,80595.46704097424,3442.8727980154736,5020.619163792863,5620.086816804668,6309.959359766477,7354.936381160053,7752.849491780309,8955.60149462309,9770.174026674253,12353.904381038381,14014.46312731882,423508.453354782,19820.226008453345,15785.113388006594,25107.715552357626,24685.220075147234,33062.81691768958,62164.46633728321,98417.440431561,51699.744798721884,43838.69007242441,48927.01977313708,1291.812396508628,130.79013555114363,149.64857602703475,129.95763687457276,128.57072279103815,124.19935709914779,108.41528468769478,103.88816670434569,129.8782982869358,134.3859685293541,152.0782499573605,65385.47960182682,2219.3286042174195,3698.7167960852075,4194.684029764234,4543.662327231747,5616.424670263672,6064.189084025871,6800.300718528399,8679.256458791668,11029.306241453569,12539.6106714649,334310.9944354535,12935.063049566845,11601.055088062285,18702.702853378625,17875.9060623412,24161.70460826512,46985.659691168585,73485.872551662,44333.81386644678,39977.48406967406,44251.732594888104,1414.7363093937863,153.78991274816704,176.1532719149258,148.26686410327147,147.19826755130208,137.88383134621,117.56604622111797,108.50891446850585,139.42703543650376,129.6673146529026,156.2748509508798,44944.242897748314,1299.8228375962105,2376.1487689678443,2620.484773802112,2777.444581063233,3697.5157178917925,4357.254143536118,4691.393669541832,6414.846641772381,7507.064091405433,9202.267672171332,251044.5245731607,8516.58595679045,8032.895941056205,12610.881559199375,12245.423386467855,17109.631618261938,35174.32189388538,54529.61636825051,35289.12630209262,31494.645450155567,36041.396097000885,1552.6115063159598,188.04725813646888,219.5313376023922,175.5141098104248,175.5298598285547,157.29093937304592,132.09166257131577,115.5223475168457,146.13725896455972,102.67584316782951,140.2708893445226,59942.17048942891,894.3293775313127,1876.762257548054,3478.793725054317,3833.8456765207084,4888.031599802143,5652.897965311449,6512.196345994163,8356.081320231768,11602.015159436047,12847.21706199889,317468.49655296473,6502.866809515413,6727.716932097973,16068.25036624775,15916.993356627705,22193.328036913415,45722.265512880156,72211.7761996185,44546.388017244106,41825.83679666585,45753.07452515383,1349.4278018575424,160.00280930409812,208.85867475950718,131.69612598779295,133.6705320306223,120.08344340018367,105.02614928202438,97.6814379958496,129.22185699603884,117.97014527639627,145.21662682502912,110771.0570012893,4632.789329210531,6724.779821001991,7511.191951174861,8454.248777019739,9700.081221588736,10122.751015497866,11681.652973257867,13242.622398604923,18012.41612657549,20688.52338735772,548736.4122844781,26306.982368169487,20741.67316057349,32614.07193587975,32226.848646144357,42639.622631929444,78888.24060037511,125129.23672854401,67037.78806240135,57205.2896226443,65946.65852781675,1331.7472522819653,125.38505358162402,145.50836171358895,128.8271231453247,127.03222193503606,122.42557263624333,107.14160034347152,103.91989968774413,137.6255062045806,158.51303616485595,175.36887686949586
2063.0,81842.11047816124,3570.713039866333,5212.907920292213,5756.908601669746,6463.588102252853,7508.837221759254,7812.123742409819,8969.784240203717,9882.41072978169,12491.001110682062,14173.835769243615,429752.33469660714,20673.30006936573,16507.349078745163,25789.85820713075,25384.491039705852,33930.98079651301,62683.712874985315,99001.150429771,52324.43228361532,44158.3640029363,49298.69591383887,1287.8447323025337,130.48799124435806,149.9218933365624,129.42672149224853,128.11592218347204,123.63760826581812,107.60098846636771,102.7767085012207,129.4632508383634,134.26521312399052,152.148434850132,66468.17259624736,2304.610933044846,3846.9065043091605,4305.249768432192,4659.455894221008,5743.232924790785,6127.207259161737,6836.342090131362,8808.532960849181,11151.519189304183,12685.115072002782,338586.23016466014,13436.267467936554,12093.710656160465,19168.992584089876,18320.41795016206,24707.5123353082,47341.605989977164,73889.64020742901,44890.768918100875,40200.41140217928,44536.902653316414,1413.8537500372204,154.0159277382679,177.11827761012674,148.12706865515136,147.16071340936628,137.65037863926648,116.95892779701805,107.49530043457031,139.28464738775784,129.53554705196188,156.50696131373357,45276.26722711474,1331.8788104031285,2446.4714237817857,2662.7815357395716,2815.9698801636405,3749.1097580696023,4374.631993927311,4688.474868630745,6469.498030814477,7505.470906722557,9231.98001886194,251826.4120750693,8717.496905338596,8261.034141341523,12763.650113109,12388.291690380813,17293.581567368896,35165.097081866785,54417.317236253,35464.80335329062,31355.4001047113,35999.73988140879,1556.8980428386049,189.33200003547094,221.92875088777492,176.2793900666504,176.4249611218977,157.67500738091564,131.97862991737222,114.79965517236327,146.37292450017634,101.89511055576229,140.21161320022105,60600.1396681623,906.3643678087166,1919.9342138886245,3546.811929887213,3907.6461872101404,4972.970028647065,5688.965417198595,6521.962824407032,8454.117674593548,11711.52861460706,12969.838409914251,320155.06196343456,6590.076575679678,6871.844681769601,16366.200710818126,16230.897508786053,22605.68792418732,45954.62446779742,72444.36830657501,45039.012939950844,42058.25747658232,45994.091371288254,1346.9929061511777,160.514357585392,210.94905856842112,131.08081022192383,133.2581399475969,119.35617079365586,104.07966608676266,96.3929835817871,128.80003318727458,117.46545434545708,145.0962318329066,113233.46009600275,4823.728462299601,7014.007090052104,7733.474279806613,8702.435646311436,9951.473933740386,10249.186410805383,11751.554222978713,13487.3751050243,18402.610385358184,21117.614559625632,560176.3287729787,27569.5637917975,21812.35028309644,33689.814553258,33323.218393538744,43995.09864308291,79886.17559730289,126368.41826649001,68296.54708719399,58210.664645499084,67024.47751171916,1329.1292360194998,124.9871089549465,145.7007322000513,128.2832055095825,126.55504745200213,121.83408367687558,106.30820507060933,102.81045097753906,137.4155860550713,159.11995553374194,176.1148605890802
2064.0,83118.87093122987,3703.745176931968,5412.967835040057,5897.0802648179915,6621.050626482064,7666.040222972671,7872.25448479875,8983.99019184825,9996.31011364433,12629.925229274582,14335.506785419204,435885.5761744727,21546.89358756522,17254.605662479466,26471.343626096375,26084.194197983295,34797.463917028406,63157.91539440137,99501.536740383,52931.55888823671,44478.327134873005,49661.73702542568,1283.9227588782605,130.1892655838127,150.19906972801923,128.89829765612794,127.66367915047768,123.07906144530057,106.7939574667034,101.67715647534179,129.05212190080744,134.1479304654417,152.22221900622796,67576.5210705024,2393.442148169383,4001.2937809111404,4418.7428972732405,4778.269974223971,5872.974331995345,6191.113315603044,6872.57437301344,8940.016246261646,11275.385930061737,12832.708072989595,342851.08444115,13954.607629735234,12607.666072122043,19640.497560564625,18769.43189071897,25257.336541542736,47677.66688821024,74254.213758443,45444.58246278645,40426.270496109966,44818.81114091658,1413.0137670770243,154.24651165576552,178.09251007290888,147.9882893013916,147.12463217495466,137.4183172780242,116.35689533955073,106.49115569287109,139.1458227022229,129.40754933141852,156.74208352791644,45615.067423066124,1364.8535811532515,2518.958216818339,2705.7619616976917,2855.0690144795935,3801.5327363488595,4392.2616641418845,4685.558007672752,6524.916340063964,7504.0899056595445,9262.065995030196,252561.9957861812,8922.463042271318,8496.857009438318,12915.405394255438,12529.225182660552,17475.27560859689,35142.42054867236,54281.146647324,35634.772718876615,31213.497057526864,35950.93257655872,1561.2744326742209,190.6312424902172,224.3565971241207,177.0500231064453,177.32753219160003,158.06222438658762,131.86909191893625,114.08147746948242,146.61614774947375,101.12373953055214,140.1563567068057,61268.45668756049,918.7640452866824,1964.20357777958,3616.1613992434636,3982.924813407783,5059.449257390043,5725.4651485345,6531.74242381669,8553.636470970168,11822.313540645215,13093.796010486383,322748.05343633844,6677.620562804556,7019.817071493234,16662.683243192,16543.83964090878,23015.99386842233,46161.41624499145,72629.2994986025,45522.876618854476,42289.059173887865,46225.4475131813,1344.663103119904,161.04239402812195,213.06817462083197,130.46900100152587,132.85170824333193,118.6343751580448,103.14360517668771,95.12151372070312,128.38588562281413,116.96608830835389,144.9803572394887,115764.7217642383,5023.208907378461,7316.2397010961395,7962.368751716176,8958.067993047292,10209.473994251199,10377.806246891989,11821.87656325876,13737.44766393316,18801.893454382396,21556.338488282832,571591.2025831564,28868.24884263184,22925.34868898376,34774.403357888754,34429.139470778784,45358.54704104864,80834.18322834276,127509.879252404,69547.39922155833,59238.13532823543,68105.91815128397,1326.5719348560085,124.59353795670604,145.89718664221883,127.74197364459228,126.08085437324691,121.24604709429549,105.48233284379673,101.71287907885741,137.21052610213476,159.7345362433834,176.8720608767767
2065.0,84426.66291362344,3842.1945061374954,5621.127690802819,6040.686511457378,6782.442361380871,7826.617958934187,7933.254411247524,8998.220093977818,10111.897639263692,12770.705279441048,14499.516460980423,441907.19051242614,22440.544001391372,18026.834402851957,27151.3757915995,26783.466466154678,35660.79685779975,63587.955121024184,99920.95614038201,53520.73571140456,44798.51333651807,50016.01268330011,1280.0460533683945,129.8938747802181,150.48008793841694,128.37242088940428,127.21392911831813,122.52368991478586,105.99409816117453,100.58937400415039,128.6448548301524,134.03413469395875,152.29958903781508,68711.29974869973,2485.9785778741193,4162.148734726767,4535.239102908637,4900.18568422098,6005.720610432623,6255.921130357907,6908.999000940764,9073.74720113395,11400.930827732087,12982.42887837185,347107.4217039316,14490.423906629403,13143.464365399586,20117.036574094625,19222.7633384589,25810.674033419196,47994.45709419696,74580.88967096701,45995.11477426114,40655.15578353994,45097.44216296463,1412.2162499484643,154.4816877575245,179.07604079837034,147.85045502441406,147.0900306872877,137.18769987937117,115.75987647301626,105.49639052685546,139.01055425903445,129.283301149199,156.9802133933915,45960.79621528083,1398.7759795516088,2593.677918954643,2749.4369152361637,2894.7505213289937,3854.7991851385173,4410.14530512257,4682.642350081399,6581.112930858246,7502.922418983484,9292.532690025162,253255.4112787573,9131.60614071095,8740.578393658228,13066.20927354775,12668.291309903705,17654.67086147279,35107.23527121171,54122.864145231004,35799.49513693953,31069.130203067143,35895.330543014425,1565.7411906960149,191.94520875156783,226.81526501057147,177.82604265075682,178.2376096444052,158.4525813712721,131.7630176856861,113.36778891308593,146.86694018417387,100.36163214269375,140.10510434180176,61947.31081279128,931.5381453183578,2009.5994689515821,3686.867152268979,4059.712670081671,5147.498398926138,5762.405132431426,6541.536984612206,8654.662407237465,11934.384922261544,13219.105530701941,325248.042573184,6765.529832709964,7171.723574704776,16957.435385536126,16855.557537818466,23423.566181121347,46343.23468348265,72767.9273758215,45997.84321463043,42518.09725363626,46447.12753372267,1342.4383222337942,161.5870785230274,215.216379260077,129.86062926916503,132.45121720727272,117.9180049910159,102.217864587893,93.8668108959961,127.9793783008267,116.47198474709272,144.8689744514277,118367.09155681761,5231.644801253458,7632.08649308566,8198.07419758525,9221.371327387966,10474.257781237064,10508.658402923285,11892.618373123103,13992.963197988076,19210.487311155845,22004.92967107785,582981.1057512092,30202.908880467552,24081.17881829134,35866.9728891665,35543.63097838203,46728.201935512254,81733.08041915117,128556.14954141,70789.94335624308,60288.15405583439,69190.88487675092,1324.0752351035974,124.20438583500862,146.09772160032844,127.20344078515625,125.60958436218517,120.66146159897518,104.66393704772854,100.62700554345703,137.01028019413818,160.35684034080265,177.64057779581736
2066.0,85526.71596996559,3966.604873634059,5811.81244659101,6161.4874245707215,6917.9084376172905,7958.215833905476,7973.7898402297915,8989.009343767373,10204.898825279366,12900.343671740191,14642.645272630238,447749.3471950982,23346.249417322713,18818.494820808643,27821.5567971745,27474.44132870529,36511.37016370927,63966.9756186401,100249.79065349701,54086.00319098781,45117.20924003283,50357.25596422001,1274.9332080682354,129.4780697600994,150.5999495158379,127.69416830004882,126.6135196040912,121.85260065953922,105.1085803080964,99.43197407617187,128.11270030648438,133.79392721608352,152.24771832178246,69771.15009106799,2576.939116217258,4320.1024010244155,4643.509164037608,5013.347778473242,6127.004944210155,6313.786711018762,6936.351307701103,9197.608565991226,11523.17706044736,13119.323041947022,351331.06804436934,15042.102097630743,13699.700889899232,20595.291014395003,19677.541758401694,26363.793803786557,48289.8090585803,74866.441150371,46539.635094048055,40886.46725656974,45370.28592068722,1410.3522433581522,154.59790603853799,179.88722819211912,147.57253029315186,146.91827756303547,136.847525133378,115.09964188407874,104.4636751989746,138.78310761318252,129.08559008972026,157.0967613519739,46281.16083414485,1432.6462067919288,2668.9394185849583,2790.682235371332,2931.956111010366,3904.6674739154178,4426.139058414681,4678.739216984543,6635.739163450169,7498.340674848586,9313.311274772966,253904.58862273616,9344.68319365602,8992.088399138775,13215.361510138751,12804.929865785774,17830.83656303051,35060.10303556377,53943.640264854,35959.04002274219,30921.965284965856,35831.94048286052,1569.5468532101363,193.1675491789074,229.07269050522328,178.51728087365723,179.05299148663119,158.78480445739697,131.64818245733355,112.67840423583984,147.08875044097937,99.5454063750317,139.99079319913602,62521.45298796891,943.3045654153517,2054.7291870249296,3747.878650774928,4126.437079775947,5221.362278399594,5788.499985173413,6537.2910543296175,8742.213811971698,12033.477740452876,13326.258634650638,327626.75677445467,6853.388902677454,7327.407015555546,17247.276205575876,17163.307929111525,23824.249419556432,46496.49222008758,72854.776636679,46460.66871491239,42743.3733486552,46655.81638164376,1338.8877089924383,161.99667291766738,217.1615580651002,129.07436774450684,131.87789262429192,117.06902124543953,101.20081541640329,92.54275483129882,127.45928501745706,115.88507324058055,144.62026788969277,120734.17254701898,5422.1716841531215,7926.773050347007,8404.857171102081,9451.603257505096,10702.621637765124,10614.775357700373,11936.432220653838,14223.73489360995,19616.554015015423,22434.649259166836,594255.5041719108,31562.397946798268,25272.544679315935,36955.78648656925,36655.671511058266,48090.78897904964,82573.90123900032,129495.09106010401,72016.29184568056,61359.68971613124,70273.34070820341,1320.346304818296,123.71160226054764,146.14987792607926,126.51573802294921,124.99148924850765,119.96541363533734,103.76316559833049,99.471116859375,136.6769444992184,160.84626726547145,178.25468950247944
2067.0,86651.0202275639,4095.4690429086113,6009.392659714893,6284.717266728314,7056.182155912176,8092.098925217058,8014.938245899575,8979.807788462624,10299.144259605206,13031.626348550228,14787.643534565057,453431.95856528607,24265.400144200255,19631.061378970655,28483.20385829575,28158.2150206793,37350.3709870675,64298.54473411628,100494.298976649,54629.13174055424,45434.951882157715,50686.779842595504,1269.873425412803,129.0660570870285,150.72304067710638,127.01973473413085,126.01675673229676,121.18581397685288,104.23153027373766,98.28787760229491,127.58512568475979,133.55765622132586,152.1998324232695,70854.96577898308,2671.4950203933927,4484.326225320409,4754.376239838641,5129.2044222503355,6250.808578363761,6372.435717970413,6963.8114696257035,9323.437181130019,11647.030977874703,13258.039946215753,355532.3105624549,15610.507322504469,14277.531976670442,21075.971790252002,20134.33454306849,26917.275954876026,48565.2862890636,75113.68489084601,47079.00150867033,41120.52507669718,45638.19120980635,1408.529798863201,154.71803936209488,180.70575400315093,147.2959316087036,146.7480560124443,136.5091468059454,114.44499938758683,103.44107361083984,138.55909191056998,128.89169003351117,157.2160161283542,46608.23260774099,1467.4581738967588,2746.469840224372,2832.547131256967,2969.6875108259087,3955.304382214438,4442.351980253588,4674.840327055921,6691.134984362848,7493.986904909729,9334.451372740337,254515.46229799656,9561.92144821456,9251.72940058331,13363.146054179126,12939.399467321544,18004.07897837818,35001.992349870496,53745.248122279,36113.99144330618,30772.40322590202,35761.551807962096,1573.433640675719,194.4027747980957,231.35599717620468,179.21307842199707,179.87478414130354,159.11979208166122,131.53652825418806,111.99323261206054,147.31766902366965,98.73931147508692,139.88047269145153,63104.11234000479,955.4353161957855,2100.984591886073,3809.9021913742736,4194.346366156071,5296.35260983745,5814.936986765334,6533.047465822522,8831.021126876327,12133.63756755997,13434.448117530977,329894.8657376585,6941.403818298289,7487.056330837473,17532.8135649385,17467.598886904805,24218.618927026764,46623.28361912852,72893.53261157051,46912.4612689728,42965.44248373426,46852.65422624648,1335.4476401806387,162.4223931630993,219.1314963555846,128.29342574975584,131.3118745129764,116.22722133800507,100.1957087378621,91.23735814233397,126.94745921424757,115.3041879768157,144.37651498995805,123162.16764327373,5620.2812653811525,8233.448305105096,8616.882995331982,9687.750190994491,10936.053087783468,10722.546747278779,11980.406102549166,14459.179702292922,20031.951040192995,22873.66820636336,605440.2221680199,32949.0128150442,26501.954377903985,38042.6411823875,37766.8106714458,49447.886297375044,83360.68394790444,130333.65062552401,73228.67641996246,62453.720071174386,71355.18575929807,1316.6833478604176,123.22354439750671,146.20557650087045,125.83207209069823,124.37746057985365,119.27397349354506,102.87112067652726,98.32849539599609,136.34871845335655,161.34266139405537,178.87972487800823
2068.0,87800.24739096698,4228.958537348961,6214.131516618899,6410.426404605527,7197.3260912657415,8228.307017246132,8056.708082206516,8970.616689847177,10394.649897833946,13164.578477802874,14934.544676191194,458974.0418605808,25199.372478195182,20466.02464968393,29137.552280282,28835.833105871632,38178.8977628965,64586.0516733572,100660.430038113,55151.79174879678,45752.261384164645,51005.826739219636,1264.8663334773387,128.65777681033325,150.84932612512873,126.34911014440917,125.42364522968428,120.52330036658812,103.36287779962491,97.15696776806641,127.06207381918102,133.3253185802288,152.15593683409404,71963.43337227481,2769.79737785621,4655.079209501839,4867.898240573766,5247.820610863289,6377.185323869548,6431.880006813848,6991.380189910428,9451.264788498165,11772.51559576343,13398.612028624308,359721.04285501875,16196.549222090835,14878.169301186894,21559.73651599725,20593.686067446957,27471.673806081693,48822.389064451876,75325.1945916315,47614.02487251244,41357.65309507133,45901.96631854779,1406.7485241369995,154.84210574664877,181.5316512189834,147.02052388690186,146.57932496293787,136.17254531791497,113.79587507822394,102.4284719831543,138.33845424844372,128.70158085033177,157.337990843459,46942.158978114734,1503.2401412496533,2826.3404973389625,2875.040529780181,3007.9529549514787,4006.7246104010133,4458.788760005702,4670.943159744201,6747.311674848033,7489.859189604876,9355.95746019077,255093.64365644087,9783.54604913109,9519.856988676904,13509.862811547126,13071.955059642958,18174.68271823151,34933.83499352145,53529.252097316006,36264.90109328956,30620.828624382986,35684.923220701334,1577.401964930627,195.65104180889892,233.66553167198896,179.91343383215332,180.70305430579646,159.45761979134798,131.4280864668541,111.31219403002929,147.55369806230087,97.94318740999245,139.77411755126477,63695.43870480014,967.9390625785827,2148.394715334304,3872.954180416176,4263.4648461611805,5372.4871373817905,5841.721487389807,6528.80864971614,8921.104304383352,12234.87685787981,13543.687463559063,332062.45833809726,7029.77292416135,7650.8644652569055,17814.613196376376,17768.925198487545,24607.24150965622,46725.54596813761,72887.68706255,47354.271300815475,43184.81169328382,47038.72501937201,1332.117830522551,162.8642898963871,221.1264416081228,127.51775650708007,130.75315978304496,115.39252998849773,99.20241217251348,89.95040836865233,126.44384987470764,114.72925912367964,144.13772319986535,125652.8923495551,5826.300085126501,8552.624344994043,8834.283606666311,9929.968748835921,11174.662507531833,10832.004717056658,12024.54362082525,14699.40109516806,20456.907747240763,23322.1958761099,616560.4115495741,34365.0894008621,27772.042301044738,39129.35238335775,38878.5863728037,50801.062098697694,84097.20731171775,131078.35316480702,74429.24282692221,63571.23026916561,72438.24542019573,1313.0860531544124,122.74018258189678,146.26482034237097,125.15239330187988,123.76745460983126,118.58707761033487,101.98772375379848,97.1990114440918,136.02557259973025,161.84608786867142,179.51572904180668
2069.0,88975.09382946757,4367.254826305542,6426.305093006811,6538.668926991805,7341.402016004942,8366.883288357789,8099.10802971043,8961.43531447647,10491.434026111625,13299.22427084586,15083.37803765629,464393.7944629995,26149.56768756145,21324.947819789235,29785.800015750752,29508.30154484429,38998.02160022899,64832.65286840609,100753.71525134801,55655.574610941774,46069.635778757554,51315.577285371364,1259.9116087045868,128.25323361600874,150.97884108691358,125.68235658532714,124.83414151174753,119.86504738345384,102.50251947374963,96.03906657666015,126.54351293773195,133.09689418451023,152.11599534848392,73097.28357576458,2872.00342074012,4832.63457765784,4984.14241314021,5369.265067707812,6506.1913578167005,6492.132188739133,7019.059943649605,9581.128319189242,11899.654269856106,13541.072017267708,363906.9813493309,16801.151568141948,15502.867654233463,22047.249521693,21056.139193777683,28027.515775601878,49062.53885335579,75503.48741078601,48145.49871855408,41598.15250987155,46162.380143315364,1405.0085211237758,154.97010917731095,182.36506410219096,146.74640017620848,146.4120988444084,135.83774432507562,113.15220958983015,101.42579962280273,138.12120795848278,128.5152316125207,157.46265571494496,47283.10264833449,1540.0208814157247,2908.6241052670803,2918.172445731862,3046.760813911625,4058.9416336410086,4475.45166180707,4667.051319573818,6804.281644672655,7485.959248493098,9377.838893820404,255644.5155399511,10009.778299771173,9796.832343689657,13655.779873893625,13202.83080589492,18342.930274519258,34856.521048642564,53297.1880011195,36412.29135801612,30467.60119571985,35602.7623386845,1581.4523220335466,196.91246329802894,236.00157932579182,180.61841739978027,181.53785493138002,159.79828074346065,131.3228341428442,110.63534467285156,147.79686225026654,97.15693294460702,139.6717523245356,64295.57334109891,980.8251556268328,2196.990568819332,3937.049897126901,4333.817189908097,5449.784375110468,5868.859696420865,6524.569419078297,9012.483860153136,12337.208710590548,13653.984468264403,334139.08711976727,7118.684581465385,7819.022015030903,18093.220192915127,18067.75150291943,24990.641006650218,46805.12763549389,72840.504348788,47787.09534321578,43401.9856974048,47215.054795883785,1328.8979455818962,163.32247669077492,223.1467406378584,126.74725959576415,130.2017447282267,114.56489198675013,98.22080179788256,88.68157366259766,125.94840940560994,114.16021972535133,143.90382735108054,128208.23875607713,6040.565883292055,8884.835092914711,9057.202705674841,10178.424227726015,11418.56973427272,10943.179277803421,12068.844319537857,14944.502623897679,20891.65762351196,23780.457267445945,627640.5557174715,35813.04662542969,29085.51750803827,40217.6223446685,39992.497901736424,52151.81440884426,84787.08171518147,131735.429323213,75620.03424672798,64713.21797110843,73524.29367252337,1309.554223260918,122.26143712944985,146.32759940725518,124.4767678626709,123.16148645516053,117.90471820321369,101.11287406694126,96.0825024855957,135.7074563377292,162.35659351850987,180.162787794392
2070.0,90176.2672883511,4510.545313570347,6646.199511329446,6669.490846671948,7488.474956316327,8507.86756933005,8142.147882951978,8952.262582464045,10589.512787132391,13435.588136901893,15234.177701682625,469689.70829027734,27115.336620299877,22207.546318775956,30427.11463300975,30174.856859939668,39806.57040664646,65039.25805652297,100776.31529665501,56140.07073899472,46386.752519498266,51615.886839934516,1255.0087567747141,127.8523821683998,151.11159101694892,125.01934384869384,124.24823562666487,119.2110056601057,101.65039169574118,94.9340207590332,126.02938561091479,132.87237311922644,152.0800272689854,74257.25734196202,2978.2774004781218,5017.2735888356265,5103.17211278321,5493.607115313488,6637.88136025473,6553.208063170016,7046.848554338408,9713.059403395104,12028.472866766046,13685.456876627331,368091.0340121801,17424.62049090411,16152.157772029605,22538.253968732875,21521.520634289387,28584.438865470354,49286.18657151663,75649.4272369815,48673.168463715614,41841.88391177854,46419.37609676164,1403.309539274157,155.10205948760031,183.20599543735122,146.4734980838623,146.2463602070378,135.5046993404083,112.5140096188631,100.43294499731445,137.90729698967445,128.33263909777926,157.59003601426588,47631.21233041306,1577.830873740128,2993.3963281821557,2961.951602051925,3086.1188459333566,4111.9688734670435,4492.342801485651,4663.1614636331315,6862.0560258573805,7482.284930958079,9400.100585104246,256171.10274039913,10240.729015796865,10082.913389580219,13800.917472345502,13332.138401810356,18508.892471313135,34770.70233551395,53050.2130495265,36556.495740236795,30312.69942480126,35515.40143947458,1585.58488673052,198.18722477555656,238.36447362560654,181.32798853845213,182.37921770727203,160.1417707502966,131.2207368568821,109.96257553466796,148.04714918779285,96.38039119409322,139.57335855990027,64904.67892961298,994.1028489473031,2246.802908315698,4002.209651217234,4405.4283190192145,5528.263302738357,5896.354657509922,6520.336014914141,9105.179314309338,12440.64936007438,13765.352552567358,336124.91959263565,7208.170414630201,7991.648203162628,18368.323467842,18363.91202486073,25368.34324272805,46862.516599708106,72753.00540412951,48210.78172592276,43616.57765303881,47381.64085661279,1325.7878018305807,163.79701833935354,225.19265664996624,125.98199051104736,129.65758670021205,113.74423891261625,97.25070073609304,87.43066749072266,125.46107130316021,113.59703512068796,143.67483606672133,130830.13286674618,6263.437039039322,9230.638240417415,9285.767813278317,10433.279503682183,11667.89449268891,11056.098205981561,12113.309014177317,15194.59253862429,21336.44158702389,24248.674431832827,638679.7470334424,37292.46616772958,30442.691820239423,41306.404764888,41107.62862582741,53498.69206255578,85431.15720623314,132306.928803093,76800.54689989286,65879.86618680095,74613.364496182,1306.0873696083709,121.7873024559059,146.39390106678437,123.8049881161499,122.5594682349787,117.22686294156264,100.24646853567671,94.9788292836914,135.39434066170242,162.87425139892576,180.82095691299318
2071.0,91159.25890112462,4638.332528520979,6846.183553327678,6775.489972806889,7609.7411786030825,8621.394771924064,8166.649776549286,8920.27827076431,10664.324724207983,13554.658718651384,15362.205405769066,474796.4402064002,28088.3126479659,23107.649289465688,31053.258327011503,30828.265946656342,40596.33424672156,65199.97676496146,100719.394311611,56599.53770115195,46701.01198882486,51902.69898202989,1248.9254866543001,127.33187851826668,151.08032388387298,124.20642935449219,123.51817834301767,118.44630188721608,100.7244900851202,93.77764450463867,125.39928665032434,132.5298284349079,151.91112499244332,75328.8688559783,3082.1813529988954,5197.523799327528,5212.100149387873,5609.1483816108575,6758.916190278555,6607.45826203807,7064.088309923143,9833.611720020546,12148.948498214451,13814.892192178595,372246.31315714004,18064.895115371422,16824.11117582125,23029.098674834375,21987.132798996794,29139.34385876536,49490.91491901758,75758.9090137345,49194.026535471465,42087.477185457894,46670.403879669444,1400.6089677642058,155.1253952589302,183.86806200949596,146.06436399536133,145.95137660515744,135.0773615984521,111.817995414793,99.40764645288085,137.60970065474723,128.09276929499006,157.59429647939766,47950.19922598569,1615.4704523124744,3078.871262406384,3002.7762075265455,3123.743291916176,4162.8802063010335,4507.467252985311,4657.204234897841,6917.862369839206,7471.479356470903,9412.444591329957,256669.9353318621,10476.073887254055,10378.0113211902,13944.50752447325,13459.535879847288,18672.117297226672,34676.47077698693,52788.486810905,36697.422295511016,30155.251391885686,35422.058146582094,1589.2674258304808,199.3759385055561,240.58032122173927,181.98400246972656,183.15586252921503,160.45337493990135,131.12005270228005,109.31908113159179,148.29032352004643,95.56518410508609,139.423284705338,65402.01376823702,1006.4597454574862,2296.6280018512944,4056.483596888417,4467.521041585823,5593.684689408659,5913.679635244239,6501.21323613793,9183.967983845812,12525.388659712775,13856.987178104551,337992.456190688,7297.837327024124,8168.652158084401,18636.74000481725,18655.02541150804,25736.951217067235,46894.28697407557,72619.45349775351,48622.21754649946,43825.83721134733,47535.45484251111,1321.4969487803903,164.14226059973907,227.08951160582018,125.0528187855835,128.96023922400607,112.80491500956154,96.1965804241445,86.11707192700194,124.87244293301087,112.95315238889837,143.30795588262401,133203.88888944843,6466.858898208429,9552.669437588867,9482.424069096991,10655.312930093627,11883.045573992784,11146.603476105378,12130.713839178052,15418.322126690537,21771.472020387817,24696.466518106394,649589.6903001746,38791.74895726976,31835.424688968968,42384.009834928,42213.76300151764,54830.2865445291,86021.52672783501,132781.307678791,77962.90482634996,67068.83844304601,75699.87959693876,1301.4619045731154,121.21130994793033,146.30980897737217,122.98687525946045,121.81738164415448,116.44308933279753,99.30994574294996,93.82350090209961,134.95683634715,163.27478214546107,181.3283742737398
2072.0,92162.6985544599,4770.154986258418,7052.635852259377,6883.190891058385,7733.083947320233,8736.506306444648,8191.671086811748,8888.408068669036,10740.08564979556,13675.155445573211,15491.80632026945,479733.94536812964,29069.850839454946,24026.720028487438,31665.657595742752,31469.726133364682,41368.5918487673,65318.27321712533,100589.009049821,57035.778955892456,47012.98641095357,52177.35128852045,1242.9032889739126,126.81568226526547,151.05200784583067,123.39899661022949,122.79315145694777,117.6870876263442,99.8080026499977,92.63535669311523,124.7744607857818,132.19173020297146,151.74681283742905,76423.97642801111,3189.984088609173,5384.545727968975,5323.366603860585,5727.20909244454,6882.229352127024,6662.4446393891,7081.371007917165,9955.949256403605,12270.934442004376,13945.942217286594,376383.0585734739,18722.919415207572,17520.022452347373,23520.508269988,22453.553525491017,29692.834023087213,49678.155965566584,75834.5281609245,49708.92626947514,42335.28522534989,46916.32526603628,1397.9494336651567,155.15216832479666,184.53591134960197,145.65703916815184,145.65809496229718,134.6522445017128,111.12793086632156,98.39281694921874,137.31543160104175,127.85665964211273,157.60113629990136,48276.22547306108,1654.1231607852662,3166.881038242297,3044.162965189293,3161.880393437169,4214.555003211141,4522.80094185818,4651.255373281641,6974.467651936674,7460.921170249244,9425.177774870373,257146.16019550682,10716.040947435436,10682.52160726124,14086.837207653125,13585.261128900145,18832.88463662559,34574.613579355864,52513.3729129075,36835.55258200883,29995.634252138185,35323.44134122098,1593.0255816407418,200.57619628979492,242.8198681319866,182.6440731571045,183.93833091119646,160.7676201906891,131.02226823754833,108.6793686286621,148.54025788712346,94.76028626468181,139.27731194195448,65906.6839790533,1019.1932283129642,2347.6811312874083,4111.496138391869,4530.620601827257,5659.948826509646,5931.33034011123,6482.146665313575,9263.884155100402,12610.963450892561,13949.41944130641,339752.3008535524,7387.876121393962,8350.245953101563,18899.08858263925,18941.646561338603,26097.10365472751,46902.425913550345,72443.40948113051,49022.50711962605,44030.36196368469,47677.63550236,1317.3238717104084,164.503386514719,229.00935944987106,124.13092882006835,128.2717594474774,111.87438288503932,95.15566240845656,84.82321041088866,124.2926832807807,112.31578651325464,142.94671197985278,135634.88583329704,6677.521124679381,9886.600643877015,9683.276315279025,10882.247900980534,12102.2536593036,11238.47994648601,12148.14460270452,15646.335048913657,22216.28008585571,25153.74650521761,660396.3434504782,40313.16407751439,33266.33515600039,43452.316794996754,43312.539648628095,56148.28442434508,86562.06427572762,133165.245904257,79109.35226827668,68281.21571298268,76785.82518774948,1296.9085509480271,120.64044694795035,146.22900051462935,122.17440877905273,121.0806806100921,115.66508584269094,98.38305815673756,92.68222564453124,134.52486331110782,163.68190105776213,181.8468800834727
2073.0,93187.09302424286,4906.151058632427,7265.778358733287,6992.622354383673,7858.540288697685,8853.224402102393,8217.218276395142,8856.652034490062,10816.807251345845,13797.095477019173,15623.003522442952,484521.06784747256,30061.31442464204,24966.270363403786,32265.658696918003,32100.372589532122,42124.56100413548,65397.27699118287,100390.746782346,57450.50574870435,47323.247240987854,52441.11400562016,1236.9416399061313,126.3037592242546,151.02663475756407,122.59703592193603,122.07310256248762,116.93332112724303,98.90083922951317,91.5069828552246,124.15486348502614,131.85802625353048,151.58707448935164,77543.23879581821,3301.8407291802355,5578.60373047811,5437.020689536489,5847.846384487208,7007.863572829756,6718.183437214874,7098.6965087011295,10080.100468476501,12394.4509729203,14078.632301993663,380511.254586176,19399.638781617334,18241.234706399056,24013.214606470126,22921.362855063056,30245.46355846476,49849.33633739282,75878.7220463575,50218.68818563927,42585.63297966308,47157.96052910901,1395.330675153293,155.18238943386078,185.20954766981433,145.2514769975586,145.3665062604159,134.22931557354403,110.4438235169189,97.38835454345703,137.0244665988297,127.62427603584956,157.61051852304422,48609.445037111545,1693.8185069094952,3257.503436805623,3086.11990708593,3200.538341981778,4267.006024689261,4538.346359851581,4645.314074346992,7031.883654136254,7450.607520270947,9438.307211033482,257604.7384686611,10960.85249457902,10996.854008803215,14228.181807714502,13709.54702637895,18991.4723646679,34465.88344872737,52226.15860912501,36971.345251842446,29834.216614915833,35220.22684190683,1596.859665690628,201.78814683489418,245.0833694098377,183.3082454387207,184.72668794488825,161.08450582450627,130.92737445989465,108.04339787402343,148.7969622229128,93.96553919567847,139.13543648527144,66418.81578382285,1032.3115197118336,2399.994206514859,4167.26180759857,4594.747051011087,5727.067708831978,5949.309813811113,6463.136453852721,9344.945575881087,12697.38186779818,14042.659778811487,341414.5853787211,7478.4763942452755,8536.637401665033,19156.017700219378,19224.31709844875,26449.4094691264,46888.82168525805,72228.1963748485,49412.70711299432,44230.7206015825,47809.28154033285,1313.268098250231,164.88039191610335,230.95244428792475,123.21639076977539,127.59207792903179,110.95255789120245,94.1277667857914,83.54879630615234,123.72172622552633,111.684860752666,142.59108538605736,138124.70129524506,6895.699932729042,10232.898335074045,9888.412783813195,11114.198965795938,12325.597221012235,11331.743301867287,12165.59996826767,15878.716078585654,22671.099264660676,25620.735443439426,671124.7281629454,41858.95396017951,34738.10614695226,44513.217448516756,44405.56087703441,57454.32405763282,87056.38458774594,133464.92662814702,80242.01419971144,69518.08565050966,77873.15460651556,1292.4268963911125,120.07464637876414,146.15151489250874,121.3675274925537,120.34933110875588,114.8928127851119,97.46565328811097,91.55483117578125,134.09834794617782,164.09565994585228,182.37657137749576
2074.0,94232.96745512832,5046.467341019198,7485.843310276209,7103.8104446775105,7986.154357805911,8971.573072860609,8243.290766824271,8825.010006384084,10894.49947648862,13920.499749478091,15755.81892931384,489175.9502751505,31064.012518955027,25927.830655739257,32854.5704876945,32721.289419596276,42865.438992180425,65440.14682990687,100129.80526305501,57845.33360907098,47632.33221503878,52695.19028391343,1231.0400077970166,125.79612913178444,151.0042035177791,121.80047244329833,121.35805709449609,116.18495835284328,98.00283478538823,90.39235654248047,123.54042970852595,131.5287083565693,151.43185786385143,78687.3419335295,3417.912163182411,5779.975853390174,5553.117054653861,5971.119301727526,7135.865176719397,6774.6812720252,7116.063743878065,10206.09316468743,12519.520202365247,14212.99400090028,384640.61426586844,20096.05962481757,18989.133743334314,24507.889488196626,23391.11958945764,30797.81270289345,50005.776623309415,75893.7842542535,50724.09031228907,42838.848556576246,47396.099370740696,1392.7525763567194,155.21604632153318,185.88907864077544,144.8477423224487,145.0766013536422,133.80858398175573,109.76554985965036,96.39414766723633,136.73677278335165,127.39559976785945,157.62245365846644,48950.01499074435,1734.5867271606462,3350.818953359588,3128.6554743667957,3239.7247865907793,4320.246343199503,4554.105621346416,4639.379602404887,7090.121263122593,7440.537333621143,9451.838885572119,258050.28551731416,11210.74621988934,11321.428781572993,14368.799600281625,13832.614350448299,19148.130243962743,34350.96077443731,51927.998238427506,37105.2188615121,29671.34326920048,35113.04517758172,1600.769964773889,203.0119307387104,247.37111524484777,183.97655456420898,185.52096475571597,161.4040379094019,130.83535949514723,107.41113079980468,149.06042284665764,93.18079875927472,138.99764966011978,66938.52751966822,1045.823899400052,2453.5994755045735,4223.785361782644,4659.922180097733,5795.05320975078,5967.62277451992,6444.181160328564,9427.169240879666,12784.65573264106,14136.714484762968,342988.82509450556,7569.820001544612,8728.041090691251,19408.105202762625,19503.537003521134,26794.458574617784,46855.218298372485,71976.95478205901,49793.816398687784,44427.45715717106,47931.416585077845,1309.329013374597,165.27339177348517,232.9189977239542,122.30897830963134,126.92118589047068,110.03935337930201,93.11273318848777,82.29351984106445,123.15949769758784,111.06032035257292,142.2410352180407,140674.9891148667,7121.690951800863,10592.044548729651,10097.926941896938,11351.280910901203,12553.156065131543,11426.427185585022,12183.08181539471,16115.557373723126,23136.175298880757,26097.64802282295,681799.1363747362,43431.44816301697,36253.49993150552,45568.533779850506,45494.35207219717,58749.95718932347,87507.9083002339,133686.206684523,81362.95994930732,70780.55021269881,78963.72009207938,1288.0166914138654,119.51395787264251,146.07732848866843,120.56620284295654,119.62327019733944,114.12622686939811,96.5577056209805,90.44116335424805,133.67725221506078,164.51612547181844,182.91745848075246
2075.0,95300.86320518983,5191.250193756086,7713.069898688555,7216.785008314315,8115.961217412251,9091.575264532135,8269.901264459599,8793.479591222564,10973.173711533782,14045.387000450866,15890.280054819801,493702.27059491357,32077.3215179718,26911.03634919262,33432.0057962685,33332.10162040697,43590.63694769105,65448.5351785419,99809.96372981001,58220.7097962934,47940.07147174772,52939.88818698974,1225.1978571124557,125.29269417359828,150.984712852592,121.00928816033935,120.64790065913346,115.44196059038448,97.11397167191815,89.29129815234374,122.9311179373969,131.2037391655364,151.28117374921322,79856.99595380492,3538.3675606239603,5988.948855153791,5671.705380665595,6097.088507612923,7266.27935066617,6831.955484808634,7133.47417498493,10333.957677356362,12646.164537586681,14349.054424345972,388773.39424580534,20812.351081963774,19764.1313355905,25004.308854730753,23862.701118781537,31349.646552514765,50148.12741141679,75881.16571879051,51225.20457394932,43094.865419788875,47630.89217827858,1390.2149725476816,155.25319394380568,186.57451757079173,144.4457566185913,144.7883949372851,133.39002873859118,109.09311908439803,95.41009205102539,136.45233436675778,127.17061794110393,157.63691729533147,49298.10686870021,1776.4584220003187,3446.910989737049,3171.777365768566,3279.4476951354463,4374.2899068608485,4570.083249193627,4633.452944553602,7149.193646388412,7430.710671880349,9465.781977182058,258485.73714022673,11465.752911180522,11656.40465397181,14508.672513074876,13954.53038881938,19302.932078340018,34230.40669848997,51620.055279193,37237.53582733554,29507.12860520976,35002.318184611904,1604.756961593297,204.2476465161228,249.68342142615413,184.64903575683593,186.32120953209875,161.72623953608465,130.74626318135736,106.78257911132812,149.33067154724944,92.40594183800053,138.86395314806543,67465.9497917298,1059.739267566554,2508.530651667126,4281.08106600562,4726.167062888505,5863.917731202612,5986.270066543001,6425.282863019454,9510.573226604838,12872.794398926846,14231.59345730551,344478.5897881124,7661.916385575938,8924.512289854403,19655.202433704875,19779.27899260532,27132.067970795466,46802.67277110961,71691.78671257201,50166.19893156041,44620.493144198495,48044.4601561358,1305.5061600878491,165.6823976446209,234.90927977304125,121.4087447583618,126.25901772671773,109.13469398533391,92.11035052866268,81.05711470727539,122.60592798196271,110.44208965311002,141.89654332876276,143287.4084148148,7355.788749998656,10964.539760696536,10311.911620835446,11593.613143074168,12785.01082455707,11522.545979346078,12200.586862468423,16356.950308325884,23611.748513688613,26584.71265182361,692425.1979166749,45030.220564595715,37812.786421898934,46617.725751704005,46578.47357307733,60034.44327836186,87918.69879351492,133833.312841231,82472.71585827571,72068.71777603522,80058.10305798019,1283.6772857453007,118.95822649074363,146.00641009014439,119.77039196942138,118.90246164115155,113.36527385584354,95.65904370646572,89.34102938134765,133.26152177246564,164.9433118737936,183.46961496392356
2076.0,96207.96052098999,5320.542030856998,7920.009455279468,7309.76569572594,8224.635700586865,9189.822338016322,8285.413794324957,8753.00903307825,11037.81425310993,14156.285429226511,16010.662790785085,498060.205603789,33093.22607023158,27909.658382813104,33991.98724231475,33927.44430358191,44294.28738896383,65421.06391871416,99430.66780043901,58574.275558092275,48244.49959077479,53173.09534786363,1218.2010317446475,124.67343489846324,150.80479393140672,120.07476033679198,119.8039856494623,114.59881919836472,96.15189807440852,88.13230248486327,122.21019696724233,130.77695080115413,150.97388940249002,80952.69530262073,3655.07805833966,6191.02187807875,5780.288781479486,6214.345243167339,7387.427063562888,6884.3214327666765,7145.815847618982,10453.431327555125,12765.924761367192,14475.04090868488,392889.5842203881,21545.764246128292,20563.528805364935,25499.03964281925,24333.581841778854,31898.489508378912,50275.509125586876,75840.01906396,51720.26652454901,43352.615483696856,47860.769978125005,1386.7624917744213,155.18593070030784,187.10009687910414,143.91399246173094,144.38131724536663,132.89998037225723,108.36945528765582,94.39203915014647,136.08777852803527,126.89407778919124,157.53782336062585,49625.156669913966,1817.4930463814815,3541.9102352226214,3211.5880846696436,3317.0162318945104,4426.167526756058,4584.54178380712,4627.5966748954625,7207.268184045152,7416.90779501393,9474.667107227917,258909.43726071646,11725.236576651547,12001.220231840798,14646.938380762751,14074.872410695863,19455.50133010196,34104.617668372855,51303.377596935,37368.472329647404,29341.220979370202,34887.979756338,1608.4238094574177,205.43315673946952,251.82742650183962,185.27591233374022,187.06683914025163,162.03810760899637,130.68034360192442,106.20731499194335,149.60715815325557,91.60301876659679,138.68453161940013,67921.85235417889,1072.661907925059,2562.375655913285,4329.226546376373,4784.497705333163,5922.905083837385,5999.151891150063,6400.496026589046,9586.048656068579,12948.1651432828,14316.323737702924,345871.47540611355,7754.325816153033,9125.680229425358,19894.859505386252,20049.773482241377,27460.003961591305,46730.442890175815,71372.19289029151,50528.688672504395,44808.20052097105,48147.30743737339,1300.5851225886183,165.9836450089569,236.72675777123737,120.3630971991577,125.4632555879701,108.13235605447339,91.03288376175594,79.75833417333985,121.9592783049075,109.74621023131537,141.419304495504,145718.37437951373,7571.198734575855,11313.643123806665,10500.39126571796,11809.622001914853,12990.385924503671,11606.120108049174,12208.902340954066,16582.753469763167,24076.205604626142,27059.151805602058,702947.9319091062,46644.41706566077,39407.868020058675,47652.15209780525,47650.331061863544,61299.61402009776,88286.9048977402,133906.01801096302,83567.7475690434,73379.82980019288,81153.049365681,1278.2200307147098,118.30467468104172,145.78940279731512,118.83494471350097,118.0521547446208,112.50907552695202,94.69105550600575,88.18275435864257,132.72627783444725,165.27563771897172,183.85405283321165
2077.0,97132.74873086136,5453.467044490098,8132.962867436493,7403.965778487282,8334.887054131717,9289.19461729712,8301.364607084419,8712.723992331963,11103.242467714947,14268.451553052542,16132.488748835096,502267.8192308004,34113.100843649634,28925.172515418213,34535.976475903255,34508.54609098951,44977.71864289131,65360.56347550464,98996.861835823,58907.62156590823,48546.211388943324,53396.04639576962,1211.2746055901484,124.05925312685012,150.62791675300096,119.14764523730469,118.96665717686143,113.76235914504004,95.20026415174532,86.98834400341796,121.49548415196189,130.35496973825025,150.67171210571576,82071.50963595885,3775.9257500427416,6400.22177459492,5890.971387802676,6333.95520415561,7510.666006550224,6937.383742115868,7158.177347207956,10574.562304545098,12887.11904975053,14602.527069193306,396998.9278112122,22297.300594707605,21388.728021655552,25992.844275126503,24804.38328958883,32444.95321185832,50389.153248520786,75772.511952842,52210.062902484264,43612.44646678687,48086.54384764165,1383.3518235054012,155.12174517999648,187.63033044907522,143.38488502624512,143.97632297855665,132.41253451833867,107.65218019260836,93.38483408959961,135.72658634927464,126.6211579766426,157.44124674506367,49959.3594455849,1859.5862031226632,3639.6279425600897,3251.898421319412,3355.075225937177,4478.797600235751,4599.1914176566315,4621.7473309410825,7266.142179088169,7403.3386990706895,9483.954425653155,259325.6783043104,11989.436163632141,12356.314552868844,14783.875205130751,14193.871165767816,19606.088031801923,33974.174528810174,50978.96328369201,37498.39067484542,29173.952656557336,34770.61204120395,1612.1601766900028,206.6292888322849,253.99231500941514,185.90643865246582,187.8178016975709,162.3525404944291,130.6169220321369,105.63513825317382,149.89001465606555,90.81028753887749,138.50942952358304,68384.44267640387,1085.967977501804,2617.505341539403,4377.9195278209545,4843.724838102313,5982.554550545616,6012.3366070412885,6375.806752666912,9662.6086370048,13024.238396132927,14401.780048047987,347176.89574053837,7847.23511412262,9331.772228327622,20127.728244064376,20315.58573636501,27778.906594974505,46640.19828046049,71021.06542483851,50882.26498608809,44991.153840102525,48240.98529119452,1295.7886308248787,166.30067517895696,238.56478525855587,119.32688187261962,124.67790945002835,107.14026047284841,89.9697830056734,78.48038732299804,121.32213722847435,109.05731068558717,140.94850034913634,148204.53076676422,7793.543930027273,11674.563013957328,10692.34694330364,12029.8394931792,13199.14977373048,11690.877060702454,12217.217781474887,16812.68657988534,24550.785004597994,27543.521185905625,713391.2489216656,48276.265815923645,41041.43669255039,48673.775873147,48711.58251582663,62547.18356626736,88615.72415257554,133909.645996209,84650.06335889308,74715.04149179909,82250.5294584739,1272.8422212543574,117.65684228939533,145.5757665994544,117.90694171313476,117.20871101797898,111.65983532218074,93.73367100581169,87.03946098388671,132.1972525495441,165.6141942908268,184.24954548214376
2078.0,98075.62081325694,5590.13603294133,8352.11551043833,7499.396072413353,8446.739994348523,9389.707656518123,8317.759477521471,8672.621691913597,11169.464419931333,14381.901786739114,16255.778170491807,506342.3084293834,35138.28365084263,29959.080648362302,35065.3517854765,35076.57997304222,45642.19614545013,65269.76823569645,98513.09881798501,59222.27580212462,48845.75927542971,53609.914094973974,1204.4177534844212,123.45007705032349,150.45403677491998,118.22779877478027,118.13584205729761,112.93254435946606,94.25897214079166,85.85920662597655,120.78689636937129,129.93775617588662,150.37462315560757,83214.05418513337,3901.0654258008635,6616.808222617696,6003.785312480022,6455.967412287225,7636.03340294045,6991.153676209354,7170.561249625797,10697.374493054805,13009.766573865956,14731.538416251584,401110.856948783,23067.96847095314,22241.17082779808,26486.464566841,25275.696598896215,32989.60781682042,50490.24330765716,75680.662434906,52695.34829093094,43874.69878395338,48308.99585002656,1379.9824792892655,155.0606206974392,188.16520168085003,142.85822310791016,143.5733867467657,131.92768058420754,106.94123399521374,92.38838333911133,135.3687153548935,126.35183236452197,157.34720141835237,50300.86355631787,1902.767129451898,3740.143513504119,3292.714509356271,3393.631027591645,4532.191622435456,4614.0360474639865,4615.905741536023,7325.826706722069,7390.00011035433,9493.647147902122,259738.53281138567,12258.588600600902,12722.147414536084,14919.77128978125,14311.742163882587,19754.94478844134,33839.603417060964,50647.713737433005,37627.64795560685,29005.624647457753,34650.7487965849,1615.9661308988748,207.8361601869812,256.17822880750225,186.5406124517822,188.57407762279422,162.66951812463282,130.5560394408097,105.06605883032226,150.17924815878317,90.02758676383804,138.33860051142864,68853.81630485959,1099.6650340508834,2673.951306140914,4427.165488652059,4903.867276099482,6042.872315152252,6025.828148949119,6351.211510614523,9740.270246304977,13101.020922949065,14487.96405594652,348403.86713374604,7940.820642213709,9543.018156283637,20354.454766880877,20577.27325812044,28089.386582796727,46533.49241320247,70641.1741975415,51227.87498003348,45169.9141249336,48326.45801173965,1291.115626203885,166.6334254093151,240.4235277528758,118.29998810693358,123.90290248780578,106.15826916391372,88.92085613908053,77.22289538964843,120.69441659960519,108.375307420264,140.48403773444284,150747.3174140354,8023.063755982204,12047.719171657902,10887.848841700852,12254.351593881478,13411.359935569784,11776.835352273954,12225.539012494803,17046.83130446527,25035.729308960377,28038.039137048538,723778.2911325237,49928.000394295515,42716.24309584972,49684.4959270045,49763.8196653082,63778.787831414564,88908.18555147864,133849.249928189,85721.58787121423,76075.50829294635,83352.41257482315,1267.5433545786568,117.01464784090804,145.36546508798813,116.98638574023437,116.3720717094089,110.81749774043082,92.78676356145144,85.91098819409179,131.67438545599418,165.95905883888864,184.6560904092605
2079.0,99036.99924215041,5730.664606045494,8577.662111965614,7596.07535743927,8560.22375974494,9491.374405872873,8334.597646637123,8632.7076770953,11236.488927514598,14496.65457177873,16380.550178056435,510300.09414304164,36170.082742735176,31012.90670774539,35581.47470952425,35632.67211940224,46288.95681420849,65151.20925104235,97983.638678919,59519.66200333609,49143.68790204704,53815.803214081774,1197.629938289907,122.8458704484434,150.2831621832528,117.31520020263672,117.31151943795827,112.10931207409953,93.32786759138489,84.74476619311523,120.08437986849006,129.52529202995396,150.08256826057206,84380.97800030172,4030.659414960123,6841.05427340172,6118.7761747278555,6580.435372891628,7763.567145364916,7045.63877731993,7182.965448455034,10821.89196602085,13133.889220620606,14862.100206539186,405234.5839767262,23858.804620730196,23122.364869116227,26980.6177513305,25748.09977535356,33533.02478918437,50579.91294171515,75566.37154766251,53176.837944786275,44139.67739229839,48528.872344549105,1376.65432542504,155.0025786555061,188.70476461945486,142.33408071240234,143.17254367617358,131.44539829236317,106.23652074068927,91.40256379052734,135.01414001117212,126.08609316496658,157.25564176178455,50649.831011024246,1947.0663118342459,3843.5406775691295,3334.042544996136,3432.691799982776,4586.3617300377455,4629.077141321627,4610.072028141222,7386.333100894459,7376.892292033307,9503.75338421363,260151.93052262708,12532.932147492189,13099.189644631497,15054.862889618376,14428.695833357184,19902.319124117043,33701.45137515854,50310.474617931504,37756.56598889401,28836.52995646426,34528.908944962546,1619.8420133996253,209.05390729722595,258.3854433153324,187.1784390324707,189.33574732452124,162.98903997528504,130.4976747044716,104.50005164038086,150.47486839045732,89.2547924551165,138.17204926436364,69330.09290616379,1113.7625120326372,2731.74681176589,4476.972580259449,4964.94465595286,6103.86718414048,6039.630778905146,6326.711413721455,9819.048283838176,13178.519848137845,14574.888837410026,349560.85946022463,8035.256904686235,9759.660618204703,20575.644752222375,20835.36818454769,28392.029247653358,46411.81258168252,70235.038842689,51566.398617737534,45345.012755059295,48404.63695574173,1286.5655655664643,166.98203749420355,242.30319458698511,117.28236648779297,123.13815332660891,105.18628151878214,87.88592690943742,75.98555923242188,120.07601062805789,107.70011816126107,140.0259172209134,153348.22433545205,8260.011527421593,12433.554603124343,11086.964506980676,12483.247458974993,13627.074296149769,11864.02022772783,12233.868853821828,17285.27250348635,25531.275980924955,28542.934376840156,734131.4870003207,51601.85548785981,44435.09781311736,50686.087570034506,50808.58991124,64995.96000036965,89167.17281314297,133729.626371208,86784.15536431677,77462.3980448609,84460.54362417091,1262.3230343580233,116.37808991931438,145.15854179669068,116.07322793969726,115.54216924058106,109.98199972216295,91.8502612778654,84.79715817529296,131.15761711617844,166.31023978762911,185.07372938261102
2080.0,100017.30931059194,5875.173462430903,8809.8024170605,7694.023268480507,8675.363682500947,9594.209222078242,8351.886651244306,8592.975173771656,11304.324040771327,14612.726539312218,16506.824852941445,514142.17818365636,37207.7207020287,32086.039004229235,36084.035513411254,36176.499677774766,46917.601581971,65005.88850359465,97410.83773160701,59799.9967727098,49439.79101795321,54013.7676783767,1190.9105335630493,122.2466106214609,150.11528387863873,116.40983745318603,116.49361677848613,111.29260683319855,92.40687404169654,83.64476623193359,119.3878745765655,129.11754973251914,149.79551341536427,85572.94998496902,4164.8745784481125,7073.242130348508,6235.9845802241625,6707.408220525068,7893.30616788084,7100.855227962934,7195.392568175025,10948.140801667752,13259.506042197509,14994.239667539177,409370.91217426705,24669.93129700767,24032.58536258753,27475.10729273275,26221.466267923894,34074.99435846838,50658.505074122295,75430.44265477301,53654.49215526458,44407.28457639774,48746.10313498947,1373.3671154446195,154.94759553149984,189.2490509049189,141.81242634014893,142.7737290250024,130.96568506650829,105.53803543036628,90.42727035473632,134.66283133648622,125.8239126066575,157.16657884829462,51006.42381731003,1992.5132722328233,3949.905039879845,3375.890300673864,3472.2644166949535,4641.3218366163055,4644.31756152651,4604.244114920444,7447.673578951891,7364.012781528614,9514.280914284718,260567.40316293098,12812.477152941141,13487.545846343715,15189.168296957501,14544.782245968814,20048.252318020157,33560.00279313895,49967.88685366201,37885.249985419345,28666.76085155326,34405.276818926104,1623.7880483387069,210.28255059074974,260.61418174266527,187.82002462341308,190.1028267340038,163.31115040530776,130.44183672887135,103.93706082690429,150.7768907920593,88.49175108942413,138.00977480530804,69813.37545968911,1128.268748385112,2790.925648187463,4527.346834434704,5026.977163817511,6165.547619838749,6053.743861639342,6302.304739708115,9898.961315103152,13256.743413458122,14662.556115116762,350649.78153455566,8130.5517041667235,9981.725742945968,20791.197558971875,21089.86980896984,28686.725552164007,46275.726025495234,69803.9609987445,51897.99651616356,45516.33948604514,48475.68814088873,1282.137598437037,167.34649623391533,244.20398844837854,116.2739326932373,122.38361594874239,104.22419487111235,86.86475297048544,74.76803707177734,119.46685163858554,107.0316757768669,139.57405278393566,156008.7406744494,8504.64309646483,12832.51884628161,11289.749877563185,12716.619245951315,13846.351919095852,11952.443492817649,12242.203680204293,17528.09458457701,26037.676904664393,29058.439026829055,744452.8645613545,53297.1960170171,46197.92915621049,51678.12471922025,51845.46490445906,66198.19497166156,89393.77155963672,133553.207063748,87837.98648780966,78875.72745257043,85575.26222902146,1257.1804814530624,115.74706775892352,144.95491413248968,115.16729982116699,114.71896188879752,109.15328147162842,90.92400643094277,83.6977718083496,130.6468881805482,166.66780363577317,185.50248632444263
2081.0,100826.32741408172,6003.2602723320715,9019.212116429504,7772.98134430683,8769.866082725845,9676.975813100355,8356.033778647756,8541.133471444331,11357.794782019935,14714.225599018726,16614.84415405644,517825.77148342377,38243.23428851511,33171.682068164024,36567.6816299635,36703.209737618854,47523.150475394126,64831.16320649279,96791.86016035701,60060.57070649313,49732.07676308665,54201.14244733851,1183.0114158227886,121.54055062510395,149.79702791632388,115.36133267443847,115.55162589328867,110.38310638634061,91.40299369080758,82.47944186083984,118.57114208666441,128.58157666006326,149.34261802891803,86680.98859009902,4294.605035164835,7296.378311791872,6343.6498020935705,6825.475510922089,8014.167674405777,7150.06143623679,7200.545600490592,11065.845127089668,13377.543321600651,15112.716770303068,413496.4941021256,25498.27737714622,24968.47641093717,27966.75726536625,26693.37089738251,34613.27121793434,50724.36341438791,75270.6140273785,54126.368578003625,44676.39863966914,48958.596273919895,1369.2619613279755,154.7988184738941,189.63715546539592,141.17879309759522,142.2672577644668,130.429075419044,104.80185857947063,89.43296430761718,134.24441428942237,125.49459080400229,156.97703312706696,51335.80596165661,2036.912872724452,4054.0891978359414,3414.9616956157784,3509.6158363746936,4694.029904359725,4657.38742691343,4597.247858776365,7506.208318978659,7347.582175885602,9517.77067419186,260980.66995665073,13096.494643734313,13886.373053690591,15321.971791476752,14659.57885396069,20192.371716786958,33415.141754640645,49620.071038318005,38013.294535489506,28496.000588309656,34279.37198024357,1627.5374704201101,211.46611096233175,262.7129721305566,188.4240307248535,190.81486620750866,163.63042284438228,130.43187378037547,103.45987108886719,151.0865256672039,87.69886988758587,137.81192712644486,70218.98763596488,1141.8336023915633,2848.6561853413023,4569.578473532323,5081.539705211169,6218.264689477683,6060.882847698975,6269.859405533895,9970.360440254835,13321.925776880076,14736.08650964297,351655.8759638279,8226.275800875077,10208.763208332872,20999.09745596025,21339.216731828306,28971.592998342963,46123.7409687573,69345.927563855,52221.042519759096,45682.29147966189,48537.92723645503,1276.7652289591852,167.60423840376853,245.96821611131094,115.14982243054199,121.51733854520081,103.18476660170984,85.78245479804325,73.50455630285644,118.77781166341984,106.27227422287345,139.00374987945986,158468.5639859002,8729.374788717334,13204.626432950898,11467.876202065003,12923.951704809859,14041.17887879892,12025.075778141976,12236.0436457743,17754.26412804806,26530.343249748636,29555.829176844934,754681.2188327565,55003.123870010255,47995.67347737971,52652.693580887004,52867.415046516166,67378.45338972035,89584.1044683261,133316.05196605102,88878.87398914057,80312.31021527921,86692.51882944557,1250.8918940138822,115.02710770510195,144.61567912953925,114.12194585827636,113.77604495527893,108.23678356490898,89.91947604270243,82.53291468920898,130.00826921353683,166.90058608900404,185.7530867663244
2082.0,101650.50717711264,6134.540551134102,9234.061313361013,7852.771328280389,8865.524763925476,9760.520308012456,8360.576879991377,8489.605212474322,11411.92457625048,14816.850456126142,16724.13178755689,521367.87520720717,39277.996378744785,34271.30482888209,37033.96345764475,37214.06919675447,48106.96052743841,64629.54712384732,96130.92285865701,60302.858904952045,50021.14054983226,54379.11138045392,1175.1943413548559,120.84040776512431,149.4821649423716,114.32247253356933,114.6178970977703,109.48154492838668,90.41086186123442,81.3303576875,117.76183406302052,128.05118148868465,148.89561898719418,87811.60068058719,4428.674431851721,7526.8659594181945,6453.189472356764,6945.72635223771,8136.954890392389,7199.922927139744,7205.704163220395,11185.090078391368,13496.931976812582,15232.540428766299,417620.9518588786,26344.902343225538,25931.546500587607,28456.37917621,27164.45422722641,35148.45460862665,50778.65095784813,75088.83064855,54593.227201018286,44947.35850140331,49167.147694182786,1365.199299833476,154.65281259698295,190.02888800386762,140.54848476989744,141.7633589442766,129.89539908069275,104.07227609841394,88.44960784838867,133.82938785642355,125.16900996860122,156.79007466593123,51672.38205551021,2082.4058157644236,4161.124247072536,3454.4831547733424,3547.4335125814287,4747.474534708982,4670.63406074261,4590.2617989315495,7565.51441735353,7331.3634313543935,9521.687082227241,261395.54341781585,13385.232331076551,14296.15994170486,15453.546009089876,14773.306326770491,20334.915452409314,33267.33847467963,49267.806032432505,38141.020956378445,28324.52872916718,34151.68916410706,1631.350672115141,212.65933404670906,264.83072395606706,189.031072194458,191.53168220897552,163.95219209690094,130.4239497600093,102.98486229956055,151.40207852181354,86.91614821934628,137.61862881130062,70630.75579104022,1155.786509275772,2907.712654722876,4612.211922085194,5136.915789313568,6271.49969910688,6068.322127083188,6237.580594710008,10042.804160019026,13387.688429285827,14810.233905437755,352587.9104374174,8322.60441319329,10441.013445303583,21200.00754697325,21583.991656252736,29247.25812153798,45957.33187621067,68863.48266061851,52536.45725875672,45843.44388961866,48592.319568952065,1271.5231725830267,167.87728313985824,247.75141381699513,114.0369760083618,120.66285613600728,102.15671521336078,84.71538720369053,72.26242325817871,118.09870861720424,105.52072759240937,138.44068159696064,160981.28112066645,8960.648960776562,13588.238045995891,11648.851077061925,13134.849878668543,14238.83922216849,12098.71191242126,12229.8871527521,17984.42003790019,27033.429985493236,30063.40484742808,764839.4621873215,56721.78064892946,49831.08026586259,53611.788193304754,53876.12681602183,68538.41896144321,89741.1102100231,133022.792233802,89908.7013893933,81773.37448802052,87814.28898052077,1244.6918357280374,114.31347850505065,144.28008008556532,113.08628655847167,112.84158023003356,107.32845067588568,88.92679901532983,81.38425820776366,129.37681588470494,167.13932610292864,186.0147604623034
2083.0,102490.14049380408,6269.10117314407,9454.499835150224,7933.395737494211,8962.353466281342,9844.849473149648,8365.518794321995,8438.38673495917,11466.717401828857,14920.614297799351,16834.703579675715,524784.6710660108,40313.33106954866,35386.41037481169,37484.287035975,37710.28585514439,48670.32871741903,64403.42216013686,95431.99156556101,60528.271139667515,50307.54384121742,54548.799306529225,1167.458287132341,120.14611377894782,149.17065393236135,113.29307632940673,113.69231463959201,108.58785459039687,89.43035035812544,80.1972751142578,116.95986479407563,127.52631805970573,148.45446553547143,88965.36273743569,4567.236378682823,7764.956137623511,6564.63226646397,7068.2052183008755,8261.699564097835,7250.450499766717,7210.865108962111,11305.896159695874,13617.689791413812,15353.731612428353,421753.4581527614,27210.841885352744,26923.302258453707,28944.736734087,27635.326218942293,35681.12911899286,50822.44332709867,74886.86712633951,55055.78169196416,45220.49830946499,49372.531482065504,1361.1787214995475,154.50957237963294,190.42426432691954,139.92138294293213,141.26203335459897,129.36463408862684,103.3492489985044,87.47705802954101,133.41770776926214,124.84714321778583,156.60567639174366,52016.307626710935,2129.020772026905,4271.092193153955,3494.4637762426505,3585.7243568393064,4801.666465442327,4684.061764942527,4583.286812260637,7625.60178104544,7315.3549928588845,9526.034711898525,261815.58442891747,13678.932200615183,14717.407947641277,15584.149768595002,14886.170472137108,20476.118973286375,33117.01425245121,48911.77480931651,38268.71511142044,28152.604047104207,34022.69684635029,1635.228163005813,213.8623187760906,266.9677163473954,189.6413892141113,192.25331094565598,164.27643392015742,130.41811220023584,102.51204745214844,151.72355112645843,86.14344378166437,137.42983924189542,71048.77866804428,1170.1349706911926,2968.1271474936725,4655.250298661674,5193.12491956779,6325.258513922566,6076.063483171012,6205.468448423861,10116.30698978231,13454.038352755526,14885.005543574696,353454.1481886892,8419.707966818152,10678.734228634954,21394.541171864625,21824.7607487896,29514.320557483283,45777.860872670455,68359.0239413855,52845.115512174685,46000.33524935408,48639.74793951377,1266.4103969636558,168.1655951434574,249.5537659964323,112.93524835241699,119.82008514297982,101.13991599736022,83.66332387923526,71.04128492504883,117.42942395048415,104.77695687296462,137.88479670327615,163548.17378467557,9198.674284368688,13983.733959925386,11832.717701209582,13349.376438053137,14439.375191946207,12173.366173498902,12223.73255916303,18218.635595872132,27547.17661264311,30581.385267995815,774949.6005558843,58455.3782461393,51706.87343035167,54557.252259703004,54873.17988408625,69679.71742704816,89867.45585341676,132677.872967236,90929.2781920978,83260.14712021172,88942.4451755936,1238.5795849508302,113.60615389287281,143.9481366961715,112.06019626623535,111.91546440406543,106.42821585477185,87.94584222605418,80.2515881220703,128.75243807753097,167.38406232187938,186.28748708917843
2084.0,103345.54954945984,6407.032109085497,9680.687293205987,8014.865135875493,9060.371575625348,9929.971117952478,8370.85848529998,8387.477217277703,11522.180114189412,15025.53028872438,16946.576212223372,528091.6062403424,41350.554950950536,36518.493417351325,37919.963761224004,38192.99610165639,49214.51148030579,64155.07339978288,94698.77783287801,60738.14242746046,50591.82536853015,54711.267500202644,1159.8024482170076,119.45760727455425,148.8625073650608,112.27307894189452,112.77483194584094,107.70195295039844,88.4612932826426,79.0799741730957,116.16517099088621,127.00692575812197,148.01910553451228,90142.88005737448,4710.449502283445,8010.910414214772,6678.014307774387,7192.955255102955,8388.434285194488,7301.653528317879,7216.029146368835,11428.28379550686,13739.836433136674,15476.313389474262,425903.02914382226,28097.191676350514,27945.33790268404,29432.531307686877,28106.56561939411,36211.8447479743,50856.73347896958,74666.48205246251,55514.72662166289,45496.14276292812,49575.472973709424,1357.199981889502,154.36908044965745,190.82329342618655,139.2975483130493,140.76326406760384,128.83676878165195,102.6326944121313,86.51518902221679,133.00933430061824,124.5289797403593,156.42382937602721,52367.73569426417,2176.787278011691,4384.076003693891,3534.9069900138124,3624.4954173604556,4856.617972010737,4697.669890579123,4576.3219573691085,7686.482322614813,7299.556408800746,9530.821453809924,262244.26567677816,13977.847430302721,15150.624096493542,15714.040327474751,14998.372133000325,20616.20297939759,32964.60696959188,48552.609100585505,38396.66539880718,27980.46914317517,33892.828097949445,1639.1700168584375,215.07515724011802,269.12409679359814,190.25488548205564,192.97981736065958,164.60317847521924,130.41431008410453,102.04139871362304,152.05098580819438,85.38062378062749,137.24556312023728,71473.1498681939,1184.8874973026093,3029.931305318134,4698.6967693654215,5250.185866978604,6379.547487976713,6084.108295824453,6173.521327344639,10190.885106908547,13520.980463572307,14960.405747602426,354262.4532205368,8517.74878879951,10922.17420532443,21583.293693671003,22062.065680643835,29773.36425584101,45586.63948708971,67834.74803361,53147.866089492636,46153.481390988105,48681.07159507681,1261.425792758015,168.469221332098,251.3753403285985,111.84449876776122,118.98892361794275,100.1342413427193,82.6260295412767,69.84077543774414,116.7698646995193,104.04086179205775,137.3360358982973,166170.55421806348,9443.662650730903,14391.50291018255,12019.517701214703,13567.601286753414,14642.830406325254,12249.054918616626,12217.582078722486,18456.98822911353,28071.81920099111,31109.99483541313,785033.2587659915,60206.11156099563,53625.94627882242,55490.943032757,55860.13940019353,70803.93747878865,89965.69198557473,132285.457542332,91942.34184514428,84773.8674430156,90078.82219836766,1232.5543362013993,112.9050637275362,143.61981744031763,111.04354139929198,110.99763242214951,105.53599836137461,86.9764768980267,79.13468706103515,128.13505850272406,167.63478946684313,186.57127092210018
2085.0,104217.0527990739,6548.427514811629,9912.78342701318,8097.188417075584,9159.596057490302,10015.893740433941,8376.598770955994,8336.875036421468,11578.316330185327,15131.61224998086,17059.76125470575,531290.1230360947,42388.889196287346,37666.734723470516,38340.750939493,38661.94531458185,49739.30439318467,63885.53404045655,93933.69096879501,60932.781935067775,50873.873782867,54866.61774189096,1152.2260188062085,118.77486412267207,148.55770028468083,111.26240383544922,111.86537879978383,106.82378092166661,87.5035671874194,77.97824240014648,115.37765606185356,126.492962350358,147.58946284217845,91344.77752132298,4858.479697996866,8264.998894637936,6793.370056337625,7320.021785478205,8517.192077856495,7353.541920015243,7221.196800961459,11552.27658697968,13863.389492594622,15600.31020846452,430071.219319981,29004.0285388223,28997.821290022875,29919.659697726,28578.080980693238,36740.46251976406,50882.09355806622,74428.7110877315,55970.142140585485,45774.23464401766,49775.98486255187,1353.262776407533,154.2313308413658,191.22598267359612,138.6769467028198,140.2670104412589,128.31178587225867,101.92255139372348,85.56389258251953,132.60426062252503,124.21448640163374,156.24452887583195,52726.82185264718,2225.735198118411,4500.161164843382,3575.8177260269063,3663.752824139543,4912.341491464461,4711.46071100392,4569.367910712285,7748.165406432004,7283.967001511419,9536.0524183948,262683.7464743295,14282.006348445351,15595.873510221576,15843.3125838595,15109.998460355619,20755.26244356932,32810.513836187485,48191.1103497645,38525.07569531088,27808.281461253042,33762.311785362195,1643.1762622195267,216.29792542315863,271.30006098655224,190.87152900354002,193.71116281497385,164.93244454880332,130.41253634616993,101.57290679370116,152.38436365684393,84.62755771287274,137.06577493291104,71903.96579775168,1200.0521695930427,3093.158841518398,4742.556777395509,5308.118648535459,6434.371385343388,6092.458656846016,6141.738810522751,10266.55445003405,13588.519414354545,15036.436643608546,355015.8958819123,8616.760175011575,11171.33825704088,21766.335805047253,22295.966570780798,30024.383433575495,45384.47791183185,67292.2388598245,53444.96395018582,46302.89759501441,48716.53332359972,1256.5684927350467,168.7881523358307,253.2163473996539,110.7646748939209,118.16930917705768,99.13955976483655,81.60329275785303,68.66056249414062,116.11993191086387,103.31234790456772,136.7943140963217,168849.78437129772,9695.832159002926,14811.949012249892,12209.307061436153,13789.593244667227,14849.24722076943,12325.790498542741,12211.433720540077,18699.55831831423,28607.607153037115,31649.465982738053,795092.7528027094,61973.290326122216,55587.90345801213,56412.3804720405,56836.5872390096,71910.72619623475,90036.99644664806,131848.24396451502,92948.19393602881,86314.64275386753,91223.78801023056,1226.6154394127377,112.2101360250883,143.29512493957446,110.0363124574585,110.08801164152075,104.65171507968616,86.01854593936586,78.0333244284668,127.52461363057351,167.891547510097,186.86610776090657
2086.0,104933.37646903451,6673.070278365196,10120.554291077922,8161.389136245649,9238.733363262358,10083.803573072493,8371.259012128843,8279.002402018734,11622.50795344297,15225.479817173631,17157.5766422467,534344.4607860552,43420.738727150354,38824.027242160555,38741.88340850375,39112.73303967716,50240.587931110436,63593.30975514392,93136.11123244,61110.26673892657,51152.074183281075,55012.72852766143,1143.5467324552706,117.99420909023665,148.1132422912116,110.10669078723144,110.84565875038832,105.86030226449894,86.45307999521518,76.82356393969727,114.47835557059955,125.86425251491927,147.0073772512722,92473.59432635576,5001.452083397552,8508.340897427815,6900.6555296992465,7438.58835060919,8637.543760073078,7401.674729662356,7222.7770099082845,11669.492266622794,13980.680201612238,15712.389497343087,434239.19045420113,29928.08346229386,30076.87894398292,30403.54918817938,29047.661305264533,37264.93139926271,50897.98325778289,74173.24532196301,56420.638766211574,46053.86869691759,49972.35011234267,1348.6897469329144,154.0136515240135,191.478634073591,137.9823842034912,139.6868553852032,127.74527883596754,101.19831604082226,84.62545940405273,132.1417582152194,123.83607700691222,155.98133224364148,53072.86441724558,2273.9065858265226,4613.425955982962,3615.550079133758,3701.6369529389176,4966.6809927489585,4724.897244455326,4563.632398037163,7808.9464471768,7267.1372741952655,9537.050486749955,263133.1549019487,14590.797141334511,16052.086228246206,15971.682666446752,15220.82958524919,20893.11684142169,32655.25061051659,47828.413262453505,38653.995104744325,27636.027435597513,33630.95602593849,1647.0165565033537,217.4749055330658,273.3063481981511,191.4746287803955,194.39752268378382,165.25905967624092,130.472041930542,101.21163879785156,152.72357311151606,83.84468303580617,136.85215475600086,72278.36474424994,1214.5492708026563,3154.66783527745,4780.417303839055,5359.693723372153,6481.670891226662,6096.802707227166,6106.329106320049,10336.180953751995,13646.134862411034,15101.918090021616,355706.07807314786,8716.399144601732,11425.667168023345,21942.271576587125,22525.243650495315,30265.90175886347,45171.101758945995,66731.543611995,53735.401225200505,46447.503505050096,48745.04467338524,1250.8938862466125,169.0131704923973,254.88018292240142,109.59944258361816,117.25335631206201,98.08470333745932,80.54486014410972,67.46751878198242,115.39811092165743,102.50076033955764,136.15178041136718,171342.66566766708,9927.70012527341,15203.061931637081,12375.022220066367,13985.657659651406,15033.653450883301,12388.972707663455,12196.738249055723,18927.759947953855,29131.47592561654,32172.623449865816,805074.76808859,63746.38097517781,57582.98694119331,57314.20556811025,57795.93111942091,72994.158202293,90079.08547375235,131365.267894226,93943.50229704945,87879.53297733024,92373.71664003712,1219.5961508567532,111.43491197225475,142.84560634917665,108.88769464916992,109.07252156089604,103.6875536119554,84.97272624256085,76.87890293969726,126.79554828172255,168.03085573199033,186.98982951732955
2087.0,105662.57192902351,6800.4580999739355,10333.127291025816,8226.108043424832,9318.677174495424,10152.234505090164,8366.270073616477,8221.532546205077,11667.257583233402,15320.366818181259,17256.539793777112,537270.2127014857,44447.464488944825,39991.83171315766,39124.876121602254,39546.657521547815,50719.74805417219,63280.55188127704,92309.444603565,61271.922589470436,51427.01057230717,55150.70515544135,1134.9618647933746,117.22036296377087,147.67272951283286,108.963153491333,109.8358108320621,104.90599029471826,85.41591350189661,75.6859951784668,113.58775174662927,125.24179883023022,146.43235844143473,93624.53517788394,5148.933183382966,8759.157925313468,7009.649177033824,7559.188526295793,8759.673266887788,7450.440090777533,7224.357667076761,11788.158569174042,14099.273752048735,15825.70301989269,438415.947074062,30870.45433521247,31184.094517879985,30884.96162452175,29515.950382071092,37785.858927270485,50905.36534723746,73901.6314954855,56866.91162106739,46335.38520615537,50165.33361716046,1344.1586664912088,153.79849999584388,191.73405873284435,137.29168630584715,139.10975380196106,127.1819624291396,100.48050624506568,83.69731943701171,131.68259106892737,123.46148314186907,155.7208053326988,53426.218029987635,2323.2165087653207,4729.637092973579,3655.723947860639,3739.981719179482,5021.76028487732,4738.501514910335,4557.903081150834,7870.4883016294025,7250.504056607936,9538.501522032753,263595.5494914068,14904.466907748636,16519.78117024903,16099.401738581875,15331.067727037524,21029.980633723102,32499.109418494776,47464.987850427,38783.65808273422,27463.92244339773,33499.173519012955,1650.9147949951036,218.6607196459427,275.3290340205145,192.08052221936035,195.08819258961998,165.58808439407062,130.53315634779835,100.85162864404296,153.06828671956842,83.07194450206399,136.64322591212178,72658.5765468723,1229.4408480039253,3217.524178770247,4818.58499553692,5412.034992222173,6529.385632065615,6101.437907720347,6071.123959039543,10406.822252706761,13704.258160486057,15167.963620320697,356340.60964251024,8816.831057802434,11685.420847880749,22111.747024906876,22750.468816773187,30498.53494503625,44947.68712116357,66154.6655969415,54019.98245581719,46587.81728576408,48767.4544904246,1245.3508891226143,169.25287276885223,256.560533297308,108.44672856768798,116.35034777361031,97.04207576108979,79.50176805680204,66.29521285913086,114.68636948003714,101.69779408133626,135.51718647675978,173886.35866525292,10165.675708095707,15605.215627107127,12543.019971193184,14184.690500110753,15220.445208174471,12452.988455449344,12182.060613005016,19159.84784311211,29666.12180403922,32706.29293496583,815000.9332747977,65527.55701934969,59613.9388851248,58198.461461377,58739.86743977794,74055.91569613013,90094.42457405252,130840.39376135601,94930.01445966186,89469.81957059135,93530.5404073765,1212.6754989112687,110.66670753629398,142.40025375862217,107.75133922778319,108.06702569674982,102.73273492471337,83.94029692618084,75.74156699926758,126.07472534328755,168.1757802655525,187.12506823281765
2088.0,106404.8702850861,6930.6564208613545,10550.62291979248,8291.352897505569,9399.439984860339,10221.19336169623,8361.632740514595,8164.459462321608,11712.568120737667,15416.282405396047,17356.661971400157,540082.2129140736,45470.41098499198,41171.64397814732,39491.09406098975,39964.929778635786,51178.08151858324,62949.247972277,91456.96695911701,61419.00851430643,51699.231055966346,55281.598091058615,1126.4703610037516,116.45323200991153,147.2361689566469,107.83169385388183,108.83574376668217,103.96077493301559,84.39190743639398,74.56525299560546,112.70574355483946,124.625520312469,145.86432318430553,94798.13270093304,5301.072707012388,9017.691187331235,7120.371189835529,7681.857755097301,8883.6059218767,7499.84832910937,7225.937528282391,11908.292622475055,14219.185581851632,15940.269878061637,442610.2033906692,31832.23171361962,32321.055810902144,31364.6425215105,29983.56086019802,38303.812971174375,50905.11997200369,73615.364658915,57309.63952737349,46619.10829902962,50355.66705594283,1339.66905595939,153.58584640837097,191.9923113721218,136.60471169921874,138.53565998084,126.62180253796815,99.76907692676544,82.77935020019531,131.22670637107112,123.09066672288799,155.46292373995078,53787.03258307413,2373.6935360828334,4848.874520301213,3696.3453257214724,3778.7944285460762,5077.590349801666,4752.274879331364,4552.181559906697,7932.8011347976835,7234.067649450697,9540.409199134403,264073.8893108507,15223.27483748014,16999.491788832143,16226.688397962751,15440.901402065332,21166.0689176105,32342.39867077462,47101.258985884,38914.29831808645,27292.16618161109,33367.341810543745,1654.871274091382,219.85544290436363,277.36829694872233,192.68926895373534,195.78325021070498,165.91953399266814,130.59587894462823,100.49291741455077,153.41851755114033,82.30921706762958,136.4389501032385,73044.69015096188,1244.7344493520723,3281.7594421208028,4857.061753713962,5465.161731930694,6577.520907383961,6106.366122101159,6036.121013221325,10478.493933910648,13762.896869740107,15234.573927487068,356926.7639737336,8918.212800749221,11950.85966078964,22275.32880846475,22972.19377049958,30722.868418646416,44715.36600425869,65563.522293808,54299.50487536732,46724.34681917052,48784.56052197967,1239.938436526309,169.5072361044979,258.2576045458031,107.30638976281737,115.4601972293398,96.01154980377459,78.47378112316441,65.14326527075195,113.98459625649139,100.90336865955257,134.89044777011597,176482.0103931012,10409.930620319654,16018.73337712156,12713.323271138584,14386.739184937735,15409.658233299928,12517.842839535057,12167.398123881865,19395.895385806656,30211.78396589245,33250.705391167234,824891.96229488,67318.96147715262,61683.52558173829,59066.951611353754,59670.014319484886,75097.62092778314,90085.31272011202,130277.24932907902,95909.38405354889,91086.80041438846,94696.14186023913,1205.8524329012293,109.90544188423252,141.9589856794009,106.6270545133667,107.07142062343064,101.78720122160291,82.92104529487419,74.62103480712891,125.36205966726881,168.3263534208064,187.2718357891172
2089.0,107160.51149536223,7063.734528361165,10773.164389409236,8357.127756615371,9481.033452727515,10290.684433820623,8357.34479116383,8107.782623267914,11758.443235688124,15513.240716641554,17457.955567666904,542794.5968056715,46490.911794560976,42364.8999683799,39841.929887587,40368.70980820058,51616.838330266044,62601.32150925134,90581.62674150501,61552.71543878991,51969.24760413603,55406.395722994464,1118.0711681646167,115.6927660580759,146.80350264409708,106.7121836095581,107.84536807086657,103.02456305882454,83.38086695095325,73.46110873864745,111.83223883056789,124.01537689103937,145.3031933119867,95994.9538843598,5458.02668419398,9284.187964972563,7232.852490207715,7806.637090329154,9009.369395452368,7549.903134845942,7227.518687082809,12029.912758875735,14340.433381205337,16056.112297194231,446830.4276811437,32814.52423737057,33489.40583409382,31843.321969521752,30451.082451396167,38819.35385943216,50898.099943641464,73315.80867271901,57749.43381166191,46905.34608106221,50544.05082024492,1335.2206777343927,153.37569002475357,192.25342701269054,135.92148883795164,137.96458382402497,126.0647732540698,99.06389856051969,81.87145527539062,130.77407141474526,122.72360146653365,155.20768806371282,54155.45126534593,2425.3665269988305,4971.219984257447,3737.4168690045353,3818.0815699961468,5134.182988561991,4766.219217364167,4546.465946787937,7995.892871182285,7217.824157923676,9542.78113326883,264571.0120390597,15547.471522249774,17491.75741720496,16353.770654049376,15550.51251777341,21301.572761882417,32185.394877563594,46737.6363471075,39046.13377354598,27120.946023773493,33235.816143909266,1658.885895666007,221.05912959800148,279.4242928281245,193.30077557812498,196.48272003450685,166.2534074196534,130.66022025232792,100.13546022558593,153.77424512011237,81.55633056899595,136.23931404057342,73436.79988622679,1260.4376982018262,3347.4036528934184,4895.852831972084,5519.09244540814,6626.081103322751,6111.58961176221,6001.320342984151,10551.210717169995,13822.055201874096,15301.756280638176,357471.35097054485,9020.69370374519,12222.246516134368,22433.585593510128,23190.95504202159,30939.449872152225,44475.190962188804,64959.837704668,54574.69441383708,46857.57689954938,48797.120262738004,1234.6552542591025,169.77622582248114,259.9713907388773,106.17833362445067,114.5827547389705,94.99296904715943,77.46068370892453,64.01134183935547,113.29268615554004,100.11736866170978,134.2714999216336,179130.80730645292,10660.644079313468,16443.961150439733,12885.965749237044,14591.85385271541,15601.32185938334,12583.545924194355,12152.754029720052,19635.97319348432,30768.70299457506,33806.084473390314,834768.0052329511,69122.7420418221,63794.580035045845,59921.496953975504,60587.90313149433,76120.81351118551,90053.92714242134,129679.219640226,96883.21582222445,92731.75895793589,95872.34799662027,1199.1259748437194,109.15104952737713,141.52181486641763,105.51470910961913,106.08559138828971,100.8508248272314,81.91480331593442,73.51708988037109,124.65744474308609,168.48256359408379,187.43008359130917
2090.0,107929.73142242675,7199.760763095581,11000.879740507105,8423.438571854836,9563.46647919883,10360.71266594095,8353.404442644196,8051.500038538925,11804.885501802552,15611.252134399636,17560.43108444417,545408.1850133617,47508.21684944005,43570.68615193619,40177.227268494506,40757.82487304673,52035.89854900138,62237.62102425557,89685.334416765,61673.198130407094,52237.01616057097,55525.161589444266,1109.7632209557773,114.93887909517288,146.37474435178018,105.60451409191894,106.8645654040048,102.09727201105522,82.38260639766884,72.37331866845703,110.96713112657164,123.41130143280363,144.74888837634418,97215.57894207234,5619.955868140063,9558.901759934937,7347.120138871901,7933.565344298312,9136.992019186659,7600.6187865380025,7229.100313735809,12153.039410100828,14463.034872045147,16173.250429220629,451077.89731596765,33817.395070321785,34689.15394605106,32320.867714672502,30918.402072377292,39332.32922870303,50884.86753412386,73004.01095147501,58186.30016715,47194.08403624014,50730.48659485275,1330.8132622997973,153.16802556661796,192.51737642838668,135.2419829137573,137.39651599930258,125.51086080537033,98.36497511153817,80.97352186669922,130.32466937549015,122.3602706773758,154.955063555259,54531.63653932188,2478.2659425119004,5096.755003137421,3778.945777090909,3857.849799041609,5191.549360695612,4780.3371013830865,4540.759121928503,8059.774966990064,7201.775266545059,9545.624199997706,265088.77507207746,15877.12443717298,17996.62870230209,16480.751472755375,15659.987874822533,21436.600613295228,32028.448131848323,46374.758346113005,39179.28473265827,26950.401374272045,33104.78938683759,1662.9589284928531,222.27190321116447,281.4970764586029,193.9151506669922,197.1866135689746,166.58971876923275,130.72618263060997,99.77930020190429,154.13549829047042,80.81317944780398,136.04430524709767,73834.99245427057,1276.5587505874391,3414.4893708354944,4934.958387607296,5573.84680994624,6675.069955235823,6117.1098200540755,5966.720748935953,10624.987555418447,13881.736868405924,15369.514187243669,357977.20277366944,9124.322163486171,12499.599461382182,22586.590959036752,23406.841476754977,31148.299381325163,44227.900181179844,64344.9980708005,54845.734338833,46987.54595041038,48805.37079046038,1229.500240944362,170.05984205545045,261.70206080780264,105.06238767407226,113.71793370322096,93.98619563935303,76.46224411502241,62.89908534411621,112.61051918354862,99.3396972577238,133.66027516405165,181833.97988211823,10917.997657998552,16881.248629310543,13060.98380656011,14800.087172134301,15795.471474969503,12650.11166031672,12138.13093494973,19880.155550411106,31337.129937780755,34372.66305768754,844630.4174844668,70938.24554445515,65946.55630208319,60761.72429915726,61493.18086715744,77125.22662259021,90001.13565025872,129048.37309140101,97851.54096586572,94404.95410818623,97059.48003331176,1192.4952802270216,108.40344771445751,141.08870774885773,104.41421553234863,105.10946172441706,99.92353349437927,80.92141501874686,72.42948862915038,123.96078977894454,168.6444445715966,187.59977601412308
2091.0,108550.30534738881,7319.280081217325,11203.832454846324,8472.791490899268,9626.92766623489,10413.74830950882,8339.272033917723,7988.782976146779,11838.966477821337,15698.683405664737,17648.02045113163,547889.7535204372,48515.33048953244,44781.88630760292,40492.7853697585,41128.41194637384,52431.73846062946,61856.729195505395,88767.33684902701,61778.364332402554,52501.24737370882,55635.92319589633,1100.4469644218648,114.09911066303825,145.82036988147593,104.38370361602783,105.7864928532974,101.09466042609476,81.29311449026441,71.220852890625,109.99283980481269,122.71354910347509,144.04227069275342,98365.67975277254,5776.328301782673,9821.196791295011,7453.70085237404,8052.06656472415,9256.138862644762,7648.837860453267,7228.847863050847,12268.975407868209,14580.270925554061,16279.316323025445,455334.7631435418,34837.43089629757,35915.8693649726,32794.9329203925,31383.418370070132,39840.81653167303,50865.31579904948,72680.2704353485,58618.74870632259,47484.59391604168,50913.36620337376,1325.9180062038154,152.8983581577549,192.66054062482596,134.50392582910155,136.7539752055954,124.91919160556459,97.67060323017573,80.11065857592773,129.83176287884572,121.93854720203733,154.63044289398647,54899.5276108502,2530.7098524126563,5219.340973838536,3819.8581052104623,3896.652331759318,5247.859776253089,4794.862680338093,4537.018021115937,8122.517597049672,7185.335229405167,9545.373043467232,265626.91967859864,16211.758556266397,18512.95421439032,16607.481120305874,15769.186261289036,21571.045075464688,31872.21432759,46013.891021853,39313.679818500765,26780.607251330028,32974.10203160857,1666.9120455236505,223.4544023602066,283.43751168461654,194.52599871813965,197.85528594834082,166.91915522745512,130.8555695815716,99.5240924621582,154.4929895474322,80.03812324596309,135.80891674776686,74186.20842929292,1292.2633824860918,3480.1265128738946,4969.006838106297,5622.924011347518,6717.054315761046,6120.175991211489,5930.464332630167,10692.76985321245,13932.807187249484,15428.61600441443,358438.10464606585,9228.850909157423,12782.39671962413,22733.25616014775,23618.805560602403,31348.16016083795,43973.63681855008,63719.654869239006,55111.51058937187,47113.39042215717,48808.4424363782,1223.7101716994323,170.26583594251633,263.29128485567617,103.88647228912353,112.77837660597005,92.93041060661339,75.44609409772157,61.798824573974606,111.86170036155748,98.48808736693263,132.96308499934662,184354.9733349237,11155.435927492825,17288.2188280306,13212.995261019249,14983.259314077945,15968.512332790442,12703.815029924608,12115.37055460639,20108.350920186447,31896.196410058106,34922.81875673661,854428.3643554543,72755.67313021612,68129.3841751824,61581.032580044506,62379.8522369279,78105.57724699382,89924.75314203,128383.516995718,98810.52853677112,96104.01401966797,98254.03229190256,1184.8657799262735,107.58710255244159,140.54463129050015,103.20386638793944,104.04051236675167,98.92663118289494,79.8417530599215,71.27700066027832,123.14849716007834,168.70594050699376,187.58984475847376
2092.0,109181.82443623448,7441.115257339311,11410.950998679778,8522.443755511227,9690.929157822631,10467.115428890073,8325.468251561493,7926.551927695667,11873.519483909045,15787.07193572412,17736.65823910102,550253.7700890657,49513.63737577345,45999.97584708444,40790.11563159325,41481.76350517706,52805.69410825645,61460.492753301536,87830.450790327,61869.43176280786,52762.48926215824,55739.719052586224,1091.2378531169913,113.26696663099574,145.27063346857474,103.17725442364501,104.71983866468925,100.10237920872807,80.21866626053881,70.08671648718261,109.02874125747663,122.02274384527253,143.34391286988782,99537.36729468801,5937.346326777824,10090.985751100683,7561.832375374689,8172.453287146523,9376.912107414702,7697.671331715347,7228.59414033981,12386.256613144576,14698.787317687125,16386.52804398679,459609.4109671966,35875.73992871483,37171.16209592064,33266.256111701754,31846.780340409176,40345.400892149286,50840.21348439377,72345.80643855901,59047.424232083016,47777.20198941727,51093.425453847936,1321.063548045947,152.63102011737632,192.80606891766644,133.77005182391358,136.1149790725259,124.33090297970533,96.98214813117718,79.25697637670898,129.34208458206402,121.5207109846003,154.30860506020892,55274.87383474886,2584.347714767194,5344.958712638414,3861.212929357265,3935.9197627495128,5304.918363683718,4809.548743785101,4533.280552413891,8186.00877787132,7169.0817813423,9545.596496140222,266187.8690289865,16551.64064024425,19041.2895540431,16734.15766349175,15878.279183687591,21705.09303234917,31716.83473121956,45655.2488906935,39449.50964426671,26611.720119624453,32844.09556936645,1670.9188786115965,224.6450896588802,285.39257544548843,195.13930654846192,198.52793578653404,167.25091442853545,130.98628479189966,99.26954273559569,154.85565863176726,79.27321543922447,135.5783551452092,74543.0004052371,1308.3708258983936,3547.139569614548,5003.292215014471,5672.7441064034965,6759.369970073122,6123.52223069883,5894.426674528481,10761.527066759052,13984.345495786645,15488.262250460193,358860.60661230516,9334.42615698561,13070.906607851579,22874.154384341502,23827.401530124556,31539.62941333049,43713.33195078729,63085.318395148,55372.759051839676,47235.593089890135,48807.086032006366,1218.0510860144013,170.48575420475768,264.895397269578,102.72386734436034,111.85267523035503,91.88748425220585,74.44484833085536,60.71779560632324,111.12297153275073,97.64582316976738,132.27446907344782,186925.0247414492,11398.534593664768,17705.679117184543,13366.795880364973,15168.86872602756,16143.549466767485,12758.209644420383,12092.652836473193,20340.317981888064,32466.552560075965,35483.8639345826,864182.2659483295,74577.15734073702,70345.81498891518,62381.343866849005,63249.59519975057,79063.5752890964,89826.92200509043,127687.81968698601,99761.81933675744,97830.28183970852,99457.9363944388,1177.3451573967902,106.77833551459503,140.00523192197488,102.00779514709473,102.98300082611388,97.94015545001483,78.77712638377022,70.14284531848145,122.34585947413792,168.77300272083997,187.59180463976728
2093.0,109824.46023959723,7565.314192438648,11622.327854549472,8572.396045020481,9755.479472845707,10520.817484558393,8311.99128991456,7864.807302427262,11908.546133465816,15876.427159378252,17826.35330499803,552513.9562352665,50504.47032611249,47226.384625047795,41070.64412501975,41819.10146906189,53159.073267119165,61050.612378946455,86877.32297795001,61947.56378884317,53021.263705127494,55837.51957203839,1082.1345497760794,112.44233768937968,144.72551341160298,101.98498145629883,103.66449126518782,99.12031936455178,79.1590433056922,68.97065494409179,108.07470729904922,121.3388001476407,142.6537008925843,100731.15944475289,6103.151936591454,10368.493126779409,7671.541665029048,8294.76018393032,9499.335340886888,7747.132594614516,7228.34283756991,12504.896658920956,14818.601791671561,16494.90330875887,463910.0352712946,36933.45820696608,38456.698362911564,33735.5709462055,32309.08712149183,40846.65607308236,50810.28898022262,72001.76380672201,59472.930847963566,48072.215389359146,51271.36553636985,1316.249696549671,152.3659168673248,192.95399563286304,133.04041203894042,135.47951997016006,123.7459719025178,96.29961209058881,78.41241204370117,128.85557820702383,121.10674313499474,153.98953466155612,55657.820225514566,2639.208451354092,5473.687568918573,3903.016770832516,3975.659273994418,5362.735999079551,4824.3972571337135,4529.5456510305985,8250.257359601857,7153.01271106424,9546.299182505165,266774.02244403603,16897.013723901408,19582.17971044111,16860.9939868925,15987.444424564508,21838.936697562305,31562.49363080768,45299.051860564505,39586.95167158857,26443.88101235041,32715.075725363076,1674.9798239955114,225.84405203203963,287.36252501802966,195.75520074438475,199.20466285578678,167.5849939290676,131.11834743958806,99.01564358374023,155.22351644237648,78.51829767211962,135.35258427837877,74905.45378895904,1324.888789504922,3615.5568914974397,5037.818398216882,5723.32649426929,6802.020979757982,6127.1523888455,5858.608417667805,10831.270884669208,14036.358315480165,15548.452229049886,359250.8958834124,9441.193347889497,13365.3944196267,23009.8253145255,24033.177505205014,31723.248740663166,43447.84258892524,62443.4033791065,55630.16910685708,47354.622903924035,48802.018576689625,1212.5216707570662,170.71960262984658,266.51436768001366,101.57446033496093,110.94071020549119,90.85727101227498,73.45830225202155,59.65567785644531,110.39418671474962,96.81279722695159,131.59429484431075,189545.189828272,11647.445140629841,18133.916266541255,13522.407003682501,15356.954015299292,16320.60577165706,12813.294361403161,12069.978973098754,20576.12466679595,33048.43933356687,36056.024295597024,873911.8722439144,76404.8264929748,72598.60265364673,63164.578921641754,64104.029780473866,80000.74713857904,89709.62523066062,126964.296226962,100707.00322687233,99585.09511639789,100673.0674557057,1169.9322119608455,105.97712691219425,139.4704823949852,100.825819357666,101.93681226363402,96.96399302691388,77.72727654597068,69.02674552270507,121.55275463243201,168.84561703206873,187.60558427227545
2094.0,110478.37930939687,7691.930767769354,11838.056935891085,8622.646244326997,9820.583686669872,10574.857228180656,8298.84251463511,7803.542236062782,11944.047260529176,15966.760362795232,17917.112072536664,554683.1796574261,51489.15328951821,48462.561204556754,41335.673537467505,42141.57565148812,53493.117633920316,60628.66376992661,85910.27884711101,62013.83849796433,53278.06638630481,55930.25083916831,1073.1357370821543,111.62520417533874,144.18494791478872,100.80667360327148,102.62031968205022,98.14837722656655,78.11405874823093,67.87235394641112,107.13061405931091,120.66165725768327,141.9715304685024,101947.55772901844,6273.897605546228,10653.946243077431,7782.844104507713,8419.01921521817,9623.431545958898,7797.2268219869065,7228.089099890148,12624.913046211397,14939.729641227683,16604.46040539394,468244.5698240884,38011.74054630715,39774.135712342904,34203.576876078005,32770.930368959635,41345.14247256544,50776.18412405934,71649.210904616,59895.86822466314,48369.93683734916,51447.84375714782,1311.4759824804514,152.10309345158768,193.10430309714482,132.31486046575927,134.84756955656508,123.16437382648802,95.62290449522423,77.5768244362793,128.37223240284052,120.6966091596539,153.67321158890877,56048.51256748198,2695.322170384635,5605.603074272633,3945.27363371719,4015.877524588503,5421.324042983154,4839.410886091625,4525.813210052073,8315.272146667736,7137.127885614763,9547.487993109724,267387.69092698843,17248.132253750053,20136.204242633525,16988.162004058628,16096.841007338271,21972.750078496734,31409.36242261627,44945.4913953575,39726.186972525764,26277.22392014872,32587.336630062993,1679.0947366637886,227.05140360845564,289.34729018324276,196.37364627490234,199.885466031682,167.92140466645145,131.25176802752685,98.7623746628418,155.59655133454024,77.77324141937899,135.13159045476633,75273.65212683167,1341.8247758430246,3685.4093584277553,5072.585502876789,5774.690409447112,6845.008311127823,6131.065956180327,5823.008324539271,10902.017427788833,14088.848802283483,15609.193258317071,359614.7501939165,9549.288833348703,13666.133075255864,23140.758903115126,24236.64065896382,31899.55295727669,43177.96825792426,61795.1990692285,55884.39124915184,47470.91668225838,48793.90050739334,1207.1206608856992,170.9673206870823,268.1483335360617,100.43806220996093,110.04233297862666,89.83957954949999,72.48621750853991,58.61214283520508,109.67525487159257,95.98889378567266,130.92252292345725,192216.5513683895,11902.306788656813,18573.222201039523,13679.854371124798,15547.551189909876,16499.710803075584,12869.084448375239,12047.346780696911,20815.838815594856,33642.10996437839,36639.52600553751,883636.2339276416,78240.77378701822,74890.57283430641,63932.4711012925,64944.668288110304,80918.63804346386,89574.69748959455,126215.7633268,101647.5959241493,101369.80958818353,101901.24354472286,1162.6257199373922,105.1833164484682,138.94032469149326,99.65781208538817,100.90181543131555,95.99805083681296,76.69203494876217,67.9284052043457,120.76906451614981,168.923792783267,187.63110299138916
2095.0,111143.76377018915,7821.013113706072,12058.235229041256,8673.201965600436,9886.249504242274,10629.23497677631,8286.018173375558,7742.754998016136,11980.026022771439,16058.081767644257,18008.948019015494,556759.7191942594,52466.822297459825,49707.25798457247,41584.9150080955,42448.963766313944,53807.585542534136,60195.0501573688,84930.471873384,62068.02514790087,53532.84484611821,56017.782570511554,1064.2401399652003,110.81543507777214,143.648912136677,99.64223193621825,101.5872063317414,97.18642691976213,77.08347998951292,66.79154442919922,106.19634835667252,119.99124289190698,141.29731189573775,103187.10941850806,6449.738165901092,10947.582160313914,7895.76716718061,8545.267419759228,9749.224579505411,7847.964721773192,7227.836365179544,12746.32213750287,15062.189851660833,16715.21684973123,472613.28032672603,39110.515265157206,41123.257201989785,34670.0176124575,33232.116456113494,41840.66786705022,50738.417677355064,71289.06212016601,60316.08909234478,48670.30023317407,51622.83680091773,1306.7422500286302,151.842531795475,193.2569968657143,131.59343072424315,134.21913380620947,122.58608800275134,94.95199564200139,76.75015762060546,127.89201671828985,120.29029520182371,153.35960365151655,56447.102708552804,2752.717930317592,5740.788717516939,3987.988377451934,4056.581317280603,5480.6936511556105,4854.5909318438125,4522.084861505755,8381.063010224972,7121.425186170661,9549.16872508491,268030.2993963851,17605.10216751154,20703.39848893431,17115.748176890753,16206.562402169517,22106.65712717094,31257.737385120032,44595.134873083,39867.24416363973,26111.745384414575,32460.969227450772,1683.2637733806157,228.26716698971939,291.3470981828198,196.9946382791748,200.57037453129237,168.26015058740376,131.38655047252226,98.50977057763671,155.97477971634382,77.03789698393916,134.91534705976372,75647.68136142007,1359.1866800368202,3756.7287427869846,5107.596411631475,5826.855608144853,6888.3375581133205,6135.263653127834,5787.62432415208,10973.778800853117,14141.822456414415,15670.487126159303,359953.2797703671,9658.762211452506,13973.168132217224,23266.924924115003,24437.82028985647,32068.455372929453,42904.1985404675,61141.660574013506,56135.3272821847,47584.248836613886,48782.71360651683,1201.846920794871,171.228891662899,269.79743625357816,99.31455748742675,109.15741073339363,88.834287191427,71.52836995346975,57.58686474719238,108.96604631801557,95.17401163476991,130.25904481269885,194940.21297969585,12163.280677742621,19023.90064700257,13839.153340967643,15740.697235455493,16680.883560252125,12925.583938087624,12024.757881898015,21059.53153304714,34247.81471994893,37234.609445292735,893353.0733731296,80084.04880455782,77220.56580373719,64684.344512300006,65771.00375694814,81816.71930960454,89422.40859234559,125443.16800798001,102583.06239267797,103185.03204279128,103142.7201501876,1155.424480529161,104.39690022689057,138.41473540343833,98.50355816253662,99.87788960909631,95.04218931093335,75.67117592744923,66.84753949816894,119.994675869437,169.00750889983652,187.668307621374
2096.0,111641.30619422588,7932.031110995864,12250.701717192855,8705.047215240074,9932.19021261377,10664.728298403568,8261.315113422821,7673.677597920091,11999.677012999113,16139.254078840951,18082.683836596778,558705.9626550995,53430.21133329827,50952.696003500416,41814.03503869075,42737.420824154615,54098.77648169099,59747.66840547102,83935.92693565201,62107.08316968377,53784.40088978441,56097.7435731731,1054.3587894799693,109.9292851559639,142.99690260125422,98.37225417498779,100.46882010358115,96.14342633078289,75.95725045439434,65.62976831811523,105.14381991451141,119.24987940212392,140.46738302425445,104349.31163426772,6618.785192435313,11226.365041886058,7999.596095468259,8662.086073484608,9866.134376532362,7896.680791572328,7226.940832525227,12859.065599042018,15178.840298641078,16814.817332680577,476996.67033680715,40225.861144459595,42498.90923136686,35132.232161447755,33690.37453460944,42331.30250135071,50697.007628906395,70921.9178029305,60731.799088015636,48972.48667365076,51794.779570069484,1301.6131192263308,151.53503285767553,193.30473842653416,130.84226673358154,133.5432257921138,121.97891032263183,94.29111194046115,75.96295259545899,127.36917824788651,119.8157343923788,152.96996791760824,56836.74331074902,2809.93498618865,5873.109640264016,4030.0994814084197,4096.7410460358105,5539.521227884869,4870.876786899178,4521.11680303938,8445.193198244377,7103.467673195627,9546.682467588673,268701.5678472465,17967.550788964894,21282.59224242174,17243.604447493002,16316.538668428278,22240.69878616357,31108.38419258672,44249.366163497005,40009.92944494444,25947.194303589284,32335.708809157448,1687.2436652901963,229.45676964670182,293.2014358207359,197.60298398791502,201.2151301719097,168.5923097488365,131.57607030208206,98.33970404760741,156.3402450848809,76.26686314040899,134.6521533391179,75959.94806254098,1376.2847544968806,3827.0560273277883,5136.411144374837,5872.591280416164,6923.428776509125,6136.4816286324985,5750.41999017574,11036.550615543767,14181.721553611584,15719.002291452725,360256.978686781,9769.417376267571,14286.060198256459,23386.947098944627,24635.502777464702,32228.51538794325,42626.34959434227,60482.97904160101,56381.16602611772,47693.04439588323,48766.99678995998,1195.9923101717657,171.42788141504096,271.29358483754015,98.14748926171875,108.21204874888234,87.78886293165803,70.56241749537038,56.58268892529296,108.19272926259448,94.27728368893575,129.50732360473208,197454.78064229112,12401.583983102688,19438.915122179642,13971.687053585396,15906.495079174532,16836.83222472592,12965.841786226423,11990.317885064816,21280.7977583885,34850.46519029614,37811.844559547244,903003.5731699609,81924.04778621459,79577.01220769719,65413.0660663895,66576.76433470008,82689.09640101485,89249.24332870195,124643.120962603,103507.87094791482,105029.5864939052,104393.76464081967,1147.2439605111035,103.55073948407554,137.78759329582334,97.24718585357665,98.7733659893551,94.0113457903285,74.56002866101646,65.68541279504394,119.09566037381005,169.01342719184015,187.51920107623386
2097.0,112148.03337617643,8044.914219378227,12446.626699273587,8737.022443212509,9978.458042163398,10700.395699473307,8236.956672225588,7605.215034549473,12019.727156651918,16221.342079929615,18157.37532931881,560535.8714963206,54380.76253653432,52200.33239582558,42024.618015008,43008.25075348774,54368.07673175483,59288.13932676736,82929.045210227,62132.23322134418,54033.25945527209,56171.1538500996,1044.598984152906,109.05153156288337,142.35028302288293,97.11883265405272,99.36325337019377,95.11204706400966,74.84810184337235,64.48819306152343,104.10344506589857,118.5160587199788,139.6472377881105,105532.26465827087,6792.54319640223,11512.520388571727,8104.788218381166,8780.62023859487,9984.514036267261,7945.99634346386,7226.044804028129,12973.016266422583,15296.74568652603,16915.475479613113,481402.73619951255,41358.949582235,43902.7199685926,35590.98244639975,34146.35458047799,42817.632539780156,50652.568741586925,70548.71779819201,61143.63002593719,49276.81673075264,51964.36378555824,1296.5237422171535,151.2296629003849,193.35453941486477,130.095417428833,132.8711804228656,121.37527496270609,93.63567915698408,75.18382420092773,126.84951482877445,119.34531723963761,152.58333166117512,57234.060933605586,2868.4130148248296,6008.551796639321,4072.6565150108513,4137.378770957233,5599.1108661917415,4887.322954890159,4520.149435157238,8510.066077780479,7085.70043542032,9544.711066733395,269403.4765421798,18335.736831837956,21874.3753513756,17371.908531127126,16426.92286100573,22375.02824564983,30961.351884576805,43908.2310488185,40154.38474906294,25783.700712330246,32211.83632639509,1691.2740110227755,230.65408260003662,295.0686507697053,198.21361058898924,201.86360741752702,168.9266803703718,131.7668277294755,98.1699330415039,156.71065479696844,75.5060166101532,134.39394709804452,76277.51083526328,1393.8009955914836,3898.803520781416,5165.389963295505,5919.049487272416,6958.763273004102,6137.967720963674,5713.455325824341,11100.227635731368,14222.031736159792,15768.021176639202,360531.83774942637,9881.388546607332,14605.09060131585,23501.401244059627,24830.250858397576,32380.312403796688,42345.176442452015,59820.336997418504,56622.60474140187,47797.80704624863,48747.46886772815,1190.2668861142415,171.64005793393517,272.8027551664157,96.99421873193359,107.28112050974205,86.75670472676563,69.61073430373453,55.596028719116205,107.4294898862468,93.39088610880803,128.76489002754397,200016.6370761812,12644.991584257361,19863.60887980684,14105.515002447142,16074.202184882131,16994.33686016845,13006.646229863401,11955.974663086643,21505.65421813601,35465.234619015944,38400.472834517655,912607.9470311071,83762.97030294166,81962.66751046275,66120.60209708901,67363.66180437077,83537.45188025733,89057.12672657815,123818.47463054501,104423.74382610813,106904.8780960845,105656.37015666971,1139.184569777366,102.71273305547618,137.16568358106278,96.00717648852539,97.68156294953565,92.99211910794186,73.46579931427789,64.54347961621093,118.20822357388589,169.02509795659589,187.38269413385368
2098.0,112664.04077345578,8159.69846244328,12646.07282873966,8769.117138860693,10025.056844167171,10736.23616183589,8212.939277163317,7537.363563292199,12040.178350653367,16304.353324206677,18233.024822093877,562262.478123873,55319.8293867006,53451.61773733722,42218.03943366125,43262.68897094141,54616.79094214019,58817.97883287608,81912.0406176135,62144.61969060124,54279.9178882478,56238.954623753816,1034.9588737791123,108.18211094534587,141.70896143985414,95.88162001959228,98.27034793069281,94.0921424298482,73.7557473576424,63.36647146936035,103.07507279972518,117.78969122675466,138.83670816029644,106736.44525418509,6971.149840580319,11806.256702411381,8211.369636877182,8900.898503846678,10104.381617954014,7995.919682245592,7225.149361898518,13088.189734744163,15415.92142663404,17017.208746992994,485839.1135919445,42510.920815343365,45336.37539401672,36046.984986645504,34600.663848503835,43300.22989648275,50605.638113818626,70170.278465034,61552.15485511524,49583.59754621616,52132.269670768575,1291.4740819759747,150.92641686649702,193.4065212923429,129.35297842114258,132.2029786792035,120.77515502642535,92.98564886088037,74.41268207299804,126.33300975338646,118.87901224526405,152.19967875783442,57639.197118133416,2928.1827318404385,6147.187692122824,4115.664077571722,4178.499630017427,5659.472632929363,4903.930285124307,4519.182395962906,8575.691487788243,7068.124059960438,9543.26212481576,270137.9148482588,18709.907703927038,22479.309521678737,17500.825276788375,16537.86721135302,22509.806212899384,30816.69841621525,43571.7253467045,40300.774416243046,25621.38916383455,32089.61157861489,1695.3547710191592,231.85926946368215,296.9487293584375,198.82652669299316,202.5157349171605,169.26324784229803,131.95882160298157,98.00045788183593,157.08603454362742,74.75522564628481,134.14072306985796,76600.44426608077,1411.742588771735,3971.9998037496457,5194.536374025842,5966.248667814928,6994.343355991838,6139.7234164249385,5676.729047847075,11164.82275865602,14262.753334580337,15817.544918218538,360783.2946124117,9994.812286975774,14930.532614175372,23610.780885309003,25022.60091587447,32524.38660340301,42061.328719382596,59154.747566411,56860.30289419259,47898.99817006389,48724.803956624186,1184.669234539041,171.86533855335045,274.3249634469132,95.854633475708,106.36444621682836,85.73764320357465,68.6731101453104,54.62658144421386,106.67620893745077,92.51466952851915,128.03163958717195,202626.75407207984,12893.618427270872,20298.228915985062,14240.644587843532,16243.843397667792,17153.414590783006,13048.007230375246,11921.735026707758,21734.16591395972,36092.37772645452,39000.718255032356,922185.7275954717,85602.90871874822,84380.23604058282,66808.877755805,68133.31831559306,84363.40160060047,88847.93607900539,122971.96505249,105332.27313484871,108812.29928539487,106932.51161240222,1131.2448373560076,101.88277924853516,136.54900406650472,94.78330041986084,96.6023493720109,91.98437570788502,72.3882507621076,63.42142240454101,117.33221686779457,169.0424910419979,187.25864746476984
2099.0,113189.46643066943,8276.419822387543,12849.11243770747,8801.342747688584,10071.989593057571,10772.251748793806,8189.262108094533,7470.118298663229,12061.030805295424,16388.296767237716,18309.64210174347,563898.3518687928,56248.77912280177,54707.97646200494,42395.6492484265,43501.91349690697,54846.171974074095,58338.6450398137,80887.017625747,62145.31420394398,54524.84229820974,56302.04239686424,1025.43708137143,107.32094231305027,141.07292638854526,94.66052327191161,97.18995217257377,93.08358937579345,72.67994843471789,62.26426967712402,102.05854674501549,117.07069434434794,138.03568864835012,107962.30564690699,7154.743476575888,12107.775869420744,8319.354900857987,9022.949942026466,10225.759032124919,8046.459614519891,7224.251693734202,13204.59774094493,15536.382207888864,17120.031168813264,490313.29271916434,43682.97602333367,46801.562224147245,36500.93298391525,35053.89565744537,43779.63549300589,50556.74235216914,69787.3900714215,61957.93245365598,49893.11402356445,52299.11143650548,1286.4635998203155,150.6252070293188,193.4605710977857,128.6148647706909,131.53860076123655,120.17854570139455,92.34099027906822,73.64943402001953,125.81962890778082,118.41677836461758,151.81897888840294,58052.297735739376,2989.272907297778,6289.097207250658,4159.128035647162,4220.111769217706,5720.619079059501,4920.700887155748,4518.215697851709,8642.077823474396,7050.735998449288,9542.338330335433,270906.82323135925,19090.324296203016,23097.982786024942,17630.523074187626,16649.51526509873,22645.180493871667,30674.488913493846,43239.9051361085,40449.240673536464,25460.374362220904,31969.288230613503,1699.4861581294153,233.07233511527443,298.8418944499402,199.4417799213867,203.17159198031877,169.6020629002881,132.1520761461482,97.8312869321289,157.4663794940554,74.01433444714068,133.89241674273396,76928.82792383566,1430.1174154371827,4046.6750647054805,5223.847794631455,6014.20824461238,7030.17015790912,6141.74931775925,5640.239319365387,11230.348317113012,14303.892541889853,15867.579750412515,361016.6603304314,10109.813477641454,15262.658760317634,23715.57782330975,25213.077205194437,32661.258630925713,41775.446871105705,58487.237235464505,57094.883268707374,47997.06968477488,48699.63737299028,1179.1980132995982,172.1036915690632,275.86028180357215,94.72850332568359,105.46188616345074,84.73149362592864,67.74932718555593,53.67404104833984,105.93276894442108,91.64852707560253,127.30749255798065,205286.09356943,13147.584458393887,20743.010888725,14377.094990063013,16415.442788895616,17314.079393318836,13089.92319008368,11887.587814138746,21966.39636759506,36732.16110669643,39612.812571519884,931755.6308062964,87445.92532596824,86832.53387951032,67479.69771522476,68887.27874281463,85168.48625900694,88623.36928259007,122106.025036328,106235.0255388643,110753.25731346413,108224.03171252475,1123.4231072742643,101.06079576336288,135.93746186366153,93.57537175830078,95.53556053694443,90.9879770872755,71.327095329149,62.31884685632324,116.46748668270325,169.0655844113736,187.14692698517013
2100.0,113724.42170922818,8395.111889605138,13055.817691829192,8833.697634543661,10119.262311941915,10808.441836510618,8165.921532239948,7403.472780438469,12082.28396484585,16473.183004127088,18387.229063145936,565455.236997753,57168.866250619794,55970.796917842286,42558.7208618575,43727.02222657452,55057.41275010613,57851.44346645443,79855.8911919925,62135.33175364141,54768.490569149384,56361.26100951496,1016.0319393614255,106.4679073052826,140.44215413050222,93.45530036151122,96.12192996110116,92.08624469570445,71.62043424138092,61.181237991333006,101.05370348485368,116.35899360623168,137.24403358352458,109210.34355124125,7343.4738195329965,12417.295016512648,8428.76389224879,9146.802657490247,10348.663493120583,8097.626589453245,7223.357130188856,13322.255329047246,15658.143445737327,17223.962177909285,494832.62386591895,44876.27791229772,48300.03861050655,36953.512163918254,35506.62826572353,44256.37061910772,50506.38797855141,69400.7873997585,62361.48933111575,50205.64550685985,52465.48607807988,1281.492220459927,150.32608092024992,193.5167742788868,127.88107049768065,130.87801001967597,119.58540485500288,91.70167486745882,72.89404258129882,125.30935299314025,117.95858342876886,151.44122601776408,58473.50706993239,3051.7134033402435,6434.358344342034,4203.051471562937,4262.222164821469,5782.561712711627,4937.6349573700045,4517.248609942541,8709.234366340208,7033.535228039578,9541.946811461808,271711.9906118648,19477.247789486744,23731.00375747518,17761.155010081126,16762.008849389138,22781.30424685691,30534.764812293506,42912.741240622,40599.91650797577,25300.754578947548,31851.09381873673,1703.6679656410895,234.29330025199698,300.7481963206706,200.05929272436524,203.8311988315143,169.9431369195256,132.34655257001018,97.66238763110351,157.85168678378105,73.28320320490933,133.64901040321277,77262.74092843865,1448.933761731525,4122.860370013608,5253.328141434512,6062.949651695493,7066.2467242760995,6144.046812016444,5603.9830631177665,11296.817451107314,14345.450436971381,15918.124516074555,361236.8560811398,10226.520620435183,15601.749423302563,23816.247373225753,25402.172446358378,32791.422422812924,41488.10793839538,57818.704175900006,57326.945887158305,48092.43451364385,48672.55127990765,1173.8519955607128,172.35511698009873,277.4088067587099,93.61571975659179,104.57328845875789,83.73809162260675,66.83917933323598,52.73810007360839,105.19905019125855,90.79231258451367,126.59232980133127,207995.6916930617,13407.015703687879,21198.212750495248,14514.87622036306,16589.029978384042,17476.350680130785,13132.405947005223,11853.541994359946,22202.41085244831,37384.85376429023,40236.99380189627,941335.6375047378,89294.06526957454,89322.21634431834,68134.75625380801,69627.0082747795,85954.15399656512,88385.03986668546,121223.045614328,107133.47478016574,112729.11605628146,109532.76104823165,1115.718008445912,100.24672706480025,135.33104545008325,92.38315469470214,94.48106308929465,90.00279779420995,70.28211034428358,61.235458816650386,115.61387488287717,169.09435729747486,187.0474190115355
2101.0,114222.32878448248,8508.886147303981,13256.51639741557,8861.82476988465,10162.170440914084,10840.660730433961,8140.3543646619455,7335.986204892779,12100.537873069186,16554.150296352083,18461.241559554295,566980.9844241332,58070.55163588147,57208.36096456282,42718.53104301989,43947.628781648746,55264.42871061753,57373.98592456233,78845.38728691301,62125.54895234471,55007.26587467019,56419.295249912764,1006.8149001916229,105.63193299767025,139.82399731761996,92.27418190931884,95.07526819385824,91.10884690921704,70.5821103319107,60.11986693925782,100.06895708989506,115.66152688287784,136.46821161999583,110421.82983419957,7527.836452335647,12721.079624638967,8534.232151871844,9266.49724250582,10467.415378206968,8146.4250926866325,7221.008512685204,13436.309371838755,15776.1214443202,17324.904563109234,499261.5683897387,46045.7137634825,49768.54546913863,37397.03976032119,35950.3062218361,44723.5710426876,50457.040692406044,69021.91678152874,62756.97507102641,50511.926360489466,52628.53322682283,1276.620268686747,150.0329373333624,193.57185339636575,127.16195211013057,130.2306310929466,119.0041268255389,91.07514576408157,72.15375897135252,124.80928259679219,117.5095523916373,151.07102820453812,58887.58121962212,3113.3961082784786,6578.037822926741,4246.24184282587,4303.672787799922,5843.52971569959,4954.289012484057,4516.277932778927,8775.155931805786,7015.5868913990125,9541.393173623708,272501.0546447597,19856.432812904786,24351.364309496374,17889.17430725675,16872.252561993748,22914.705524782457,30397.835193117164,42592.12062304524,40747.57882572637,25144.32719133966,31735.26329509747,1707.7661370025248,235.48984608598514,302.61637215398673,200.66445527128423,204.47761354568604,170.27738945837868,132.537139465395,97.49686631609855,158.22928792771214,72.5666945875226,133.41047219048204,77571.77417377433,1467.4675161241476,4198.127645237681,5280.098068325832,6108.627878323012,7098.717214899057,6144.042945247876,5566.313602095793,11359.99965633186,14382.84774976078,15965.531897428022,361452.64791683375,10340.893620373034,15934.05827302783,23914.90353214343,25587.485782699016,32918.98293886243,41206.51578433926,57163.54177752683,57554.36725324022,48185.89204593542,48646.00690868674,1168.6128981766037,172.60151388291348,278.9263612147445,92.52519185888184,103.70246270815893,82.76455765935137,65.94723443796242,51.82087791837158,104.48000581315931,89.95322238324647,125.89147029981496,210600.04828866493,13656.098014099462,21640.353421010674,14641.958765960324,16751.42761796247,17627.830062144283,13167.392376742935,11814.2512346095,22428.272151448487,38024.62165655334,40847.84298813316,950724.0440692073,91105.24241430871,91762.10515983033,68776.7136216196,70351.94321610506,86724.10837937205,88151.47703909896,120357.72578076806,108013.95503664098,114665.45762424271,110815.31579722422,1108.1670115941274,99.44893974020891,134.73675736477654,91.21478197237548,93.44765559059778,89.03732208700559,69.25802505911544,60.173738537770966,114.77733531904762,169.1225547258541,186.94990119737378
2102.0,114684.78457144785,8617.896775373436,13451.322035887975,8885.94116303137,10200.921200309502,10869.105242202599,8112.72384192059,7267.790327643459,12115.94854136762,16631.333263302262,18531.802180408886,568475.5941479348,58953.835278586776,58420.668602166654,42875.07979191365,44163.733162129596,55467.21985560828,56906.27241413745,77855.50591050876,62115.96580005428,55241.16821477225,56476.14511805736,997.7859638620188,104.81301939021333,139.21845594989853,91.11716791533448,94.04996687084422,90.15139601633165,69.56497670630718,59.080156520898434,99.10430756013972,114.97829417428613,135.7082227577632,111597.46697234407,7707.867320638111,13019.102066892001,8635.865894996245,9382.135580475506,10582.117383547078,8192.936647383764,7217.295050025005,13546.835650746541,15890.397901486436,17422.913476153182,503600.1262906235,47191.283576887974,51207.08280004355,37831.51577312406,36384.92952578311,45181.23676374535,50408.70049373301,68650.77821673224,63144.38967338778,50811.95658445299,52788.25288273423,1271.8477445007752,149.74577626865627,193.62580845022288,126.4575096080408,129.59646398104826,118.43471161300289,90.46140296893667,71.42858319018066,124.31941771873731,117.06968525322239,150.70838544872504,59294.44206346406,3174.291263396332,6720.055426990554,4288.690337068358,4344.45258146902,5903.507074568311,4970.659496964343,4515.305056119211,8839.835965116077,6996.957144990538,9540.687716781333,273274.01533004525,20227.879366457157,24959.06444208861,18014.58096571452,16980.24640291257,23045.38432764829,30263.700055964837,42278.04328337817,40892.22762678812,24991.09219939726,31621.796659695774,1711.780672213735,236.66197261723886,304.4464219498873,201.25726756214362,205.11083612283358,170.60482051684627,132.72383683230254,97.33472298711422,158.59918292584905,71.86480859498052,133.17680210454176,77857.03078100388,1485.7129977044983,4272.4401827399815,5304.286109425158,6151.3694913019235,7127.756450651737,6141.874409037839,5527.360532050932,11420.013571943608,14416.286263554466,16009.930772593958,361664.03583751473,10452.932477455013,16259.585309493348,24011.54630006278,25769.017214216376,33043.9401790741,40930.67040893734,56521.75004034491,57777.147366952995,48277.4422816497,48620.004259327434,1163.480721147275,172.8428822775075,280.41294517167694,91.4569196325537,102.84940891165395,81.81089173616239,65.07349249973532,50.92237458262939,103.77563581012325,89.13125647180121,125.20491405343148,213102.2572693043,13895.144135687815,22069.672727787583,14758.824024436433,16903.103453456355,17768.974901726662,13195.28530790564,11770.074677697537,22644.30953102907,38651.456959981224,41445.411549596,959920.8504997146,92879.45676017071,94152.20032604598,69405.56981865953,71062.08356679129,87478.34940742792,87922.68079983049,119510.06553564806,108876.46630829033,116562.28201734718,112071.69595950292,1100.770116718911,98.66743378958878,134.15459760774132,90.07025359132078,92.43533804085403,88.09154996566262,68.25483947364462,59.13368601968501,113.95786799121457,169.15017669651144,186.85437354268475
2103.0,115113.3533950351,8722.294807174507,13640.345772720408,8906.25939454201,10235.717581477169,10893.968166891129,8083.189869217507,7199.014215417646,12128.6687972371,16704.863777032533,18599.031013324715,569939.0661691561,59818.71717873569,59607.719830653965,43028.36710853877,44375.335368017106,55665.78618507831,56448.30293517973,76886.24706277957,62106.58229676989,55470.197589455536,56531.81061394903,988.945130372611,104.01116648291158,138.62553002733836,89.98425837955809,93.04602599206022,89.21389201704814,68.56903336457053,58.06210673625486,98.15975489558753,114.30929548045695,134.96406699682694,112737.94310598203,7883.601636509868,13311.335280178571,8733.769169232522,9493.817475548547,10692.870109463816,8237.241112970327,7212.304130422241,13653.908400638173,16001.052847782074,17518.04294323586,507848.29756857577,48312.98735251419,52615.65060322142,38256.940202326885,36810.49817756464,45629.36778228101,50361.36738253237,68287.37170536905,63523.7331382,51105.73617875079,52944.645045814264,1267.174647902005,149.4645977261316,193.67863944045826,125.76774299141115,128.97550868398162,117.87715921739502,89.86044648202359,70.71851523778318,123.83975835897549,116.63898201352457,150.35329775032386,59694.01307442708,3234.3697172983766,6860.332577580697,4330.388321767031,4384.55071479131,5962.4781026678975,4986.742927839156,4514.331341359315,8903.268045286659,6977.710795145261,9539.840530691445,274030.87266772025,20591.58745014388,25554.10415525182,18137.374985454404,17085.990372145487,23173.340655454445,30132.35940083654,41970.509221620894,41033.862911161166,24841.049603120275,31510.693912531617,1715.711571274711,237.809679845758,306.23834570837477,201.83772959694332,205.73086656295703,170.92543009492917,132.90664467073267,97.1759576441504,158.96137177819122,71.17754522728302,132.9480001453918,78119.59135861364,1503.664641498975,4345.762024018289,5326.01817570692,6191.2984744430205,7153.53568463496,6137.675105346434,5487.2508039234135,11476.975415892179,14445.963643622286,16051.447389527477,361871.01984317997,10562.637191681126,16578.330532699154,24106.175676983832,25946.766740910516,33166.294143448096,40660.57181218965,55893.32896435427,57995.2862282969,48367.08522078657,48594.54333182973,1158.4554644727236,173.07922216388093,281.86855862950614,90.4109030776074,102.01412706924259,80.87709385303968,64.21795351855451,50.04259006638183,103.08594018215031,88.32641485017756,124.53266106218113,215505.3494069616,14124.46043193948,22486.405603903393,14865.943568932564,17044.51568485801,17900.233227319488,13216.479348110106,11721.364136989088,22850.845537900772,39265.35201073314,42029.74985627563,968926.0567962463,94616.70830716076,96492.50184296549,70021.32484492776,71757.42932683829,88216.87708073262,87698.65114888015,118680.06487896806,109721.00859511367,118419.58923559559,113301.90153506743,1093.5273238202578,97.90220921293992,133.58456617897784,88.94956955153809,91.44411044006326,87.16548143018105,67.27255358787116,58.11530126239255,113.15547289937801,169.17722320944654,186.76083604746847
2104.0,115509.56699005335,8822.22812953984,13823.696457439512,8922.98761621313,10266.758346779616,10915.438283010197,8051.909020396005,7129.784246052361,12138.848284267624,16774.870962263558,18663.04564409164,571371.4004878012,60665.19733632827,60769.51465002414,43178.39299289531,44582.43539931128,55860.127699027784,56000.07748768919,75937.61074372542,62097.39844249152,55694.35399872008,56586.291737587744,980.2923997234079,103.22637427576534,138.04521954993857,88.87545330198977,92.06344555750523,88.2963349113663,67.59428030670045,57.065717585327135,97.23529909623895,113.65453080139002,134.23574433718755,113843.93203916341,8055.073878435601,13597.752765219888,8828.043854532654,9601.640652621114,10799.772060440073,8279.416685133961,7206.121321503103,13757.600309821304,16108.164646449995,17610.345865006017,512006.0822235884,49410.82509036113,53994.24887867187,38673.31304792965,37227.01217718051,46067.9640982948,50315.04135880408,67931.69724743911,63895.005465462884,51393.26514338239,53097.70971606246,1262.600978890452,149.18940170578827,193.73034636707106,125.09265226024168,128.36776520174595,117.33146963871445,89.27227630334305,70.02355511416016,123.37030451750597,116.21744267254378,150.00576510933664,60086.2193197934,3293.6029259099337,6998.792332805984,4371.3273442427635,4423.956582376002,6020.427440153687,5002.535894698764,4513.358121532755,8965.445885103538,6957.911298062351,9538.861494907655,274771.62665778573,20947.557063964912,26136.483448986037,18257.556366476427,17189.48446969266,23298.57450820084,30003.813227732226,41669.51843777332,41172.48467884537,24694.199402508813,31401.955053604957,1719.558834185456,238.93296777154296,307.99214342944606,202.4058413756836,206.33770486605715,171.23921819262853,133.08556298068572,97.02057028720704,159.3158544847384,70.50490448443007,132.7240663130325,78360.5140024123,1521.3169984709116,4418.057959705821,5345.4175550002565,6228.536228561078,7176.222602176567,6131.576146509604,5446.108723842205,11530.998984920003,14472.073437207793,16090.205366018023,362073.5999338312,10670.007763051357,16890.293942645283,24198.79166290655,26120.73436278135,33286.044831984334,40396.219994096115,55278.27854955494,58208.783837271876,48454.82086334584,48569.624126193725,1153.5371281529463,173.31053354203394,283.2932015882332,89.38714219404295,101.19661718092492,79.96316400998364,63.38061749442008,49.18152436962889,102.41091892924109,87.53869751837595,123.87471132606368,217812.2923325348,14344.34688376838,22890.782087995944,14963.77914814946,17176.112966326586,18022.04373343854,13231.360883981153,11668.464096404057,23048.19599905085,39866.29930463141,42600.907228787924,977739.6629588134,96316.9970552785,98783.00971058886,70623.97870042436,72437.98049624599,88939.6913992861,87479.38808624788,117867.72381072804,110547.58189711126,120237.37927898747,114505.93252391758,1086.4386328981725,97.15326601026227,133.0266630784857,87.85272985302733,90.47397278822552,86.25911648056088,66.31116740179498,57.11858426589356,112.37015004353819,169.20369426465945,186.66928871172382
2105.0,115874.92450121097,8917.841482773725,14001.48062362451,8936.329551079656,10294.238029592954,10933.700352506443,8019.0345379410155,7060.224108494449,12146.633462142772,16841.48119638119,18723.96115667396,572772.597103864,61493.275751364505,61906.053060277874,43325.15744498319,44785.03325601197,56050.24439745676,55561.59607166588,75009.59695334635,62088.41423721927,55913.637442565625,56639.58848897317,971.8277719144064,102.4586427687746,137.47752451769995,87.79075268262936,91.10222556717981,87.39872469928615,66.64071753269721,56.09098906811524,96.33094016209294,113.01400013708512,133.52325477884452,114916.09323968296,8222.317791315243,13878.328586551648,8918.789663190073,9705.700757336235,10902.91964511864,8319.53989582429,7198.830370305979,13857.98252004395,16211.809993430108,17699.874016566682,516073.48025566945,50484.79679042874,55342.87762639525,39080.63430993235,37634.47152463086,46497.02571178631,50269.722422548104,67583.7548429424,64258.206655176946,51674.54347834838,53247.44689347963,1258.1267374660993,148.92018820762618,193.78092923006173,124.43223741453248,127.77323353434106,116.79764287696204,88.69689243289459,69.3437028193115,122.91105619432963,115.80506723027989,149.6657875257613,60470.98746115812,3351.9629524770544,7135.359387836688,4411.499131660656,4462.659804478872,6077.340053986231,5018.035059695305,4512.386701310624,9026.363331123315,6937.620759809085,9537.7602787803,275496.27730024,21295.788207920243,26706.20232329129,18375.12510878058,17290.728695554084,23421.08588588754,29878.061536651887,41375.07093183544,41308.09292984058,24550.54159756279,31295.5800829159,1723.3224609459542,240.03183639459277,309.7078151131035,202.96160289836425,206.93135103213362,171.54618480994162,133.26059176216145,96.86856091628415,159.66263104549182,69.84688636642191,132.5050006074631,78580.83429553104,1538.6647355206142,4489.293529571254,5362.604911989003,6263.201571474839,7195.981320831508,6123.705855239122,5404.055953124999,11582.195654562227,14494.805073528049,16126.32568968937,362271.77610946895,10775.044191565703,17195.475539331725,24289.394257830954,26290.92007982891,33403.192244682825,40137.614954656834,54676.59879594682,58417.64019387761,48540.64920932813,48545.24664241936,1148.7257121879531,173.53681641196556,284.68687404785726,88.38563698186037,100.39687924670157,79.06910220699386,62.56148442733226,48.33917749237061,101.75057205139449,86.76810447639599,123.23106484507917,220025.99053583707,14555.097089515742,23283.027324264393,15052.782686347426,17298.334406187972,18134.835780673493,13240.308081151501,11611.711710417312,23236.670021743772,40454.291497161736,43158.93193837412,986361.668987416,97980.32300452417,101023.72392891592,71213.5313851493,73103.73707501426,89646.7923630887,87264.89161193378,117073.04233092799,111356.18621428234,122015.65214752304,115683.78892605403,1079.504043952654,96.42060418155596,132.48088830626548,86.7797344957886,89.52492508534074,85.37245511680187,65.37068091541605,56.14353503018798,111.60189942369445,169.22958986215085,186.5797315354531
2106.0,116210.89248311169,9009.27646065212,14173.80248890739,8946.484493414888,10318.34693430685,10948.935120762291,7984.716332979087,6990.4548028006,12152.167606640094,16904.818109437245,18781.890133210847,574142.6560173512,62302.95242384436,63017.33506141471,43468.66046480248,44983.12893811947,56236.136280364946,55132.858687109714,74102.2056916424,62079.62968095272,56128.04792099265,56691.70086810585,963.5512469456003,101.70797196193898,136.92244493062216,86.73015652147701,90.16236602108398,86.52106138080782,65.70834504256072,55.13792118461916,95.44667809315087,112.3877034875428,132.82659832179814,115955.07183907744,8385.366386463935,14153.037372523975,9006.104139839656,9806.091356083833,11002.407176302291,8357.685613252861,7190.513203281485,13955.124626494364,16312.063917359254,17786.67804747536,520050.4916648131,51534.90245271711,56661.53684639126,39478.90398833498,38032.87621991564,46916.552622756055,50225.41057376455,67243.54449187891,64613.33670734154,51949.57118364833,53393.856578064995,1253.7519236289581,148.65695723164558,193.83038802943082,123.78649845428339,127.19191368176783,116.27567893213717,88.13429487067836,68.67895835323729,122.46201338944583,115.40185568673284,149.3333649995991,60848.24575442966,3409.4224675665323,7269.960074904625,4450.895591030051,4500.650227002327,6133.201237931245,5033.237157542839,4511.418357001599,9086.014363672995,6916.899936320859,9536.54634145639,276204.8245950849,21636.28088200995,27263.260778167514,18490.081212366862,17389.723049729633,23540.874788514564,29755.104327595604,41087.16670380729,41440.68766414731,24410.0761882822,31191.569000464347,1727.0024515562327,241.10628571490892,311.38536075934667,203.50501416498528,207.51180506118536,171.8463299468708,133.43173101516,96.71992953138181,160.00170146045025,69.20349087325832,132.29080302868468,78781.56530842507,1555.7026354853167,4559.4350225187545,5377.698288211695,6295.41073800698,7212.972390381797,6114.189764622588,5361.211508278263,11630.674379146616,14514.343863773587,16159.926717999517,362465.5483700922,10877.746477224196,17493.875322758457,24377.983461757038,26457.32389205317,33517.736381543524,39884.756693871735,54088.28970353006,58621.85529811448,48624.570258732696,48521.4108805066,1144.0212165777314,173.75807077367713,286.0495760083783,87.40638744105955,99.61491326657185,78.19490844407058,61.76055431729059,47.51554943460693,101.10489954861167,86.01463572423772,122.60172161922794,222149.28536560293,14756.998264950276,23663.36156246861,15133.396283346312,17411.60956693503,18239.02939568841,13243.690884261918,11551.436804058516,23416.56999352052,41029.32140347316,43703.871206900614,994792.0748820422,99606.68615489767,103214.64449794673,71789.98289910251,73754.69906314337,90338.17997213967,87055.16172593772,116296.0204395679,112146.82154662795,123754.40784120244,116835.47074147592,1072.7235569837017,95.7042237268209,131.9472418623165,85.73058347982179,88.59696733140886,84.50549733890426,64.45109412873454,55.19015355527584,110.85072103984774,169.25491000191977,186.49216451865442
2107.0,116518.90490025796,9096.671510422597,14340.763954972579,8953.647308730508,10339.271136324578,10961.31931659623,7949.1009852784355,6920.594640137383,12155.590809630885,16965.00258414866,18836.942654016133,575481.5772282549,63094.2273537679,64103.360653434705,43608.90205235315,45176.722445633575,56417.80334775242,54713.86533402074,73215.43695861357,62071.04477369259,56337.58543400062,56742.628874985516,955.4628248169985,100.97436185525878,136.3799807887048,85.69366481853271,89.24386691921757,85.66334495593112,64.79716283629084,54.20651393483888,94.58251288941153,111.77564085276295,132.14577496604824,116961.49863262703,8544.25194161203,14421.854315301356,9090.082661457724,9902.903936000715,11098.326870953688,8393.927041893241,7181.249926292437,14049.094677800995,16408.99977957122,17870.80748174361,523937.1164510218,52561.1420772262,57950.22653866038,39868.12208313757,38422.226263034834,47326.544831203646,50182.10581245328,66911.06619424873,64960.39562195688,52218.3482592824,53536.938769819,1249.4765373790265,148.39970877784637,193.87872276517774,123.15543537949465,126.62380564402567,115.76557780424035,87.58448361669431,68.0293217159375,122.02317610285472,115.0078080419032,149.00849753085018,61217.92404982905,3465.9547490659024,7402.522363303122,4489.508809204534,4537.9179214954,6187.996612559671,5048.138995517332,4510.454336551953,9144.393096850232,6895.808233401136,9535.228931879738,276897.26854232,21969.035086233922,27807.6588136147,18602.42467723527,17486.467532219398,23657.941216081894,29634.941600563307,40805.80575368892,41570.26888176515,24272.80317466717,31089.92180625029,1730.59880601627,242.15631573249044,313.02478036817394,204.03607517554693,208.07906695321353,172.13965360341507,133.59898073968145,96.57467613249996,160.3330657296146,68.57471800493929,132.08147357669645,78963.69759887288,1572.425597139224,4628.449476587914,5390.813102061567,6325.277379984085,7227.352792836497,6103.1506181234445,5317.691760997197,11676.541691793744,14530.87100110845,16191.124178240689,362654.9167157023,10978.114620026792,17785.493292925516,24464.559274684787,26619.945799454115,33629.67724256656,39637.645211740855,53513.35127230466,58821.42914998214,48706.58401156007,48498.11684045568,1139.4236413222905,173.97429662716738,287.38130746979664,86.44939357164064,98.85071924053611,77.34058272121382,60.977827164295505,46.710640196337884,100.47390142089183,85.27829126190129,121.98668164850926,224184.9550294817,14950.33124326793,24032.000157929295,15206.052214525533,17516.358465227244,18335.035271221295,13241.87101696115,11487.961872912309,23588.191582199306,41591.38199837845,44235.7712068589,1003030.8806427023,101196.0865063991,105355.77141768202,72353.33324228413,74390.86646063313,91013.85422643978,86850.1984282597,115536.65813664805,112919.48789414683,125453.64636002533,117960.97797018375,1066.0971719913239,95.004124646057,131.4257237466391,84.70527680512694,87.69009952643012,83.65824314686766,63.552407041750165,54.25843984115717,110.1166148919972,169.27965468396704,186.40658766132907
2108.0,116800.36312705054,9180.16193280438,14502.464607557282,8958.008433776558,10357.192482062886,10971.025652262673,7912.331743248842,6850.759242781196,12157.039979080428,17022.152755898056,18889.226297578243,576789.3607365811,63867.100541135,65164.12983633805,43745.88220763519,45365.81377855425,56595.24559961934,54304.61601239895,72349.2907542598,62062.659515438485,56542.249981589855,56792.37250961205,947.5625055285905,100.25781244873386,135.8501320919489,84.68127757379641,88.34672826158032,84.82557542465668,63.90717091388782,53.296767318774414,93.7384445508756,111.17781223274545,131.4807847115946,117935.99007935787,8699.006000905096,14684.755170862947,9170.818437362039,9996.227904970578,11190.768850195473,8428.335722480917,7171.118824613844,14139.959176032702,16502.689274096836,17952.310717837383,527733.3546142979,53563.51566395598,59208.94670320231,40248.2885943401,38802.52165398847,47727.00233712911,50139.80813861439,66586.31995005181,65299.3833990231,52480.874705250484,53676.693468741454,1245.3005787163,148.14844284622848,193.92593343730303,122.53904819016606,126.068909421115,115.26733949327142,87.04745867094235,67.39479290741211,121.59454433455711,114.62292429579026,148.69118511951345,61579.953791891276,3521.533682183425,7532.975859387014,4527.331052881915,4574.453185153696,6241.712125247684,5062.737453456668,4509.495859545528,9201.493778523098,6874.403706721511,9533.817088790807,277573.6091419451,22294.050820592274,28339.39642963295,18712.15550338581,17580.96214302329,23772.285168589475,29517.573355555025,40530.98808148026,41696.83658269418,24138.7225567175,30990.638500273788,1734.1115243260742,243.18192644733728,314.62607393958734,204.5547859300488,208.63313670821807,172.4261557795751,133.76234093572538,96.43280071963864,160.65672385298433,67.96056776146493,131.87701225149843,79128.1992119755,1588.828635193474,4696.304678953838,5402.062148786552,6352.9125662367,7239.275942431746,6090.708369580952,5273.610438165746,11719.901704416856,14544.563560670324,16220.031167539468,362839.881146297,11076.14861997353,18070.32944983284,24549.121696614227,26778.785802031834,33739.014827751824,39396.28050826415,52951.783502270424,59016.36174948108,48786.69046781001,48475.364522266216,1134.9329864216272,174.1854939724375,288.6820684321123,85.5146553736035,98.10429716859404,76.50612503842339,60.21330296834667,45.92444977756347,99.85757766823535,84.55907108938672,121.38594493292389,226135.71459403847,15135.370475092106,24389.15357152823,15271.172930824066,17612.991571891176,18423.25476608441,13235.201981905859,11421.6020831182,23751.823735874943,42140.466416353,44754.67706136571,1011078.0862693937,102748.52405902835,107447.10468812064,72903.58241469406,75012.23926748379,91673.81512598888,86650.00171889982,114794.95542216806,113674.18525684024,127113.3677039919,119060.3106121774,1059.6248889755052,94.32030693926441,130.91633395923316,83.70381447170409,86.80432167040435,82.83069254069277,62.67461965446325,53.348393887832,109.39958098014311,169.3038239082917,186.32300096347572
2109.0,117056.63594778694,9259.879881988349,14659.00171645118,8959.75387654145,10372.288588952211,10978.22282345195,7874.548523941786,6781.061544118296,12156.648839047666,17076.384012733604,18938.846140560392,578066.0065423275,64621.57198594574,66199.64261012475,43879.600930648594,45550.4029368817,56768.46303596564,53905.11072224435,71503.76707858109,62054.47390619039,56742.04156376054,56840.93177198568,939.8502890803895,99.55832374236437,135.33289884035335,83.6929947872681,87.47095004817298,84.00775278698343,63.0383692753515,52.40868133642577,92.91447307754274,110.59421762748994,130.83162755843784,118879.14830203752,8849.65937490395,14941.716259002045,9248.402509211823,10086.150591624053,11279.821139310192,8460.98153201337,7160.1963629329575,14227.783076698443,16593.202427663684,18031.235028676958,531439.2061546362,54542.02321290654,60437.697340016864,40619.403521942564,39173.76239277655,48117.925140532614,50098.517552247846,66269.30575928823,65630.30003854004,52737.15052155275,53813.12067483252,1241.224047640778,147.90315943679212,193.97202004580546,121.9373368862976,125.52722501303528,114.78096399923011,86.52322003342256,66.77537192766111,121.17611808455136,114.24720444839441,148.38142776558956,61934.26801946432,3576.1337594481156,7661.251806572651,4564.354768604253,4610.2465408194885,6294.334050176621,5077.029483760633,4508.544117203767,9257.310790330133,6852.7430618217095,9532.319640726877,278233.84639395855,22611.32808508492,28858.473626222032,18819.273690818474,17673.206882141443,23883.906646037336,29402.999592570737,40262.71368718131,41820.39076693435,24007.834334433435,30893.719082534833,1737.5406064856486,244.18311785944962,316.1892414735866,205.06114642849113,209.17401432619832,172.70583647534954,133.92181160329233,96.29430329279785,160.97267583055896,67.36104014283518,131.6774190530913,79276.01568015825,1604.9068802961644,4762.969165927038,5411.555600489283,6378.424782599334,7248.891685630751,6076.980183210198,5229.078621856586,11760.856107721902,14555.594499570489,16246.758152856608,363020.44166187715,11171.848477064388,18348.383793480436,24631.670727545366,26933.84389978633,33845.749137099374,39160.66258344171,52403.58639342754,59206.653096610804,48864.88962748246,48453.153925938524,1130.5492518757405,174.39166280948652,289.9518588953261,84.60217284694825,97.37564705074563,75.6915353956995,59.4669817294443,45.15697817828367,99.25592829064209,83.85697520669396,120.7995114724714,228004.21598475505,15312.38402847351,24735.027369707946,15329.171058740452,17701.90981192,18504.079905164068,13224.029060760788,11352.665271370588,23907.748682919148,42676.5679515363,45260.632844162785,1018933.6917621163,104263.9988127856,109488.64430926304,73440.73041633234,75618.81748369483,92318.0626707863,86454.57159785807,114070.91229612798,114410.91363470719,128733.57187310186,120133.4686674572,1053.306707936255,93.652770606443,130.4190725000997,82.72619647955322,85.93963376333144,82.02284552037906,61.81773196687358,52.46001569530031,108.6996193042857,169.32741767489497,186.2414044250948
2110.0,117289.05955666253,9335.954365637057,14810.470235496681,8959.065216251964,10384.732845436412,10983.075509290351,7835.887913050356,6711.611788644789,12154.54792968549,17127.808995368967,18985.904757800417,579311.5146454975,65357.64168820025,67209.8989747947,44010.0582213934,45730.489920615735,56937.45565679121,53515.349463556915,70678.86593157741,62046.48794594834,56936.960180512186,56888.306662106224,932.3261754723881,98.87589573615028,134.8282810339192,82.72881645894773,86.61653227899485,83.20987704291254,62.19075792068199,51.542255987792984,92.11059846941374,110.02485703699696,130.19830350657722,119791.56108717801,8996.242140584569,15192.714463326618,9322.923751007751,10172.7572453386,11365.569667740368,8491.932683750038,7148.557185349206,14312.629788747563,16680.607599696523,18107.626561636753,535054.6710720412,55496.664724077775,61636.4784491043,40981.46686594494,39535.94847939915,48499.31324141418,50058.23405335371,65960.02362195778,65953.14554050806,52987.17570818911,53946.220388091904,1237.2469441524709,147.6638585495369,194.01698259068647,121.35030146788942,124.99875241978681,114.30645132211711,86.01176770413508,66.17105877668457,120.76789735283934,113.8806484997152,148.07922546907818,62280.80136570868,3629.7300807097104,7787.283085337923,4600.572582757832,4645.2887369816335,6345.848988333038,5091.01211139092,4507.600272385682,9311.838647680512,6830.881654109472,9530.745206021924,278877.9802983639,22920.86687971191,29364.890403382287,18923.779239533284,17763.201749573767,23992.805648425627,29291.220311610487,40000.98257079219,41940.93143448597,23880.138507814667,30799.16355303343,1740.8860524949928,245.15988996882794,317.7142829701713,205.55515667087406,209.70169980715457,172.9786956907395,134.07739274238168,96.15918385197753,161.28092166233935,66.7761351490502,131.48269398147434,79408.07002316872,1620.6555790323414,4828.412222953556,5419.401006127092,6401.919931910398,7256.346301123763,6062.080433602138,5184.20474933118,11799.504171207589,14564.132656893573,16271.412970987132,363196.5982624433,11265.214191299368,18619.656323868447,24712.20636747814,27085.120092717443,33949.88017060911,38930.79143727342,51868.759945775964,59392.303191371546,48941.18149057775,48431.485051472366,1126.2724376846331,174.59280313831505,291.1906788594351,83.71194599167478,96.6647688869916,74.89681379304196,58.73886344758839,44.40822539849854,98.66895328811194,83.1720036138226,120.22738126715178,229793.0479860355,15481.633588890254,25069.822224471864,15380.449400332775,17783.504564473813,18577.893379420722,13208.689314198595,11281.451944918763,24056.24193198061,43199.6800577308,45753.681579617565,1026597.6971208667,105742.51076767067,111480.39028110982,73964.7772471989,76210.60110926672,92946.59686083312,86263.90806513435,113364.52875852803,115129.67302774866,130314.25886735615,121180.45213602274,1047.1426288735745,93.00151564759292,129.93393936923616,81.77242282867431,85.09603580521167,81.23470208592659,60.98174397898133,51.59330526356199,108.01672986442516,169.35043598377587,186.16179804618798
2111.0,117498.93755777026,9408.511244884634,14956.96280258887,8956.119603373265,10394.694410973003,10985.744372340147,7796.483164909266,6642.517531966633,12150.864607240548,17176.537597183225,19030.5022223109,580525.8850460859,66075.30964789826,68194.89893034784,44137.25407986957,45906.074729756365,57102.223462096255,53135.33223633669,69874.58731324888,62038.70163471228,57127.0058318451,56934.4971799737,924.9901647045821,98.21052843009147,134.33627867264565,81.78874258883545,85.78347495404618,82.43194819244303,61.36433684987911,50.697491272876,91.32682072648737,109.46973046126624,129.58081255601329,120673.80188503448,9138.783641338227,15437.727231258918,9394.46886909192,10256.131036238585,11448.098269088423,8521.2557272123,7136.274115374243,14394.56117456953,16764.971482317058,18181.53033854561,538579.7493665096,56427.44019746973,62805.290030464545,41334.47862634729,39889.07991385604,48871.16663977362,50018.95764193189,65658.47353806061,66267.91990492665,53230.950265159474,54075.99260851993,1233.3692682513674,147.43054018446315,194.06082107194496,120.7779419349414,124.48349164136951,113.8438014619316,85.51310168307965,65.58185345448243,120.36988213941943,113.52325644975362,147.7845782299801,62619.49005809856,3682.2983531386994,7911.004213222185,4635.977301573186,4679.570747775579,6396.24386750874,5104.682433871137,4506.665459587885,9365.071999753796,6808.873488860718,9529.102192806631,279506.0108551579,23222.667204473226,29858.64676111344,19025.67214953021,17850.94674532028,24098.982175754056,29182.235512674222,39745.79473231272,42058.458585348606,23755.635076861457,30706.971911769506,1744.1478623540972,246.11224277547123,319.2011984293414,206.03681665719725,210.21619315108734,173.2447334257451,134.22908435299416,96.02744239717781,161.5814613483253,66.20585278010967,131.292837036648,79525.26274807788,1636.0700939239998,4892.603884614818,5425.703291512005,6423.501334012282,7261.782499828167,6046.120705723498,5139.094613039697,11835.942743165302,14570.342753697907,16294.100828560411,363368.35094799526,11356.245762678478,18884.14704099664,24790.728616412627,27232.614380825336,34051.407928281216,38706.66706975935,51347.30415931563,59573.31203376347,49015.56605709554,48410.357898867915,1122.102543848301,174.78891495892293,292.3985283244432,82.84397480778316,95.97166267733108,74.121960230451,58.02894812277876,43.67819143820801,98.09665266064529,82.50415631077344,119.66955431696526,231504.73624119538,15643.374459247752,25393.733913384338,15425.400933218687,17858.157662879534,18645.068545889084,13189.511581899937,11208.25528156691,24197.57227198472,43709.79634840215,46233.86524272217,1034070.1023456533,107184.05992368361,113422.34260365974,74475.72290729385,76787.59014419938,93559.41769612832,86078.01112072876,112675.80480936801,115830.46343596354,131855.4286867536,122201.26101787425,1041.1326517874597,92.36654206271407,129.46093456664545,80.84249351906739,84.27352779604483,80.46626223733541,60.1666556907863,50.74826259261717,107.35091266056052,169.37287883493525,186.0841818267522
2112.0,117687.54096510189,9477.673234336926,15098.569739675333,8951.08975960888,10402.338216033006,10986.386058599455,7756.464202494851,6573.883640799643,12145.723044053386,17222.676964221217,19072.73610527903,581709.1177440946,66774.57586504001,69154.64247678411,44261.18850607715,46077.15736430378,57262.76645188056,52765.05904058366,69090.93122359553,62031.11497248215,57312.178517759196,56979.503325588346,917.8422567769805,97.56222182418806,133.85689175653258,80.87277317693115,84.97177807332712,81.67396623557521,60.559106062943044,49.87438719167483,90.56313984876425,108.92883790029788,128.9791547067461,121526.42980960745,9277.312486971367,15676.732574035766,9463.122402147896,10336.353055195283,11527.488681116756,8549.01554818356,7123.418155931934,14473.637549994215,16846.359100343823,18252.99025568655,542014.4410380429,57334.34963308242,63944.13208409758,41678.43880314956,40233.15669614746,49233.48533561103,49980.688317982385,65364.65550759674,66574.62313179605,53468.474192464084,54202.43733611656,1229.5910199374716,147.20320434157088,194.10353548958207,120.22025828745365,123.98144267778336,113.39301441867364,85.02722197025663,65.00775596105467,119.9820724442924,113.17502829850835,147.49748604829477,62950.271918421124,3733.814891226298,8032.351344826361,4670.56191112507,4713.0837729834375,6445.505942300671,5118.037621286797,4505.740784944565,9417.00562950014,6786.771221219454,9527.398799008459,280117.93806434196,23516.72905936883,30339.742699415634,19124.95242080927,17936.44186938101,24202.436228022867,29076.045195761944,39497.15017174293,42172.972219522504,23634.32404157374,30617.14415874318,1747.3260360629677,247.04017627938063,320.6499878510957,206.50612638746097,210.71749435799575,173.50394968036514,134.3768864351294,95.8990789283984,161.87429488851723,65.65019303601383,131.10784821861176,79628.47184928074,1651.1459034300806,4955.514934627768,5430.564759310757,6443.26972575127,7265.339424888278,6029.209794916886,5093.851360621061,11870.266250679137,14574.385393015298,16314.924302040066,363535.69971853495,11444.943191201708,19141.855944865212,24867.237474348785,27376.326764109843,34150.332410115414,38488.289480899526,50839.219034046655,59749.679623785865,49088.04332703595,48389.77246812523,1118.0395703667484,174.97999827130954,293.5754072903476,81.99825929527346,95.29632842176468,73.36697470792627,57.3372357550157,42.9668762974121,97.53902640824168,81.85343329754579,119.12603062191172,233141.7432524688,15797.855559878888,25706.953319570708,15464.408810575414,17926.241394630913,18705.96942767785,13166.81648255349,11133.361129674127,24332.001772133804,44206.910596679845,46701.224759094075,1041350.9074364697,108588.64628082431,115314.50127691406,74973.56739661713,77349.78458849259,94156.5251766726,85896.88076464125,112004.74044864807,116513.2848593526,133357.08133129464,123195.89531301116,1035.276776677912,91.7478498518065,129.00005809232601,79.9364085507324,83.47210973583097,79.71752597460552,59.372467102288475,49.92488768246577,106.70216769269287,169.394746228372,186.00855576679075
2113.0,117856.10820254468,9543.55990207136,15235.379052756347,8944.143977900703,10407.824962101062,10985.153197502435,7715.957617425117,6505.812292969467,12139.244228558346,17266.331495193026,19112.701476066733,582861.2127395261,67455.44033962529,70089.12961410388,44381.86150001607,46243.737824257674,57419.0846261443,52404.52987629778,68327.89766261714,62023.72795925838,57492.47823825455,57023.325098949776,910.8824516895755,96.93097591843996,133.39012028558108,79.98090822323488,84.18144163683725,80.93593117230952,59.77506555987366,49.072943744189466,89.81955583624463,108.40217935409184,128.39332995877498,122349.98963863787,9411.856553705626,15909.709066708343,9528.966721200677,10413.502313826873,11603.820545747678,8575.275368709104,7110.058489358336,14549.917684291699,16924.833811292345,18322.04908379696,545358.7460866426,58217.393030915795,65053.00461000349,42013.3473963518,40568.17882627331,49586.26932892639,49943.426081505306,65078.56953056612,66873.2552211163,53699.747490102614,54325.55457088153,1225.9121992107853,146.98185102085986,194.14512584359656,119.677250525426,123.49260552902865,112.9540901923441,84.55412856566555,64.44876629640136,119.60446826745859,112.83596404598053,147.21794892402187,63273.08636277695,3784.256616784465,8151.262271812841,4704.31957733249,4745.819238033903,6493.622794111005,5131.07491628534,4504.827326227496,9467.634453640161,6764.626156197777,9525.643012351571,280713.76192591613,23803.052444398814,30808.178218288802,19221.62005337046,18019.68712175589,24303.167805231922,28972.649360873704,39255.04888908297,42284.472337007595,23516.205401951433,30529.68029395434,1750.4205736216084,247.94369048055506,322.06065123543704,206.96308586166506,211.20560342788065,173.75634445460136,134.5207989887871,95.77409344563972,162.1594222829138,65.1091559167626,130.92772752736624,79718.55280849399,1665.8786019464872,5017.116905844805,5434.0850890447755,6461.323260977633,7267.152651675665,6011.453706900725,5048.575494902952,11902.566699625964,14576.417059851128,16333.983337723927,363698.6445740578,11531.306476869071,19392.78303547403,24941.732941286627,27516.257242571242,34246.65361611204,38275.65867069386,50344.504569968885,59921.40596143986,49158.61330039898,48369.728759244,1114.0835172399727,175.16605307547624,294.7213157571498,81.17479945414546,94.63876612029179,72.63185722546815,56.66372634429884,42.274279976110854,96.9960745309015,81.21983457414011,118.59681018199119,234706.46838100936,15945.319428543798,26009.666431717025,15497.846361139693,17988.118501388497,18760.9507139699,13140.91641385586,11057.048008154406,24459.78578190715,44691.01673535639,47155.80000497607,1048440.1123933156,109956.26983909307,117156.86630087174,75458.31071516873,77897.18444214665,94737.91930246558,85720.51699687181,111351.335676368,117178.13729791569,134819.2168009797,124164.35502143449,1029.5750035449305,91.14543901487015,128.55130994627802,79.05416792366944,82.69178162457018,78.98849329773712,58.59917821348813,49.123180533107906,106.0704949608214,169.4160381640871,185.93491986630028
2114.0,118005.8451038858,9606.28766963708,15367.476431884745,8935.44612242901,10411.311121675391,10982.19440191914,7675.0866699596645,6438.402977411628,12131.54596528365,17307.602841474498,19150.490902210662,583982.1700323771,68117.90307165432,70998.3603423067,44499.2730616864,46405.81610961836,57571.1779848873,52053.74474347911,67585.48663031393,62016.54059504055,57667.90499333114,57065.96250005834,904.1107494423754,96.31679071284726,132.93596425978996,79.1131477277466,83.412465644577,80.21784300264552,59.0122153406711,48.29316093041994,89.09606868892828,107.88975482264816,127.82333831210062,123145.01181361302,9542.442984177938,16136.635848142343,9592.082029616719,10487.655744498372,11677.171409063441,8600.096747096253,7096.262477401724,14623.458800172362,17000.457305375166,18388.748468068363,548612.6645123073,59076.57039096992,66131.9076081822,42339.20440595394,40894.146304233574,49929.51861971971,49907.17093250054,64800.21560696878,67163.81617288743,53924.77015807536,54445.344312815076,1222.3328060713047,146.7664802223303,194.18559213398973,119.14891864885865,123.01698019510512,112.52702878294208,84.09382146930683,63.90488446052246,119.23706960891762,112.50606369216908,146.94596685716164,63587.874401579495,3833.601058945905,8267.6764229056,4737.243645958685,4777.768794002283,6540.582331147153,5143.791634076102,4503.926132846034,9516.953522665046,6742.488248675907,9523.842610356865,281293.4824398804,24081.637359563083,31263.953317732983,19315.675047213783,18100.682502444983,24401.176907381367,28872.048008009464,39019.49088433269,42392.958937804004,23401.2791579946,30444.580317403095,1753.4314750300161,248.82278537899563,323.43318858236245,207.40769507980957,211.68052036074118,174.00191774845206,134.66082201396762,95.65248594890137,162.43684353151633,64.58274142235608,130.75247496291087,79796.3385947593,1680.263899806059,5077.382080253767,5436.361337090193,6477.757510545547,7267.354187788817,5992.955657769264,5003.364873901778,11932.93367467533,14576.590121184316,16351.375251744123,363857.185514568,11615.335619680556,19636.928312823235,25014.21501722614,27652.405816209284,34340.37154627074,38068.77463914242,49863.16076708247,60088.4910467243,49227.27597718466,48350.226772224516,1110.2343844679776,175.34707937142167,295.83625372484823,80.37359528439939,93.99897577291303,71.91660778307634,56.00841989062852,41.60040247430421,96.46779702862435,80.60336014055599,118.08189299720365,236201.2478468832,16086.002220430035,26302.054344070253,15526.07708920788,18044.142178979753,18810.3577600223,13112.115552511663,10979.587106476622,24581.172931060766,45162.10885688768,47597.62980723604,1055337.7172161906,111286.93059848958,118949.43767553382,75929.95286294866,78429.7897051613,95303.60007350767,85548.91981742051,110715.59049252805,117825.02075165295,136241.8350958082,125106.6401431433,1024.0273323885172,90.55930955190507,128.11469012850134,78.1957716378784,81.93254346226233,78.27916420672996,57.846789024385004,48.34314114454344,105.45589446494694,169.43675464207962,185.86327412528422
2115.0,118137.92491280795,9665.969812054807,15494.945251166184,8925.155628612443,10412.948938267651,10977.654268155598,7633.971288999752,6371.752494171491,12122.742874851234,17346.589907106805,19186.194449422077,585071.9896226473,68761.96406112684,71882.33466139279,44613.4231910881,46563.39222038571,57719.04652810979,51712.70364212765,66863.69812668582,62009.55287982863,57838.458782988935,57107.41552891386,897.5271500353698,95.71966620740982,132.49442367915975,78.26949169046631,82.66485009654625,79.51970172658298,58.27055540533518,47.53503875036619,88.39267840681457,107.39156430596672,127.26917976672294,123912.01243976236,9669.098187440393,16357.492621017813,9652.546363103935,10558.888200321728,11747.616721306287,8623.539577914264,7082.095661222591,14694.3165737867,17073.289605501785,18453.128928146834,551776.1963150343,59911.88171324476,67180.8410786337,42656.009831956064,41211.05913002829,50263.23320799088,49871.922870968105,64529.59373680472,67446.30598710911,54143.542196382165,54561.806561917285,1218.8528405190302,146.55709194598222,194.22493436076036,118.63526265775147,122.55456667601266,112.11183019046756,83.64630068118022,63.37611045341795,118.87987646866877,112.18532723707519,146.6815398477148,63894.578639555366,3881.82635416404,8381.534863890054,4769.327642611126,4808.924317610501,6586.37278842169,5156.18516243032,4503.038225847125,9564.958020836388,6720.406103402111,9522.005160341987,281857.0996062332,24352.483804861688,31707.06799774808,19407.117402339223,18179.42801144828,24496.46353447094,28774.241137169203,38790.47615749208,42498.432021911365,23289.545309703342,30361.84422908935,1756.3587402881824,249.67746097470115,324.7675998918736,207.8399540418945,212.14224515657827,174.24066956191837,134.7969555106712,95.53425643818359,162.70655863432447,64.07094955279402,130.58209052524606,79862.63966444024,1694.2976232785957,5136.283488978007,5437.487936677832,6492.6654623131535,7266.07247305333,5973.81607399257,4958.314710822715,11961.454339289447,14575.05282596729,16367.194730067007,364011.3225400641,11697.030619636167,19874.291776912607,25084.683702167364,27784.772485024052,34431.48620059183,37867.637386245224,49395.18762538728,60250.934879639935,49294.03135739283,48331.26650706676,1106.4921720507543,175.52307715914645,296.9202211934459,79.59464678603516,93.37695737962777,71.22122638075096,55.37131639400453,40.94524379199217,95.9541939014107,80.00400999679405,117.5812790675492,237628.35472907792,16220.133708152536,26584.29325643839,15549.454674635854,18094.656077398806,18854.526587166147,13080.709854233493,10901.242284664513,24696.40512962758,45620.18121339287,48026.75194336708,1062043.721905105,112580.62855901397,120692.21540089908,76388.49383995698,78947.6003775367,95853.5674897981,85382.08922628728,110097.50489712796,118453.93522056358,137624.93621578,126022.75067813807,1018.6337632086684,89.9894614629112,127.6901986389975,77.36121969335939,81.19439524890741,77.58953870158405,57.11529953497918,47.584769516772475,104.85836620506832,169.45689566235058,185.79361854373903
2116.0,118253.48828289392,9722.716457816958,15617.866568758565,8913.427503108007,10412.886426403189,10971.673375953724,7592.728072088249,6305.954954404256,12112.946393976988,17383.38884879676,19219.899681586914,586130.6715103408,69387.62330804314,72741.05257136213,44724.31188822119,46716.466156559545,57862.69025581153,51381.40657224333,66162.53215173277,62002.76481362286,58004.13960722771,57147.684185516286,891.1316534685636,95.13960240212779,132.0654985436906,77.44994011139403,81.9385949927447,78.84150734412272,57.55008575386602,46.79857720402831,87.70938498990468,106.90760780404784,126.7308543226414,124651.49328605979,9791.847838960319,16572.259651829376,9710.43558971166,10627.272455155808,11815.229836878323,8645.662091994356,7067.621761393626,14762.545134725642,17143.38906727866,18515.229858132363,554849.3414948297,60723.32699774031,68199.8050213581,42963.76367435809,41518.917303657414,50587.413093740164,49837.68189690805,64266.703920073815,67720.72466378189,54356.063605022995,54674.94131818782,1215.4723025539683,146.35368619181526,194.26315252390953,118.13628255210453,122.1053649717515,111.70849441492136,83.21156620128585,62.86244427508788,118.53288884671366,111.87375468069797,146.42466789568036,64193.14327574421,3928.911246213047,8492.780297613177,4800.565272741525,4839.277911227091,6630.98272775242,5168.2529616811535,4502.164597915304,9611.643266186371,6698.426974992829,9520.138019421274,282404.61342497787,24615.59178029463,32137.522258334342,19495.94711874681,18255.923648765736,24589.027686500944,28679.228748352984,38568.0047085613,42600.8915893302,23181.00385707736,30281.47202901313,1759.2023693961203,250.50771726767266,326.0638851639698,208.2598627479199,212.59077781539142,174.4725998950002,134.92919947889732,95.4194049134863,162.96856759133829,63.57378030807672,130.41657421437142,79918.24396122368,1707.975714570839,5193.7949122762675,5437.556697893223,6506.137521142523,7263.432379521899,5954.132592416582,4913.517574059666,11988.213435723328,14571.949305126069,16381.533828493297,364161.05565054645,11776.391476735902,20104.8734277424,25153.13899611023,27913.35724901546,34519.9975790751,37672.24691200216,48940.58514488342,60408.737460186596,49358.87944102383,48312.84796377053,1102.8568799883149,175.69404643865073,297.9732181629387,78.83795395905271,92.77271094043691,70.54571301849207,54.75241585442692,40.3088039291748,95.45526514926011,79.4217841428535,117.09496839302764,238989.9989654944,16347.937281753551,26856.55447419027,15568.322972839054,18139.99430080672,18893.783882806805,13046.987053741937,10822.270073296788,24805.717567917345,46065.22821665494,48443.20314148723,1068558.1264600442,113837.36372066618,122385.19947696872,76833.93364619357,79450.61645927295,96387.8215513381,85220.0252234721,109497.07889016805,119064.88070464888,138968.52016089603,126912.68662641852,1013.3942960053887,89.43589474788865,127.2778354777635,76.55051209011228,80.47733698450573,76.91961678229953,56.40470974527069,46.8480656497949,104.27791018118667,169.47646122489917,185.72595312166817
2117.0,118353.64327762157,9776.63458888757,15736.319126872828,8900.412323811091,10411.267371620865,10964.388288491466,7551.470285409665,6241.1017803749855,12102.264775470565,17418.093075916673,19251.691660765922,587158.2156954542,69994.88081240308,73574.51407221486,44831.93915308565,46865.037918140195,58002.109167992676,51059.85353382622,65481.98870545479,61996.176396423056,58164.94746604798,57186.76846986582,884.9242597419652,94.5765992970012,131.6491888533819,76.65449299052977,81.23370033317298,78.18325985526366,56.85080638626369,46.08377629140627,87.04618843819786,106.43788531689096,126.20836197985675,125363.94178522291,9910.716880620292,16780.917770885906,9765.823409830684,10692.879203606291,11880.082014341599,8666.520856429726,7052.902677899733,14828.19706602023,17210.8123790091,18575.089526579548,557832.1000516864,61510.9062444566,69188.79943635513,43262.46593316006,41817.720825121,50902.05827696747,49804.44801032035,64011.54615677624,67987.07220290533,54562.33438399805,54784.74858162695,1212.19119217611,146.15626295982983,194.3002466234359,117.65197833191775,121.66937508232134,111.31702145630278,82.7896180296237,62.3638859255322,118.1961067430504,111.57134602303786,146.1753510010588,64483.514103499205,3974.8350861878403,8601.357063983438,4830.950421645833,4868.82190286722,6674.401037762344,5179.9925647236705,4501.306213372677,9657.004710517711,6676.596767932551,9518.2483345059,282936.023896111,24870.96128586187,32555.31609949145,19582.16419643652,18330.169414397446,24678.869363471218,28587.01084156075,38352.07653754018,42700.337640060185,23075.654800117,30203.46371717446,1761.9623623538275,251.3135542579096,327.32204439865205,208.6674211978858,213.02611833718018,174.69770874769645,135.05755391864636,95.30793137480953,163.22287040255705,63.09123368820404,130.2559260302877,79963.91691612052,1721.2942318264893,5249.890879542839,5436.65680767659,6518.261508899678,7259.555211474247,5934.00006026303,4869.063387195288,12013.293285024616,14567.419571560116,16394.481972657897,364306.3848460136,11853.418190979755,20328.67326531246,25219.58089905479,28038.160108183638,34605.905681720666,37482.60321641337,48499.35332557092,60561.89878836408,49421.820228077355,48294.97114233607,1099.3285082806503,175.8599872099339,298.9952446333296,78.10351680345217,92.18623645533968,69.89006769629964,54.15171827189585,39.69108288585206,94.9710107721728,78.85668257873476,116.62296097363892,240288.3273529546,16469.629948702735,27119.004408255438,15583.016014792485,18180.481407531428,18928.447000423657,13011.226664765569,10742.919673506987,24909.338716516846,46497.24443811951,48847.01908034027,1074880.9308810155,115057.13608344638,124028.38990374205,77266.2722816585,79938.8379503696,96906.36225812623,85062.72780897506,108914.31247164805,119657.85720390758,140272.58693115544,127776.44798798523,1008.308930778678,88.89860940683732,126.87760064480207,75.7636488281372,79.78136866905672,76.26939844887615,55.7150196552595,46.133029543610796,103.71452639330153,169.4954513297264,185.66027785906962
2118.0,118439.46537036894,9827.828040702336,15850.37935177229,8886.25623985545,10408.23133047311,10955.931552382646,7510.307863790139,6177.281705458613,12090.803088235563,17450.79325050431,19281.652947194376,588154.6221779905,70583.7365742066,74382.71916395072,44936.304985681476,47009.10750512743,58137.30326465327,50748.04452687629,64822.06778785188,61989.78762822946,58320.88235944944,57224.6683819622,878.9049688555622,94.0306568920299,131.24549460823474,75.88315032787351,80.55016611783047,77.54495926000689,56.17271730252804,45.39063601249999,86.40308875169458,105.98239684449635,125.70170273836835,126049.83103371214,10025.729520718043,16983.448372310846,9818.781356193263,10755.777061025743,11942.242416418145,8686.17077457553,7037.998490138025,14891.323404141905,17275.614561693506,18632.74507649708,560724.4719856106,62274.619453393585,70147.82432362494,43552.11660836198,42107.46969441906,51207.16875767263,49772.221211205055,63764.120446911926,68245.34860447972,54762.35453330709,54891.22835223452,1209.009509385462,145.96482225002575,194.33621665934055,117.18234999719112,121.2465970077226,110.93741131461208,82.38045616619367,61.88043540475099,117.86953015768063,111.2781012640944,145.93358916384946,64765.63851048634,4019.5778325040587,8707.211139970848,4860.477154464227,4897.548846192651,6716.616933879665,5191.40157701484,4500.464008178947,9701.037939403555,6654.9600365739425,9516.343042303619,283451.33101963444,25118.592321563483,32960.4495212196,19665.76863540836,18402.16530834329,24765.988565381755,28497.58741679254,38142.6916444288,42796.77017410135,22973.498138822033,30127.819293573346,1764.6387191613007,252.09497194541197,328.5420775959202,209.06262939179194,213.4482667219453,174.9159961200085,135.18201882991778,95.19983582215329,163.46946706798118,62.62330969317598,130.1001459729942,80000.40144746531,1734.24934912619,5304.546669307404,5434.8748298228575,6529.122664454566,7254.558705417154,5913.5105351295,4825.039429000973,12036.773787033784,14561.599520142649,16406.125958030018,364447.31012646685,11928.110762367754,20545.691289622806,25284.009411001036,28159.18106252867,34689.210508528435,37298.70629947877,48071.49216744958,60710.41886417277,49482.853718553444,48277.63604276307,1095.9070569277633,176.02089947299697,299.9863006046179,77.39133531923338,91.61753392433613,69.25429041417354,53.56922364641101,39.09208066202394,94.50143077014886,78.30870530443785,116.1652568093836,241525.4235471954,16585.422333897044,27371.80457512471,15593.858007030718,18216.432410067588,18958.82395957025,12973.699980040898,10663.432956983586,25007.490326289495,46916.22460889617,49238.23438929459,1081012.135168018,116239.94564735444,125621.7866812189,77685.50974635177,80412.26485082711,97409.18961016339,84910.19698279617,108349.2056415679,120232.86471834085,141537.13652655864,128614.03476283763,1003.3776675285286,88.37760543975728,126.48949414011204,75.00062990743407,79.10649030256086,75.63888370131428,55.04622926494564,45.43966119822018,103.16821484141306,169.51386597683097,185.5965927559431
2119.0,118511.99744441021,9876.397502168596,15960.121353773025,8871.10097161321,10403.913630525909,10946.431697677048,7469.347410697462,6114.58077413988,12078.663217269192,17481.57728726313,19309.86359928234,589119.8909579434,71154.19059345375,75165.66784656998,45037.40938600869,47148.67491752128,58268.27254579311,50445.97955139355,64182.76939892407,61983.59850904196,58471.94428743193,57261.38392180557,873.0737808093605,93.50177518721398,130.8544158082478,75.13591212342529,79.88799234671734,76.92660555835174,55.5158185026591,44.71915636730958,85.78008593039391,105.54114238686427,125.21087659817644,126709.61979173135,10136.909233966593,17179.83341404205,9869.378793873075,10816.03256351381,12001.778109989951,8704.665086048893,7022.967456917816,14951.973639002306,17337.848969029168,18688.232525347998,563526.4572965999,63014.46662455127,71076.8796831679,43832.71569996385,42388.16391155143,51502.744535855665,49741.00149956203,63524.4267904809,68495.55386850481,54956.12405295032,54994.38063001074,1205.9272541820196,145.77936406240303,194.3710626316231,116.72739754792481,120.83703074795498,110.56966398984942,81.98408061099576,61.412092712744105,117.55315909060357,110.99402040386836,145.69938238405342,65039.46547868479,4063.1200508980983,8810.290139606876,4889.1397161811365,4925.451520511736,6757.619958337814,5202.477676573564,4499.638889931396,9743.738672187581,6633.559985137653,9514.428869319077,283950.5347955476,25358.484887399372,33352.92252351875,19746.76043566233,18471.911330603358,24850.38529223262,28410.95847404832,37939.8500292272,42890.189191453646,22874.533873192577,30054.538758209736,1767.231439818534,252.8519703301797,329.7239847557726,209.44548732963864,213.85722296968672,175.12746201193556,135.30259421271225,95.09511825551755,163.70835758761123,62.1700083229925,129.94923404249081,80028.41796091353,1746.8373564875403,5357.738309235144,5432.294704981658,6538.803643681079,7248.557030084548,5892.753284989386,4781.5303334368755,12058.732420383878,14554.620927720167,16416.549949913104,364583.8314919055,12000.469190899854,20755.92750067344,25346.42453194896,28276.420112050313,34769.912059498565,37120.556161198365,47657.001670519574,60854.29768761227,49541.97991245231,48260.84266505194,1092.592525929656,176.17678322783868,300.94638607680344,76.7014095063965,91.06660334742665,68.63838117211397,53.004931977972724,38.51179725769043,94.04652514318786,77.7778523199629,115.72185590026073,242703.30806286886,16695.518679660912,27615.111596849405,15601.16333164786,18248.152775076738,18985.213445874335,12934.6700713125,10584.044465969931,25100.38742837569,47322.16361975748,49616.882648344385,1086951.7393210544,117385.79241239032,127165.38980940002,78091.64604027342,80870.89716064536,97896.30360744969,84762.4327449353,107801.75839992799,120789.9032479474,142762.16894710512,129425.44695097608,998.6005062549517,87.87288284664841,126.1135159636936,74.26145532800294,78.45270188501802,75.02807253961365,54.39833857432909,44.76796061362306,102.6389755255205,169.53170516621392,185.53489781228978
2120.0,118572.24979291651,9922.440515665316,16065.616927243596,8855.083810694861,10398.44537035881,10936.013237860414,7428.692198241024,6053.082342013436,12065.94386366277,17510.530353561873,19336.401173614555,590054.0220353208,71706.24287014459,75923.3601200723,45135.25235406731,47283.74015532187,58395.01701141221,50153.658607377954,63564.09353867144,61977.60903886042,58618.13324999579,57296.915089396214,867.4306956033568,92.98995418255319,130.47595245342205,74.41277837718506,79.2471790198339,76.32819875029824,54.88010998665687,44.069337355834946,85.1771799742971,105.11412194399487,124.73588355928113,127343.75248322992,10244.278761494113,17370.055417831903,9917.682920285268,10873.710167916757,12058.754066098874,8722.055366728859,7007.866016460638,15010.195713953395,17397.56728741038,18741.58676504959,566238.0559846509,63730.44775792976,71975.96551498346,44104.26320796566,42659.80347651845,51788.78561151693,49710.78887539142,63292.4651874831,68737.68799498046,55143.64294292741,55094.20541495516,1202.9444265657894,145.59988839696183,194.40478454028406,116.28712098411863,120.44067630301903,110.21377948201432,81.60049136403013,60.95885784951174,117.24699354181908,110.71910344235928,145.47273066167048,65304.94558438732,4105.442914427078,8910.543313984594,4916.932531625214,4952.522930779504,6797.39998017539,5213.218613980627,4498.831737864901,9785.102761983997,6612.438467712536,9512.512331853495,284433.63522385166,25590.638983369623,33732.73510638883,19825.139597198424,18539.407481177557,24932.05954402377,28327.12401332814,37743.55169193531,42980.594692117425,22778.762003228556,29983.622111083663,1769.7405243255469,253.58454941221368,330.86776587821095,209.81599501142577,214.25298708040378,175.33210642347873,135.4192800670295,94.99377867490236,163.93954196144637,61.7313295776537,129.80319023877848,80048.66434944591,1759.0546598650844,5409.442576126697,5428.997750657307,6547.384519457061,7241.660786437311,5871.814788191934,4738.618089651892,12079.24424250077,14546.611453112917,16425.83548344491,364715.9489423306,12070.493476576103,20959.381898464424,25406.826261898554,28389.877256748645,34848.0103346309,36948.15280157215,47255.881834780936,60993.53525868296,49599.19880977349,48244.59100920238,1089.3849152863208,176.32763847446043,301.875501049886,76.03373936494138,90.5334447246106,68.04233997012105,52.45884326658064,37.950232672851556,93.6062938912907,77.26412362530958,115.29275824627118,243823.93827354797,16800.11684574602,27849.07720104187,15605.236546297609,18275.938423387204,19007.904811037708,12894.39178933286,10504.981413264257,25188.23833419266,47715.05652113957,49982.99638810832,1092699.7433401123,118494.67637855421,128659.19928828494,78484.68116342335,81314.73487982419,98367.70424998426,84619.43509539247,107271.97074672802,121328.9727927285,143947.684192796,130210.6845523999,993.9774469579423,87.38444162751081,125.74966611554647,73.54612508984373,77.82000341642821,74.4369649637743,53.77134758340983,44.11792778981932,102.12680844562519,169.5489688978744,185.4751930281086
2121.0,118621.20011895914,9966.051477043127,16166.93555060529,8838.33761994928,10391.953419564923,10924.796669854413,7388.442167171874,5992.867075783716,12052.74054460121,17537.734869434913,19361.340724950467,590957.0154101154,72239.8934042791,76655.79598445805,45229.83388985727,47414.30321852905,58517.53666151081,49871.08169482959,62966.04020709385,61971.819217684926,58759.449247140765,57331.261884733576,861.9757132375524,92.49519387804797,130.11010454375713,73.71374908915281,78.62772613717974,75.74973883584678,54.26559175452149,43.44117897807615,84.59437088340297,104.70133551588741,124.27672362168217,127952.65919589825,10347.860110844045,17554.097469247074,9963.758765186414,10928.872251827881,12113.233159946732,8738.391528756534,6992.748786400233,15066.036025787163,17454.81953592837,18792.841561973466,568859.2680497705,64422.56285352883,72845.08181907184,44366.759132367384,42922.38838931972,52065.29198465588,49681.58333869312,63068.23563791855,68971.75098390729,55324.91120323893,55190.702707068536,1200.0610265367625,145.42639525370183,194.43738238532296,115.86152030577274,120.05753367291383,109.86975779110736,81.22968842529654,60.52073081505369,116.95103351132772,110.45335037956691,145.25363399669948,65562.03099819906,4146.528203468861,9007.921551258503,4943.85020546936,4978.756307597537,6835.947195236244,5223.622212378731,4498.043402851906,9825.126195677556,6591.635988255541,9510.599736004935,284900.6323045448,25815.054609474184,34099.88726982994,19900.906120016658,18604.65376006599,25011.011320755242,28246.084034631946,37553.79663255313,43067.98667609224,22686.182528930014,29915.069352195133,1772.1659726823136,254.29270919151264,331.9734209632348,210.17415243715328,214.63555905409677,175.52992935463573,135.5320763928694,94.89581708030762,164.1630201894877,61.30727345715949,129.662014561856,80061.8159933659,1770.897781150317,5459.636995918142,5425.062661208826,6554.942781664281,7233.9770076634695,5850.778733462213,4696.3820419836475,12098.381889603004,14537.694637114595,16434.061463597365,364843.66247774195,12138.183619396463,21156.054482995693,25465.214600849835,28499.552496623746,34923.505333925474,36781.49622060018,46868.13266023352,61128.13157738435,49654.51041051766,48228.88107521445,1086.2842249977703,176.47346521286073,302.7736455238655,75.38832489486813,90.01805805588907,67.46616680819427,51.93095751223507,37.407386907507316,93.18073701445611,76.76751922047801,114.87796384741459,244889.20841172026,16899.40830933148,28073.848220875345,15606.372384193188,18300.07572999431,19027.178072836286,12853.111763862475,10426.463682219739,25271.244635434578,48094.898523141856,50336.60708983076,1098256.1472252079,119566.59754584584,130103.21511787371,78864.61511580164,81743.77800836385,98823.39153776805,84481.20403416784,106759.84268196803,121850.07335268303,145093.68226362983,130969.7475671101,989.5084896374982,86.91228178234451,125.39794459567119,72.85463919295655,77.2083948967913,73.86556097379624,53.16525629218789,43.48956272680907,101.63171360172593,169.5656571718134,185.41747840340122
2122.0,118659.79353550503,10007.321635624317,16264.144386331953,8820.990833463691,10384.56041875096,10912.898474016636,7348.6939268826745,5934.012953265064,12039.145593363453,17563.270507582256,19384.75480622403,591828.8710823341,72755.14219585714,77362.97543972693,45321.15399337865,47540.36410714286,58635.831496088795,49598.24881374842,62388.60940419129,61966.22904551526,58895.8922788669,57364.42430781793,856.7088337119517,92.01749427369816,129.75687207925276,73.0388242593286,78.02963369875512,75.19122581499674,53.67226380625277,42.8346812340332,84.03165865771241,104.30278310254215,123.83339678538015,128536.75568117145,10447.67455597504,17731.943217668755,10007.66919067455,10981.579113587397,12165.276170895331,8753.721820534905,6977.668563782533,15119.539424736182,17509.65406637132,18842.029556945454,571390.0934919525,65090.81191134877,73684.22859543306,44620.20347316906,43175.91864995547,52332.26365527302,49653.38488946719,62851.73814178724,69197.74283528476,55499.92883388434,55283.872506350104,1197.2770540949446,145.25888463262322,194.46885616673916,115.45059551288696,119.6876028576396,109.53759891712775,80.87167179479546,60.09771160937009,116.66527899912867,110.19676121549168,145.04209238914225,65810.67548503881,4186.358305722045,9102.377376644668,4969.8875222307015,5004.145107214051,6873.25212616938,5233.686367472506,4497.274707402461,9863.80509392343,6571.191700591609,9508.697177668133,285351.52603762737,26031.731765713048,34454.37901384215,19974.06000411702,18667.65016726867,25087.240622426947,28167.838537959728,37370.5848510807,43152.365143378185,22596.79545029695,29848.880481544136,1774.5077848888504,254.97644966807732,333.04095001084335,210.51995960682135,215.00493889076685,175.72093080540898,135.6409831902323,94.80123347173335,164.37879227173403,60.89783996150995,129.5257070117242,80068.52576029996,1782.3633581716854,5508.299843681064,5420.565507849947,6561.553337188458,7225.60915917811,5829.726019901132,4654.898889958529,12116.215576701827,14527.98990249237,16441.304165176818,364966.9720981388,12203.539619360941,21345.94525426724,25521.589548802778,28605.44583167548,34996.3970573823,36620.58641828237,46493.754146877414,61258.08664371686,49707.91471468427,48213.71286308824,1083.2904550639937,176.61426344304058,303.64081949874276,74.76516609617677,89.52044334126111,66.90986168633397,51.421274714935954,36.883259961657714,92.7698545126852,76.28803910546814,114.47747270369081,245900.94956878983,16993.578165023748,28289.566595084154,15604.855754107393,18320.84152405987,19043.30391512023,12811.068403669848,10348.70382674438,25349.601204072344,48461.68499552711,50677.74518538133,1103620.950976341,120601.55591426535,131497.43729816607,79231.44789740826,82158.02654626423,99263.36547080083,84347.73956126125,106265.37420564806,122353.20492781186,146200.16315960756,131702.63599510578,985.1936342936208,86.45640331114947,125.05835140406725,72.1869976373413,76.61787632610744,73.31386056967945,52.58006470066322,42.88286542459224,101.15369099382328,169.58176998803012,185.36175393816586
2123.0,118688.9425654191,10046.33909420277,16357.30828095021,8803.167456563728,10376.384779537131,10900.431114140669,7309.540755407741,5876.595263381642,12025.248159322058,17587.21419336923,19406.713468544192,592669.5890519723,73251.98924487889,78044.8984858791,45409.212664631385,47661.92282116334,58749.90151514613,49335.15996413438,61831.80112996378,61960.83852235185,59027.46234517432,57396.40235864939,851.6300570265498,91.55685536950364,129.41625505990967,72.38800388771242,77.45290170456,74.65265968774875,53.10012614185082,42.24984412370607,83.48904329722505,103.91846470395957,123.40590305037449,129096.44335422893,10543.74263726095,17903.576876292584,10049.474891189151,11031.888972282342,12214.941782466376,8768.092826728956,6962.6763250657195,15170.74921447315,17562.117563224427,18889.182265245756,573830.5323112009,65735.19493138931,74493.40584406709,44864.59623037069,43420.39425842561,52589.70062336806,49626.19352771364,62642.972699089245,69415.66354911304,55668.69583486389,55373.71481280031,1194.5925092403334,145.09735653372607,194.49920588453364,115.05434660546139,119.33088385719705,109.21730286007622,80.52644147252627,59.68980023246092,116.38973000522275,109.94933595013354,144.83810583899708,66050.83440413886,4224.916216205972,9193.864952420696,4995.039446270614,5028.683011523875,6909.305622429059,5243.409047528461,4496.526445664167,9901.135711147337,6551.143408413964,9506.81054253465,285786.31642310024,26240.67045208627,34796.21033842528,20044.601249499505,18728.39670278547,25160.747449039005,28092.387523311543,37193.91634751799,43233.730093975464,22510.600767329335,29785.05549913067,1776.76596094515,255.63577084190752,334.0703530210393,210.85341652042973,215.36112659041254,175.90511077579765,135.7460004591177,94.71002784917962,164.58685820818553,60.503029090705056,129.3942675883827,80069.42400519815,1793.44814469459,5555.4101436224855,5415.5797386490885,6567.288509919265,7216.657138623317,5808.734756985396,4614.2426882916625,12132.813097601294,14517.612553987183,16447.637232823752,365085.87780352007,12266.561476469562,21529.05421227911,25575.95110575743,28707.557261904032,35066.68550500145,36465.423394618796,46132.746294712575,61383.400457680444,49759.41172227344,48199.08637282362,1080.403605484996,176.75003316499985,304.4770229745169,74.16426296886716,89.04060058072685,66.37342460454025,50.929794874683154,36.377851835302735,92.37364638597744,75.82568328028006,114.09128481510022,246860.9296950809,17082.80512485662,28496.369367963336,15600.961740372592,18338.50308891285,19056.543687813755,12768.491896531415,10271.907071301139,25423.496192353796,48815.41146772124,51006.44005725444,1108794.154593496,121599.55148381273,132841.8658291623,79585.17950824319,82557.48049352519,99687.6260490821,84219.04167667277,105788.56531776804,122838.36751811471,147267.12688072913,132409.34983638747,981.0328809263098,86.01680621392566,124.730886540735,71.54320042299804,76.04844770437649,72.78186375142415,52.015772808835884,42.29783588316892,100.69274062191725,169.59730734652464,185.30801963240305
2124.0,118709.52714146495,10083.188809044097,16446.48976503903,8784.987065813348,10367.54068455727,10887.503037456077,7271.07259942299,5820.686606167475,12011.134207943627,17609.640104826893,19427.284261194312,593479.1693190318,73730.43455134422,78701.56512291452,45494.0099036155,47778.979360590456,58859.746718682756,49081.81514598758,61295.6153844115,61955.64764819469,59154.159446062964,57427.19603722765,846.7393831813475,91.1132771654644,129.0882534857273,71.7612879743042,76.89753015459408,74.13404045410252,52.54917876131558,41.68666764709472,82.96652480194098,103.54838032013893,122.99424241666495,129632.10929399393,10636.084161490868,18068.983222128692,10089.234393511146,11079.857967746684,12262.28658234151,8781.54946826563,6947.821226120122,15219.707152110874,17612.25504366968,18934.330076608672,576180.5845075136,66355.71191365065,75272.61356497393,45099.93740397225,43655.81521473033,52837.60288894089,49600.00925343243,62441.939309824505,69625.51312539207,55831.21220617743,55460.229626418935,1192.0073919729332,144.94181095701026,194.5284315387063,114.6727735834961,118.98737667158555,108.90886961995267,80.19399745848942,59.29699668432617,116.12438652960988,109.71107458349204,144.64167434626484,66282.46470904359,4262.185537260709,9282.340077925608,5019.301121794691,5052.363928068469,6944.098860274715,5252.788293375035,4495.799383422256,9937.11443554556,6531.527565283785,9504.945506092647,286205.00346096314,26441.870668593816,35125.381243579366,20112.529856164125,18786.893366616474,25231.531800591307,28019.73099068738,37023.791121865004,43312.0815278839,22427.598480027187,29723.594404954758,1778.9405008512263,256.27067271300314,335.0616299938178,211.1745231779785,215.70412215303412,176.08246926580094,135.84712819952583,94.62220021264648,164.78721799884295,60.12284084474468,129.26769629183173,80065.11857033313,1804.149010421374,5600.9476690849,5410.176178529367,6572.218040750278,7207.217275868344,5787.880264567592,4574.484846886919,12148.239824897995,14506.673778313248,16453.13168101297,365200.3795938889,12327.249190722301,21705.381357031245,25628.299271713753,28805.886787309333,35134.37067678276,36316.007149609424,45785.109103739,61504.07301927494,49809.00143328533,48185.00160442063,1077.6236762607748,176.8807743787384,305.28225595118903,73.58561551293946,88.5785297742865,65.8568555628128,50.45651799147677,35.89116252844238,91.99211263433295,75.38045174491405,113.71940018164253,247770.8535998314,17167.261518291303,28694.38868936858,15594.9556028807,18353.31816204889,19067.149406915254,12725.604209231638,10196.27131090783,25493.11103280367,49156.07362881394,51322.72003856962,1113775.7580766869,122560.58425448803,134136.5007108625,79925.8099483065,82942.13985014692,100096.17327261246,84095.11038040234,105329.416018328,123305.56112359154,148294.57342699388,133089.88909095514,977.0262295355656,85.59349049067306,124.41555000567436,70.92324754992676,75.50010903159867,72.2695705190301,51.47238061670589,41.73447410253906,100.24886248600762,169.6122692472973,185.2562754861127
2125.0,118722.39460630258,10117.95258988547,16531.749053230313,8766.564809014915,10358.138087458678,10874.218674628204,7233.376074246005,5766.356892766423,11996.886520788485,17630.619672651534,19446.532231632587,594257.6118835118,74190.47811525322,79332.97535083319,45575.545710331004,47891.53372542423,58965.367106698766,48838.214359307945,60780.05216753425,61950.6564230434,59275.98358153278,57456.805343553,842.0368121763454,90.68675966158055,128.77286735670577,71.158676519104,76.36351904885777,73.63536811405801,52.0194216646471,41.145151804199216,82.46410317186006,103.1925299510808,122.59841488425218,130144.12624313142,10724.718201869098,18228.14759600146,10127.004056762902,11125.540160561262,12307.365062362293,8794.135002333851,6933.150602228344,15266.45344820274,17660.109857586234,18977.50225522307,578440.250080891,66952.36285813266,76021.85175815357,45326.22699397375,43882.181518869416,53075.97045199183,49574.83206662357,62248.637973993005,69827.29156412202,55987.477947825144,55543.41694720612,1189.5217022927388,144.79224790247582,194.55653312925685,114.30587644699096,118.65708130080526,108.61229919675684,79.8743397526847,58.91930096496582,115.86924857228959,109.48197711556767,144.4527979109454,66505.5249476112,4298.150478547081,9367.760189560067,5042.667872852793,5075.181990035882,6977.623342770989,5261.822218402589,4495.094258099513,9971.737789084867,6512.379274630404,9503.107533627113,286607.5871512159,26635.332415235676,35441.89172930449,20177.845824110875,18843.140158761682,25299.59367708393,27949.86894008721,36860.20917412175,43387.41944510354,22347.788588390504,29664.497199016376,1781.0314046070632,256.88115528136444,336.014780929183,211.48327957946776,216.03392557863188,176.2530062754197,135.94436641145683,94.53775056213378,164.9798716437058,59.757275223628994,129.14599312207113,80056.1947853008,1814.4629409913366,5644.892942546265,5404.423029268604,6576.4090875790625,7197.382333009438,5767.235072876101,4535.694130836926,12162.55870998139,14495.28064415855,16457.85589405353,365310.4774692431,12385.602762119162,21874.926688523712,25678.634046671752,28900.434407891295,35199.452572726375,36172.33768325425,45450.842573956754,61620.104328500354,49856.68384771983,48171.458557879305,1074.950667391332,177.00648708425615,306.0565184287579,73.02922372839355,88.13423092194006,65.36015456115186,50.0014440653168,35.42319204107665,91.62525325775168,74.95234449936962,113.36181880331785,248632.36295119853,17247.113292216334,28883.75181471688,15587.092777083179,18365.534935130418,19075.363754497164,12682.619087562942,10121.9871111372,25558.6204382235,49483.667327557894,51626.612413072464,1118565.761425909,123484.6542262912,135381.34194326654,80253.33921759813,83312.00461612934,100489.00714139154,83975.94567245003,104887.926307328,123754.78574424227,149282.5027984026,133744.2537588086,973.1736801213891,85.18645614139174,124.11234179888523,70.32713901812744,74.97286030777379,71.77698087249732,50.94988812427318,41.19278008270263,99.82205658609459,169.6266556903479,185.2065214992954
2126.0,118728.35971249038,10150.70909993577,16613.144044208395,8748.011405209152,10348.282712902403,10860.678439758503,7196.534463835979,5713.673345432223,11982.584695510777,17650.2215802053,19464.51992549184,595004.916745412,74632.11993660593,79939.12916963511,45653.820084777886,47999.58591566467,59066.76267919417,48604.35760409547,60285.11147933203,61945.86484689793,59392.93475158378,57485.23027762546,837.5223440115432,90.2773028578521,128.4700966728451,70.58016952211183,75.8508683873511,73.15664266761523,51.51085485184537,40.62529659501954,81.98177840698236,102.85091359678516,122.21842045313619,130632.85260805106,10809.663098015124,18381.05590254995,10162.838072408242,11168.98753205383,12350.229618530286,8805.891022384467,6918.709968085145,15311.026766742038,17705.723687550108,19018.726939731892,580609.5290313334,67525.14776483539,76741.12042360603,45543.46500037519,44099.493170842856,53304.80331252084,49550.66196728706,62063.068691594744,70020.99886530277,56137.49305980704,55623.276775161896,1187.1354401997507,144.64866737012275,194.58351065618527,113.953655195946,118.33999774485619,108.3275915904887,79.56746835511218,58.556713074379864,115.62431613326187,109.26204354636049,144.27147653303882,66719.9752620134,4332.79585704663,9450.084360786137,5065.135203338982,5097.1315562607715,7009.870899787775,5270.509008563347,4494.41177875631,10005.002427502468,6493.732289751288,9501.301880219753,286994.0674938586,26821.05569201186,35745.74179560062,20240.549153339754,18897.137079221073,25364.933078516864,27882.801371511036,36703.17050428823,43459.74384563447,22271.171092419303,29607.763881315506,1783.0386722126614,257.4672185469914,336.9298058271349,211.7796857248975,216.35053686720588,176.41672180465395,136.03771509491065,94.45667889764152,165.16481914277404,59.40633222735795,129.02915807910094,80043.21546702206,1824.387037980722,5687.227235619986,5398.38586949932,6579.926225307075,7187.241504369923,5746.868922515159,4497.936660423039,12175.83028303361,14483.536102184438,16461.875626088775,365416.1714295824,12441.622190660162,22037.69020675648,25726.95543063143,28991.200123649945,35261.93119283227,36034.41499555331,45129.94670536582,61731.49438535685,49902.4589655769,48158.457233199704,1072.384578876668,177.12717128155316,306.7998104072235,72.49508761522947,87.70770402368755,64.88332159955739,49.56457309620322,34.97394037320559,91.27306825623364,74.54136154364676,113.01854068012614,249447.03627625413,17322.52001094765,29064.581104986013,15577.618873991065,18375.39205398689,19081.4200787062,12639.742056325766,10049.237708116836,25620.192401691667,49798.18857236939,51918.14341513276,1123164.1646411584,124371.76139922233,136576.38952637432,80567.76731611807,83667.07479147249,100866.12765541935,83861.54755281583,104464.09618476804,124186.04138006683,150230.9149949552,134372.44383994775,969.475232683781,84.79570316608172,123.82126192036759,69.75487482760009,74.46670153290181,71.30409481182582,50.44829533153774,40.67275382365965,99.41232292217815,169.64046667567652,185.15875767195115
2127.0,118728.20462248402,10181.533855875477,16690.73032071021,8729.433144675153,10338.07605656282,10846.978730384333,7160.627720793751,5662.700497528444,11968.305145858558,17668.511763515584,19481.30738657966,595721.0839047338,75055.36001540221,80520.02657932029,45728.83302695615,48103.135931311735,59163.93343616886,48380.244880350234,59810.79331980503,61941.272919758805,59505.01295621602,57512.47083944469,833.1959786869409,89.88490675427897,128.17994143414512,70.02576698332763,75.35957817007359,72.69786411477423,51.023478322910364,40.12710201955565,81.51955050730791,102.52353125725149,121.85425912331631,131098.63245890662,10890.936455963754,18527.694610227485,10196.78846425243,11210.249984298956,12390.930551006932,8816.857458130346,6904.543017797523,15353.46422516267,17749.136548834238,19058.031143232365,582688.4213588409,68074.06663375889,77430.4195613313,45751.651423176554,44307.75017065086,53524.10147052766,49527.49895542289,61885.23146262974,70206.63502893424,56281.257542122876,55699.80911028608,1184.8486056939732,144.51106935995105,194.60936411949186,113.61610983036132,118.03612600373815,108.05474680114855,79.27338326577194,58.209233012568326,115.38958921252724,109.05127387586988,144.09771021254514,66925.77738873435,4366.107097061653,9529.273302127496,5086.698796991583,5118.207211224453,7040.833688000074,5278.846922371498,4493.752626090619,10036.905140306135,6475.619013811922,9499.53359074895,287364.444488891,26999.040498922368,36036.93144246772,20300.63984385077,18948.88412799469,25427.55000489006,27818.528284958877,36552.67511236445,43529.05472947656,22197.745992113556,29553.394451852197,1784.9623036680362,258.02886250988377,337.80670468766937,212.06374161426763,216.6539560187557,176.57361585350282,136.12717424988725,94.37898521916988,165.34206049604816,59.070011855931526,128.91719116292128,80026.72091973817,1833.9185189027296,5727.932569054936,5392.127654708732,6582.831445839764,7176.880416500235,5726.848764464807,4461.275911115365,12188.112653029473,14471.53898502589,16465.254001096295,365517.46147490933,12495.307476345266,22193.67191172956,25773.26342359278,29078.18393458533,35321.80653710034,35902.239086506546,44822.42149796618,61838.24318984415,49946.32678685669,48145.99763038172,1069.9254107167794,177.2428269706294,307.5121318865869,71.98320717344728,87.29894907952898,64.42635667802925,49.14590508413607,34.5434075248291,90.93555762977887,74.14750287774598,112.68956581206739,250216.38896099044,17393.634856228484,29236.99402671443,15566.769680174953,18383.1186186143,19085.54239376306,12597.170419328466,9978.199008529304,25677.988196563547,50099.63353132785,52197.33822974615,1127570.9677224446,125221.90577328122,137721.64346018614,80869.09424386638,84007.35037617637,101227.5348146963,83751.91602149968,104057.92565064806,124599.32803106545,151139.81001665103,134974.45933437295,965.9308872227392,84.42123156474291,123.54231037012158,69.20645497834472,73.98163270698299,70.85091233701561,49.967602238499644,40.17439532541012,99.01966149425809,169.65370220328325,185.11298400407938
2128.0,118722.67890863706,10210.499227856744,16764.561149525474,8710.931888930378,10327.615385128065,10833.211927478953,7125.732466361763,5613.50019352851,11954.121101673645,17685.553411275432,19496.95215687818,596406.1133614752,75460.19835164218,81075.66757988877,45800.58453686577,48202.18377236549,59256.87937762292,48165.87618807214,59357.097688953094,61936.88064162584,59612.21819542951,57538.52702901104,829.0577162025373,89.5095713508611,127.90240164060646,69.49546890275145,74.8896483970256,72.25903245553529,50.557292077842106,39.6505680778076,81.07741947283654,102.21038293248046,121.50593089479278,131541.79552959505,10968.555148164889,18668.050751301944,10228.90508844219,11249.375340118248,12429.516064113652,8827.072575546284,6890.691624884683,15393.801394338498,17790.386789408672,19095.440753276027,584676.9270634139,68599.119464903,78089.74917132937,45950.786262377886,44506.95251829328,53733.864926012335,49505.34303103109,61715.12628709805,70384.20005501655,56418.7713947729,55773.01395257891,1182.6611987754025,144.37945387196078,194.63409351917673,113.29324035023686,117.74546607745181,107.7937648287365,78.99208448466362,57.87686077953121,115.1650678100857,108.84966810409638,143.9314989494635,67122.89465857175,4398.070230215168,9605.289361169196,5107.354517393147,5138.403765054791,7070.504190888195,5286.83429090311,4493.117452437983,10067.442850774192,6458.070499845991,9497.807499889896,287718.7181363139,27169.28683596722,36315.46066990576,20358.117895643907,18998.381305082425,25487.444456203597,27757.04968043075,36408.72299835038,43595.35209662993,22127.51328747327,29501.38891062641,1786.8022989731735,258.56608717004156,338.64547751079107,212.3354472475781,216.94418303328115,176.723688421967,136.21274387638633,94.30466952671875,165.5115957035275,58.74831410934965,128.81009237353194,80007.22893501575,1843.0547172075064,5766.99171273548,5385.708717238764,6585.184158086445,7166.381128177811,5707.238760080937,4425.772713572764,12199.461507736538,14459.3840072915,16468.051512887945,365614.34760522086,12546.658619174505,22342.871803442944,25817.558025555834,29161.38584069755,35379.0786055307,35775.80995611401,44528.26695175775,61940.3507419626,49988.28731155907,48134.0797494253,1067.5731629116724,177.35345415148507,308.19348286684766,71.49358240304686,86.90796608946408,63.989259796567666,48.74544002911524,34.13159349594725,90.61272137838723,73.77076850166699,112.37489419914175,250941.873250314,17460.604627229506,29401.103152001837,15554.77115776499,18388.93418317573,19087.94537996271,12555.093259387453,9909.039589611948,25732.162376471217,50387.99853217603,52464.22099253291,1131786.170669756,126035.0873484678,138817.10374470172,81157.32000084301,84332.83137024082,101573.2286192217,83647.05107850168,103669.41470496803,124994.64569723817,152009.1878634905,135550.3002420841,962.5406437382638,84.06304133737532,123.27548714814723,68.68187947036134,73.51765383001708,70.41743344806679,49.5078088451589,39.6977045879541,98.64407230233454,169.66636227316772,185.06920049568006
2129.0,118712.49955320136,10237.674439503386,16834.687481496454,8692.605070730671,10316.993736299723,10819.466395451565,7091.921990424125,5566.131589015708,11940.102608891699,17701.406964843485,19511.509276544384,597060.0051156407,75846.6349453257,81606.05217134036,45869.074614506804,48296.72943882585,59345.600503556394,47961.251527261236,58924.02458677619,61932.68801249873,59714.55046922419,57563.39884632438,825.1075565583384,89.15129664759866,127.63747729222834,68.98927528038331,74.44107906820713,71.84014768989772,50.11229611664053,39.19569476977537,80.65538530356878,101.91146862247162,121.17343576756623,131962.65721775705,11042.535313483726,18802.111921855685,10259.235633465665,11286.409343080017,12466.032266331817,8836.572976869023,6877.195842278029,15432.072298583817,17829.511089940184,19130.980531868805,586575.0461450493,69100.30625826798,78719.10925360027,46140.86951797915,44697.10021377017,53934.09367897522,49484.194194111675,61552.753164999594,70553.69394354959,56550.03461775681,55842.89130203993,1180.573219444041,144.2538209061519,194.65769885523895,112.9850467555725,117.46801796599642,107.54464567325178,78.72357201178778,57.55959637526859,114.9507519259365,108.65722623104018,143.77284274379562,67311.29199663622,4428.671895450953,9678.096522558022,5127.098407970465,5157.716253526303,7098.875218737597,5294.4695177961685,4492.506881771536,10096.612615955368,6441.116450755219,9496.128232114452,288056.8884361264,27331.79470314639,36581.32947791491,20412.983308719176,19045.62861048439,25544.616432457373,27698.36555792661,36271.31416224604,43658.63594709444,22060.472978498467,29451.747257638173,1788.558658128081,259.0788925274652,339.4461242964977,212.5948026248291,217.22121791078374,176.86693951004756,136.29442397440837,94.23373182028809,165.67342476521188,58.44123898761259,128.70786171093323,79985.23479174347,1851.7930822821481,5804.388185681394,5379.186766286027,6587.041187960467,7155.822130407196,5688.100281095269,4391.485253642837,12209.930113715054,14447.161765563205,16470.326025109855,365706.8298205179,12595.67561914788,22485.2898818966,25859.83923652055,29240.805841986392,35433.74739812334,35655.12760437566,44247.483066740664,62037.81704171211,50028.340539683864,48122.70359033063,1065.3278354613371,177.4590528241203,308.84386334800587,71.0262133040283,86.53475505349274,63.57203095517252,48.36317793114085,33.738498286560045,90.30455950205929,73.41115841540964,112.07452584134896,251624.87824805043,17523.569740548683,29557.01615850838,15541.83944445089,18393.048756000957,19088.834383674162,12513.691438327089,9841.92069915713,25782.86277532368,50663.28006232051,52718.814789739154,1135809.7734830996,126811.30612478266,139862.77037992098,81432.44458704797,84643.51777366604,101903.20906899608,83546.95272382168,103298.56334772804,125371.99437858495,152839.0485354741,136099.96656308082,959.3045022303558,83.72113248397902,123.02079225444425,68.18114830364989,73.0747649020042,70.00365814497931,49.068915151515405,39.24268161129149,98.28555534640779,169.67844688532998,185.02740714675292
2130.0,118698.35094832498,10263.12556791082,16901.157951517973,8674.545694070235,10306.299918792974,10805.826482147435,7059.266251506573,5520.651150683152,11926.316529542264,17716.130118243713,19525.03128390968,597682.7591672225,76214.66979645286,82111.18035367539,45934.30325987919,48386.772930692816,59430.09681396929,47766.370897917564,58511.574013274316,61928.69503237768,59812.00977759996,57587.086291384454,821.3454997543354,88.81008264449176,127.38516838901101,68.50718611622314,74.01387018361797,71.44120981786232,49.688490439305816,38.762482095459,80.25344799950412,101.62678832722492,120.856773741636,132361.51858477542,11112.892357200664,18929.866281785286,10287.825620152482,11321.395657499612,12500.523170302682,8845.393600597352,6864.093902321155,15468.30941565318,17866.54446379267,19164.674115470665,588382.7786037535,69577.62701385355,79318.49980814409,46321.90118998035,44878.19325708129,54124.78772941583,49464.05244466456,61398.1120963344,70715.11669453366,56675.04721107515,55909.4411586699,1178.5846676998824,144.13417046252425,194.68018012767905,112.69152904636842,117.20378166937179,107.30738933469519,78.46784584714399,57.25743979978022,114.74664156008038,108.47394825670028,143.6217415955398,67490.93592235167,4457.899339033503,9747.660408002099,5145.926691994562,5176.139938060122,7125.939908638962,5301.751079250574,4491.921509701997,10124.411626669014,6424.785219309471,9494.500201691271,288378.9553883277,27486.564100459866,36834.53786649502,20465.23608307658,19090.6260442006,25599.065933651458,27642.475917446445,36140.44860405145,43718.90628087001,21996.625065189135,29404.46949288747,1790.2313811327426,259.5672785821539,340.2086450447899,212.8418077460205,217.48506065126222,177.00336911774193,136.37221454395316,94.16617209987793,165.82754768110232,58.14878649071995,128.61049917512435,79961.21125613403,1860.1311794507074,5840.106256047982,5372.616887901837,6588.45677837906,7145.278346420001,5669.491909615349,4358.469072361926,12219.569316318053,14434.958738396654,16472.132771242428,365794.908120801,12642.358476265366,22620.926147090526,25900.10705648696,29316.443938451986,35485.81291487824,35540.19203129153,43980.06984291484,62130.64208909236,50066.486471231656,48111.869153097556,1063.1894283657855,177.5596229885342,309.4632733300609,70.5810998763916,86.17931597161594,63.17467015384366,47.99911879021292,33.364121896667484,90.01107200079394,73.0686726189741,111.78846073868921,252266.7299169417,17582.66423021139,29704.835829455544,15528.180853481901,18395.66279958658,19088.4054173406,12473.137596979712,9776.996255512015,25830.230507306926,50925.474768830674,52961.14165823555,1139641.7761624847,127550.56210222494,140858.64336584404,81694.4680024813,84939.4095864521,102217.47616401972,83451.6209574599,102945.37157892798,125731.37407510525,153629.39203260056,136623.45829736383,956.2224626990123,83.39550500455398,122.7782256890131,67.70426147821046,72.65296592294425,69.6095864277531,48.65092115756925,38.809326395422374,97.94411062647703,169.6899560397708,184.98760395729946
2131.0,118680.88489605437,10286.915543646131,16964.018878537623,8656.842334181643,10295.618512336536,10792.37251884756,7027.831876776456,5477.112656333832,11912.8265417487,17729.7778181657,19537.56821548057,598274.37551623,76564.30290502371,82591.05212689345,45996.27047298298,48472.31424796652,59510.36830886151,47581.23430004104,58119.745968447634,61924.90170126262,59904.59612055713,57609.58936419179,817.7715457905349,88.48592934153996,127.14547493095493,68.04920141027098,73.60802174325845,71.06221883942841,49.28587504583778,38.35093005485837,79.87160756064267,101.35634204674058,120.55594481700238,132738.66635577992,11179.64095101134,19051.302554802005,10314.718401673685,11354.375868439232,12533.030692827399,8853.567721491934,6851.422216769919,15502.54367674133,17901.520257027027,19196.544014996096,590100.1244395194,70031.08173165987,79887.9208349605,46493.88127838149,45050.231648227076,54305.947077334655,49444.91778268986,61251.20308110242,70868.46830796843,56793.809174727314,55972.663522468065,1176.695543542937,144.0205025410781,194.7015373364976,112.41268722262447,116.95275718757887,107.08199581306619,78.22490599073248,56.97039105306643,114.5527367125169,108.29983418107794,143.47819550469697,67661.79454945524,4485.740414548056,9813.948276271129,5163.835772580702,5193.670305723979,7151.691724488184,5308.6775240281095,4491.361903477667,10150.837207504934,6409.1038081466595,9492.927612685697,288684.9189929199,27633.5950279077,37075.08583564609,20514.876218716112,19133.373606230947,25650.79295978585,27589.38075899033,36016.126323766555,43776.16309795708,21935.969547545235,29359.555616374302,1791.8204679871837,260.03124533410875,340.93303975566783,213.0764626111523,217.7357112547163,177.13297724505233,136.44611558502066,94.10199036548825,165.973964451198,57.87095661867212,128.5180047661066,79935.60858172302,1868.066689974174,5874.130941125971,5366.0515449922095,6589.482589263417,7134.821131674879,5651.469438124561,4326.7770659551215,12228.42753969122,14422.857286320997,16473.52435460032,365878.5825060705,12686.707190526973,22749.78059902483,25938.361485455036,29388.3001300943,35535.27515579533,35431.0032368616,43726.02728028033,62218.82588410378,50102.72510620175,48101.576437726086,1061.157941625007,177.6551646447279,310.0517128130131,70.15824212013672,85.84164884383253,62.79717739258133,47.65326260633129,33.00846432626953,89.73225887459242,72.74331111236022,111.51669889116269,252868.69107864346,17638.01574767038,29844.660053625314,15513.991873666868,18396.967230596118,19086.845159479384,12433.596155185669,9714.412847578717,25874.39996688356,51174.57945843944,53191.22258551827,1143282.178707888,128252.8552807954,141804.72270247093,81943.3902471429,85220.50680859866,102516.02990429156,83361.05577941616,102609.83939856788,126072.78478680007,154380.2183548713,137120.77544493225,953.2945251442371,83.08615889910024,122.54778745185328,67.25121899404294,72.2522568928373,69.23521829638818,48.25382686332036,38.39763894034668,97.61973814254343,169.70088973648916,184.9497909273182
2132.0,118660.72060833524,10309.104150748059,17023.314265555407,8639.579137535859,10285.029867672785,10779.180820269108,6997.682162042759,5435.567194880575,11899.693139728055,17742.40226396465,19549.167605937862,598834.854162654,76895.53427103824,83045.66749099507,46054.97625381815,48553.35339064684,59586.41498823292,47405.84173363171,57748.540452296016,61921.308019153614,59992.30949809531,57630.908064746094,814.3856946669323,88.17883673874361,126.91839691805903,67.61532116252685,73.22353374712831,70.70317475459623,48.90444993623645,37.96103864797362,79.50986398698426,101.10012978101896,120.27094899366524,133094.3729196403,11242.795033026545,19166.4100284314,10339.955163541785,11385.389481707914,12563.594654867244,8861.126950575435,6839.215376792336,15534.804466483309,17934.470148400942,19226.611615813756,591727.0836523514,70460.67041168702,80427.3723340499,46656.809783182565,45213.215387207165,54477.57172273133,49426.79020818744,61112.02611930374,71013.74878385382,56906.320508713725,56032.55839343487,1174.905846973196,143.9128171418133,194.72177048169402,112.14852128434084,116.71494452061697,106.8684651083652,77.99475244255312,56.69845013512694,114.36903738324608,108.13488400417245,143.34220447126745,67823.83758599682,4512.183582900604,9876.929023196306,5180.822232688385,5210.30306923223,7176.124456986337,5315.247473452504,4490.828601984434,10175.886816823382,6394.09786977288,9491.414458959802,288974.7792499021,27772.88748548982,37302.973385368176,20561.90371563777,19173.871296575504,25699.79751086055,27539.080082558197,35898.34732139144,43830.40639835522,21878.506425566848,29317.005628098654,1793.3259186913847,260.47079278332893,341.6193084291301,213.29876722022468,217.97316972114675,177.2557638919779,136.51612709761122,94.0411866171191,166.1126750754995,57.60774937146877,128.4303784838789,79908.8545093687,1875.597411050504,5906.4480073415325,5359.540577317863,6590.167697538642,7124.51827385757,5634.08586948211,4296.459485836265,12236.550786772952,14410.935651838907,16474.55074833244,365957.852976326,12728.72176193272,22871.853237699408,25974.602523424786,29456.374416913215,35582.134120874776,35327.561221085896,43485.35537883717,62302.36842674599,50137.05644459464,48091.82544421649,1059.2333752390086,177.7456777927005,310.6091817968624,69.75764003526365,85.52175367014321,62.43955267138548,47.32560937949614,32.67152557536621,89.46812012345382,72.43507389556825,111.25924029876863,253431.96141373485,17689.74556180572,29976.58182536101,15499.459169374179,18397.14341985978,19084.33095468179,12395.22331179324,9654.309734814236,25915.498828793196,51410.59109754297,53409.07750970909,1146730.9811193265,128918.18566049385,142701.00838980227,82179.21132103288,85486.80944010608,102798.87028981265,83275.25718969044,102291.96680664805,126396.22651366836,155091.52750228572,137591.91800578666,950.5206895660342,82.79309416761765,122.32947754296502,66.82202085114746,71.87263781168345,68.88055375088452,47.87763226876879,38.007619246064415,97.31243789460589,169.71124797548578,184.9139680568102
2133.0,118638.44470700808,10329.74802672697,17079.085799624183,8622.835821842187,10274.61010655753,10766.323684564955,6968.877071756114,5396.063166346063,11886.973633791493,17754.052907661033,19559.874488137288,599364.1951065008,77208.3638944963,83475.02644597959,46110.42060238469,48629.89035873372,59658.236852083835,47240.19319868955,57397.95746481952,61917.913986050815,60075.14991021471,57651.04239304727,811.1879463835271,87.88880483610252,126.70393435032469,67.20554537299074,72.86040619522754,70.36407756336614,48.544215110501845,37.592807874804656,79.16821727852917,100.85815153005956,120.00178627162437,133428.89632897289,11302.367807772387,19275.178554013528,10363.574923610728,11414.473923861662,12592.252781543251,8868.101235132497,6827.506152968665,15565.119622954437,17965.42414936922,19254.89717774656,593263.6562422492,70866.39305393476,80936.85430541218,46810.68670438358,45367.14447402175,54639.66166560584,49409.669721157414,60980.58121093832,71150.95812219009,57012.58121303406,56089.12577157014,1173.2155779906639,143.81111426472984,194.74087956326875,111.89903123151737,116.49034366848659,106.66679722059213,77.77738520260587,56.44161704596191,114.19554357226862,107.97909772598392,143.21376849525012,67977.03633434016,4537.217912317848,9936.573181670343,5196.882835121353,5226.034166945806,7199.232223639717,5321.4596214093735,4490.322115745764,10199.55804675526,6379.7917065622605,9489.964524172428,289248.53615927463,27904.4414732063,37518.20051566127,20606.318573841552,19212.1191152342,25746.07958687552,27491.57388815009,35787.11159692605,43881.6361820646,21824.23569925383,29276.819528060543,1794.7477332453516,260.88592092981446,342.26745106517825,213.5087215732373,218.19743605055353,177.37172905851918,136.58224908172417,93.98376085477047,166.24367955400638,57.35916474911011,128.34762032844156,79881.35426725382,1882.7212558145895,5937.043970256357,5353.13120149421,6590.5585971338305,7114.433992880892,5617.391416923038,4267.563938607928,12243.982639294358,14399.267959426608,16475.259295422085,366032.71953156637,12768.402190482579,22987.14406311425,26008.830170396228,29520.66679890896,35626.389810116416,35229.86598396436,43258.0541385852,62381.26971701947,50169.48048641009,48082.61617256833,1057.4157292077873,177.83116243245274,311.1356802816093,69.37929362177243,85.21963045054763,62.101795990256015,47.016159109707324,32.353305643957526,89.21865574737855,72.14396096859804,111.01608496150794,253957.67746170828,17737.968558924906,30100.689244566387,15484.75958053176,18396.363192374767,19081.03081361359,12358.167044658763,9596.818847230434,25953.648048052368,51633.50681220117,53614.725319553916,1149988.1833967955,129546.55324131988,143547.5004278367,82401.9312241512,85738.31748097429,103065.99732058268,83194.22518828289,101991.75380316806,126701.69925571098,155763.31947484353,138036.88597992685,947.9009559643926,82.51631081010638,122.12329596234817,66.41666704952392,71.51410867948255,68.54559279124236,47.522337373914574,37.63926731257569,97.0222098826649,169.72103075675977,184.88013534577408
2134.0,118614.61122381277,10348.900662564882,17131.372851849257,8606.687676048328,10264.431121760257,10753.869393324187,6941.473239008763,5358.646281862828,11874.7221503438,17764.776453941147,19569.73139310913,599862.3983477673,77502.7917753981,83879.12899184755,46162.6035186826,48701.92515222745,59725.83390041413,47084.288695214585,57067.997006018064,61914.719601954,60153.11735691554,57669.992349095555,808.1783009403291,87.61583363361689,126.50208722775078,66.8198740416626,72.51863908755634,70.04492726573753,48.205170568634024,37.246237735351556,78.8466674352773,100.63040729386216,119.74845665088036,133742.4803001351,11358.371746190092,19377.598546702844,10385.614532075913,11441.664542203333,12619.04070213648,8874.518858709702,6816.32549529133,15593.515437670232,17994.410604083427,19281.419835071807,594709.8422092097,71248.24965840329,81416.36674904701,46955.512041984555,45512.0189086708,54792.216905958405,49393.55632159974,60856.86835600622,71280.09632297714,57112.59128768863,56142.36565687401,1171.6247365953407,143.71539390982795,194.75886458122068,111.66421706415406,116.27895463118712,106.4769921497466,77.5728042708908,56.199891785571275,114.03225527958338,107.83247534651247,143.09288757664572,68121.36369116146,4560.833078347255,9992.85292164748,5212.014522527572,5240.859762872333,7221.009468759825,5327.312734346264,4489.842926922726,10221.848623201868,6366.208270757024,9488.581381779075,289506.1897210352,28028.256991057093,37720.76722652526,20648.120793327478,19248.117062207155,25789.639187830755,27446.862175765975,35682.41915037033,43929.85244908509,21773.157368606462,29238.997316259978,1796.0859116490876,261.2766297735655,342.8774676638122,213.70632567019038,218.408510242936,177.48087274467474,136.64448153736006,93.92971307844236,166.36697788671825,57.12520275159602,128.26973029979496,79853.49057088321,1889.436253338278,5965.906094567551,5346.868010991362,6590.699198981961,7104.62894088471,5601.433504058219,4240.135386061456,12250.764257779367,14387.924215533878,16475.694708686577,366103.1821717927,12805.748476176597,23095.653075269438,26041.044426369364,29581.1772760815,35668.042223520344,35137.91752549708,43044.12355952453,62455.52975492371,50199.99723164805,48073.94862278195,1055.7050035313437,177.9116185639842,311.63120826725435,69.02320287966309,84.93527918504566,61.7839073491931,46.72491179696494,32.05380453204345,88.98386574636665,71.8699723314498,110.78723287938017,254446.91262097255,17782.79324276268,30217.06551670629,15470.060122627125,18394.78882730488,19077.103413014403,12322.567110646487,9542.0647853941,25988.9618599544,51843.32388813692,53808.183854424875,1153053.7855403007,130137.95802327387,144344.19881657528,82611.54995649785,85975.03093120285,103317.41099660084,83117.95977519343,101709.20038812798,126989.20301292728,156395.594272545,138455.67936735327,945.4353243393186,82.2558088265663,121.92924271000392,66.03515758917237,71.17666949623465,68.23033541746132,47.18794217875762,37.29258313988038,96.74905410672056,169.73023808031246,184.8482927942104
2135.0,118589.74160038657,10366.612402715475,17180.21247738873,8591.205560340344,10254.560577063912,10741.88221157164,6915.523965534619,5323.35956367325,11862.989631883605,17774.61686015663,19578.778350058514,600329.463886456,77778.81791374352,84257.97512859889,46211.525002711904,48769.45777112766,59789.20613322367,46938.128223206775,56758.65907589169,61911.7248668633,60226.21183819739,57687.75793289075,805.3567583373293,87.35992313128665,126.3128555503379,66.4583071685425,72.19823242411456,69.74572386171101,47.88731631063295,36.921328229614254,78.5452144572292,100.41689707242745,119.5109601314325,134035.35421322938,11410.818585636182,19473.660985468396,10406.108671474178,11466.99460478266,12643.991950087908,8880.406441115638,6805.702533165008,15620.016655586542,18021.456189392404,19306.197596520895,596065.6415532369,71606.2402250924,81865.90966495484,47091.28579598544,45647.838691154204,54935.2374437891,49378.45000951447,60740.88755450728,71401.16338621537,57206.35073267727,56192.27804934618,1170.1333227872233,143.62565607710715,194.77572553555112,111.444078782251,116.08077740871907,106.2990498958295,77.38100964740804,55.97327435395508,113.8791725051915,107.69501686575755,142.97956171545374,68256.79414745054,4583.019363857016,10045.74205014352,5226.214417399255,5254.776246665965,7241.450963463395,5332.8056512726,4489.391489313957,10242.756405835065,6353.3691644676,9487.268395032097,289747.73993518803,28144.334039042205,37910.67351796047,20687.310374095534,19281.865137494267,25830.476313726434,27404.944945405892,35584.269981724414,43975.055199417104,21725.271433624403,29203.53899269695,1797.340453902596,261.64291931458257,343.4493582250318,213.891579511084,218.6063922982944,177.58319495044606,136.7028244645184,93.87904328813478,166.48257007363577,56.9058633789267,128.19670839793855,79825.62362308532,1895.7405486303737,5993.022394107693,5340.79297613413,6590.630831019992,7095.1602022359275,5586.256764874348,4214.216145176907,12256.934381544404,14376.970308584025,16475.899070777756,366169.2408970049,12840.7606190147,23197.380274164927,26071.245291344138,29637.90584843067,35707.09136108649,35051.71584568395,42843.56364165522,62525.14854045899,50228.606680308854,48065.82279485708,1054.1011982096795,177.9870461872947,312.09576575379447,68.68936780893553,84.66869987363806,61.485886748196464,46.45186744126898,31.773022239624026,88.76375012041771,71.61310798412293,110.57268405238517,254900.6771488546,17824.321734481324,30325.7889528067,15455.517986707324,18392.57305798099,19072.69809569806,12288.555045628718,9490.164820426919,26021.547780069413,52040.039770736585,53989.46990431891,1155927.7875498286,130692.40000635578,145091.10355601783,82808.06751807278,86196.94979079232,103553.11131786862,83046.46095042203,101444.30656152804,127258.73778531802,156988.35189539043,138848.29816806538,943.1237946908157,82.01158821699752,121.74731778592947,65.67749247009276,70.86032026193959,67.9347816295417,46.87444668329803,36.9675667279785,96.49297056677297,169.73886994614267,184.8184404021209
2136.0,118564.3246882645,10382.93044510407,17225.639415453134,8576.455906142673,10245.061907265068,10730.422387768129,6891.079221709172,5290.243345129564,11851.823837003465,17783.615336324605,19587.052886364923,600765.391722565,78036.44230953262,84611.56485623351,46257.185054472575,48832.48821543451,59848.35355051271,46801.71178266619,56469.943674440394,61908.92978077852,60294.433354060464,57704.33914443289,802.7233185745262,87.12107332911167,126.136239318086,66.12084475363037,71.89918620490215,69.46646735128607,47.59065233649861,36.61807935759278,78.26385834438375,100.21762086575488,119.28929671328135,134307.73311210208,11459.719329882362,19563.357413093396,10425.089856683824,11490.49530039629,12667.137962998442,8885.788938420796,6795.664575406578,15644.646475099406,18046.58591484167,19329.247345279775,597331.0542743272,71940.36475400232,82285.4830531355,47218.0079663863,45774.603821472105,55068.72327909765,49364.35078490152,60632.638806441624,71514.15931190406,57293.85954799998,56238.86294898703,1168.741336566316,143.54190076656786,194.79146242625905,111.23861638580807,115.89581200108199,106.13297045883978,77.20200133215732,55.76176475111326,113.73629524909201,107.5667222837202,142.87379091167506,68383.30378850974,4603.767659036058,10095.216011235687,5239.479822072852,5267.780233627518,7260.551805672285,5337.937283759752,4488.968228355679,10262.279388097186,6341.294639672404,9486.028716980443,289973.1868017293,28252.67261716166,38087.919389966526,20723.88731614571,19313.36334109559,25868.59096456224,27365.822197069792,35492.66409098819,44017.244433060005,21680.577894307866,29170.44455737142,1798.5113600058623,261.9847895528646,343.9831227488366,214.06448309591798,218.79108221662938,177.67869567583284,136.75727786319987,93.83175148384775,166.5904561147589,56.70114663110188,128.12855462287277,79798.09111401219,1901.632402636621,6018.38163184483,5334.945444102029,6590.392238188805,7086.0812935285685,5571.903043733983,4189.845888123101,12262.52932869889,14366.468008973903,16475.911834181552,366230.8957072026,12873.438618996955,23292.325659800645,26099.432765320627,29690.85251595657,35743.537222815,34971.26094452507,42656.37438497711,62590.12607362545,50255.30883239216,48058.23868879394,1052.6043132427912,178.05744530238496,312.5293527412338,68.37778840958983,84.41989251632401,61.20773418726641,46.19702604261938,31.51095876669921,88.55830886953238,71.37336792661823,110.37243848052336,255319.9181615991,17862.649772670273,30426.932969453923,15441.280539378984,18389.85907190067,19067.954870552632,12256.25416448565,9441.228894005468,26051.506604244467,52223.65206504975,54158.599209857784,1158610.1894253946,131209.87919056547,145788.2146461637,82991.4839088761,86404.07405974247,103773.09828438466,82979.72871396874,101197.07232336802,127510.30357288204,157541.59234337948,139214.74238206347,940.9663670188761,81.78364898139998,121.57752119012791,65.34367169228516,70.5650609765977,67.65893142748342,46.5818508875357,36.6642180768701,96.25395926282141,169.74692635425143,184.79057816950242
2137.0,118538.81674888029,10397.898841127602,17267.686089305793,8562.50071611811,10235.994318173836,10719.546153810494,6868.185646549593,5259.335270693858,11841.269340389708,17791.810345127855,19594.59002758299,601170.1818560943,78275.66496276528,84939.89817475106,46299.583673964655,48891.01648514817,59903.27615228098,46675.0393735928,56201.85080166427,61906.33434369968,60357.78190450479,57719.73598372215,800.2779816519266,86.89928422709211,125.97223853099447,65.80748679692627,71.62150042991941,69.20715773446283,47.315178646231004,36.33649111928712,78.0025990967416,100.03257867384457,119.08346639642694,134559.817704343,11505.08424911556,19646.679936175766,10442.588434924583,11512.195738587754,12688.508082628909,8890.689642957685,6786.237110245093,15667.426548045205,18069.823122673777,19350.584838988387,598506.0803724842,72250.6232451331,82675.08691358878,47335.67855318706,45892.3142996244,55192.674411884065,49351.25864776086,60532.122111809236,71619.08410004347,57375.117733656836,56282.12035579647,1167.448777932612,143.46412797821,194.8060752533456,111.04782987482545,115.72405840827611,105.9787538387777,77.03577932513896,55.565362977045886,113.6036235112852,107.44759160039936,142.7755751653092,68500.8702939556,4623.069461394048,10141.251886062772,5251.808218729047,5279.868564704406,7278.307420113692,5342.706615940969,4488.573541121707,10280.415697201126,6330.003598217999,9484.865290469921,290182.5303206604,28353.27272541541,38252.50484254352,20757.85161947802,19342.611673011117,25903.983140338412,27329.493930757693,35407.6014781617,44056.420150014215,21639.076750656815,29139.71401028349,1799.5986299588963,262.30224048841274,344.4787612352258,214.2250364246924,218.9625799979401,177.7673749208342,136.80784173340416,93.78783766558101,166.69063601008799,56.51105250812172,128.06526897459716,79771.20822113856,1907.1101922397143,6041.973319882527,5329.3621389292675,6590.019582433254,7077.442163583716,5558.411395375463,4167.061642257607,12267.582996144694,14356.474969073939,16475.769821218248,366288.1466023883,12903.782476123313,23380.489232176806,26125.60684829878,29740.017278659136,35777.379808705584,34896.552822020385,42482.55578949043,62650.4623544224,50280.103687898096,48051.196304592566,1051.2143486306802,178.1228159092538,312.93196922956906,68.08846468162598,84.1888571131039,60.94944966640264,45.96038760101621,31.267614113269037,88.36754199371002,71.15075215893494,110.18649616379453,255705.51963436796,17897.86671334653,30520.56608879559,15427.485322808288,18386.78051072835,19063.00441254014,12225.77956110556,9395.35961836119,26078.932408603545,52394.15853578955,54315.58646228925,1161100.9911669893,131690.39557590333,146435.53208701417,83161.79912890776,86596.40373805337,103977.37189614995,82917.76306583353,100967.49767364806,127743.90037562052,158055.31561651177,139555.01200934697,938.9630413235054,81.57199111977371,121.41985292259763,65.0336952557495,70.29089164020881,67.4027848112862,46.31015479147065,36.382537186555155,96.03202019486676,169.75440730463762,184.76470609635828
2138.0,118513.6414535617,10411.558495654697,17306.382606262574,8549.397564167835,10227.412786613946,10709.30572503139,6846.886547714668,5230.670295938062,11831.367532822438,17799.237601914534,19601.422297441623,601543.8342870448,78496.48587344163,85242.97508415213,46338.72086118807,48945.042580268295,59953.97393852872,46558.110995986564,55954.380457563144,61903.93855562721,60416.25748953026,57733.94845075824,798.020747569524,86.69455582522781,125.82085318906447,65.51823329843018,71.36517509916585,68.96779501124152,47.060895239830124,36.07656351469727,77.76143671430282,99.86177049669674,118.89346918086858,134791.7943612838,11546.922879937936,19723.621225127794,10458.632585757647,11532.122949647503,12708.129554900162,8895.130183320749,6777.443805321858,15688.376979700583,18091.189487828335,19370.224709741105,599590.7198477043,72537.01569848435,83034.72124631515,47444.2975563878,46000.97012561119,55307.09084214855,49339.17359809266,60439.337470610124,71715.93775063394,57450.125289647665,56322.05026977423,1166.2556468861217,143.39233771203342,194.8195640168096,110.87171924930294,115.56551663030172,105.83640003564395,76.88234362635264,55.384069031752915,113.48115729177174,107.33762481579585,142.68491447635563,68609.4729377168,4640.916875761408,10183.828392825064,5263.197269392761,5291.038306490646,7294.713558319872,5347.112704511434,4488.207796323437,10297.16359413019,6319.51359181908,9483.780848142962,290375.77049198194,28446.13436380352,38404.42987569164,20789.20328409246,19369.61013324079,25936.652841054864,27295.96014646962,35329.08214324493,44092.58235027967,21600.76800267119,29111.347351433025,1800.6022637616995,262.59527212122583,344.93627368420175,214.37323949740724,219.12088564222714,177.8492326854516,136.85451607513087,93.74730183333506,166.78310975962174,56.3355810099862,128.00685145311223,79745.26760926227,1912.1724102593098,6063.787719459709,5324.077161504758,6589.546442702068,7069.289193449477,5545.818084912998,4145.897790126731,12272.126859576581,14347.044723228,16475.507224042423,366340.9935825567,12931.792190393819,23461.87099129312,26149.767540278626,29785.400136538537,35808.61911875861,34827.5914781699,42322.10785519486,62706.15738285091,50302.991246826634,48044.69564225264,1049.9313043733484,178.18315800790273,313.30361521880275,67.82139662504393,83.97559366397755,60.71103318560547,45.7419521164594,31.04298827933349,88.19144949295112,70.9452606810738,110.01485710219868,256058.3024012384,17930.05552995431,30606.751938540205,15414.260054720959,18383.461470295257,19057.96806269688,12197.238108384638,9352.652276280462,26103.912549547404,52551.55710733248,54460.44530348555,1163400.1927746153,132133.94916236858,147033.05587856774,83319.01317816772,86773.9388257249,104165.93215316375,82860.56400601643,100755.58261236802,127959.52819353278,158529.5217147881,139869.1070499169,937.1138176046999,81.37661463211869,121.27431298333876,64.74756316048584,70.03781225277282,67.16634178095063,46.05935839510299,36.12252405703367,95.82715336290838,169.76131279730205,184.74082418268512
2139.0,118489.18988353855,10423.947167025597,17341.75675769193,8537.199595431402,10219.368060422588,10699.749300199539,6827.221901504793,5204.280687543968,11822.156621175807,17805.93007469844,19607.579717844583,601886.3490154159,78698.90504156155,85520.79558443619,46374.5966161429,48994.566500795205,60000.446909255705,46450.92664984751,55727.53264213719,61901.742416560715,60469.86010913702,57746.976545541445,795.9516163273252,86.50688812351898,125.68208329229485,65.25308425814211,71.13021021264196,68.74837918162196,46.82780211729599,35.83829654382325,77.54037119706737,99.70519633431118,118.71930506660696,135003.83511800176,11585.244025366863,19794.174514176055,10473.248321085643,11550.301884612836,12726.027529892881,8899.13052436643,6769.306507690365,15707.516328782336,18110.70501794174,19388.180464086625,600584.9726999926,72799.54211405647,83364.3860513142,47543.86497598844,46100.57129943236,55411.97256989094,49328.09563589676,60354.28488284428,71804.72026367519,57518.88221597266,56358.65269092058,1165.1619434268348,143.32652996803827,194.83192871665221,110.71028450924074,115.42018666715849,105.70590904943782,76.7416942357986,55.21788291523438,113.36889659055092,107.23682192990884,142.60180884481488,68709.09258803597,4657.302614289262,10222.925886784422,5273.644815933149,5301.286751226885,7309.766298628387,5351.154678728215,4487.871334309853,10312.521473638402,6309.840822058386,9482.77791243879,290552.9073156934,28531.25753232593,38543.69448941069,20817.942309989034,19394.358721784676,25966.600066711675,27265.220844205556,35257.10608623791,44125.731033856406,21565.651650351047,29085.344580820172,1801.5222614142701,262.8638844513051,345.3556600957621,214.50909231406249,219.26599914948997,177.92426896968357,136.89730088838039,93.71014398710939,166.86787736336143,56.174732136695326,127.95330205841738,79720.53943050468,1916.8176654519998,6083.815840950819,5319.12198957211,6589.003814948003,7061.665196401074,5534.156587836614,4126.386069465526,12276.189973481965,14338.226687753619,16475.155604642834,366389.4366477134,12957.46776180843,23536.47093714985,26171.91484126014,29827.001089594607,35837.255152973696,34764.37691297362,42175.03058209072,62757.21115890991,50323.97150917782,48038.73670177446,1048.755180470794,178.23847159833028,313.6442907089322,67.57658423984373,83.78010216894519,60.49248474487459,45.54171958894902,30.837081264892582,88.03003136725518,70.75689349303406,109.8575212957358,256379.02415520512,17959.29281336529,30685.549251957,15401.722628402304,18380.01650059945,19052.95782813319,12170.728458227117,9313.19482110455,26126.527663753615,52695.84586371828,54593.18832594448,1165507.7942482699,132540.53994996208,147580.78602082585,83463.12605665604,86936.67932275718,104338.77905542678,82808.1315345174,100561.32713952803,128157.18702661942,158964.2106382077,140157.02750377223,935.4186958624632,81.1975195184349,121.14090137235118,64.48527540649413,69.80582281428983,66.94960233647616,45.82946169843261,35.884178688305646,95.63935876694688,169.76764283224392,184.71893242848634
2140.0,118465.82052993645,10435.099467052192,17373.83401901506,8525.955526286722,10211.906658450602,10690.92106151952,6809.22835286204,5180.196023303221,11813.671628417575,17811.917984158903,19613.08980887045,602197.7260412072,78882.92246712514,85773.35967560364,46407.2109388291,49039.588246728774,60042.69506446218,46353.486335175694,55521.307355386314,61899.74592650011,60518.589763325006,57758.82026807162,794.0705879253223,86.33628112196536,125.55592884068619,65.01203967606202,70.91660577034745,68.54891024560408,46.615899278628575,35.621690206665036,77.33940254503459,99.56285618668777,118.56097405364206,135196.09767331788,11620.055754834904,19858.333601361795,10486.459485152654,11566.755415267937,12742.225061847797,8902.708967213082,6761.845243816315,15724.861607447643,18128.388053347513,19404.464483027827,601488.8389293425,73038.20249184937,83664.08132858589,47634.38081198906,46191.117821088024,55507.31959511118,49318.024761173154,60276.96434851172,71885.43163916683,57581.388512631805,56391.9276192356,1164.1676675547578,143.26670474622463,194.84316935287228,110.56352565463867,115.28806851884626,105.58728088015907,76.6138311534767,55.06680462749022,113.26684140762251,107.1451829427394,142.52625827068746,68799.71170746755,4672.219996449502,10258.526360264144,5283.1488800636125,5310.6114168004015,7323.462046181969,5354.8317404103245,4487.564467067521,10326.487864249993,6301.0001403867955,9481.858795593358,290713.94079179346,28608.642230982678,38670.2986837006,20844.068697167728,19416.857438642764,25993.824817308625,27237.276023965464,35191.6733071406,44155.86620074408,21533.72769369643,29061.705698444814,1802.3586229165992,263.10807747864936,345.7369204699079,214.63259487465817,219.39792051972927,177.992483773531,136.93619617315304,93.67636412690428,166.94493882130672,56.02850588824898,127.90462079051319,79697.27132431066,1921.0446825113388,6102.049443865792,5314.525477729629,6588.420112127691,7054.609417940755,5523.4575900121645,4108.555573197793,12279.798971140992,14330.066160941855,16474.7438948425,366433.47579785506,12980.809190367188,23604.289069746832,26192.048751243365,29864.820137827413,35863.287911351166,34706.90912643159,42041.323970177786,62803.623682600075,50343.04447495151,48033.31948315803,1047.685976923016,178.28875668053743,313.95399569996096,67.3540275260254,83.60238262800638,60.29380434421027,45.359690018485004,30.64989306994628,87.88328761662287,70.5856505948165,109.71448874440614,256668.37944818157,17985.648771878445,30757.011867876317,15389.981112697167,18376.550605805853,19048.076382033647,12146.341041545144,9277.067876729596,26146.85166817679,52827.02304864993,54713.827072788714,1167423.7955879618,132910.16793868333,148078.7225137873,83594.13776437275,87084.62522915014,104495.91260293813,82760.4656513365,100384.73125512798,128336.8768748794,159359.38238677103,140418.77337091355,933.8776760967894,81.03470577872237,121.01961808963651,64.24683199377442,69.59492332475996,66.75256647786298,45.62046470145948,35.6675010803711,95.46863640698142,169.7733974094643,184.69903083375846
2141.0,118443.8592937778,10445.046861018032,17402.63754970565,8515.709644350083,10205.070870562353,10682.861174631935,6792.939215370066,5158.443192117302,11805.944393609352,17817.228803640624,19617.97758877229,602477.9653644204,79048.53815013233,86000.6673576543,46436.56382924669,49080.107818068835,60080.718404147905,46265.79005197101,55335.70459731052,61897.94908544563,60562.446452094,57769.479618348676,792.3776623635188,86.18273482056719,125.44238983423858,64.79509955218994,70.72436177228231,68.36938820318821,46.42518672382793,35.426744503222636,77.15853075820557,99.43475005382702,118.4184761419733,135368.7253897943,11651.365404189895,19916.09284854055,10498.287754544217,11581.50433414388,12756.743109165433,8905.882149241072,6755.078219577613,15740.428281293813,18144.25526707603,19419.0880220219,602302.3185357596,73252.99683186287,83933.80707813067,47715.84506438958,46272.60969057805,55593.1319178095,49308.96097392197,60207.375867612325,71958.07187710963,57637.64417962496,56421.87505471893,1163.2728192698864,143.21286204659208,194.8532859254709,110.43144268549686,115.16916218536544,105.48051552780878,76.49875437938702,54.930834168520505,113.17499174298744,107.06270785428649,142.45826275397243,68881.31435288096,4685.662949034755,10290.61344264906,5291.707663341778,5319.010046745017,7335.797532928546,5358.1431639386465,4487.287478220595,10339.061428260016,6293.0050481232975,9481.025599639346,290858.87092028576,28678.288459773757,38784.242458561734,20867.582445628548,19437.10628381502,26018.327092846015,27212.125685749408,35132.78380595303,44182.98785094327,21504.99613270713,29040.43070430699,1803.1113482686999,263.32785120325957,346.08005480663894,214.74374717919432,219.51664975294457,178.05387709699428,136.9712019294481,93.64596225271968,167.0142941334577,55.89690226464736,127.86080764939926,79675.6884174478,1924.85230206782,6118.481036849957,5310.313857430324,6587.82116420171,7048.157535797888,5513.7489876813515,4092.4327494360823,12282.978064626479,14322.604323057209,16474.298396298826,366473.1110329826,13001.816476070038,23665.32538908411,26210.169270228227,29898.85728123685,35886.717393890845,34655.188118543694,41920.98801945621,62845.394953921335,50360.210144148026,48028.4439864031,1046.7236937300167,178.33401325452377,314.23273019188474,67.15372648358885,83.44243504116196,60.11499198361224,45.195863405067406,30.481423694494634,87.7512182410535,70.43153198642025,109.58575944820916,256926.99969099718,18009.187231220134,30821.188730688944,15379.133752009973,18373.159244246246,19043.417063656976,12124.158068258885,9244.344737606654,26164.951760048247,52945.087065494015,54822.37203776657,1169148.1967936794,133242.8331285325,148526.86535745286,83712.04830131767,87217.776544904,104637.33279569904,82717.56635647363,100225.79495916805,128498.59773831387,159715.03696047826,140654.34465134057,932.4907583076878,80.88817341298113,120.91046313519163,64.03223292232666,69.40511378418297,66.5752342051113,45.43236740418372,35.47249123323001,95.31498628301273,169.77857652896228,184.68111939850488
2142.0,118423.59948598346,10453.81766767833,17428.188193290105,8506.501808476149,10198.898757635781,10675.60578861325,6778.3844712542,5139.046393997553,11799.00357190675,17821.88725915393,19622.265573977944,602727.0669850536,79195.75209058331,86202.7186305884,46462.65528739565,49116.125214815715,60114.51692831301,46187.83780023352,55170.724367909774,61896.35189339711,60601.43017544444,57778.95459637286,790.8728396419223,86.04624921932444,125.34146627295142,64.60226388652588,70.55347821844681,68.20981305437384,46.25566445289404,35.253459433496104,76.9977558365798,99.32087793572829,118.29181133160141,135521.84729374034,11679.179575694867,19967.447181382322,10508.752638187294,11594.567354518711,12769.600534406405,8908.665044092726,6749.02182026439,15754.230269358557,18158.321664854666,19432.06121098032,603025.4115192393,73443.92513409714,84173.56329994801,47788.25773319007,46345.04690790256,55669.40953798592,49300.90427414312,60145.519440146236,72022.64097750327,57687.64921695228,56448.49499737086,1162.4773985722238,143.16500186914112,194.86227843444672,110.3140356018152,115.06346766671554,105.38561299238603,76.39646391352956,54.80997153832519,113.09334759664463,106.98939666455065,142.39782229467033,68953.88617545759,4697.626006158371,10319.172400385594,5299.319547169515,5326.4806102412485,7346.769817621297,5361.088296256002,4487.040623030803,10350.240961733742,6285.867696454952,9480.28021640616,290987.6977011657,28740.196218699133,38885.52581399375,20888.48355537152,19455.105257301526,26040.106893323667,27189.769829557354,35080.4375826752,44207.09598445357,21479.456967383456,29021.519598406714,1803.7804374705704,263.52320562513535,346.38506310595625,214.84254922767096,219.62218684913563,178.1084489400717,137.00231815726616,93.61893836455562,167.07594329981364,55.77992126589035,127.821862635076,79655.9933240069,1928.2394806888942,6133.1038776841515,5306.510736981902,6587.230218134601,7042.341659928813,5505.055887461684,4078.04140148168,12285.74904480401,14315.878236337858,16473.84278050337,366508.3423530967,13020.48961891704,23719.57989516174,26226.276398214788,29929.11251982307,35907.5436005928,34609.213889310064,41814.02272992593,62882.52497287332,50375.468516767076,48024.11021150995,1045.8683308917953,178.37424132028934,314.48049418470674,66.97568111253418,83.30025940841105,59.95604766308076,45.050239748696264,30.331673138537592,87.63382324054749,70.29453766784606,109.47133340714515,257155.4531533971,18029.965634544133,30878.12389034713,15369.268966304682,18369.928328419017,19039.063878335783,12104.25352729652,9215.091368741663,26180.888416876212,53050.036477280184,54918.83266525138,1170680.9978654305,133538.53551950966,148925.21455182214,83816.857667491,87336.1332700182,104763.03963370813,82679.4336499289,100084.51825164806,128642.34961692194,160031.17435932904,140863.74134505383,931.2579424951529,80.7579224212111,120.81343650901935,63.84147819215088,69.23639419255902,66.41760551822067,45.265169806605215,35.299149146882314,95.17840839504066,169.78318019073888,184.6651981227237
2143.0,118405.30182737386,10461.437059259848,17450.504477347495,8498.36744875795,10193.424151562376,10669.18703597594,6765.590771381378,5122.027140065162,11792.874634558993,17825.915329374766,19625.97377908983,602945.03090311,79324.56428847778,86379.51349440544,46485.48531327598,49147.64043696919,60144.09063695762,46119.62957996323,55026.36666718413,61894.95435035481,60635.540933376076,57787.2452021439,789.5561197605223,85.92682431823692,125.25315815682578,64.43353267906984,70.40395510884053,68.07018479916145,46.107332465826886,35.10183499748533,76.8570777801573,99.22123983239179,118.18097962252578,135655.578075206,11703.50413802803,20012.392089371653,10517.871477350309,11605.961110417245,12780.814104291181,8911.070961672298,6743.690610578973,15766.27994411978,18170.60058510777,19443.393054268818,603658.1178797849,73610.98739855204,84383.34999403845,47851.61881839049,46408.429473061544,55736.15245564018,49293.8546618367,60091.39506611342,72079.13894034778,57731.40362461357,56471.78744719124,1161.781405461771,143.12312421387148,194.87014687980084,110.21130440359372,114.97098496289713,105.30257327389116,76.30695975590426,54.70421673690433,113.02190896859511,106.92524937353178,142.34493689278042,69017.41442069218,4708.104309254449,10344.190136981544,5305.983092792931,5333.021302116187,7356.376285818534,5363.666556867113,4486.824128397467,10360.025394507227,6279.598886436948,9479.624327519929,291100.4211344364,28794.365507758877,38974.148749996784,20906.772026396604,19470.854359102166,26059.16421874159,27170.20845538931,35034.63463730707,44228.1906012751,21457.110197725164,29004.972380743973,1804.3658905222064,263.69414074427647,346.65194536785907,214.92900102008784,219.71453180830295,178.15619930276497,137.02954485660658,93.59529246241208,167.12988632037494,55.67756289197799,127.78778574754308,79638.36614540263,1931.205290878963,6145.911973284698,5303.137101546768,6586.667937894857,7037.190332517061,5497.400606346522,4065.402687824621,12288.131281331885,14309.92084499543,16473.398088782047,366539.1697581954,13036.828618908157,23767.052587979608,26240.370135203037,29955.585853586126,35925.766531457,34568.98643873061,41720.42810158684,62915.01373945655,50388.81959280865,48020.31815847824,1045.1198884083499,178.4094408778345,314.6972876784264,66.81989141286132,83.17585572975399,59.81697138261568,44.922819049371434,30.2006414020752,87.53110261510481,70.1746676390936,109.3712106212145,257354.24496404498,18048.035042431457,30927.85650236362,15360.465351104833,18366.934224989764,19035.091497477137,12086.69318659415,9189.36640569545,26194.715396445772,53141.870006701945,55003.21735024139,1172022.1988032125,133797.27511161438,149273.77009689496,83908.56586289265,87439.69540449326,104873.03311696617,82646.0675317023,99960.90113256789,128768.13251070441,160307.79458332332,141046.96345205285,930.1792286591798,80.64395280341236,120.72853821111848,63.674567803247044,69.08876454988797,66.27968041719157,45.11887190872408,35.147474821328146,95.05890274306518,169.7872083947929,184.65126700641437
2144.0,118389.19444866311,10467.92706146115,17469.60261350935,8491.337566526894,10188.676655247198,10663.633032668342,6754.581435260167,5107.404252551178,11787.579868909337,17829.332245644342,19629.119716885303,603131.8571185827,79434.97474381594,86531.05194910603,46505.0539068877,49174.65348452925,60169.43953008141,46061.165391160124,54902.63149513357,61893.75645631859,60664.778725888726,57794.35143566193,788.4275027193207,85.82446011730487,125.17746548586034,64.28890592982177,70.27579244346384,67.95050343755074,45.980190762626435,34.971871195190445,76.73649658893777,99.13583574381799,118.08598101474665,135770.01808798648,11724.344226282896,20050.92362580731,10525.659445643143,11615.70015661131,12790.398489700217,8913.111548146047,6739.0973346359,15776.588131495693,18181.103698956595,19453.091430707515,604200.4376173959,73754.18362522774,84563.16716040156,47905.92831999085,46462.75738605483,55793.360670772265,49287.812137002526,60045.0027455139,72127.56576564291,57768.90740260912,56491.75240418026,1161.1848399385235,143.0872290807832,194.87689126153285,110.12324909083253,114.89171407390977,105.2313963723243,76.23024190651105,54.61356976425776,112.96067585883829,106.87026598122976,142.29960654830384,69071.88792839283,4717.09360707782,10365.655193006358,5311.697041302365,5338.630542843533,7364.61464988385,5365.877437838597,4486.638192857502,10368.413790186836,6274.208068992565,9479.059404403537,291197.0412200969,28840.796326952903,39050.11126657083,20922.44785870383,19484.353589217026,26075.49906909982,27153.44156324525,34995.374969848715,44246.27170140769,21437.955823732394,28990.789051318756,1804.8677074236025,263.84065656068293,346.8807015923462,215.0031025564453,219.79368463044656,178.19712818507324,137.05288202747008,93.57502454628906,167.1761231951421,55.589827142910174,127.75857698680026,79622.9644703726,1933.748921079374,6156.900079703313,5300.2113131420265,6586.152404454873,7032.728527973142,5490.80267170504,4054.535122143693,12290.14172266106,14304.760975215093,16472.982732294942,366565.59324827977,13050.833476043419,23807.74346753777,26252.45048119296,29978.27728252578,35941.386186483476,34534.50576680538,41640.20413443909,62942.86125367058,50400.26337227305,48017.06782730841,1044.4783662796856,178.4396119271586,314.88311067304306,66.6863573845703,83.06922400519092,59.69776314221705,44.81360130709307,30.08832848510743,87.44305636472507,70.07192190016308,109.28539109041635,257523.81711052262,18063.44013289062,30970.42082781216,15352.791677493515,18364.243754790557,19031.56525856202,12071.534593095934,9167.221154583776,26206.47973681886,53220.586536115545,55075.53343836015,1173171.79960703,134019.05190484703,149572.531992672,83987.17288752268,87528.4629483291,104967.31324547331,82617.46800179375,99854.94360192798,128875.9464196603,160544.89763246133,141204.01097233783,929.2546167997789,80.54626455958481,120.65576824148916,63.53150175561524,68.96222485617007,66.16145890202364,44.99347371054026,35.0174682565674,94.95646932708573,169.79066114112516,184.63932604957836
2145.0,118375.47289046638,10473.306553452303,17485.49649745992,8485.438734352743,10184.68164260888,10658.967878074836,6745.376451040789,5095.193864796501,11783.13837839478,17832.154491969548,19631.718398316123,603287.5456314802,79526.98345659778,86657.33399468983,46521.361068230806,49197.16435749607,60190.56360768452,46012.445233824175,54799.518851758185,61892.75821128834,60689.14355298277,57800.273296927204,787.4869885183206,85.73915661652794,125.11438826005613,64.16838363878175,70.16899022231661,67.85076896954183,45.87423934329268,34.86356802661131,76.63601226292147,99.06466567000656,118.00681550826407,135865.2533496197,11741.70424196811,20083.038407802807,10532.1295490171,11623.79696861951,12798.366265673827,8914.796785942193,6735.252915961921,15785.16411084467,18189.841010219407,19461.16309357067,604652.370732071,73873.51381412419,84713.01479903748,47951.18623799115,46508.0306468828,55841.03418338261,49282.7766996408,60006.34247834761,72167.92145338882,57800.160550938475,56508.38986833749,1160.687702002486,143.05731646987644,194.88251157964328,110.04986966353148,114.82565499975412,105.17208228768507,76.16631036535016,54.538030620385776,112.90964826737428,106.8244464876454,142.26183126124025,69117.29713268048,4724.590255704064,10383.55774609094,5316.4603136323985,5343.306978543625,7371.48294898601,5367.720503799015,4486.482986585387,10375.40534614951,6269.703344913185,9478.586708276598,291277.55795814825,28879.488676281293,39113.41336371583,20935.511052293175,19495.60294764602,26089.111444398353,27139.469153125243,34962.658580300034,44261.3392848518,21421.993845405057,28978.969610131073,1805.285888174778,263.9627530743554,347.0713317794193,215.06485383674317,219.85964531556593,178.23123558699763,137.07232966985632,93.55813461618652,167.21465392411454,55.51671401868707,127.73423635284855,79609.92337497686,1935.8696756684237,6166.063702127257,5297.74911063949,6585.699115791004,7028.977652934631,5485.278821282253,4045.4545733064165,12291.794896035244,14300.42333515562,16472.61249203651,366587.61282335094,13062.504190322794,23841.652533836306,26262.517436184553,29997.18680664216,35954.40256567221,34505.77187353434,41573.350828482675,62966.0675155158,50409.79985515974,48014.35921800018,1043.9437645057958,178.46475446826238,315.03796316855676,66.57507902766113,82.98036423472139,59.59842294188497,44.722586521861025,29.99473438763427,87.36968448940918,69.98630045105418,109.2138748147515,257664.5484393279,18076.219201357446,31005.846233327487,15346.306892113364,18361.91419282046,19028.54116514565,12058.827072753897,9148.699592077248,26216.22175633441,53286.18510754105,55135.78722585689,1174129.8002768655,134203.86589920786,149821.50023915322,84052.67874138098,87602.43590152549,105045.88001922888,82593.6350602032,99766.64565972803,128965.79134379068,160742.48350674353,141334.8839059083,928.4841069169449,80.46485768972856,120.59512660013117,63.412280049255365,68.85677511140506,66.06294097271719,44.888975212053694,34.909129452600084,94.87110814710346,169.79353842973498,184.62937525221452
2146.0,118364.30010329485,10477.591267875112,17498.197708936164,8480.693096043651,10181.460258579622,10655.21165501571,6737.992475515079,5085.40942125185,11779.566082546125,17834.395805022894,19633.782332508872,603412.0964417945,79600.59042682327,86758.35963115667,46534.40679730527,49215.17305586946,60207.4628697671,45973.46910795544,54717.02873705784,61891.95961526417,60708.6354146579,57805.010785939216,786.7345771575178,85.67091381590654,125.06392647941273,64.07196580594969,70.08354844539883,67.77098139513474,45.78947820782577,34.77692549174803,76.5556248021084,99.00772961095727,117.94348310307785,135941.355541389,11755.587853007606,20108.73361628583,10537.292625764949,11630.26194270742,12804.727911412378,8916.13499375089,6732.166457495986,15792.0156149654,18196.82085541145,19467.613670586827,605013.9172238128,73968.97796524125,84832.89290994625,47987.392572391385,46544.249255544986,55879.17299347064,49278.74834975135,59975.414264614534,72200.20600358571,57825.16306960224,56521.69983966367,1160.2899916536544,143.03338638115088,194.88700783413162,109.99116612169071,114.77280774042923,105.12463101997395,76.11516513242128,54.47759930528806,112.86882619420315,106.78779089277721,142.2316110315887,69153.63406198972,4730.591218529484,10397.88961092767,5320.2720105618455,5347.049480983354,7376.979549098958,5369.195391938805,4486.35865139321,10380.999393542696,6266.091464858288,9478.207290155438,291341.97134858876,28910.44255574399,39164.05504143182,20945.961607164656,19504.602434389257,26100.001344637196,27128.29122502922,34936.485468661114,44273.39335160696,21409.22426274319,28969.514057180924,1805.6204327757077,264.0604302852931,347.223835929078,215.1142548609814,219.91241386366113,178.25852150853584,137.08788778376527,93.54462267210451,167.24547850729297,55.458223519308476,127.71476384568666,79599.35542259978,1937.566974961365,6173.399094879199,5295.763609765652,6585.320986883578,7025.955546266247,5480.843003199007,4038.174265369069,12293.102907490877,14296.928514949315,16472.30051883533,366605.22848340793,13071.84076174628,23868.77978687511,26270.571000177835,30012.314425935285,35964.815669023184,34482.784758917514,41519.86818371749,62984.63252499173,50417.429041469426,48012.19233055355,1043.5160830866878,178.48486850114492,315.1618451649676,66.48605634213378,82.90927641834622,59.51895078161919,44.64977469367544,29.919859109655754,87.31098698915582,69.91780329176716,109.15666179421953,257776.7546558747,18086.404160695067,31034.15719110509,15341.060117166597,18359.99326824532,19026.065886857443,12048.611730528164,9133.838365401396,26223.97505360798,53338.66492266142,55183.983959605364,1174896.200812742,134351.71709469619,150020.67483633783,84105.08342446767,87661.61426408269,105108.73343823348,82574.56870693089,99696.00730596804,129037.66728309458,160900.55220616856,141439.58225276502,927.8676990106773,80.39973219384349,120.54661328704498,63.316902684167474,68.77241531559305,65.9841266292719,44.80537641326448,34.822458409426275,94.8028192031172,169.79584026062332,184.62141461432432
2147.0,118355.80644755837,10480.793790842978,17507.71551172752,8477.11836664613,10179.029419105116,10652.380429747174,6732.442834116521,5078.061677477854,11776.875716988034,17836.067174142216,19635.321526764885,603505.509549534,79655.79565449232,86834.1288585071,46544.19109411115,49228.67957964949,60220.137316329026,45944.237013553895,54655.161151032524,61891.36066824581,60723.254310914235,57808.563902698224,786.1702686369199,85.6197317154406,125.02608014392989,63.99965243132567,70.01946711271052,67.71114071432932,45.725907356225555,34.71194359060058,76.4953342064989,98.96502756667016,117.89598379918864,135998.38200831774,11765.997993740491,20128.00699599868,10541.1573465209,11635.103395887487,12809.4918102761,8917.132826524301,6729.845241589264,15797.148830096854,18202.049903744824,19472.44766393892,605285.0770926165,74040.57607857918,84922.8014931277,48014.54732319157,46571.41321204163,55907.777101036845,49275.727087334264,59952.218104314736,72224.41941623317,57843.9149586,56531.68231815805,1159.9917088920295,143.01543881460668,194.89038002499726,109.94713846531006,114.73317229593523,105.08904256919018,76.07680620772486,54.43227581896485,112.83820963932435,106.7602991966263,142.2089458593509,69180.89233906746,4735.094066271131,10408.644239270536,5323.131412713761,5349.857147576301,7381.103143001903,5370.301812010335,4486.265300730621,10385.195397284342,6263.37782935549,9477.921990853127,291390.28139141854,28933.657965340997,39202.036299718864,20953.79952331827,19511.352049446727,26108.168769816286,27119.90777895718,34916.855634931955,44282.43390167325,21399.647075746783,28962.42239246833,1805.8713412264076,264.1336881934966,347.33821404132146,215.15130562916022,219.9519902747334,178.27898594969048,137.09955636919716,93.53448871404292,167.26859694467646,55.414355644774666,127.70015946531542,79591.35066394768,1938.8403552103964,6178.903261417271,5294.265303101725,6585.028349716787,7023.67647905968,5477.506375951997,4032.70477757667,12294.07544185713,14294.292986702001,16472.05733335432,366618.44022845075,13078.843190313903,23889.125226654196,26276.61117317278,30023.660140405038,35972.6254965364,34465.544422954896,41479.756200143675,62998.55628209877,50423.15093120154,48010.56716496865,1043.1953220223522,178.4999540258071,315.2547566622756,66.41928932798828,82.85596055606463,59.459346661419815,44.59516582253627,29.863702651171867,87.26696386396623,69.86643042230162,109.11375202882046,257860.68832449376,18094.020541194033,31055.373278901334,15337.090650414977,18358.51916439784,19024.176759400656,12040.92145038682,9122.666792336639,26229.766507532215,53378.025342823516,55220.127837104985,1175471.0012146512,134462.6054913128,150170.05578422616,84144.38693678261,87705.99803600063,105155.87350248726,82560.2689419766,99643.02854064804,129091.57423757268,161019.10373073778,141518.10601290723,927.4053930809765,80.35088807192979,120.51022830223022,63.24536966035158,68.70914546873412,65.92501587168789,44.742677314172504,34.757455127045894,94.75160249512761,169.7975666337895,184.61544413590636
2148.0,118350.08969356357,10482.923561940957,17514.056853676117,8474.727832445067,10177.401811144742,10650.486251961373,6728.737520920188,5073.158700144935,11775.07683343903,17837.176841331,19636.34348656005,603567.7849546914,79692.59913960504,86884.64167674047,46550.71395864838,49237.68392883622,60228.58694737037,45924.7489506195,54613.91609368229,61890.96137023368,60733.000241751826,57810.93264720433,785.7940629565201,85.5856103151299,125.0008492536083,63.95144351490967,69.9767462242516,67.67124692712576,45.68352678849208,34.66862232316896,76.45514047609244,98.93655953714568,117.86431759659571,136036.3757591766,11772.936864921112,20140.856855497936,10543.730214260617,11638.327565919006,12812.66424978507,8917.795275476505,6728.2947300051355,15800.568395918259,18205.533157128644,19475.668450264166,605465.850338487,74088.30815413767,84982.74054858208,48032.650490391694,46589.52251637273,55926.84650608099,49273.71291238957,59936.75399744824,72240.56169133163,57856.41621793188,56538.33730382104,1159.7928537176133,143.00347377024397,194.89262815224123,109.9177866943896,114.70674866627297,105.06531693533447,76.05123359126043,54.402060161415996,112.8177986027387,106.74197139919255,142.19383574452516,69199.06718097457,4738.096976966799,10415.81671993498,5325.0379805554285,5351.729301382629,7383.852750279184,5371.039546327869,4486.203019684866,10387.992956063003,6261.566488800456,9477.731440979467,291422.48808663874,28949.134905072355,39227.35713857691,20959.02480075401,19515.851792818317,26113.61371993572,27114.318814909162,34903.76907911247,44288.46093505083,21393.262284415858,28957.694615993245,1806.03861352687,264.1825267989654,347.4144661161522,215.17600614127932,219.97837454878135,178.2926289104604,137.10733542615154,93.52773274200187,167.28400923626523,55.38511039508541,127.69042321173448,79585.97663705218,1939.6894686046696,6182.573954335074,5293.262060083604,6584.828953278824,7022.151154633739,5475.277308413701,4029.054044362979,12294.719762755834,14292.52910449303,16471.890826090825,366627.2480584779,13083.511476025667,23902.68885317357,26280.63795516943,30031.223950051626,35977.83204821196,34454.05086564649,41453.01487776107,63007.8387868369,50426.965524356245,48009.48372124533,1042.9814813127982,178.51001104224864,315.31669766048094,66.3747779852246,82.82041664787684,59.419610581287024,44.55875990844347,29.826265012182613,87.23761511383968,69.83218184265809,109.08514551855461,257916.53886843476,18099.087490572296,31069.509180033725,15334.427965179837,18357.52051877761,19022.90178455307,12035.78089530589,9115.206861218297,26233.61627727649,53404.26588903701,55244.22200647994,1175854.2014825868,134536.531089057,150269.64308281822,84170.58927832595,87735.58721727917,105187.30021198938,82550.73576534045,99607.70936376804,129127.51220722476,161098.1380804508,141570.4551863355,927.0971891278425,80.3183253239873,120.4859716456871,63.197680977807615,68.66696557082807,65.8856086999654,44.700877914777884,34.71411960545899,94.71745802313471,169.79871754923337,184.6114638169609
2149.0,118347.21502151486,10483.986874225782,17517.226366676758,8473.530350963723,10176.585892671317,10649.537154786445,6726.88319864284,5070.705867033406,11774.175799711444,17837.73030125812,19636.853215544914,603598.9226572713,79711.00088216136,86909.89808585729,46553.975390917,49242.186103429536,60232.811762890975,45915.004919152336,54593.293565007254,61890.76172122781,60737.873207170676,57812.11701945724,785.6059601163195,85.5685496149745,124.98823380844748,63.927339056701655,69.95538578002208,67.65130003352404,45.662336504625316,34.64696168945312,76.43504361088917,98.9223255223832,117.84848449529898,136055.36546647738,11776.405933719036,20147.282067154836,10545.015564301199,11639.938611308186,12814.249421619588,8918.125668083601,6727.518563919178,15802.277405549132,18207.273950169034,19477.278280653933,605556.2369614224,74112.17419191697,85012.71007630938,48041.70207399175,46598.577168538344,55936.38120860289,49272.70582491724,59929.021944015,72248.6328288808,57862.66684759766,56541.66479665247,1159.6934261304077,142.9974912480626,194.89375221586334,109.90311080892944,114.69353685144179,105.05345411840676,76.03844728302825,54.3869523326416,112.80759308444614,106.7328075004754,142.18628068711232,69208.1553990851,4739.598735975,10419.403778797954,5325.991354398384,5352.6654911091,7385.227717320446,5371.408449767595,4486.171864980787,10389.391802337514,6260.660143456997,9477.636060941015,291438.5914342489,28956.873374938034,39240.01755800589,20961.637439471877,19518.10166450413,26116.336194995398,27111.524332885165,34897.22580120275,44291.47445173959,21390.06988875039,28955.33072775572,1806.1222496771086,264.2069461016998,347.4525921535654,215.18835639733885,219.99156668580514,178.2994503908448,137.1112249546287,93.52435475598143,167.29171538205975,55.37048777024078,127.68555508494413,79583.27836726596,1940.11408327028,6184.40967536173,5292.759127001893,6584.727963561828,7021.38670853432,5474.16137983247,4027.2273553505056,12295.040712601529,14291.645104375288,16471.806257376178,366631.6519734927,13085.845618881538,23909.470666433273,26282.651346167753,30035.00585487495,35980.43532404964,34448.30408699227,41439.64421656975,63012.48003920592,50428.87282093364,48008.941999383635,1042.8745609580194,178.5150395504694,315.34766815958426,66.35252231384277,82.80264469378292,59.39974254122054,44.54055695139706,29.807546192687987,87.22294073877649,69.81505755283642,109.0708422634216,257944.43256986383,18101.61777397511,31076.574683380422,15333.091710342038,18357.016423050904,19022.25963016637,12033.206507269431,9111.473230936572,26235.53780228704,53417.3862419757,55256.26856648003,1176045.8016165586,134573.493887929,150319.43673211458,84183.69044909763,87750.3818079185,105203.01356674063,82545.96917702233,99590.049775328,129145.48119205084,161137.65525530677,141596.62977304976,926.9430871512739,80.30204395001601,120.47384331741559,63.17383663653564,68.64587562187512,65.86590511410402,44.67997821508062,34.69245184466553,94.70038578713807,169.79929300695537,184.6094736574878
2150.0,118347.21502151486,10483.986874225782,17517.226366676758,8473.530350963723,10176.585892671317,10649.537154786445,6726.88319864284,5070.705867033406,11774.175799711444,17837.73030125812,19636.853215544914,603598.9226572713,79711.00088216136,86909.89808585729,46553.975390917,49242.186103429536,60232.811762890975,45915.004919152336,54593.293565007254,61890.76172122781,60737.873207170676,57812.11701945724,785.6059601163195,85.5685496149745,124.98823380844748,63.927339056701655,69.95538578002208,67.65130003352404,45.662336504625316,34.64696168945312,76.43504361088917,98.9223255223832,117.84848449529898,136055.36546647738,11776.405933719036,20147.282067154836,10545.015564301199,11639.938611308186,12814.249421619588,8918.125668083601,6727.518563919178,15802.277405549132,18207.273950169034,19477.278280653933,605556.2369614224,74112.17419191697,85012.71007630938,48041.70207399175,46598.577168538344,55936.38120860289,49272.70582491724,59929.021944015,72248.6328288808,57862.66684759766,56541.66479665247,1159.6934261304077,142.9974912480626,194.89375221586334,109.90311080892944,114.69353685144179,105.05345411840676,76.03844728302825,54.3869523326416,112.80759308444614,106.7328075004754,142.18628068711232,69208.1553990851,4739.598735975,10419.403778797954,5325.991354398384,5352.6654911091,7385.227717320446,5371.408449767595,4486.171864980787,10389.391802337514,6260.660143456997,9477.636060941015,291438.5914342489,28956.873374938034,39240.01755800589,20961.637439471877,19518.10166450413,26116.336194995398,27111.524332885165,34897.22580120275,44291.47445173959,21390.06988875039,28955.33072775572,1806.1222496771086,264.2069461016998,347.4525921535654,215.18835639733885,219.99156668580514,178.2994503908448,137.1112249546287,93.52435475598143,167.29171538205975,55.37048777024078,127.68555508494413,79583.27836726596,1940.11408327028,6184.40967536173,5292.759127001893,6584.727963561828,7021.38670853432,5474.16137983247,4027.2273553505056,12295.040712601529,14291.645104375288,16471.806257376178,366631.6519734927,13085.845618881538,23909.470666433273,26282.651346167753,30035.00585487495,35980.43532404964,34448.30408699227,41439.64421656975,63012.48003920592,50428.87282093364,48008.941999383635,1042.8745609580194,178.5150395504694,315.34766815958426,66.35252231384277,82.80264469378292,59.39974254122054,44.54055695139706,29.807546192687987,87.22294073877649,69.81505755283642,109.0708422634216,257944.43256986383,18101.61777397511,31076.574683380422,15333.091710342038,18357.016423050904,19022.25963016637,12033.206507269431,9111.473230936572,26235.53780228704,53417.3862419757,55256.26856648003,1176045.8016165586,134573.493887929,150319.43673211458,84183.69044909763,87750.3818079185,105203.01356674063,82545.96917702233,99590.049775328,129145.48119205084,161137.65525530677,141596.62977304976,926.9430871512739,80.30204395001601,120.47384331741559,63.17383663653564,68.64587562187512,65.86590511410402,44.67997821508062,34.69245184466553,94.70038578713807,169.79929300695537,184.6094736574878
2151.0,118347.21502151486,10483.986874225782,17517.226366676758,8473.530350963723,10176.585892671317,10649.537154786445,6726.88319864284,5070.705867033406,11774.175799711444,17837.73030125812,19636.853215544914,603598.9226572713,79711.00088216136,86909.89808585729,46553.975390917,49242.186103429536,60232.811762890975,45915.004919152336,54593.293565007254,61890.76172122781,60737.873207170676,57812.11701945724,785.6059601163195,85.5685496149745,124.98823380844748,63.927339056701655,69.95538578002208,67.65130003352404,45.662336504625316,34.64696168945312,76.43504361088917,98.9223255223832,117.84848449529898,136055.36546647738,11776.405933719036,20147.282067154836,10545.015564301199,11639.938611308186,12814.249421619588,8918.125668083601,6727.518563919178,15802.277405549132,18207.273950169034,19477.278280653933,605556.2369614224,74112.17419191697,85012.71007630938,48041.70207399175,46598.577168538344,55936.38120860289,49272.70582491724,59929.021944015,72248.6328288808,57862.66684759766,56541.66479665247,1159.6934261304077,142.9974912480626,194.89375221586334,109.90311080892944,114.69353685144179,105.05345411840676,76.03844728302825,54.3869523326416,112.80759308444614,106.7328075004754,142.18628068711232,69208.1553990851,4739.598735975,10419.403778797954,5325.991354398384,5352.6654911091,7385.227717320446,5371.408449767595,4486.171864980787,10389.391802337514,6260.660143456997,9477.636060941015,291438.5914342489,28956.873374938034,39240.01755800589,20961.637439471877,19518.10166450413,26116.336194995398,27111.524332885165,34897.22580120275,44291.47445173959,21390.06988875039,28955.33072775572,1806.1222496771086,264.2069461016998,347.4525921535654,215.18835639733885,219.99156668580514,178.2994503908448,137.1112249546287,93.52435475598143,167.29171538205975,55.37048777024078,127.68555508494413,79583.27836726596,1940.11408327028,6184.40967536173,5292.759127001893,6584.727963561828,7021.38670853432,5474.16137983247,4027.2273553505056,12295.040712601529,14291.645104375288,16471.806257376178,366631.6519734927,13085.845618881538,23909.470666433273,26282.651346167753,30035.00585487495,35980.43532404964,34448.30408699227,41439.64421656975,63012.48003920592,50428.87282093364,48008.941999383635,1042.8745609580194,178.5150395504694,315.34766815958426,66.35252231384277,82.80264469378292,59.39974254122054,44.54055695139706,29.807546192687987,87.22294073877649,69.81505755283642,109.0708422634216,257944.43256986383,18101.61777397511,31076.574683380422,15333.091710342038,18357.016423050904,19022.25963016637,12033.206507269431,9111.473230936572,26235.53780228704,53417.3862419757,55256.26856648003,1176045.8016165586,134573.493887929,150319.43673211458,84183.69044909763,87750.3818079185,105203.01356674063,82545.96917702233,99590.049775328,129145.48119205084,161137.65525530677,141596.62977304976,926.9430871512739,80.30204395001601,120.47384331741559,63.17383663653564,68.64587562187512,65.86590511410402,44.67997821508062,34.69245184466553,94.70038578713807,169.79929300695537,184.6094736574878
2152.0,118347.21502151486,10483.986874225782,17517.226366676758,8473.530350963723,10176.585892671317,10649.537154786445,6726.88319864284,5070.705867033406,11774.175799711444,17837.73030125812,19636.853215544914,603598.9226572713,79711.00088216136,86909.89808585729,46553.975390917,49242.186103429536,60232.811762890975,45915.004919152336,54593.293565007254,61890.76172122781,60737.873207170676,57812.11701945724,785.6059601163195,85.5685496149745,124.98823380844748,63.927339056701655,69.95538578002208,67.65130003352404,45.662336504625316,34.64696168945312,76.43504361088917,98.9223255223832,117.84848449529898,136055.36546647738,11776.405933719036,20147.282067154836,10545.015564301199,11639.938611308186,12814.249421619588,8918.125668083601,6727.518563919178,15802.277405549132,18207.273950169034,19477.278280653933,605556.2369614224,74112.17419191697,85012.71007630938,48041.70207399175,46598.577168538344,55936.38120860289,49272.70582491724,59929.021944015,72248.6328288808,57862.66684759766,56541.66479665247,1159.6934261304077,142.9974912480626,194.89375221586334,109.90311080892944,114.69353685144179,105.05345411840676,76.03844728302825,54.3869523326416,112.80759308444614,106.7328075004754,142.18628068711232,69208.1553990851,4739.598735975,10419.403778797954,5325.991354398384,5352.6654911091,7385.227717320446,5371.408449767595,4486.171864980787,10389.391802337514,6260.660143456997,9477.636060941015,291438.5914342489,28956.873374938034,39240.01755800589,20961.637439471877,19518.10166450413,26116.336194995398,27111.524332885165,34897.22580120275,44291.47445173959,21390.06988875039,28955.33072775572,1806.1222496771086,264.2069461016998,347.4525921535654,215.18835639733885,219.99156668580514,178.2994503908448,137.1112249546287,93.52435475598143,167.29171538205975,55.37048777024078,127.68555508494413,79583.27836726596,1940.11408327028,6184.40967536173,5292.759127001893,6584.727963561828,7021.38670853432,5474.16137983247,4027.2273553505056,12295.040712601529,14291.645104375288,16471.806257376178,366631.6519734927,13085.845618881538,23909.470666433273,26282.651346167753,30035.00585487495,35980.43532404964,34448.30408699227,41439.64421656975,63012.48003920592,50428.87282093364,48008.941999383635,1042.8745609580194,178.5150395504694,315.34766815958426,66.35252231384277,82.80264469378292,59.39974254122054,44.54055695139706,29.807546192687987,87.22294073877649,69.81505755283642,109.0708422634216,257944.43256986383,18101.61777397511,31076.574683380422,15333.091710342038,18357.016423050904,19022.25963016637,12033.206507269431,9111.473230936572,26235.53780228704,53417.3862419757,55256.26856648003,1176045.8016165586,134573.493887929,150319.43673211458,84183.69044909763,87750.3818079185,105203.01356674063,82545.96917702233,99590.049775328,129145.48119205084,161137.65525530677,141596.62977304976,926.9430871512739,80.30204395001601,120.47384331741559,63.17383663653564,68.64587562187512,65.86590511410402,44.67997821508062,34.69245184466553,94.70038578713807,169.79929300695537,184.6094736574878
2153.0,118347.21502151486,10483.986874225782,17517.226366676758,8473.530350963723,10176.585892671317,10649.537154786445,6726.88319864284,5070.705867033406,11774.175799711444,17837.73030125812,19636.853215544914,603598.9226572713,79711.00088216136,86909.89808585729,46553.975390917,49242.186103429536,60232.811762890975,45915.004919152336,54593.293565007254,61890.76172122781,60737.873207170676,57812.11701945724,785.6059601163195,85.5685496149745,124.98823380844748,63.927339056701655,69.95538578002208,67.65130003352404,45.662336504625316,34.64696168945312,76.43504361088917,98.9223255223832,117.84848449529898,136055.36546647738,11776.405933719036,20147.282067154836,10545.015564301199,11639.938611308186,12814.249421619588,8918.125668083601,6727.518563919178,15802.277405549132,18207.273950169034,19477.278280653933,605556.2369614224,74112.17419191697,85012.71007630938,48041.70207399175,46598.577168538344,55936.38120860289,49272.70582491724,59929.021944015,72248.6328288808,57862.66684759766,56541.66479665247,1159.6934261304077,142.9974912480626,194.89375221586334,109.90311080892944,114.69353685144179,105.05345411840676,76.03844728302825,54.3869523326416,112.80759308444614,106.7328075004754,142.18628068711232,69208.1553990851,4739.598735975,10419.403778797954,5325.991354398384,5352.6654911091,7385.227717320446,5371.408449767595,4486.171864980787,10389.391802337514,6260.660143456997,9477.636060941015,291438.5914342489,28956.873374938034,39240.01755800589,20961.637439471877,19518.10166450413,26116.336194995398,27111.524332885165,34897.22580120275,44291.47445173959,21390.06988875039,28955.33072775572,1806.1222496771086,264.2069461016998,347.4525921535654,215.18835639733885,219.99156668580514,178.2994503908448,137.1112249546287,93.52435475598143,167.29171538205975,55.37048777024078,127.68555508494413,79583.27836726596,1940.11408327028,6184.40967536173,5292.759127001893,6584.727963561828,7021.38670853432,5474.16137983247,4027.2273553505056,12295.040712601529,14291.645104375288,16471.806257376178,366631.6519734927,13085.845618881538,23909.470666433273,26282.651346167753,30035.00585487495,35980.43532404964,34448.30408699227,41439.64421656975,63012.48003920592,50428.87282093364,48008.941999383635,1042.8745609580194,178.5150395504694,315.34766815958426,66.35252231384277,82.80264469378292,59.39974254122054,44.54055695139706,29.807546192687987,87.22294073877649,69.81505755283642,109.0708422634216,257944.43256986383,18101.61777397511,31076.574683380422,15333.091710342038,18357.016423050904,19022.25963016637,12033.206507269431,9111.473230936572,26235.53780228704,53417.3862419757,55256.26856648003,1176045.8016165586,134573.493887929,150319.43673211458,84183.69044909763,87750.3818079185,105203.01356674063,82545.96917702233,99590.049775328,129145.48119205084,161137.65525530677,141596.62977304976,926.9430871512739,80.30204395001601,120.47384331741559,63.17383663653564,68.64587562187512,65.86590511410402,44.67997821508062,34.69245184466553,94.70038578713807,169.79929300695537,184.6094736574878
2154.0,118347.21502151486,10483.986874225782,17517.226366676758,8473.530350963723,10176.585892671317,10649.537154786445,6726.88319864284,5070.705867033406,11774.175799711444,17837.73030125812,19636.853215544914,603598.9226572713,79711.00088216136,86909.89808585729,46553.975390917,49242.186103429536,60232.811762890975,45915.004919152336,54593.293565007254,61890.76172122781,60737.873207170676,57812.11701945724,785.6059601163195,85.5685496149745,124.98823380844748,63.927339056701655,69.95538578002208,67.65130003352404,45.662336504625316,34.64696168945312,76.43504361088917,98.9223255223832,117.84848449529898,136055.36546647738,11776.405933719036,20147.282067154836,10545.015564301199,11639.938611308186,12814.249421619588,8918.125668083601,6727.518563919178,15802.277405549132,18207.273950169034,19477.278280653933,605556.2369614224,74112.17419191697,85012.71007630938,48041.70207399175,46598.577168538344,55936.38120860289,49272.70582491724,59929.021944015,72248.6328288808,57862.66684759766,56541.66479665247,1159.6934261304077,142.9974912480626,194.89375221586334,109.90311080892944,114.69353685144179,105.05345411840676,76.03844728302825,54.3869523326416,112.80759308444614,106.7328075004754,142.18628068711232,69208.1553990851,4739.598735975,10419.403778797954,5325.991354398384,5352.6654911091,7385.227717320446,5371.408449767595,4486.171864980787,10389.391802337514,6260.660143456997,9477.636060941015,291438.5914342489,28956.873374938034,39240.01755800589,20961.637439471877,19518.10166450413,26116.336194995398,27111.524332885165,34897.22580120275,44291.47445173959,21390.06988875039,28955.33072775572,1806.1222496771086,264.2069461016998,347.4525921535654,215.18835639733885,219.99156668580514,178.2994503908448,137.1112249546287,93.52435475598143,167.29171538205975,55.37048777024078,127.68555508494413,79583.27836726596,1940.11408327028,6184.40967536173,5292.759127001893,6584.727963561828,7021.38670853432,5474.16137983247,4027.2273553505056,12295.040712601529,14291.645104375288,16471.806257376178,366631.6519734927,13085.845618881538,23909.470666433273,26282.651346167753,30035.00585487495,35980.43532404964,34448.30408699227,41439.64421656975,63012.48003920592,50428.87282093364,48008.941999383635,1042.8745609580194,178.5150395504694,315.34766815958426,66.35252231384277,82.80264469378292,59.39974254122054,44.54055695139706,29.807546192687987,87.22294073877649,69.81505755283642,109.0708422634216,257944.43256986383,18101.61777397511,31076.574683380422,15333.091710342038,18357.016423050904,19022.25963016637,12033.206507269431,9111.473230936572,26235.53780228704,53417.3862419757,55256.26856648003,1176045.8016165586,134573.493887929,150319.43673211458,84183.69044909763,87750.3818079185,105203.01356674063,82545.96917702233,99590.049775328,129145.48119205084,161137.65525530677,141596.62977304976,926.9430871512739,80.30204395001601,120.47384331741559,63.17383663653564,68.64587562187512,65.86590511410402,44.67997821508062,34.69245184466553,94.70038578713807,169.79929300695537,184.6094736574878
2155.0,118347.21502151486,10483.986874225782,17517.226366676758,8473.530350963723,10176.585892671317,10649.537154786445,6726.88319864284,5070.705867033406,11774.175799711444,17837.73030125812,19636.853215544914,603598.9226572713,79711.00088216136,86909.89808585729,46553.975390917,49242.186103429536,60232.811762890975,45915.004919152336,54593.293565007254,61890.76172122781,60737.873207170676,57812.11701945724,785.6059601163195,85.5685496149745,124.98823380844748,63.927339056701655,69.95538578002208,67.65130003352404,45.662336504625316,34.64696168945312,76.43504361088917,98.9223255223832,117.84848449529898,136055.36546647738,11776.405933719036,20147.282067154836,10545.015564301199,11639.938611308186,12814.249421619588,8918.125668083601,6727.518563919178,15802.277405549132,18207.273950169034,19477.278280653933,605556.2369614224,74112.17419191697,85012.71007630938,48041.70207399175,46598.577168538344,55936.38120860289,49272.70582491724,59929.021944015,72248.6328288808,57862.66684759766,56541.66479665247,1159.6934261304077,142.9974912480626,194.89375221586334,109.90311080892944,114.69353685144179,105.05345411840676,76.03844728302825,54.3869523326416,112.80759308444614,106.7328075004754,142.18628068711232,69208.1553990851,4739.598735975,10419.403778797954,5325.991354398384,5352.6654911091,7385.227717320446,5371.408449767595,4486.171864980787,10389.391802337514,6260.660143456997,9477.636060941015,291438.5914342489,28956.873374938034,39240.01755800589,20961.637439471877,19518.10166450413,26116.336194995398,27111.524332885165,34897.22580120275,44291.47445173959,21390.06988875039,28955.33072775572,1806.1222496771086,264.2069461016998,347.4525921535654,215.18835639733885,219.99156668580514,178.2994503908448,137.1112249546287,93.52435475598143,167.29171538205975,55.37048777024078,127.68555508494413,79583.27836726596,1940.11408327028,6184.40967536173,5292.759127001893,6584.727963561828,7021.38670853432,5474.16137983247,4027.2273553505056,12295.040712601529,14291.645104375288,16471.806257376178,366631.6519734927,13085.845618881538,23909.470666433273,26282.651346167753,30035.00585487495,35980.43532404964,34448.30408699227,41439.64421656975,63012.48003920592,50428.87282093364,48008.941999383635,1042.8745609580194,178.5150395504694,315.34766815958426,66.35252231384277,82.80264469378292,59.39974254122054,44.54055695139706,29.807546192687987,87.22294073877649,69.81505755283642,109.0708422634216,257944.43256986383,18101.61777397511,31076.574683380422,15333.091710342038,18357.016423050904,19022.25963016637,12033.206507269431,9111.473230936572,26235.53780228704,53417.3862419757,55256.26856648003,1176045.8016165586,134573.493887929,150319.43673211458,84183.69044909763,87750.3818079185,105203.01356674063,82545.96917702233,99590.049775328,129145.48119205084,161137.65525530677,141596.62977304976,926.9430871512739,80.30204395001601,120.47384331741559,63.17383663653564,68.64587562187512,65.86590511410402,44.67997821508062,34.69245184466553,94.70038578713807,169.79929300695537,184.6094736574878
2156.0,118347.21502151486,10483.986874225782,17517.226366676758,8473.530350963723,10176.585892671317,10649.537154786445,6726.88319864284,5070.705867033406,11774.175799711444,17837.73030125812,19636.853215544914,603598.9226572713,79711.00088216136,86909.89808585729,46553.975390917,49242.186103429536,60232.811762890975,45915.004919152336,54593.293565007254,61890.76172122781,60737.873207170676,57812.11701945724,785.6059601163195,85.5685496149745,124.98823380844748,63.927339056701655,69.95538578002208,67.65130003352404,45.662336504625316,34.64696168945312,76.43504361088917,98.9223255223832,117.84848449529898,136055.36546647738,11776.405933719036,20147.282067154836,10545.015564301199,11639.938611308186,12814.249421619588,8918.125668083601,6727.518563919178,15802.277405549132,18207.273950169034,19477.278280653933,605556.2369614224,74112.17419191697,85012.71007630938,48041.70207399175,46598.577168538344,55936.38120860289,49272.70582491724,59929.021944015,72248.6328288808,57862.66684759766,56541.66479665247,1159.6934261304077,142.9974912480626,194.89375221586334,109.90311080892944,114.69353685144179,105.05345411840676,76.03844728302825,54.3869523326416,112.80759308444614,106.7328075004754,142.18628068711232,69208.1553990851,4739.598735975,10419.403778797954,5325.991354398384,5352.6654911091,7385.227717320446,5371.408449767595,4486.171864980787,10389.391802337514,6260.660143456997,9477.636060941015,291438.5914342489,28956.873374938034,39240.01755800589,20961.637439471877,19518.10166450413,26116.336194995398,27111.524332885165,34897.22580120275,44291.47445173959,21390.06988875039,28955.33072775572,1806.1222496771086,264.2069461016998,347.4525921535654,215.18835639733885,219.99156668580514,178.2994503908448,137.1112249546287,93.52435475598143,167.29171538205975,55.37048777024078,127.68555508494413,79583.27836726596,1940.11408327028,6184.40967536173,5292.759127001893,6584.727963561828,7021.38670853432,5474.16137983247,4027.2273553505056,12295.040712601529,14291.645104375288,16471.806257376178,366631.6519734927,13085.845618881538,23909.470666433273,26282.651346167753,30035.00585487495,35980.43532404964,34448.30408699227,41439.64421656975,63012.48003920592,50428.87282093364,48008.941999383635,1042.8745609580194,178.5150395504694,315.34766815958426,66.35252231384277,82.80264469378292,59.39974254122054,44.54055695139706,29.807546192687987,87.22294073877649,69.81505755283642,109.0708422634216,257944.43256986383,18101.61777397511,31076.574683380422,15333.091710342038,18357.016423050904,19022.25963016637,12033.206507269431,9111.473230936572,26235.53780228704,53417.3862419757,55256.26856648003,1176045.8016165586,134573.493887929,150319.43673211458,84183.69044909763,87750.3818079185,105203.01356674063,82545.96917702233,99590.049775328,129145.48119205084,161137.65525530677,141596.62977304976,926.9430871512739,80.30204395001601,120.47384331741559,63.17383663653564,68.64587562187512,65.86590511410402,44.67997821508062,34.69245184466553,94.70038578713807,169.79929300695537,184.6094736574878
2157.0,118347.21502151486,10483.986874225782,17517.226366676758,8473.530350963723,10176.585892671317,10649.537154786445,6726.88319864284,5070.705867033406,11774.175799711444,17837.73030125812,19636.853215544914,603598.9226572713,79711.00088216136,86909.89808585729,46553.975390917,49242.186103429536,60232.811762890975,45915.004919152336,54593.293565007254,61890.76172122781,60737.873207170676,57812.11701945724,785.6059601163195,85.5685496149745,124.98823380844748,63.927339056701655,69.95538578002208,67.65130003352404,45.662336504625316,34.64696168945312,76.43504361088917,98.9223255223832,117.84848449529898,136055.36546647738,11776.405933719036,20147.282067154836,10545.015564301199,11639.938611308186,12814.249421619588,8918.125668083601,6727.518563919178,15802.277405549132,18207.273950169034,19477.278280653933,605556.2369614224,74112.17419191697,85012.71007630938,48041.70207399175,46598.577168538344,55936.38120860289,49272.70582491724,59929.021944015,72248.6328288808,57862.66684759766,56541.66479665247,1159.6934261304077,142.9974912480626,194.89375221586334,109.90311080892944,114.69353685144179,105.05345411840676,76.03844728302825,54.3869523326416,112.80759308444614,106.7328075004754,142.18628068711232,69208.1553990851,4739.598735975,10419.403778797954,5325.991354398384,5352.6654911091,7385.227717320446,5371.408449767595,4486.171864980787,10389.391802337514,6260.660143456997,9477.636060941015,291438.5914342489,28956.873374938034,39240.01755800589,20961.637439471877,19518.10166450413,26116.336194995398,27111.524332885165,34897.22580120275,44291.47445173959,21390.06988875039,28955.33072775572,1806.1222496771086,264.2069461016998,347.4525921535654,215.18835639733885,219.99156668580514,178.2994503908448,137.1112249546287,93.52435475598143,167.29171538205975,55.37048777024078,127.68555508494413,79583.27836726596,1940.11408327028,6184.40967536173,5292.759127001893,6584.727963561828,7021.38670853432,5474.16137983247,4027.2273553505056,12295.040712601529,14291.645104375288,16471.806257376178,366631.6519734927,13085.845618881538,23909.470666433273,26282.651346167753,30035.00585487495,35980.43532404964,34448.30408699227,41439.64421656975,63012.48003920592,50428.87282093364,48008.941999383635,1042.8745609580194,178.5150395504694,315.34766815958426,66.35252231384277,82.80264469378292,59.39974254122054,44.54055695139706,29.807546192687987,87.22294073877649,69.81505755283642,109.0708422634216,257944.43256986383,18101.61777397511,31076.574683380422,15333.091710342038,18357.016423050904,19022.25963016637,12033.206507269431,9111.473230936572,26235.53780228704,53417.3862419757,55256.26856648003,1176045.8016165586,134573.493887929,150319.43673211458,84183.69044909763,87750.3818079185,105203.01356674063,82545.96917702233,99590.049775328,129145.48119205084,161137.65525530677,141596.62977304976,926.9430871512739,80.30204395001601,120.47384331741559,63.17383663653564,68.64587562187512,65.86590511410402,44.67997821508062,34.69245184466553,94.70038578713807,169.79929300695537,184.6094736574878
2158.0,118347.21502151486,10483.986874225782,17517.226366676758,8473.530350963723,10176.585892671317,10649.537154786445,6726.88319864284,5070.705867033406,11774.175799711444,17837.73030125812,19636.853215544914,603598.9226572713,79711.00088216136,86909.89808585729,46553.975390917,49242.186103429536,60232.811762890975,45915.004919152336,54593.293565007254,61890.76172122781,60737.873207170676,57812.11701945724,785.6059601163195,85.5685496149745,124.98823380844748,63.927339056701655,69.95538578002208,67.65130003352404,45.662336504625316,34.64696168945312,76.43504361088917,98.9223255223832,117.84848449529898,136055.36546647738,11776.405933719036,20147.282067154836,10545.015564301199,11639.938611308186,12814.249421619588,8918.125668083601,6727.518563919178,15802.277405549132,18207.273950169034,19477.278280653933,605556.2369614224,74112.17419191697,85012.71007630938,48041.70207399175,46598.577168538344,55936.38120860289,49272.70582491724,59929.021944015,72248.6328288808,57862.66684759766,56541.66479665247,1159.6934261304077,142.9974912480626,194.89375221586334,109.90311080892944,114.69353685144179,105.05345411840676,76.03844728302825,54.3869523326416,112.80759308444614,106.7328075004754,142.18628068711232,69208.1553990851,4739.598735975,10419.403778797954,5325.991354398384,5352.6654911091,7385.227717320446,5371.408449767595,4486.171864980787,10389.391802337514,6260.660143456997,9477.636060941015,291438.5914342489,28956.873374938034,39240.01755800589,20961.637439471877,19518.10166450413,26116.336194995398,27111.524332885165,34897.22580120275,44291.47445173959,21390.06988875039,28955.33072775572,1806.1222496771086,264.2069461016998,347.4525921535654,215.18835639733885,219.99156668580514,178.2994503908448,137.1112249546287,93.52435475598143,167.29171538205975,55.37048777024078,127.68555508494413,79583.27836726596,1940.11408327028,6184.40967536173,5292.759127001893,6584.727963561828,7021.38670853432,5474.16137983247,4027.2273553505056,12295.040712601529,14291.645104375288,16471.806257376178,366631.6519734927,13085.845618881538,23909.470666433273,26282.651346167753,30035.00585487495,35980.43532404964,34448.30408699227,41439.64421656975,63012.48003920592,50428.87282093364,48008.941999383635,1042.8745609580194,178.5150395504694,315.34766815958426,66.35252231384277,82.80264469378292,59.39974254122054,44.54055695139706,29.807546192687987,87.22294073877649,69.81505755283642,109.0708422634216,257944.43256986383,18101.61777397511,31076.574683380422,15333.091710342038,18357.016423050904,19022.25963016637,12033.206507269431,9111.473230936572,26235.53780228704,53417.3862419757,55256.26856648003,1176045.8016165586,134573.493887929,150319.43673211458,84183.69044909763,87750.3818079185,105203.01356674063,82545.96917702233,99590.049775328,129145.48119205084,161137.65525530677,141596.62977304976,926.9430871512739,80.30204395001601,120.47384331741559,63.17383663653564,68.64587562187512,65.86590511410402,44.67997821508062,34.69245184466553,94.70038578713807,169.79929300695537,184.6094736574878
2159.0,118347.21502151486,10483.986874225782,17517.226366676758,8473.530350963723,10176.585892671317,10649.537154786445,6726.88319864284,5070.705867033406,11774.175799711444,17837.73030125812,19636.853215544914,603598.9226572713,79711.00088216136,86909.89808585729,46553.975390917,49242.186103429536,60232.811762890975,45915.004919152336,54593.293565007254,61890.76172122781,60737.873207170676,57812.11701945724,785.6059601163195,85.5685496149745,124.98823380844748,63.927339056701655,69.95538578002208,67.65130003352404,45.662336504625316,34.64696168945312,76.43504361088917,98.9223255223832,117.84848449529898,136055.36546647738,11776.405933719036,20147.282067154836,10545.015564301199,11639.938611308186,12814.249421619588,8918.125668083601,6727.518563919178,15802.277405549132,18207.273950169034,19477.278280653933,605556.2369614224,74112.17419191697,85012.71007630938,48041.70207399175,46598.577168538344,55936.38120860289,49272.70582491724,59929.021944015,72248.6328288808,57862.66684759766,56541.66479665247,1159.6934261304077,142.9974912480626,194.89375221586334,109.90311080892944,114.69353685144179,105.05345411840676,76.03844728302825,54.3869523326416,112.80759308444614,106.7328075004754,142.18628068711232,69208.1553990851,4739.598735975,10419.403778797954,5325.991354398384,5352.6654911091,7385.227717320446,5371.408449767595,4486.171864980787,10389.391802337514,6260.660143456997,9477.636060941015,291438.5914342489,28956.873374938034,39240.01755800589,20961.637439471877,19518.10166450413,26116.336194995398,27111.524332885165,34897.22580120275,44291.47445173959,21390.06988875039,28955.33072775572,1806.1222496771086,264.2069461016998,347.4525921535654,215.18835639733885,219.99156668580514,178.2994503908448,137.1112249546287,93.52435475598143,167.29171538205975,55.37048777024078,127.68555508494413,79583.27836726596,1940.11408327028,6184.40967536173,5292.759127001893,6584.727963561828,7021.38670853432,5474.16137983247,4027.2273553505056,12295.040712601529,14291.645104375288,16471.806257376178,366631.6519734927,13085.845618881538,23909.470666433273,26282.651346167753,30035.00585487495,35980.43532404964,34448.30408699227,41439.64421656975,63012.48003920592,50428.87282093364,48008.941999383635,1042.8745609580194,178.5150395504694,315.34766815958426,66.35252231384277,82.80264469378292,59.39974254122054,44.54055695139706,29.807546192687987,87.22294073877649,69.81505755283642,109.0708422634216,257944.43256986383,18101.61777397511,31076.574683380422,15333.091710342038,18357.016423050904,19022.25963016637,12033.206507269431,9111.473230936572,26235.53780228704,53417.3862419757,55256.26856648003,1176045.8016165586,134573.493887929,150319.43673211458,84183.69044909763,87750.3818079185,105203.01356674063,82545.96917702233,99590.049775328,129145.48119205084,161137.65525530677,141596.62977304976,926.9430871512739,80.30204395001601,120.47384331741559,63.17383663653564,68.64587562187512,65.86590511410402,44.67997821508062,34.69245184466553,94.70038578713807,169.79929300695537,184.6094736574878
2160.0,118347.21502151486,10483.986874225782,17517.226366676758,8473.530350963723,10176.585892671317,10649.537154786445,6726.88319864284,5070.705867033406,11774.175799711444,17837.73030125812,19636.853215544914,603598.9226572713,79711.00088216136,86909.89808585729,46553.975390917,49242.186103429536,60232.811762890975,45915.004919152336,54593.293565007254,61890.76172122781,60737.873207170676,57812.11701945724,785.6059601163195,85.5685496149745,124.98823380844748,63.927339056701655,69.95538578002208,67.65130003352404,45.662336504625316,34.64696168945312,76.43504361088917,98.9223255223832,117.84848449529898,136055.36546647738,11776.405933719036,20147.282067154836,10545.015564301199,11639.938611308186,12814.249421619588,8918.125668083601,6727.518563919178,15802.277405549132,18207.273950169034,19477.278280653933,605556.2369614224,74112.17419191697,85012.71007630938,48041.70207399175,46598.577168538344,55936.38120860289,49272.70582491724,59929.021944015,72248.6328288808,57862.66684759766,56541.66479665247,1159.6934261304077,142.9974912480626,194.89375221586334,109.90311080892944,114.69353685144179,105.05345411840676,76.03844728302825,54.3869523326416,112.80759308444614,106.7328075004754,142.18628068711232,69208.1553990851,4739.598735975,10419.403778797954,5325.991354398384,5352.6654911091,7385.227717320446,5371.408449767595,4486.171864980787,10389.391802337514,6260.660143456997,9477.636060941015,291438.5914342489,28956.873374938034,39240.01755800589,20961.637439471877,19518.10166450413,26116.336194995398,27111.524332885165,34897.22580120275,44291.47445173959,21390.06988875039,28955.33072775572,1806.1222496771086,264.2069461016998,347.4525921535654,215.18835639733885,219.99156668580514,178.2994503908448,137.1112249546287,93.52435475598143,167.29171538205975,55.37048777024078,127.68555508494413,79583.27836726596,1940.11408327028,6184.40967536173,5292.759127001893,6584.727963561828,7021.38670853432,5474.16137983247,4027.2273553505056,12295.040712601529,14291.645104375288,16471.806257376178,366631.6519734927,13085.845618881538,23909.470666433273,26282.651346167753,30035.00585487495,35980.43532404964,34448.30408699227,41439.64421656975,63012.48003920592,50428.87282093364,48008.941999383635,1042.8745609580194,178.5150395504694,315.34766815958426,66.35252231384277,82.80264469378292,59.39974254122054,44.54055695139706,29.807546192687987,87.22294073877649,69.81505755283642,109.0708422634216,257944.43256986383,18101.61777397511,31076.574683380422,15333.091710342038,18357.016423050904,19022.25963016637,12033.206507269431,9111.473230936572,26235.53780228704,53417.3862419757,55256.26856648003,1176045.8016165586,134573.493887929,150319.43673211458,84183.69044909763,87750.3818079185,105203.01356674063,82545.96917702233,99590.049775328,129145.48119205084,161137.65525530677,141596.62977304976,926.9430871512739,80.30204395001601,120.47384331741559,63.17383663653564,68.64587562187512,65.86590511410402,44.67997821508062,34.69245184466553,94.70038578713807,169.79929300695537,184.6094736574878
2161.0,118347.21502151486,10483.986874225782,17517.226366676758,8473.530350963723,10176.585892671317,10649.537154786445,6726.88319864284,5070.705867033406,11774.175799711444,17837.73030125812,19636.853215544914,603598.9226572713,79711.00088216136,86909.89808585729,46553.975390917,49242.186103429536,60232.811762890975,45915.004919152336,54593.293565007254,61890.76172122781,60737.873207170676,57812.11701945724,785.6059601163195,85.5685496149745,124.98823380844748,63.927339056701655,69.95538578002208,67.65130003352404,45.662336504625316,34.64696168945312,76.43504361088917,98.9223255223832,117.84848449529898,136055.36546647738,11776.405933719036,20147.282067154836,10545.015564301199,11639.938611308186,12814.249421619588,8918.125668083601,6727.518563919178,15802.277405549132,18207.273950169034,19477.278280653933,605556.2369614224,74112.17419191697,85012.71007630938,48041.70207399175,46598.577168538344,55936.38120860289,49272.70582491724,59929.021944015,72248.6328288808,57862.66684759766,56541.66479665247,1159.6934261304077,142.9974912480626,194.89375221586334,109.90311080892944,114.69353685144179,105.05345411840676,76.03844728302825,54.3869523326416,112.80759308444614,106.7328075004754,142.18628068711232,69208.1553990851,4739.598735975,10419.403778797954,5325.991354398384,5352.6654911091,7385.227717320446,5371.408449767595,4486.171864980787,10389.391802337514,6260.660143456997,9477.636060941015,291438.5914342489,28956.873374938034,39240.01755800589,20961.637439471877,19518.10166450413,26116.336194995398,27111.524332885165,34897.22580120275,44291.47445173959,21390.06988875039,28955.33072775572,1806.1222496771086,264.2069461016998,347.4525921535654,215.18835639733885,219.99156668580514,178.2994503908448,137.1112249546287,93.52435475598143,167.29171538205975,55.37048777024078,127.68555508494413,79583.27836726596,1940.11408327028,6184.40967536173,5292.759127001893,6584.727963561828,7021.38670853432,5474.16137983247,4027.2273553505056,12295.040712601529,14291.645104375288,16471.806257376178,366631.6519734927,13085.845618881538,23909.470666433273,26282.651346167753,30035.00585487495,35980.43532404964,34448.30408699227,41439.64421656975,63012.48003920592,50428.87282093364,48008.941999383635,1042.8745609580194,178.5150395504694,315.34766815958426,66.35252231384277,82.80264469378292,59.39974254122054,44.54055695139706,29.807546192687987,87.22294073877649,69.81505755283642,109.0708422634216,257944.43256986383,18101.61777397511,31076.574683380422,15333.091710342038,18357.016423050904,19022.25963016637,12033.206507269431,9111.473230936572,26235.53780228704,53417.3862419757,55256.26856648003,1176045.8016165586,134573.493887929,150319.43673211458,84183.69044909763,87750.3818079185,105203.01356674063,82545.96917702233,99590.049775328,129145.48119205084,161137.65525530677,141596.62977304976,926.9430871512739,80.30204395001601,120.47384331741559,63.17383663653564,68.64587562187512,65.86590511410402,44.67997821508062,34.69245184466553,94.70038578713807,169.79929300695537,184.6094736574878
2162.0,118347.21502151486,10483.986874225782,17517.226366676758,8473.530350963723,10176.585892671317,10649.537154786445,6726.88319864284,5070.705867033406,11774.175799711444,17837.73030125812,19636.853215544914,603598.9226572713,79711.00088216136,86909.89808585729,46553.975390917,49242.186103429536,60232.811762890975,45915.004919152336,54593.293565007254,61890.76172122781,60737.873207170676,57812.11701945724,785.6059601163195,85.5685496149745,124.98823380844748,63.927339056701655,69.95538578002208,67.65130003352404,45.662336504625316,34.64696168945312,76.43504361088917,98.9223255223832,117.84848449529898,136055.36546647738,11776.405933719036,20147.282067154836,10545.015564301199,11639.938611308186,12814.249421619588,8918.125668083601,6727.518563919178,15802.277405549132,18207.273950169034,19477.278280653933,605556.2369614224,74112.17419191697,85012.71007630938,48041.70207399175,46598.577168538344,55936.38120860289,49272.70582491724,59929.021944015,72248.6328288808,57862.66684759766,56541.66479665247,1159.6934261304077,142.9974912480626,194.89375221586334,109.90311080892944,114.69353685144179,105.05345411840676,76.03844728302825,54.3869523326416,112.80759308444614,106.7328075004754,142.18628068711232,69208.1553990851,4739.598735975,10419.403778797954,5325.991354398384,5352.6654911091,7385.227717320446,5371.408449767595,4486.171864980787,10389.391802337514,6260.660143456997,9477.636060941015,291438.5914342489,28956.873374938034,39240.01755800589,20961.637439471877,19518.10166450413,26116.336194995398,27111.524332885165,34897.22580120275,44291.47445173959,21390.06988875039,28955.33072775572,1806.1222496771086,264.2069461016998,347.4525921535654,215.18835639733885,219.99156668580514,178.2994503908448,137.1112249546287,93.52435475598143,167.29171538205975,55.37048777024078,127.68555508494413,79583.27836726596,1940.11408327028,6184.40967536173,5292.759127001893,6584.727963561828,7021.38670853432,5474.16137983247,4027.2273553505056,12295.040712601529,14291.645104375288,16471.806257376178,366631.6519734927,13085.845618881538,23909.470666433273,26282.651346167753,30035.00585487495,35980.43532404964,34448.30408699227,41439.64421656975,63012.48003920592,50428.87282093364,48008.941999383635,1042.8745609580194,178.5150395504694,315.34766815958426,66.35252231384277,82.80264469378292,59.39974254122054,44.54055695139706,29.807546192687987,87.22294073877649,69.81505755283642,109.0708422634216,257944.43256986383,18101.61777397511,31076.574683380422,15333.091710342038,18357.016423050904,19022.25963016637,12033.206507269431,9111.473230936572,26235.53780228704,53417.3862419757,55256.26856648003,1176045.8016165586,134573.493887929,150319.43673211458,84183.69044909763,87750.3818079185,105203.01356674063,82545.96917702233,99590.049775328,129145.48119205084,161137.65525530677,141596.62977304976,926.9430871512739,80.30204395001601,120.47384331741559,63.17383663653564,68.64587562187512,65.86590511410402,44.67997821508062,34.69245184466553,94.70038578713807,169.79929300695537,184.6094736574878
2163.0,118347.21502151486,10483.986874225782,17517.226366676758,8473.530350963723,10176.585892671317,10649.537154786445,6726.88319864284,5070.705867033406,11774.175799711444,17837.73030125812,19636.853215544914,603598.9226572713,79711.00088216136,86909.89808585729,46553.975390917,49242.186103429536,60232.811762890975,45915.004919152336,54593.293565007254,61890.76172122781,60737.873207170676,57812.11701945724,785.6059601163195,85.5685496149745,124.98823380844748,63.927339056701655,69.95538578002208,67.65130003352404,45.662336504625316,34.64696168945312,76.43504361088917,98.9223255223832,117.84848449529898,136055.36546647738,11776.405933719036,20147.282067154836,10545.015564301199,11639.938611308186,12814.249421619588,8918.125668083601,6727.518563919178,15802.277405549132,18207.273950169034,19477.278280653933,605556.2369614224,74112.17419191697,85012.71007630938,48041.70207399175,46598.577168538344,55936.38120860289,49272.70582491724,59929.021944015,72248.6328288808,57862.66684759766,56541.66479665247,1159.6934261304077,142.9974912480626,194.89375221586334,109.90311080892944,114.69353685144179,105.05345411840676,76.03844728302825,54.3869523326416,112.80759308444614,106.7328075004754,142.18628068711232,69208.1553990851,4739.598735975,10419.403778797954,5325.991354398384,5352.6654911091,7385.227717320446,5371.408449767595,4486.171864980787,10389.391802337514,6260.660143456997,9477.636060941015,291438.5914342489,28956.873374938034,39240.01755800589,20961.637439471877,19518.10166450413,26116.336194995398,27111.524332885165,34897.22580120275,44291.47445173959,21390.06988875039,28955.33072775572,1806.1222496771086,264.2069461016998,347.4525921535654,215.18835639733885,219.99156668580514,178.2994503908448,137.1112249546287,93.52435475598143,167.29171538205975,55.37048777024078,127.68555508494413,79583.27836726596,1940.11408327028,6184.40967536173,5292.759127001893,6584.727963561828,7021.38670853432,5474.16137983247,4027.2273553505056,12295.040712601529,14291.645104375288,16471.806257376178,366631.6519734927,13085.845618881538,23909.470666433273,26282.651346167753,30035.00585487495,35980.43532404964,34448.30408699227,41439.64421656975,63012.48003920592,50428.87282093364,48008.941999383635,1042.8745609580194,178.5150395504694,315.34766815958426,66.35252231384277,82.80264469378292,59.39974254122054,44.54055695139706,29.807546192687987,87.22294073877649,69.81505755283642,109.0708422634216,257944.43256986383,18101.61777397511,31076.574683380422,15333.091710342038,18357.016423050904,19022.25963016637,12033.206507269431,9111.473230936572,26235.53780228704,53417.3862419757,55256.26856648003,1176045.8016165586,134573.493887929,150319.43673211458,84183.69044909763,87750.3818079185,105203.01356674063,82545.96917702233,99590.049775328,129145.48119205084,161137.65525530677,141596.62977304976,926.9430871512739,80.30204395001601,120.47384331741559,63.17383663653564,68.64587562187512,65.86590511410402,44.67997821508062,34.69245184466553,94.70038578713807,169.79929300695537,184.6094736574878
2164.0,118347.21502151486,10483.986874225782,17517.226366676758,8473.530350963723,10176.585892671317,10649.537154786445,6726.88319864284,5070.705867033406,11774.175799711444,17837.73030125812,19636.853215544914,603598.9226572713,79711.00088216136,86909.89808585729,46553.975390917,49242.186103429536,60232.811762890975,45915.004919152336,54593.293565007254,61890.76172122781,60737.873207170676,57812.11701945724,785.6059601163195,85.5685496149745,124.98823380844748,63.927339056701655,69.95538578002208,67.65130003352404,45.662336504625316,34.64696168945312,76.43504361088917,98.9223255223832,117.84848449529898,136055.36546647738,11776.405933719036,20147.282067154836,10545.015564301199,11639.938611308186,12814.249421619588,8918.125668083601,6727.518563919178,15802.277405549132,18207.273950169034,19477.278280653933,605556.2369614224,74112.17419191697,85012.71007630938,48041.70207399175,46598.577168538344,55936.38120860289,49272.70582491724,59929.021944015,72248.6328288808,57862.66684759766,56541.66479665247,1159.6934261304077,142.9974912480626,194.89375221586334,109.90311080892944,114.69353685144179,105.05345411840676,76.03844728302825,54.3869523326416,112.80759308444614,106.7328075004754,142.18628068711232,69208.1553990851,4739.598735975,10419.403778797954,5325.991354398384,5352.6654911091,7385.227717320446,5371.408449767595,4486.171864980787,10389.391802337514,6260.660143456997,9477.636060941015,291438.5914342489,28956.873374938034,39240.01755800589,20961.637439471877,19518.10166450413,26116.336194995398,27111.524332885165,34897.22580120275,44291.47445173959,21390.06988875039,28955.33072775572,1806.1222496771086,264.2069461016998,347.4525921535654,215.18835639733885,219.99156668580514,178.2994503908448,137.1112249546287,93.52435475598143,167.29171538205975,55.37048777024078,127.68555508494413,79583.27836726596,1940.11408327028,6184.40967536173,5292.759127001893,6584.727963561828,7021.38670853432,5474.16137983247,4027.2273553505056,12295.040712601529,14291.645104375288,16471.806257376178,366631.6519734927,13085.845618881538,23909.470666433273,26282.651346167753,30035.00585487495,35980.43532404964,34448.30408699227,41439.64421656975,63012.48003920592,50428.87282093364,48008.941999383635,1042.8745609580194,178.5150395504694,315.34766815958426,66.35252231384277,82.80264469378292,59.39974254122054,44.54055695139706,29.807546192687987,87.22294073877649,69.81505755283642,109.0708422634216,257944.43256986383,18101.61777397511,31076.574683380422,15333.091710342038,18357.016423050904,19022.25963016637,12033.206507269431,9111.473230936572,26235.53780228704,53417.3862419757,55256.26856648003,1176045.8016165586,134573.493887929,150319.43673211458,84183.69044909763,87750.3818079185,105203.01356674063,82545.96917702233,99590.049775328,129145.48119205084,161137.65525530677,141596.62977304976,926.9430871512739,80.30204395001601,120.47384331741559,63.17383663653564,68.64587562187512,65.86590511410402,44.67997821508062,34.69245184466553,94.70038578713807,169.79929300695537,184.6094736574878
2165.0,118347.21502151486,10483.986874225782,17517.226366676758,8473.530350963723,10176.585892671317,10649.537154786445,6726.88319864284,5070.705867033406,11774.175799711444,17837.73030125812,19636.853215544914,603598.9226572713,79711.00088216136,86909.89808585729,46553.975390917,49242.186103429536,60232.811762890975,45915.004919152336,54593.293565007254,61890.76172122781,60737.873207170676,57812.11701945724,785.6059601163195,85.5685496149745,124.98823380844748,63.927339056701655,69.95538578002208,67.65130003352404,45.662336504625316,34.64696168945312,76.43504361088917,98.9223255223832,117.84848449529898,136055.36546647738,11776.405933719036,20147.282067154836,10545.015564301199,11639.938611308186,12814.249421619588,8918.125668083601,6727.518563919178,15802.277405549132,18207.273950169034,19477.278280653933,605556.2369614224,74112.17419191697,85012.71007630938,48041.70207399175,46598.577168538344,55936.38120860289,49272.70582491724,59929.021944015,72248.6328288808,57862.66684759766,56541.66479665247,1159.6934261304077,142.9974912480626,194.89375221586334,109.90311080892944,114.69353685144179,105.05345411840676,76.03844728302825,54.3869523326416,112.80759308444614,106.7328075004754,142.18628068711232,69208.1553990851,4739.598735975,10419.403778797954,5325.991354398384,5352.6654911091,7385.227717320446,5371.408449767595,4486.171864980787,10389.391802337514,6260.660143456997,9477.636060941015,291438.5914342489,28956.873374938034,39240.01755800589,20961.637439471877,19518.10166450413,26116.336194995398,27111.524332885165,34897.22580120275,44291.47445173959,21390.06988875039,28955.33072775572,1806.1222496771086,264.2069461016998,347.4525921535654,215.18835639733885,219.99156668580514,178.2994503908448,137.1112249546287,93.52435475598143,167.29171538205975,55.37048777024078,127.68555508494413,79583.27836726596,1940.11408327028,6184.40967536173,5292.759127001893,6584.727963561828,7021.38670853432,5474.16137983247,4027.2273553505056,12295.040712601529,14291.645104375288,16471.806257376178,366631.6519734927,13085.845618881538,23909.470666433273,26282.651346167753,30035.00585487495,35980.43532404964,34448.30408699227,41439.64421656975,63012.48003920592,50428.87282093364,48008.941999383635,1042.8745609580194,178.5150395504694,315.34766815958426,66.35252231384277,82.80264469378292,59.39974254122054,44.54055695139706,29.807546192687987,87.22294073877649,69.81505755283642,109.0708422634216,257944.43256986383,18101.61777397511,31076.574683380422,15333.091710342038,18357.016423050904,19022.25963016637,12033.206507269431,9111.473230936572,26235.53780228704,53417.3862419757,55256.26856648003,1176045.8016165586,134573.493887929,150319.43673211458,84183.69044909763,87750.3818079185,105203.01356674063,82545.96917702233,99590.049775328,129145.48119205084,161137.65525530677,141596.62977304976,926.9430871512739,80.30204395001601,120.47384331741559,63.17383663653564,68.64587562187512,65.86590511410402,44.67997821508062,34.69245184466553,94.70038578713807,169.79929300695537,184.6094736574878
2166.0,118347.21502151486,10483.986874225782,17517.226366676758,8473.530350963723,10176.585892671317,10649.537154786445,6726.88319864284,5070.705867033406,11774.175799711444,17837.73030125812,19636.853215544914,603598.9226572713,79711.00088216136,86909.89808585729,46553.975390917,49242.186103429536,60232.811762890975,45915.004919152336,54593.293565007254,61890.76172122781,60737.873207170676,57812.11701945724,785.6059601163195,85.5685496149745,124.98823380844748,63.927339056701655,69.95538578002208,67.65130003352404,45.662336504625316,34.64696168945312,76.43504361088917,98.9223255223832,117.84848449529898,136055.36546647738,11776.405933719036,20147.282067154836,10545.015564301199,11639.938611308186,12814.249421619588,8918.125668083601,6727.518563919178,15802.277405549132,18207.273950169034,19477.278280653933,605556.2369614224,74112.17419191697,85012.71007630938,48041.70207399175,46598.577168538344,55936.38120860289,49272.70582491724,59929.021944015,72248.6328288808,57862.66684759766,56541.66479665247,1159.6934261304077,142.9974912480626,194.89375221586334,109.90311080892944,114.69353685144179,105.05345411840676,76.03844728302825,54.3869523326416,112.80759308444614,106.7328075004754,142.18628068711232,69208.1553990851,4739.598735975,10419.403778797954,5325.991354398384,5352.6654911091,7385.227717320446,5371.408449767595,4486.171864980787,10389.391802337514,6260.660143456997,9477.636060941015,291438.5914342489,28956.873374938034,39240.01755800589,20961.637439471877,19518.10166450413,26116.336194995398,27111.524332885165,34897.22580120275,44291.47445173959,21390.06988875039,28955.33072775572,1806.1222496771086,264.2069461016998,347.4525921535654,215.18835639733885,219.99156668580514,178.2994503908448,137.1112249546287,93.52435475598143,167.29171538205975,55.37048777024078,127.68555508494413,79583.27836726596,1940.11408327028,6184.40967536173,5292.759127001893,6584.727963561828,7021.38670853432,5474.16137983247,4027.2273553505056,12295.040712601529,14291.645104375288,16471.806257376178,366631.6519734927,13085.845618881538,23909.470666433273,26282.651346167753,30035.00585487495,35980.43532404964,34448.30408699227,41439.64421656975,63012.48003920592,50428.87282093364,48008.941999383635,1042.8745609580194,178.5150395504694,315.34766815958426,66.35252231384277,82.80264469378292,59.39974254122054,44.54055695139706,29.807546192687987,87.22294073877649,69.81505755283642,109.0708422634216,257944.43256986383,18101.61777397511,31076.574683380422,15333.091710342038,18357.016423050904,19022.25963016637,12033.206507269431,9111.473230936572,26235.53780228704,53417.3862419757,55256.26856648003,1176045.8016165586,134573.493887929,150319.43673211458,84183.69044909763,87750.3818079185,105203.01356674063,82545.96917702233,99590.049775328,129145.48119205084,161137.65525530677,141596.62977304976,926.9430871512739,80.30204395001601,120.47384331741559,63.17383663653564,68.64587562187512,65.86590511410402,44.67997821508062,34.69245184466553,94.70038578713807,169.79929300695537,184.6094736574878
2167.0,118347.21502151486,10483.986874225782,17517.226366676758,8473.530350963723,10176.585892671317,10649.537154786445,6726.88319864284,5070.705867033406,11774.175799711444,17837.73030125812,19636.853215544914,603598.9226572713,79711.00088216136,86909.89808585729,46553.975390917,49242.186103429536,60232.811762890975,45915.004919152336,54593.293565007254,61890.76172122781,60737.873207170676,57812.11701945724,785.6059601163195,85.5685496149745,124.98823380844748,63.927339056701655,69.95538578002208,67.65130003352404,45.662336504625316,34.64696168945312,76.43504361088917,98.9223255223832,117.84848449529898,136055.36546647738,11776.405933719036,20147.282067154836,10545.015564301199,11639.938611308186,12814.249421619588,8918.125668083601,6727.518563919178,15802.277405549132,18207.273950169034,19477.278280653933,605556.2369614224,74112.17419191697,85012.71007630938,48041.70207399175,46598.577168538344,55936.38120860289,49272.70582491724,59929.021944015,72248.6328288808,57862.66684759766,56541.66479665247,1159.6934261304077,142.9974912480626,194.89375221586334,109.90311080892944,114.69353685144179,105.05345411840676,76.03844728302825,54.3869523326416,112.80759308444614,106.7328075004754,142.18628068711232,69208.1553990851,4739.598735975,10419.403778797954,5325.991354398384,5352.6654911091,7385.227717320446,5371.408449767595,4486.171864980787,10389.391802337514,6260.660143456997,9477.636060941015,291438.5914342489,28956.873374938034,39240.01755800589,20961.637439471877,19518.10166450413,26116.336194995398,27111.524332885165,34897.22580120275,44291.47445173959,21390.06988875039,28955.33072775572,1806.1222496771086,264.2069461016998,347.4525921535654,215.18835639733885,219.99156668580514,178.2994503908448,137.1112249546287,93.52435475598143,167.29171538205975,55.37048777024078,127.68555508494413,79583.27836726596,1940.11408327028,6184.40967536173,5292.759127001893,6584.727963561828,7021.38670853432,5474.16137983247,4027.2273553505056,12295.040712601529,14291.645104375288,16471.806257376178,366631.6519734927,13085.845618881538,23909.470666433273,26282.651346167753,30035.00585487495,35980.43532404964,34448.30408699227,41439.64421656975,63012.48003920592,50428.87282093364,48008.941999383635,1042.8745609580194,178.5150395504694,315.34766815958426,66.35252231384277,82.80264469378292,59.39974254122054,44.54055695139706,29.807546192687987,87.22294073877649,69.81505755283642,109.0708422634216,257944.43256986383,18101.61777397511,31076.574683380422,15333.091710342038,18357.016423050904,19022.25963016637,12033.206507269431,9111.473230936572,26235.53780228704,53417.3862419757,55256.26856648003,1176045.8016165586,134573.493887929,150319.43673211458,84183.69044909763,87750.3818079185,105203.01356674063,82545.96917702233,99590.049775328,129145.48119205084,161137.65525530677,141596.62977304976,926.9430871512739,80.30204395001601,120.47384331741559,63.17383663653564,68.64587562187512,65.86590511410402,44.67997821508062,34.69245184466553,94.70038578713807,169.79929300695537,184.6094736574878
2168.0,118347.21502151486,10483.986874225782,17517.226366676758,8473.530350963723,10176.585892671317,10649.537154786445,6726.88319864284,5070.705867033406,11774.175799711444,17837.73030125812,19636.853215544914,603598.9226572713,79711.00088216136,86909.89808585729,46553.975390917,49242.186103429536,60232.811762890975,45915.004919152336,54593.293565007254,61890.76172122781,60737.873207170676,57812.11701945724,785.6059601163195,85.5685496149745,124.98823380844748,63.927339056701655,69.95538578002208,67.65130003352404,45.662336504625316,34.64696168945312,76.43504361088917,98.9223255223832,117.84848449529898,136055.36546647738,11776.405933719036,20147.282067154836,10545.015564301199,11639.938611308186,12814.249421619588,8918.125668083601,6727.518563919178,15802.277405549132,18207.273950169034,19477.278280653933,605556.2369614224,74112.17419191697,85012.71007630938,48041.70207399175,46598.577168538344,55936.38120860289,49272.70582491724,59929.021944015,72248.6328288808,57862.66684759766,56541.66479665247,1159.6934261304077,142.9974912480626,194.89375221586334,109.90311080892944,114.69353685144179,105.05345411840676,76.03844728302825,54.3869523326416,112.80759308444614,106.7328075004754,142.18628068711232,69208.1553990851,4739.598735975,10419.403778797954,5325.991354398384,5352.6654911091,7385.227717320446,5371.408449767595,4486.171864980787,10389.391802337514,6260.660143456997,9477.636060941015,291438.5914342489,28956.873374938034,39240.01755800589,20961.637439471877,19518.10166450413,26116.336194995398,27111.524332885165,34897.22580120275,44291.47445173959,21390.06988875039,28955.33072775572,1806.1222496771086,264.2069461016998,347.4525921535654,215.18835639733885,219.99156668580514,178.2994503908448,137.1112249546287,93.52435475598143,167.29171538205975,55.37048777024078,127.68555508494413,79583.27836726596,1940.11408327028,6184.40967536173,5292.759127001893,6584.727963561828,7021.38670853432,5474.16137983247,4027.2273553505056,12295.040712601529,14291.645104375288,16471.806257376178,366631.6519734927,13085.845618881538,23909.470666433273,26282.651346167753,30035.00585487495,35980.43532404964,34448.30408699227,41439.64421656975,63012.48003920592,50428.87282093364,48008.941999383635,1042.8745609580194,178.5150395504694,315.34766815958426,66.35252231384277,82.80264469378292,59.39974254122054,44.54055695139706,29.807546192687987,87.22294073877649,69.81505755283642,109.0708422634216,257944.43256986383,18101.61777397511,31076.574683380422,15333.091710342038,18357.016423050904,19022.25963016637,12033.206507269431,9111.473230936572,26235.53780228704,53417.3862419757,55256.26856648003,1176045.8016165586,134573.493887929,150319.43673211458,84183.69044909763,87750.3818079185,105203.01356674063,82545.96917702233,99590.049775328,129145.48119205084,161137.65525530677,141596.62977304976,926.9430871512739,80.30204395001601,120.47384331741559,63.17383663653564,68.64587562187512,65.86590511410402,44.67997821508062,34.69245184466553,94.70038578713807,169.79929300695537,184.6094736574878
2169.0,118347.21502151486,10483.986874225782,17517.226366676758,8473.530350963723,10176.585892671317,10649.537154786445,6726.88319864284,5070.705867033406,11774.175799711444,17837.73030125812,19636.853215544914,603598.9226572713,79711.00088216136,86909.89808585729,46553.975390917,49242.186103429536,60232.811762890975,45915.004919152336,54593.293565007254,61890.76172122781,60737.873207170676,57812.11701945724,785.6059601163195,85.5685496149745,124.98823380844748,63.927339056701655,69.95538578002208,67.65130003352404,45.662336504625316,34.64696168945312,76.43504361088917,98.9223255223832,117.84848449529898,136055.36546647738,11776.405933719036,20147.282067154836,10545.015564301199,11639.938611308186,12814.249421619588,8918.125668083601,6727.518563919178,15802.277405549132,18207.273950169034,19477.278280653933,605556.2369614224,74112.17419191697,85012.71007630938,48041.70207399175,46598.577168538344,55936.38120860289,49272.70582491724,59929.021944015,72248.6328288808,57862.66684759766,56541.66479665247,1159.6934261304077,142.9974912480626,194.89375221586334,109.90311080892944,114.69353685144179,105.05345411840676,76.03844728302825,54.3869523326416,112.80759308444614,106.7328075004754,142.18628068711232,69208.1553990851,4739.598735975,10419.403778797954,5325.991354398384,5352.6654911091,7385.227717320446,5371.408449767595,4486.171864980787,10389.391802337514,6260.660143456997,9477.636060941015,291438.5914342489,28956.873374938034,39240.01755800589,20961.637439471877,19518.10166450413,26116.336194995398,27111.524332885165,34897.22580120275,44291.47445173959,21390.06988875039,28955.33072775572,1806.1222496771086,264.2069461016998,347.4525921535654,215.18835639733885,219.99156668580514,178.2994503908448,137.1112249546287,93.52435475598143,167.29171538205975,55.37048777024078,127.68555508494413,79583.27836726596,1940.11408327028,6184.40967536173,5292.759127001893,6584.727963561828,7021.38670853432,5474.16137983247,4027.2273553505056,12295.040712601529,14291.645104375288,16471.806257376178,366631.6519734927,13085.845618881538,23909.470666433273,26282.651346167753,30035.00585487495,35980.43532404964,34448.30408699227,41439.64421656975,63012.48003920592,50428.87282093364,48008.941999383635,1042.8745609580194,178.5150395504694,315.34766815958426,66.35252231384277,82.80264469378292,59.39974254122054,44.54055695139706,29.807546192687987,87.22294073877649,69.81505755283642,109.0708422634216,257944.43256986383,18101.61777397511,31076.574683380422,15333.091710342038,18357.016423050904,19022.25963016637,12033.206507269431,9111.473230936572,26235.53780228704,53417.3862419757,55256.26856648003,1176045.8016165586,134573.493887929,150319.43673211458,84183.69044909763,87750.3818079185,105203.01356674063,82545.96917702233,99590.049775328,129145.48119205084,161137.65525530677,141596.62977304976,926.9430871512739,80.30204395001601,120.47384331741559,63.17383663653564,68.64587562187512,65.86590511410402,44.67997821508062,34.69245184466553,94.70038578713807,169.79929300695537,184.6094736574878
2170.0,118347.21502151486,10483.986874225782,17517.226366676758,8473.530350963723,10176.585892671317,10649.537154786445,6726.88319864284,5070.705867033406,11774.175799711444,17837.73030125812,19636.853215544914,603598.9226572713,79711.00088216136,86909.89808585729,46553.975390917,49242.186103429536,60232.811762890975,45915.004919152336,54593.293565007254,61890.76172122781,60737.873207170676,57812.11701945724,785.6059601163195,85.5685496149745,124.98823380844748,63.927339056701655,69.95538578002208,67.65130003352404,45.662336504625316,34.64696168945312,76.43504361088917,98.9223255223832,117.84848449529898,136055.36546647738,11776.405933719036,20147.282067154836,10545.015564301199,11639.938611308186,12814.249421619588,8918.125668083601,6727.518563919178,15802.277405549132,18207.273950169034,19477.278280653933,605556.2369614224,74112.17419191697,85012.71007630938,48041.70207399175,46598.577168538344,55936.38120860289,49272.70582491724,59929.021944015,72248.6328288808,57862.66684759766,56541.66479665247,1159.6934261304077,142.9974912480626,194.89375221586334,109.90311080892944,114.69353685144179,105.05345411840676,76.03844728302825,54.3869523326416,112.80759308444614,106.7328075004754,142.18628068711232,69208.1553990851,4739.598735975,10419.403778797954,5325.991354398384,5352.6654911091,7385.227717320446,5371.408449767595,4486.171864980787,10389.391802337514,6260.660143456997,9477.636060941015,291438.5914342489,28956.873374938034,39240.01755800589,20961.637439471877,19518.10166450413,26116.336194995398,27111.524332885165,34897.22580120275,44291.47445173959,21390.06988875039,28955.33072775572,1806.1222496771086,264.2069461016998,347.4525921535654,215.18835639733885,219.99156668580514,178.2994503908448,137.1112249546287,93.52435475598143,167.29171538205975,55.37048777024078,127.68555508494413,79583.27836726596,1940.11408327028,6184.40967536173,5292.759127001893,6584.727963561828,7021.38670853432,5474.16137983247,4027.2273553505056,12295.040712601529,14291.645104375288,16471.806257376178,366631.6519734927,13085.845618881538,23909.470666433273,26282.651346167753,30035.00585487495,35980.43532404964,34448.30408699227,41439.64421656975,63012.48003920592,50428.87282093364,48008.941999383635,1042.8745609580194,178.5150395504694,315.34766815958426,66.35252231384277,82.80264469378292,59.39974254122054,44.54055695139706,29.807546192687987,87.22294073877649,69.81505755283642,109.0708422634216,257944.43256986383,18101.61777397511,31076.574683380422,15333.091710342038,18357.016423050904,19022.25963016637,12033.206507269431,9111.473230936572,26235.53780228704,53417.3862419757,55256.26856648003,1176045.8016165586,134573.493887929,150319.43673211458,84183.69044909763,87750.3818079185,105203.01356674063,82545.96917702233,99590.049775328,129145.48119205084,161137.65525530677,141596.62977304976,926.9430871512739,80.30204395001601,120.47384331741559,63.17383663653564,68.64587562187512,65.86590511410402,44.67997821508062,34.69245184466553,94.70038578713807,169.79929300695537,184.6094736574878
2171.0,118347.21502151486,10483.986874225782,17517.226366676758,8473.530350963723,10176.585892671317,10649.537154786445,6726.88319864284,5070.705867033406,11774.175799711444,17837.73030125812,19636.853215544914,603598.9226572713,79711.00088216136,86909.89808585729,46553.975390917,49242.186103429536,60232.811762890975,45915.004919152336,54593.293565007254,61890.76172122781,60737.873207170676,57812.11701945724,785.6059601163195,85.5685496149745,124.98823380844748,63.927339056701655,69.95538578002208,67.65130003352404,45.662336504625316,34.64696168945312,76.43504361088917,98.9223255223832,117.84848449529898,136055.36546647738,11776.405933719036,20147.282067154836,10545.015564301199,11639.938611308186,12814.249421619588,8918.125668083601,6727.518563919178,15802.277405549132,18207.273950169034,19477.278280653933,605556.2369614224,74112.17419191697,85012.71007630938,48041.70207399175,46598.577168538344,55936.38120860289,49272.70582491724,59929.021944015,72248.6328288808,57862.66684759766,56541.66479665247,1159.6934261304077,142.9974912480626,194.89375221586334,109.90311080892944,114.69353685144179,105.05345411840676,76.03844728302825,54.3869523326416,112.80759308444614,106.7328075004754,142.18628068711232,69208.1553990851,4739.598735975,10419.403778797954,5325.991354398384,5352.6654911091,7385.227717320446,5371.408449767595,4486.171864980787,10389.391802337514,6260.660143456997,9477.636060941015,291438.5914342489,28956.873374938034,39240.01755800589,20961.637439471877,19518.10166450413,26116.336194995398,27111.524332885165,34897.22580120275,44291.47445173959,21390.06988875039,28955.33072775572,1806.1222496771086,264.2069461016998,347.4525921535654,215.18835639733885,219.99156668580514,178.2994503908448,137.1112249546287,93.52435475598143,167.29171538205975,55.37048777024078,127.68555508494413,79583.27836726596,1940.11408327028,6184.40967536173,5292.759127001893,6584.727963561828,7021.38670853432,5474.16137983247,4027.2273553505056,12295.040712601529,14291.645104375288,16471.806257376178,366631.6519734927,13085.845618881538,23909.470666433273,26282.651346167753,30035.00585487495,35980.43532404964,34448.30408699227,41439.64421656975,63012.48003920592,50428.87282093364,48008.941999383635,1042.8745609580194,178.5150395504694,315.34766815958426,66.35252231384277,82.80264469378292,59.39974254122054,44.54055695139706,29.807546192687987,87.22294073877649,69.81505755283642,109.0708422634216,257944.43256986383,18101.61777397511,31076.574683380422,15333.091710342038,18357.016423050904,19022.25963016637,12033.206507269431,9111.473230936572,26235.53780228704,53417.3862419757,55256.26856648003,1176045.8016165586,134573.493887929,150319.43673211458,84183.69044909763,87750.3818079185,105203.01356674063,82545.96917702233,99590.049775328,129145.48119205084,161137.65525530677,141596.62977304976,926.9430871512739,80.30204395001601,120.47384331741559,63.17383663653564,68.64587562187512,65.86590511410402,44.67997821508062,34.69245184466553,94.70038578713807,169.79929300695537,184.6094736574878
2172.0,118347.21502151486,10483.986874225782,17517.226366676758,8473.530350963723,10176.585892671317,10649.537154786445,6726.88319864284,5070.705867033406,11774.175799711444,17837.73030125812,19636.853215544914,603598.9226572713,79711.00088216136,86909.89808585729,46553.975390917,49242.186103429536,60232.811762890975,45915.004919152336,54593.293565007254,61890.76172122781,60737.873207170676,57812.11701945724,785.6059601163195,85.5685496149745,124.98823380844748,63.927339056701655,69.95538578002208,67.65130003352404,45.662336504625316,34.64696168945312,76.43504361088917,98.9223255223832,117.84848449529898,136055.36546647738,11776.405933719036,20147.282067154836,10545.015564301199,11639.938611308186,12814.249421619588,8918.125668083601,6727.518563919178,15802.277405549132,18207.273950169034,19477.278280653933,605556.2369614224,74112.17419191697,85012.71007630938,48041.70207399175,46598.577168538344,55936.38120860289,49272.70582491724,59929.021944015,72248.6328288808,57862.66684759766,56541.66479665247,1159.6934261304077,142.9974912480626,194.89375221586334,109.90311080892944,114.69353685144179,105.05345411840676,76.03844728302825,54.3869523326416,112.80759308444614,106.7328075004754,142.18628068711232,69208.1553990851,4739.598735975,10419.403778797954,5325.991354398384,5352.6654911091,7385.227717320446,5371.408449767595,4486.171864980787,10389.391802337514,6260.660143456997,9477.636060941015,291438.5914342489,28956.873374938034,39240.01755800589,20961.637439471877,19518.10166450413,26116.336194995398,27111.524332885165,34897.22580120275,44291.47445173959,21390.06988875039,28955.33072775572,1806.1222496771086,264.2069461016998,347.4525921535654,215.18835639733885,219.99156668580514,178.2994503908448,137.1112249546287,93.52435475598143,167.29171538205975,55.37048777024078,127.68555508494413,79583.27836726596,1940.11408327028,6184.40967536173,5292.759127001893,6584.727963561828,7021.38670853432,5474.16137983247,4027.2273553505056,12295.040712601529,14291.645104375288,16471.806257376178,366631.6519734927,13085.845618881538,23909.470666433273,26282.651346167753,30035.00585487495,35980.43532404964,34448.30408699227,41439.64421656975,63012.48003920592,50428.87282093364,48008.941999383635,1042.8745609580194,178.5150395504694,315.34766815958426,66.35252231384277,82.80264469378292,59.39974254122054,44.54055695139706,29.807546192687987,87.22294073877649,69.81505755283642,109.0708422634216,257944.43256986383,18101.61777397511,31076.574683380422,15333.091710342038,18357.016423050904,19022.25963016637,12033.206507269431,9111.473230936572,26235.53780228704,53417.3862419757,55256.26856648003,1176045.8016165586,134573.493887929,150319.43673211458,84183.69044909763,87750.3818079185,105203.01356674063,82545.96917702233,99590.049775328,129145.48119205084,161137.65525530677,141596.62977304976,926.9430871512739,80.30204395001601,120.47384331741559,63.17383663653564,68.64587562187512,65.86590511410402,44.67997821508062,34.69245184466553,94.70038578713807,169.79929300695537,184.6094736574878
2173.0,118347.21502151486,10483.986874225782,17517.226366676758,8473.530350963723,10176.585892671317,10649.537154786445,6726.88319864284,5070.705867033406,11774.175799711444,17837.73030125812,19636.853215544914,603598.9226572713,79711.00088216136,86909.89808585729,46553.975390917,49242.186103429536,60232.811762890975,45915.004919152336,54593.293565007254,61890.76172122781,60737.873207170676,57812.11701945724,785.6059601163195,85.5685496149745,124.98823380844748,63.927339056701655,69.95538578002208,67.65130003352404,45.662336504625316,34.64696168945312,76.43504361088917,98.9223255223832,117.84848449529898,136055.36546647738,11776.405933719036,20147.282067154836,10545.015564301199,11639.938611308186,12814.249421619588,8918.125668083601,6727.518563919178,15802.277405549132,18207.273950169034,19477.278280653933,605556.2369614224,74112.17419191697,85012.71007630938,48041.70207399175,46598.577168538344,55936.38120860289,49272.70582491724,59929.021944015,72248.6328288808,57862.66684759766,56541.66479665247,1159.6934261304077,142.9974912480626,194.89375221586334,109.90311080892944,114.69353685144179,105.05345411840676,76.03844728302825,54.3869523326416,112.80759308444614,106.7328075004754,142.18628068711232,69208.1553990851,4739.598735975,10419.403778797954,5325.991354398384,5352.6654911091,7385.227717320446,5371.408449767595,4486.171864980787,10389.391802337514,6260.660143456997,9477.636060941015,291438.5914342489,28956.873374938034,39240.01755800589,20961.637439471877,19518.10166450413,26116.336194995398,27111.524332885165,34897.22580120275,44291.47445173959,21390.06988875039,28955.33072775572,1806.1222496771086,264.2069461016998,347.4525921535654,215.18835639733885,219.99156668580514,178.2994503908448,137.1112249546287,93.52435475598143,167.29171538205975,55.37048777024078,127.68555508494413,79583.27836726596,1940.11408327028,6184.40967536173,5292.759127001893,6584.727963561828,7021.38670853432,5474.16137983247,4027.2273553505056,12295.040712601529,14291.645104375288,16471.806257376178,366631.6519734927,13085.845618881538,23909.470666433273,26282.651346167753,30035.00585487495,35980.43532404964,34448.30408699227,41439.64421656975,63012.48003920592,50428.87282093364,48008.941999383635,1042.8745609580194,178.5150395504694,315.34766815958426,66.35252231384277,82.80264469378292,59.39974254122054,44.54055695139706,29.807546192687987,87.22294073877649,69.81505755283642,109.0708422634216,257944.43256986383,18101.61777397511,31076.574683380422,15333.091710342038,18357.016423050904,19022.25963016637,12033.206507269431,9111.473230936572,26235.53780228704,53417.3862419757,55256.26856648003,1176045.8016165586,134573.493887929,150319.43673211458,84183.69044909763,87750.3818079185,105203.01356674063,82545.96917702233,99590.049775328,129145.48119205084,161137.65525530677,141596.62977304976,926.9430871512739,80.30204395001601,120.47384331741559,63.17383663653564,68.64587562187512,65.86590511410402,44.67997821508062,34.69245184466553,94.70038578713807,169.79929300695537,184.6094736574878
2174.0,118347.21502151486,10483.986874225782,17517.226366676758,8473.530350963723,10176.585892671317,10649.537154786445,6726.88319864284,5070.705867033406,11774.175799711444,17837.73030125812,19636.853215544914,603598.9226572713,79711.00088216136,86909.89808585729,46553.975390917,49242.186103429536,60232.811762890975,45915.004919152336,54593.293565007254,61890.76172122781,60737.873207170676,57812.11701945724,785.6059601163195,85.5685496149745,124.98823380844748,63.927339056701655,69.95538578002208,67.65130003352404,45.662336504625316,34.64696168945312,76.43504361088917,98.9223255223832,117.84848449529898,136055.36546647738,11776.405933719036,20147.282067154836,10545.015564301199,11639.938611308186,12814.249421619588,8918.125668083601,6727.518563919178,15802.277405549132,18207.273950169034,19477.278280653933,605556.2369614224,74112.17419191697,85012.71007630938,48041.70207399175,46598.577168538344,55936.38120860289,49272.70582491724,59929.021944015,72248.6328288808,57862.66684759766,56541.66479665247,1159.6934261304077,142.9974912480626,194.89375221586334,109.90311080892944,114.69353685144179,105.05345411840676,76.03844728302825,54.3869523326416,112.80759308444614,106.7328075004754,142.18628068711232,69208.1553990851,4739.598735975,10419.403778797954,5325.991354398384,5352.6654911091,7385.227717320446,5371.408449767595,4486.171864980787,10389.391802337514,6260.660143456997,9477.636060941015,291438.5914342489,28956.873374938034,39240.01755800589,20961.637439471877,19518.10166450413,26116.336194995398,27111.524332885165,34897.22580120275,44291.47445173959,21390.06988875039,28955.33072775572,1806.1222496771086,264.2069461016998,347.4525921535654,215.18835639733885,219.99156668580514,178.2994503908448,137.1112249546287,93.52435475598143,167.29171538205975,55.37048777024078,127.68555508494413,79583.27836726596,1940.11408327028,6184.40967536173,5292.759127001893,6584.727963561828,7021.38670853432,5474.16137983247,4027.2273553505056,12295.040712601529,14291.645104375288,16471.806257376178,366631.6519734927,13085.845618881538,23909.470666433273,26282.651346167753,30035.00585487495,35980.43532404964,34448.30408699227,41439.64421656975,63012.48003920592,50428.87282093364,48008.941999383635,1042.8745609580194,178.5150395504694,315.34766815958426,66.35252231384277,82.80264469378292,59.39974254122054,44.54055695139706,29.807546192687987,87.22294073877649,69.81505755283642,109.0708422634216,257944.43256986383,18101.61777397511,31076.574683380422,15333.091710342038,18357.016423050904,19022.25963016637,12033.206507269431,9111.473230936572,26235.53780228704,53417.3862419757,55256.26856648003,1176045.8016165586,134573.493887929,150319.43673211458,84183.69044909763,87750.3818079185,105203.01356674063,82545.96917702233,99590.049775328,129145.48119205084,161137.65525530677,141596.62977304976,926.9430871512739,80.30204395001601,120.47384331741559,63.17383663653564,68.64587562187512,65.86590511410402,44.67997821508062,34.69245184466553,94.70038578713807,169.79929300695537,184.6094736574878
2175.0,118347.21502151486,10483.986874225782,17517.226366676758,8473.530350963723,10176.585892671317,10649.537154786445,6726.88319864284,5070.705867033406,11774.175799711444,17837.73030125812,19636.853215544914,603598.9226572713,79711.00088216136,86909.89808585729,46553.975390917,49242.186103429536,60232.811762890975,45915.004919152336,54593.293565007254,61890.76172122781,60737.873207170676,57812.11701945724,785.6059601163195,85.5685496149745,124.98823380844748,63.927339056701655,69.95538578002208,67.65130003352404,45.662336504625316,34.64696168945312,76.43504361088917,98.9223255223832,117.84848449529898,136055.36546647738,11776.405933719036,20147.282067154836,10545.015564301199,11639.938611308186,12814.249421619588,8918.125668083601,6727.518563919178,15802.277405549132,18207.273950169034,19477.278280653933,605556.2369614224,74112.17419191697,85012.71007630938,48041.70207399175,46598.577168538344,55936.38120860289,49272.70582491724,59929.021944015,72248.6328288808,57862.66684759766,56541.66479665247,1159.6934261304077,142.9974912480626,194.89375221586334,109.90311080892944,114.69353685144179,105.05345411840676,76.03844728302825,54.3869523326416,112.80759308444614,106.7328075004754,142.18628068711232,69208.1553990851,4739.598735975,10419.403778797954,5325.991354398384,5352.6654911091,7385.227717320446,5371.408449767595,4486.171864980787,10389.391802337514,6260.660143456997,9477.636060941015,291438.5914342489,28956.873374938034,39240.01755800589,20961.637439471877,19518.10166450413,26116.336194995398,27111.524332885165,34897.22580120275,44291.47445173959,21390.06988875039,28955.33072775572,1806.1222496771086,264.2069461016998,347.4525921535654,215.18835639733885,219.99156668580514,178.2994503908448,137.1112249546287,93.52435475598143,167.29171538205975,55.37048777024078,127.68555508494413,79583.27836726596,1940.11408327028,6184.40967536173,5292.759127001893,6584.727963561828,7021.38670853432,5474.16137983247,4027.2273553505056,12295.040712601529,14291.645104375288,16471.806257376178,366631.6519734927,13085.845618881538,23909.470666433273,26282.651346167753,30035.00585487495,35980.43532404964,34448.30408699227,41439.64421656975,63012.48003920592,50428.87282093364,48008.941999383635,1042.8745609580194,178.5150395504694,315.34766815958426,66.35252231384277,82.80264469378292,59.39974254122054,44.54055695139706,29.807546192687987,87.22294073877649,69.81505755283642,109.0708422634216,257944.43256986383,18101.61777397511,31076.574683380422,15333.091710342038,18357.016423050904,19022.25963016637,12033.206507269431,9111.473230936572,26235.53780228704,53417.3862419757,55256.26856648003,1176045.8016165586,134573.493887929,150319.43673211458,84183.69044909763,87750.3818079185,105203.01356674063,82545.96917702233,99590.049775328,129145.48119205084,161137.65525530677,141596.62977304976,926.9430871512739,80.30204395001601,120.47384331741559,63.17383663653564,68.64587562187512,65.86590511410402,44.67997821508062,34.69245184466553,94.70038578713807,169.79929300695537,184.6094736574878
2176.0,118347.21502151486,10483.986874225782,17517.226366676758,8473.530350963723,10176.585892671317,10649.537154786445,6726.88319864284,5070.705867033406,11774.175799711444,17837.73030125812,19636.853215544914,603598.9226572713,79711.00088216136,86909.89808585729,46553.975390917,49242.186103429536,60232.811762890975,45915.004919152336,54593.293565007254,61890.76172122781,60737.873207170676,57812.11701945724,785.6059601163195,85.5685496149745,124.98823380844748,63.927339056701655,69.95538578002208,67.65130003352404,45.662336504625316,34.64696168945312,76.43504361088917,98.9223255223832,117.84848449529898,136055.36546647738,11776.405933719036,20147.282067154836,10545.015564301199,11639.938611308186,12814.249421619588,8918.125668083601,6727.518563919178,15802.277405549132,18207.273950169034,19477.278280653933,605556.2369614224,74112.17419191697,85012.71007630938,48041.70207399175,46598.577168538344,55936.38120860289,49272.70582491724,59929.021944015,72248.6328288808,57862.66684759766,56541.66479665247,1159.6934261304077,142.9974912480626,194.89375221586334,109.90311080892944,114.69353685144179,105.05345411840676,76.03844728302825,54.3869523326416,112.80759308444614,106.7328075004754,142.18628068711232,69208.1553990851,4739.598735975,10419.403778797954,5325.991354398384,5352.6654911091,7385.227717320446,5371.408449767595,4486.171864980787,10389.391802337514,6260.660143456997,9477.636060941015,291438.5914342489,28956.873374938034,39240.01755800589,20961.637439471877,19518.10166450413,26116.336194995398,27111.524332885165,34897.22580120275,44291.47445173959,21390.06988875039,28955.33072775572,1806.1222496771086,264.2069461016998,347.4525921535654,215.18835639733885,219.99156668580514,178.2994503908448,137.1112249546287,93.52435475598143,167.29171538205975,55.37048777024078,127.68555508494413,79583.27836726596,1940.11408327028,6184.40967536173,5292.759127001893,6584.727963561828,7021.38670853432,5474.16137983247,4027.2273553505056,12295.040712601529,14291.645104375288,16471.806257376178,366631.6519734927,13085.845618881538,23909.470666433273,26282.651346167753,30035.00585487495,35980.43532404964,34448.30408699227,41439.64421656975,63012.48003920592,50428.87282093364,48008.941999383635,1042.8745609580194,178.5150395504694,315.34766815958426,66.35252231384277,82.80264469378292,59.39974254122054,44.54055695139706,29.807546192687987,87.22294073877649,69.81505755283642,109.0708422634216,257944.43256986383,18101.61777397511,31076.574683380422,15333.091710342038,18357.016423050904,19022.25963016637,12033.206507269431,9111.473230936572,26235.53780228704,53417.3862419757,55256.26856648003,1176045.8016165586,134573.493887929,150319.43673211458,84183.69044909763,87750.3818079185,105203.01356674063,82545.96917702233,99590.049775328,129145.48119205084,161137.65525530677,141596.62977304976,926.9430871512739,80.30204395001601,120.47384331741559,63.17383663653564,68.64587562187512,65.86590511410402,44.67997821508062,34.69245184466553,94.70038578713807,169.79929300695537,184.6094736574878
2177.0,118347.21502151486,10483.986874225782,17517.226366676758,8473.530350963723,10176.585892671317,10649.537154786445,6726.88319864284,5070.705867033406,11774.175799711444,17837.73030125812,19636.853215544914,603598.9226572713,79711.00088216136,86909.89808585729,46553.975390917,49242.186103429536,60232.811762890975,45915.004919152336,54593.293565007254,61890.76172122781,60737.873207170676,57812.11701945724,785.6059601163195,85.5685496149745,124.98823380844748,63.927339056701655,69.95538578002208,67.65130003352404,45.662336504625316,34.64696168945312,76.43504361088917,98.9223255223832,117.84848449529898,136055.36546647738,11776.405933719036,20147.282067154836,10545.015564301199,11639.938611308186,12814.249421619588,8918.125668083601,6727.518563919178,15802.277405549132,18207.273950169034,19477.278280653933,605556.2369614224,74112.17419191697,85012.71007630938,48041.70207399175,46598.577168538344,55936.38120860289,49272.70582491724,59929.021944015,72248.6328288808,57862.66684759766,56541.66479665247,1159.6934261304077,142.9974912480626,194.89375221586334,109.90311080892944,114.69353685144179,105.05345411840676,76.03844728302825,54.3869523326416,112.80759308444614,106.7328075004754,142.18628068711232,69208.1553990851,4739.598735975,10419.403778797954,5325.991354398384,5352.6654911091,7385.227717320446,5371.408449767595,4486.171864980787,10389.391802337514,6260.660143456997,9477.636060941015,291438.5914342489,28956.873374938034,39240.01755800589,20961.637439471877,19518.10166450413,26116.336194995398,27111.524332885165,34897.22580120275,44291.47445173959,21390.06988875039,28955.33072775572,1806.1222496771086,264.2069461016998,347.4525921535654,215.18835639733885,219.99156668580514,178.2994503908448,137.1112249546287,93.52435475598143,167.29171538205975,55.37048777024078,127.68555508494413,79583.27836726596,1940.11408327028,6184.40967536173,5292.759127001893,6584.727963561828,7021.38670853432,5474.16137983247,4027.2273553505056,12295.040712601529,14291.645104375288,16471.806257376178,366631.6519734927,13085.845618881538,23909.470666433273,26282.651346167753,30035.00585487495,35980.43532404964,34448.30408699227,41439.64421656975,63012.48003920592,50428.87282093364,48008.941999383635,1042.8745609580194,178.5150395504694,315.34766815958426,66.35252231384277,82.80264469378292,59.39974254122054,44.54055695139706,29.807546192687987,87.22294073877649,69.81505755283642,109.0708422634216,257944.43256986383,18101.61777397511,31076.574683380422,15333.091710342038,18357.016423050904,19022.25963016637,12033.206507269431,9111.473230936572,26235.53780228704,53417.3862419757,55256.26856648003,1176045.8016165586,134573.493887929,150319.43673211458,84183.69044909763,87750.3818079185,105203.01356674063,82545.96917702233,99590.049775328,129145.48119205084,161137.65525530677,141596.62977304976,926.9430871512739,80.30204395001601,120.47384331741559,63.17383663653564,68.64587562187512,65.86590511410402,44.67997821508062,34.69245184466553,94.70038578713807,169.79929300695537,184.6094736574878
2178.0,118347.21502151486,10483.986874225782,17517.226366676758,8473.530350963723,10176.585892671317,10649.537154786445,6726.88319864284,5070.705867033406,11774.175799711444,17837.73030125812,19636.853215544914,603598.9226572713,79711.00088216136,86909.89808585729,46553.975390917,49242.186103429536,60232.811762890975,45915.004919152336,54593.293565007254,61890.76172122781,60737.873207170676,57812.11701945724,785.6059601163195,85.5685496149745,124.98823380844748,63.927339056701655,69.95538578002208,67.65130003352404,45.662336504625316,34.64696168945312,76.43504361088917,98.9223255223832,117.84848449529898,136055.36546647738,11776.405933719036,20147.282067154836,10545.015564301199,11639.938611308186,12814.249421619588,8918.125668083601,6727.518563919178,15802.277405549132,18207.273950169034,19477.278280653933,605556.2369614224,74112.17419191697,85012.71007630938,48041.70207399175,46598.577168538344,55936.38120860289,49272.70582491724,59929.021944015,72248.6328288808,57862.66684759766,56541.66479665247,1159.6934261304077,142.9974912480626,194.89375221586334,109.90311080892944,114.69353685144179,105.05345411840676,76.03844728302825,54.3869523326416,112.80759308444614,106.7328075004754,142.18628068711232,69208.1553990851,4739.598735975,10419.403778797954,5325.991354398384,5352.6654911091,7385.227717320446,5371.408449767595,4486.171864980787,10389.391802337514,6260.660143456997,9477.636060941015,291438.5914342489,28956.873374938034,39240.01755800589,20961.637439471877,19518.10166450413,26116.336194995398,27111.524332885165,34897.22580120275,44291.47445173959,21390.06988875039,28955.33072775572,1806.1222496771086,264.2069461016998,347.4525921535654,215.18835639733885,219.99156668580514,178.2994503908448,137.1112249546287,93.52435475598143,167.29171538205975,55.37048777024078,127.68555508494413,79583.27836726596,1940.11408327028,6184.40967536173,5292.759127001893,6584.727963561828,7021.38670853432,5474.16137983247,4027.2273553505056,12295.040712601529,14291.645104375288,16471.806257376178,366631.6519734927,13085.845618881538,23909.470666433273,26282.651346167753,30035.00585487495,35980.43532404964,34448.30408699227,41439.64421656975,63012.48003920592,50428.87282093364,48008.941999383635,1042.8745609580194,178.5150395504694,315.34766815958426,66.35252231384277,82.80264469378292,59.39974254122054,44.54055695139706,29.807546192687987,87.22294073877649,69.81505755283642,109.0708422634216,257944.43256986383,18101.61777397511,31076.574683380422,15333.091710342038,18357.016423050904,19022.25963016637,12033.206507269431,9111.473230936572,26235.53780228704,53417.3862419757,55256.26856648003,1176045.8016165586,134573.493887929,150319.43673211458,84183.69044909763,87750.3818079185,105203.01356674063,82545.96917702233,99590.049775328,129145.48119205084,161137.65525530677,141596.62977304976,926.9430871512739,80.30204395001601,120.47384331741559,63.17383663653564,68.64587562187512,65.86590511410402,44.67997821508062,34.69245184466553,94.70038578713807,169.79929300695537,184.6094736574878
2179.0,118347.21502151486,10483.986874225782,17517.226366676758,8473.530350963723,10176.585892671317,10649.537154786445,6726.88319864284,5070.705867033406,11774.175799711444,17837.73030125812,19636.853215544914,603598.9226572713,79711.00088216136,86909.89808585729,46553.975390917,49242.186103429536,60232.811762890975,45915.004919152336,54593.293565007254,61890.76172122781,60737.873207170676,57812.11701945724,785.6059601163195,85.5685496149745,124.98823380844748,63.927339056701655,69.95538578002208,67.65130003352404,45.662336504625316,34.64696168945312,76.43504361088917,98.9223255223832,117.84848449529898,136055.36546647738,11776.405933719036,20147.282067154836,10545.015564301199,11639.938611308186,12814.249421619588,8918.125668083601,6727.518563919178,15802.277405549132,18207.273950169034,19477.278280653933,605556.2369614224,74112.17419191697,85012.71007630938,48041.70207399175,46598.577168538344,55936.38120860289,49272.70582491724,59929.021944015,72248.6328288808,57862.66684759766,56541.66479665247,1159.6934261304077,142.9974912480626,194.89375221586334,109.90311080892944,114.69353685144179,105.05345411840676,76.03844728302825,54.3869523326416,112.80759308444614,106.7328075004754,142.18628068711232,69208.1553990851,4739.598735975,10419.403778797954,5325.991354398384,5352.6654911091,7385.227717320446,5371.408449767595,4486.171864980787,10389.391802337514,6260.660143456997,9477.636060941015,291438.5914342489,28956.873374938034,39240.01755800589,20961.637439471877,19518.10166450413,26116.336194995398,27111.524332885165,34897.22580120275,44291.47445173959,21390.06988875039,28955.33072775572,1806.1222496771086,264.2069461016998,347.4525921535654,215.18835639733885,219.99156668580514,178.2994503908448,137.1112249546287,93.52435475598143,167.29171538205975,55.37048777024078,127.68555508494413,79583.27836726596,1940.11408327028,6184.40967536173,5292.759127001893,6584.727963561828,7021.38670853432,5474.16137983247,4027.2273553505056,12295.040712601529,14291.645104375288,16471.806257376178,366631.6519734927,13085.845618881538,23909.470666433273,26282.651346167753,30035.00585487495,35980.43532404964,34448.30408699227,41439.64421656975,63012.48003920592,50428.87282093364,48008.941999383635,1042.8745609580194,178.5150395504694,315.34766815958426,66.35252231384277,82.80264469378292,59.39974254122054,44.54055695139706,29.807546192687987,87.22294073877649,69.81505755283642,109.0708422634216,257944.43256986383,18101.61777397511,31076.574683380422,15333.091710342038,18357.016423050904,19022.25963016637,12033.206507269431,9111.473230936572,26235.53780228704,53417.3862419757,55256.26856648003,1176045.8016165586,134573.493887929,150319.43673211458,84183.69044909763,87750.3818079185,105203.01356674063,82545.96917702233,99590.049775328,129145.48119205084,161137.65525530677,141596.62977304976,926.9430871512739,80.30204395001601,120.47384331741559,63.17383663653564,68.64587562187512,65.86590511410402,44.67997821508062,34.69245184466553,94.70038578713807,169.79929300695537,184.6094736574878
2180.0,118347.21502151486,10483.986874225782,17517.226366676758,8473.530350963723,10176.585892671317,10649.537154786445,6726.88319864284,5070.705867033406,11774.175799711444,17837.73030125812,19636.853215544914,603598.9226572713,79711.00088216136,86909.89808585729,46553.975390917,49242.186103429536,60232.811762890975,45915.004919152336,54593.293565007254,61890.76172122781,60737.873207170676,57812.11701945724,785.6059601163195,85.5685496149745,124.98823380844748,63.927339056701655,69.95538578002208,67.65130003352404,45.662336504625316,34.64696168945312,76.43504361088917,98.9223255223832,117.84848449529898,136055.36546647738,11776.405933719036,20147.282067154836,10545.015564301199,11639.938611308186,12814.249421619588,8918.125668083601,6727.518563919178,15802.277405549132,18207.273950169034,19477.278280653933,605556.2369614224,74112.17419191697,85012.71007630938,48041.70207399175,46598.577168538344,55936.38120860289,49272.70582491724,59929.021944015,72248.6328288808,57862.66684759766,56541.66479665247,1159.6934261304077,142.9974912480626,194.89375221586334,109.90311080892944,114.69353685144179,105.05345411840676,76.03844728302825,54.3869523326416,112.80759308444614,106.7328075004754,142.18628068711232,69208.1553990851,4739.598735975,10419.403778797954,5325.991354398384,5352.6654911091,7385.227717320446,5371.408449767595,4486.171864980787,10389.391802337514,6260.660143456997,9477.636060941015,291438.5914342489,28956.873374938034,39240.01755800589,20961.637439471877,19518.10166450413,26116.336194995398,27111.524332885165,34897.22580120275,44291.47445173959,21390.06988875039,28955.33072775572,1806.1222496771086,264.2069461016998,347.4525921535654,215.18835639733885,219.99156668580514,178.2994503908448,137.1112249546287,93.52435475598143,167.29171538205975,55.37048777024078,127.68555508494413,79583.27836726596,1940.11408327028,6184.40967536173,5292.759127001893,6584.727963561828,7021.38670853432,5474.16137983247,4027.2273553505056,12295.040712601529,14291.645104375288,16471.806257376178,366631.6519734927,13085.845618881538,23909.470666433273,26282.651346167753,30035.00585487495,35980.43532404964,34448.30408699227,41439.64421656975,63012.48003920592,50428.87282093364,48008.941999383635,1042.8745609580194,178.5150395504694,315.34766815958426,66.35252231384277,82.80264469378292,59.39974254122054,44.54055695139706,29.807546192687987,87.22294073877649,69.81505755283642,109.0708422634216,257944.43256986383,18101.61777397511,31076.574683380422,15333.091710342038,18357.016423050904,19022.25963016637,12033.206507269431,9111.473230936572,26235.53780228704,53417.3862419757,55256.26856648003,1176045.8016165586,134573.493887929,150319.43673211458,84183.69044909763,87750.3818079185,105203.01356674063,82545.96917702233,99590.049775328,129145.48119205084,161137.65525530677,141596.62977304976,926.9430871512739,80.30204395001601,120.47384331741559,63.17383663653564,68.64587562187512,65.86590511410402,44.67997821508062,34.69245184466553,94.70038578713807,169.79929300695537,184.6094736574878
2181.0,118347.21502151486,10483.986874225782,17517.226366676758,8473.530350963723,10176.585892671317,10649.537154786445,6726.88319864284,5070.705867033406,11774.175799711444,17837.73030125812,19636.853215544914,603598.9226572713,79711.00088216136,86909.89808585729,46553.975390917,49242.186103429536,60232.811762890975,45915.004919152336,54593.293565007254,61890.76172122781,60737.873207170676,57812.11701945724,785.6059601163195,85.5685496149745,124.98823380844748,63.927339056701655,69.95538578002208,67.65130003352404,45.662336504625316,34.64696168945312,76.43504361088917,98.9223255223832,117.84848449529898,136055.36546647738,11776.405933719036,20147.282067154836,10545.015564301199,11639.938611308186,12814.249421619588,8918.125668083601,6727.518563919178,15802.277405549132,18207.273950169034,19477.278280653933,605556.2369614224,74112.17419191697,85012.71007630938,48041.70207399175,46598.577168538344,55936.38120860289,49272.70582491724,59929.021944015,72248.6328288808,57862.66684759766,56541.66479665247,1159.6934261304077,142.9974912480626,194.89375221586334,109.90311080892944,114.69353685144179,105.05345411840676,76.03844728302825,54.3869523326416,112.80759308444614,106.7328075004754,142.18628068711232,69208.1553990851,4739.598735975,10419.403778797954,5325.991354398384,5352.6654911091,7385.227717320446,5371.408449767595,4486.171864980787,10389.391802337514,6260.660143456997,9477.636060941015,291438.5914342489,28956.873374938034,39240.01755800589,20961.637439471877,19518.10166450413,26116.336194995398,27111.524332885165,34897.22580120275,44291.47445173959,21390.06988875039,28955.33072775572,1806.1222496771086,264.2069461016998,347.4525921535654,215.18835639733885,219.99156668580514,178.2994503908448,137.1112249546287,93.52435475598143,167.29171538205975,55.37048777024078,127.68555508494413,79583.27836726596,1940.11408327028,6184.40967536173,5292.759127001893,6584.727963561828,7021.38670853432,5474.16137983247,4027.2273553505056,12295.040712601529,14291.645104375288,16471.806257376178,366631.6519734927,13085.845618881538,23909.470666433273,26282.651346167753,30035.00585487495,35980.43532404964,34448.30408699227,41439.64421656975,63012.48003920592,50428.87282093364,48008.941999383635,1042.8745609580194,178.5150395504694,315.34766815958426,66.35252231384277,82.80264469378292,59.39974254122054,44.54055695139706,29.807546192687987,87.22294073877649,69.81505755283642,109.0708422634216,257944.43256986383,18101.61777397511,31076.574683380422,15333.091710342038,18357.016423050904,19022.25963016637,12033.206507269431,9111.473230936572,26235.53780228704,53417.3862419757,55256.26856648003,1176045.8016165586,134573.493887929,150319.43673211458,84183.69044909763,87750.3818079185,105203.01356674063,82545.96917702233,99590.049775328,129145.48119205084,161137.65525530677,141596.62977304976,926.9430871512739,80.30204395001601,120.47384331741559,63.17383663653564,68.64587562187512,65.86590511410402,44.67997821508062,34.69245184466553,94.70038578713807,169.79929300695537,184.6094736574878
2182.0,118347.21502151486,10483.986874225782,17517.226366676758,8473.530350963723,10176.585892671317,10649.537154786445,6726.88319864284,5070.705867033406,11774.175799711444,17837.73030125812,19636.853215544914,603598.9226572713,79711.00088216136,86909.89808585729,46553.975390917,49242.186103429536,60232.811762890975,45915.004919152336,54593.293565007254,61890.76172122781,60737.873207170676,57812.11701945724,785.6059601163195,85.5685496149745,124.98823380844748,63.927339056701655,69.95538578002208,67.65130003352404,45.662336504625316,34.64696168945312,76.43504361088917,98.9223255223832,117.84848449529898,136055.36546647738,11776.405933719036,20147.282067154836,10545.015564301199,11639.938611308186,12814.249421619588,8918.125668083601,6727.518563919178,15802.277405549132,18207.273950169034,19477.278280653933,605556.2369614224,74112.17419191697,85012.71007630938,48041.70207399175,46598.577168538344,55936.38120860289,49272.70582491724,59929.021944015,72248.6328288808,57862.66684759766,56541.66479665247,1159.6934261304077,142.9974912480626,194.89375221586334,109.90311080892944,114.69353685144179,105.05345411840676,76.03844728302825,54.3869523326416,112.80759308444614,106.7328075004754,142.18628068711232,69208.1553990851,4739.598735975,10419.403778797954,5325.991354398384,5352.6654911091,7385.227717320446,5371.408449767595,4486.171864980787,10389.391802337514,6260.660143456997,9477.636060941015,291438.5914342489,28956.873374938034,39240.01755800589,20961.637439471877,19518.10166450413,26116.336194995398,27111.524332885165,34897.22580120275,44291.47445173959,21390.06988875039,28955.33072775572,1806.1222496771086,264.2069461016998,347.4525921535654,215.18835639733885,219.99156668580514,178.2994503908448,137.1112249546287,93.52435475598143,167.29171538205975,55.37048777024078,127.68555508494413,79583.27836726596,1940.11408327028,6184.40967536173,5292.759127001893,6584.727963561828,7021.38670853432,5474.16137983247,4027.2273553505056,12295.040712601529,14291.645104375288,16471.806257376178,366631.6519734927,13085.845618881538,23909.470666433273,26282.651346167753,30035.00585487495,35980.43532404964,34448.30408699227,41439.64421656975,63012.48003920592,50428.87282093364,48008.941999383635,1042.8745609580194,178.5150395504694,315.34766815958426,66.35252231384277,82.80264469378292,59.39974254122054,44.54055695139706,29.807546192687987,87.22294073877649,69.81505755283642,109.0708422634216,257944.43256986383,18101.61777397511,31076.574683380422,15333.091710342038,18357.016423050904,19022.25963016637,12033.206507269431,9111.473230936572,26235.53780228704,53417.3862419757,55256.26856648003,1176045.8016165586,134573.493887929,150319.43673211458,84183.69044909763,87750.3818079185,105203.01356674063,82545.96917702233,99590.049775328,129145.48119205084,161137.65525530677,141596.62977304976,926.9430871512739,80.30204395001601,120.47384331741559,63.17383663653564,68.64587562187512,65.86590511410402,44.67997821508062,34.69245184466553,94.70038578713807,169.79929300695537,184.6094736574878
2183.0,118347.21502151486,10483.986874225782,17517.226366676758,8473.530350963723,10176.585892671317,10649.537154786445,6726.88319864284,5070.705867033406,11774.175799711444,17837.73030125812,19636.853215544914,603598.9226572713,79711.00088216136,86909.89808585729,46553.975390917,49242.186103429536,60232.811762890975,45915.004919152336,54593.293565007254,61890.76172122781,60737.873207170676,57812.11701945724,785.6059601163195,85.5685496149745,124.98823380844748,63.927339056701655,69.95538578002208,67.65130003352404,45.662336504625316,34.64696168945312,76.43504361088917,98.9223255223832,117.84848449529898,136055.36546647738,11776.405933719036,20147.282067154836,10545.015564301199,11639.938611308186,12814.249421619588,8918.125668083601,6727.518563919178,15802.277405549132,18207.273950169034,19477.278280653933,605556.2369614224,74112.17419191697,85012.71007630938,48041.70207399175,46598.577168538344,55936.38120860289,49272.70582491724,59929.021944015,72248.6328288808,57862.66684759766,56541.66479665247,1159.6934261304077,142.9974912480626,194.89375221586334,109.90311080892944,114.69353685144179,105.05345411840676,76.03844728302825,54.3869523326416,112.80759308444614,106.7328075004754,142.18628068711232,69208.1553990851,4739.598735975,10419.403778797954,5325.991354398384,5352.6654911091,7385.227717320446,5371.408449767595,4486.171864980787,10389.391802337514,6260.660143456997,9477.636060941015,291438.5914342489,28956.873374938034,39240.01755800589,20961.637439471877,19518.10166450413,26116.336194995398,27111.524332885165,34897.22580120275,44291.47445173959,21390.06988875039,28955.33072775572,1806.1222496771086,264.2069461016998,347.4525921535654,215.18835639733885,219.99156668580514,178.2994503908448,137.1112249546287,93.52435475598143,167.29171538205975,55.37048777024078,127.68555508494413,79583.27836726596,1940.11408327028,6184.40967536173,5292.759127001893,6584.727963561828,7021.38670853432,5474.16137983247,4027.2273553505056,12295.040712601529,14291.645104375288,16471.806257376178,366631.6519734927,13085.845618881538,23909.470666433273,26282.651346167753,30035.00585487495,35980.43532404964,34448.30408699227,41439.64421656975,63012.48003920592,50428.87282093364,48008.941999383635,1042.8745609580194,178.5150395504694,315.34766815958426,66.35252231384277,82.80264469378292,59.39974254122054,44.54055695139706,29.807546192687987,87.22294073877649,69.81505755283642,109.0708422634216,257944.43256986383,18101.61777397511,31076.574683380422,15333.091710342038,18357.016423050904,19022.25963016637,12033.206507269431,9111.473230936572,26235.53780228704,53417.3862419757,55256.26856648003,1176045.8016165586,134573.493887929,150319.43673211458,84183.69044909763,87750.3818079185,105203.01356674063,82545.96917702233,99590.049775328,129145.48119205084,161137.65525530677,141596.62977304976,926.9430871512739,80.30204395001601,120.47384331741559,63.17383663653564,68.64587562187512,65.86590511410402,44.67997821508062,34.69245184466553,94.70038578713807,169.79929300695537,184.6094736574878
2184.0,118347.21502151486,10483.986874225782,17517.226366676758,8473.530350963723,10176.585892671317,10649.537154786445,6726.88319864284,5070.705867033406,11774.175799711444,17837.73030125812,19636.853215544914,603598.9226572713,79711.00088216136,86909.89808585729,46553.975390917,49242.186103429536,60232.811762890975,45915.004919152336,54593.293565007254,61890.76172122781,60737.873207170676,57812.11701945724,785.6059601163195,85.5685496149745,124.98823380844748,63.927339056701655,69.95538578002208,67.65130003352404,45.662336504625316,34.64696168945312,76.43504361088917,98.9223255223832,117.84848449529898,136055.36546647738,11776.405933719036,20147.282067154836,10545.015564301199,11639.938611308186,12814.249421619588,8918.125668083601,6727.518563919178,15802.277405549132,18207.273950169034,19477.278280653933,605556.2369614224,74112.17419191697,85012.71007630938,48041.70207399175,46598.577168538344,55936.38120860289,49272.70582491724,59929.021944015,72248.6328288808,57862.66684759766,56541.66479665247,1159.6934261304077,142.9974912480626,194.89375221586334,109.90311080892944,114.69353685144179,105.05345411840676,76.03844728302825,54.3869523326416,112.80759308444614,106.7328075004754,142.18628068711232,69208.1553990851,4739.598735975,10419.403778797954,5325.991354398384,5352.6654911091,7385.227717320446,5371.408449767595,4486.171864980787,10389.391802337514,6260.660143456997,9477.636060941015,291438.5914342489,28956.873374938034,39240.01755800589,20961.637439471877,19518.10166450413,26116.336194995398,27111.524332885165,34897.22580120275,44291.47445173959,21390.06988875039,28955.33072775572,1806.1222496771086,264.2069461016998,347.4525921535654,215.18835639733885,219.99156668580514,178.2994503908448,137.1112249546287,93.52435475598143,167.29171538205975,55.37048777024078,127.68555508494413,79583.27836726596,1940.11408327028,6184.40967536173,5292.759127001893,6584.727963561828,7021.38670853432,5474.16137983247,4027.2273553505056,12295.040712601529,14291.645104375288,16471.806257376178,366631.6519734927,13085.845618881538,23909.470666433273,26282.651346167753,30035.00585487495,35980.43532404964,34448.30408699227,41439.64421656975,63012.48003920592,50428.87282093364,48008.941999383635,1042.8745609580194,178.5150395504694,315.34766815958426,66.35252231384277,82.80264469378292,59.39974254122054,44.54055695139706,29.807546192687987,87.22294073877649,69.81505755283642,109.0708422634216,257944.43256986383,18101.61777397511,31076.574683380422,15333.091710342038,18357.016423050904,19022.25963016637,12033.206507269431,9111.473230936572,26235.53780228704,53417.3862419757,55256.26856648003,1176045.8016165586,134573.493887929,150319.43673211458,84183.69044909763,87750.3818079185,105203.01356674063,82545.96917702233,99590.049775328,129145.48119205084,161137.65525530677,141596.62977304976,926.9430871512739,80.30204395001601,120.47384331741559,63.17383663653564,68.64587562187512,65.86590511410402,44.67997821508062,34.69245184466553,94.70038578713807,169.79929300695537,184.6094736574878
2185.0,118347.21502151486,10483.986874225782,17517.226366676758,8473.530350963723,10176.585892671317,10649.537154786445,6726.88319864284,5070.705867033406,11774.175799711444,17837.73030125812,19636.853215544914,603598.9226572713,79711.00088216136,86909.89808585729,46553.975390917,49242.186103429536,60232.811762890975,45915.004919152336,54593.293565007254,61890.76172122781,60737.873207170676,57812.11701945724,785.6059601163195,85.5685496149745,124.98823380844748,63.927339056701655,69.95538578002208,67.65130003352404,45.662336504625316,34.64696168945312,76.43504361088917,98.9223255223832,117.84848449529898,136055.36546647738,11776.405933719036,20147.282067154836,10545.015564301199,11639.938611308186,12814.249421619588,8918.125668083601,6727.518563919178,15802.277405549132,18207.273950169034,19477.278280653933,605556.2369614224,74112.17419191697,85012.71007630938,48041.70207399175,46598.577168538344,55936.38120860289,49272.70582491724,59929.021944015,72248.6328288808,57862.66684759766,56541.66479665247,1159.6934261304077,142.9974912480626,194.89375221586334,109.90311080892944,114.69353685144179,105.05345411840676,76.03844728302825,54.3869523326416,112.80759308444614,106.7328075004754,142.18628068711232,69208.1553990851,4739.598735975,10419.403778797954,5325.991354398384,5352.6654911091,7385.227717320446,5371.408449767595,4486.171864980787,10389.391802337514,6260.660143456997,9477.636060941015,291438.5914342489,28956.873374938034,39240.01755800589,20961.637439471877,19518.10166450413,26116.336194995398,27111.524332885165,34897.22580120275,44291.47445173959,21390.06988875039,28955.33072775572,1806.1222496771086,264.2069461016998,347.4525921535654,215.18835639733885,219.99156668580514,178.2994503908448,137.1112249546287,93.52435475598143,167.29171538205975,55.37048777024078,127.68555508494413,79583.27836726596,1940.11408327028,6184.40967536173,5292.759127001893,6584.727963561828,7021.38670853432,5474.16137983247,4027.2273553505056,12295.040712601529,14291.645104375288,16471.806257376178,366631.6519734927,13085.845618881538,23909.470666433273,26282.651346167753,30035.00585487495,35980.43532404964,34448.30408699227,41439.64421656975,63012.48003920592,50428.87282093364,48008.941999383635,1042.8745609580194,178.5150395504694,315.34766815958426,66.35252231384277,82.80264469378292,59.39974254122054,44.54055695139706,29.807546192687987,87.22294073877649,69.81505755283642,109.0708422634216,257944.43256986383,18101.61777397511,31076.574683380422,15333.091710342038,18357.016423050904,19022.25963016637,12033.206507269431,9111.473230936572,26235.53780228704,53417.3862419757,55256.26856648003,1176045.8016165586,134573.493887929,150319.43673211458,84183.69044909763,87750.3818079185,105203.01356674063,82545.96917702233,99590.049775328,129145.48119205084,161137.65525530677,141596.62977304976,926.9430871512739,80.30204395001601,120.47384331741559,63.17383663653564,68.64587562187512,65.86590511410402,44.67997821508062,34.69245184466553,94.70038578713807,169.79929300695537,184.6094736574878
2186.0,118347.21502151486,10483.986874225782,17517.226366676758,8473.530350963723,10176.585892671317,10649.537154786445,6726.88319864284,5070.705867033406,11774.175799711444,17837.73030125812,19636.853215544914,603598.9226572713,79711.00088216136,86909.89808585729,46553.975390917,49242.186103429536,60232.811762890975,45915.004919152336,54593.293565007254,61890.76172122781,60737.873207170676,57812.11701945724,785.6059601163195,85.5685496149745,124.98823380844748,63.927339056701655,69.95538578002208,67.65130003352404,45.662336504625316,34.64696168945312,76.43504361088917,98.9223255223832,117.84848449529898,136055.36546647738,11776.405933719036,20147.282067154836,10545.015564301199,11639.938611308186,12814.249421619588,8918.125668083601,6727.518563919178,15802.277405549132,18207.273950169034,19477.278280653933,605556.2369614224,74112.17419191697,85012.71007630938,48041.70207399175,46598.577168538344,55936.38120860289,49272.70582491724,59929.021944015,72248.6328288808,57862.66684759766,56541.66479665247,1159.6934261304077,142.9974912480626,194.89375221586334,109.90311080892944,114.69353685144179,105.05345411840676,76.03844728302825,54.3869523326416,112.80759308444614,106.7328075004754,142.18628068711232,69208.1553990851,4739.598735975,10419.403778797954,5325.991354398384,5352.6654911091,7385.227717320446,5371.408449767595,4486.171864980787,10389.391802337514,6260.660143456997,9477.636060941015,291438.5914342489,28956.873374938034,39240.01755800589,20961.637439471877,19518.10166450413,26116.336194995398,27111.524332885165,34897.22580120275,44291.47445173959,21390.06988875039,28955.33072775572,1806.1222496771086,264.2069461016998,347.4525921535654,215.18835639733885,219.99156668580514,178.2994503908448,137.1112249546287,93.52435475598143,167.29171538205975,55.37048777024078,127.68555508494413,79583.27836726596,1940.11408327028,6184.40967536173,5292.759127001893,6584.727963561828,7021.38670853432,5474.16137983247,4027.2273553505056,12295.040712601529,14291.645104375288,16471.806257376178,366631.6519734927,13085.845618881538,23909.470666433273,26282.651346167753,30035.00585487495,35980.43532404964,34448.30408699227,41439.64421656975,63012.48003920592,50428.87282093364,48008.941999383635,1042.8745609580194,178.5150395504694,315.34766815958426,66.35252231384277,82.80264469378292,59.39974254122054,44.54055695139706,29.807546192687987,87.22294073877649,69.81505755283642,109.0708422634216,257944.43256986383,18101.61777397511,31076.574683380422,15333.091710342038,18357.016423050904,19022.25963016637,12033.206507269431,9111.473230936572,26235.53780228704,53417.3862419757,55256.26856648003,1176045.8016165586,134573.493887929,150319.43673211458,84183.69044909763,87750.3818079185,105203.01356674063,82545.96917702233,99590.049775328,129145.48119205084,161137.65525530677,141596.62977304976,926.9430871512739,80.30204395001601,120.47384331741559,63.17383663653564,68.64587562187512,65.86590511410402,44.67997821508062,34.69245184466553,94.70038578713807,169.79929300695537,184.6094736574878
2187.0,118347.21502151486,10483.986874225782,17517.226366676758,8473.530350963723,10176.585892671317,10649.537154786445,6726.88319864284,5070.705867033406,11774.175799711444,17837.73030125812,19636.853215544914,603598.9226572713,79711.00088216136,86909.89808585729,46553.975390917,49242.186103429536,60232.811762890975,45915.004919152336,54593.293565007254,61890.76172122781,60737.873207170676,57812.11701945724,785.6059601163195,85.5685496149745,124.98823380844748,63.927339056701655,69.95538578002208,67.65130003352404,45.662336504625316,34.64696168945312,76.43504361088917,98.9223255223832,117.84848449529898,136055.36546647738,11776.405933719036,20147.282067154836,10545.015564301199,11639.938611308186,12814.249421619588,8918.125668083601,6727.518563919178,15802.277405549132,18207.273950169034,19477.278280653933,605556.2369614224,74112.17419191697,85012.71007630938,48041.70207399175,46598.577168538344,55936.38120860289,49272.70582491724,59929.021944015,72248.6328288808,57862.66684759766,56541.66479665247,1159.6934261304077,142.9974912480626,194.89375221586334,109.90311080892944,114.69353685144179,105.05345411840676,76.03844728302825,54.3869523326416,112.80759308444614,106.7328075004754,142.18628068711232,69208.1553990851,4739.598735975,10419.403778797954,5325.991354398384,5352.6654911091,7385.227717320446,5371.408449767595,4486.171864980787,10389.391802337514,6260.660143456997,9477.636060941015,291438.5914342489,28956.873374938034,39240.01755800589,20961.637439471877,19518.10166450413,26116.336194995398,27111.524332885165,34897.22580120275,44291.47445173959,21390.06988875039,28955.33072775572,1806.1222496771086,264.2069461016998,347.4525921535654,215.18835639733885,219.99156668580514,178.2994503908448,137.1112249546287,93.52435475598143,167.29171538205975,55.37048777024078,127.68555508494413,79583.27836726596,1940.11408327028,6184.40967536173,5292.759127001893,6584.727963561828,7021.38670853432,5474.16137983247,4027.2273553505056,12295.040712601529,14291.645104375288,16471.806257376178,366631.6519734927,13085.845618881538,23909.470666433273,26282.651346167753,30035.00585487495,35980.43532404964,34448.30408699227,41439.64421656975,63012.48003920592,50428.87282093364,48008.941999383635,1042.8745609580194,178.5150395504694,315.34766815958426,66.35252231384277,82.80264469378292,59.39974254122054,44.54055695139706,29.807546192687987,87.22294073877649,69.81505755283642,109.0708422634216,257944.43256986383,18101.61777397511,31076.574683380422,15333.091710342038,18357.016423050904,19022.25963016637,12033.206507269431,9111.473230936572,26235.53780228704,53417.3862419757,55256.26856648003,1176045.8016165586,134573.493887929,150319.43673211458,84183.69044909763,87750.3818079185,105203.01356674063,82545.96917702233,99590.049775328,129145.48119205084,161137.65525530677,141596.62977304976,926.9430871512739,80.30204395001601,120.47384331741559,63.17383663653564,68.64587562187512,65.86590511410402,44.67997821508062,34.69245184466553,94.70038578713807,169.79929300695537,184.6094736574878
2188.0,118347.21502151486,10483.986874225782,17517.226366676758,8473.530350963723,10176.585892671317,10649.537154786445,6726.88319864284,5070.705867033406,11774.175799711444,17837.73030125812,19636.853215544914,603598.9226572713,79711.00088216136,86909.89808585729,46553.975390917,49242.186103429536,60232.811762890975,45915.004919152336,54593.293565007254,61890.76172122781,60737.873207170676,57812.11701945724,785.6059601163195,85.5685496149745,124.98823380844748,63.927339056701655,69.95538578002208,67.65130003352404,45.662336504625316,34.64696168945312,76.43504361088917,98.9223255223832,117.84848449529898,136055.36546647738,11776.405933719036,20147.282067154836,10545.015564301199,11639.938611308186,12814.249421619588,8918.125668083601,6727.518563919178,15802.277405549132,18207.273950169034,19477.278280653933,605556.2369614224,74112.17419191697,85012.71007630938,48041.70207399175,46598.577168538344,55936.38120860289,49272.70582491724,59929.021944015,72248.6328288808,57862.66684759766,56541.66479665247,1159.6934261304077,142.9974912480626,194.89375221586334,109.90311080892944,114.69353685144179,105.05345411840676,76.03844728302825,54.3869523326416,112.80759308444614,106.7328075004754,142.18628068711232,69208.1553990851,4739.598735975,10419.403778797954,5325.991354398384,5352.6654911091,7385.227717320446,5371.408449767595,4486.171864980787,10389.391802337514,6260.660143456997,9477.636060941015,291438.5914342489,28956.873374938034,39240.01755800589,20961.637439471877,19518.10166450413,26116.336194995398,27111.524332885165,34897.22580120275,44291.47445173959,21390.06988875039,28955.33072775572,1806.1222496771086,264.2069461016998,347.4525921535654,215.18835639733885,219.99156668580514,178.2994503908448,137.1112249546287,93.52435475598143,167.29171538205975,55.37048777024078,127.68555508494413,79583.27836726596,1940.11408327028,6184.40967536173,5292.759127001893,6584.727963561828,7021.38670853432,5474.16137983247,4027.2273553505056,12295.040712601529,14291.645104375288,16471.806257376178,366631.6519734927,13085.845618881538,23909.470666433273,26282.651346167753,30035.00585487495,35980.43532404964,34448.30408699227,41439.64421656975,63012.48003920592,50428.87282093364,48008.941999383635,1042.8745609580194,178.5150395504694,315.34766815958426,66.35252231384277,82.80264469378292,59.39974254122054,44.54055695139706,29.807546192687987,87.22294073877649,69.81505755283642,109.0708422634216,257944.43256986383,18101.61777397511,31076.574683380422,15333.091710342038,18357.016423050904,19022.25963016637,12033.206507269431,9111.473230936572,26235.53780228704,53417.3862419757,55256.26856648003,1176045.8016165586,134573.493887929,150319.43673211458,84183.69044909763,87750.3818079185,105203.01356674063,82545.96917702233,99590.049775328,129145.48119205084,161137.65525530677,141596.62977304976,926.9430871512739,80.30204395001601,120.47384331741559,63.17383663653564,68.64587562187512,65.86590511410402,44.67997821508062,34.69245184466553,94.70038578713807,169.79929300695537,184.6094736574878
2189.0,118347.21502151486,10483.986874225782,17517.226366676758,8473.530350963723,10176.585892671317,10649.537154786445,6726.88319864284,5070.705867033406,11774.175799711444,17837.73030125812,19636.853215544914,603598.9226572713,79711.00088216136,86909.89808585729,46553.975390917,49242.186103429536,60232.811762890975,45915.004919152336,54593.293565007254,61890.76172122781,60737.873207170676,57812.11701945724,785.6059601163195,85.5685496149745,124.98823380844748,63.927339056701655,69.95538578002208,67.65130003352404,45.662336504625316,34.64696168945312,76.43504361088917,98.9223255223832,117.84848449529898,136055.36546647738,11776.405933719036,20147.282067154836,10545.015564301199,11639.938611308186,12814.249421619588,8918.125668083601,6727.518563919178,15802.277405549132,18207.273950169034,19477.278280653933,605556.2369614224,74112.17419191697,85012.71007630938,48041.70207399175,46598.577168538344,55936.38120860289,49272.70582491724,59929.021944015,72248.6328288808,57862.66684759766,56541.66479665247,1159.6934261304077,142.9974912480626,194.89375221586334,109.90311080892944,114.69353685144179,105.05345411840676,76.03844728302825,54.3869523326416,112.80759308444614,106.7328075004754,142.18628068711232,69208.1553990851,4739.598735975,10419.403778797954,5325.991354398384,5352.6654911091,7385.227717320446,5371.408449767595,4486.171864980787,10389.391802337514,6260.660143456997,9477.636060941015,291438.5914342489,28956.873374938034,39240.01755800589,20961.637439471877,19518.10166450413,26116.336194995398,27111.524332885165,34897.22580120275,44291.47445173959,21390.06988875039,28955.33072775572,1806.1222496771086,264.2069461016998,347.4525921535654,215.18835639733885,219.99156668580514,178.2994503908448,137.1112249546287,93.52435475598143,167.29171538205975,55.37048777024078,127.68555508494413,79583.27836726596,1940.11408327028,6184.40967536173,5292.759127001893,6584.727963561828,7021.38670853432,5474.16137983247,4027.2273553505056,12295.040712601529,14291.645104375288,16471.806257376178,366631.6519734927,13085.845618881538,23909.470666433273,26282.651346167753,30035.00585487495,35980.43532404964,34448.30408699227,41439.64421656975,63012.48003920592,50428.87282093364,48008.941999383635,1042.8745609580194,178.5150395504694,315.34766815958426,66.35252231384277,82.80264469378292,59.39974254122054,44.54055695139706,29.807546192687987,87.22294073877649,69.81505755283642,109.0708422634216,257944.43256986383,18101.61777397511,31076.574683380422,15333.091710342038,18357.016423050904,19022.25963016637,12033.206507269431,9111.473230936572,26235.53780228704,53417.3862419757,55256.26856648003,1176045.8016165586,134573.493887929,150319.43673211458,84183.69044909763,87750.3818079185,105203.01356674063,82545.96917702233,99590.049775328,129145.48119205084,161137.65525530677,141596.62977304976,926.9430871512739,80.30204395001601,120.47384331741559,63.17383663653564,68.64587562187512,65.86590511410402,44.67997821508062,34.69245184466553,94.70038578713807,169.79929300695537,184.6094736574878
2190.0,118347.21502151486,10483.986874225782,17517.226366676758,8473.530350963723,10176.585892671317,10649.537154786445,6726.88319864284,5070.705867033406,11774.175799711444,17837.73030125812,19636.853215544914,603598.9226572713,79711.00088216136,86909.89808585729,46553.975390917,49242.186103429536,60232.811762890975,45915.004919152336,54593.293565007254,61890.76172122781,60737.873207170676,57812.11701945724,785.6059601163195,85.5685496149745,124.98823380844748,63.927339056701655,69.95538578002208,67.65130003352404,45.662336504625316,34.64696168945312,76.43504361088917,98.9223255223832,117.84848449529898,136055.36546647738,11776.405933719036,20147.282067154836,10545.015564301199,11639.938611308186,12814.249421619588,8918.125668083601,6727.518563919178,15802.277405549132,18207.273950169034,19477.278280653933,605556.2369614224,74112.17419191697,85012.71007630938,48041.70207399175,46598.577168538344,55936.38120860289,49272.70582491724,59929.021944015,72248.6328288808,57862.66684759766,56541.66479665247,1159.6934261304077,142.9974912480626,194.89375221586334,109.90311080892944,114.69353685144179,105.05345411840676,76.03844728302825,54.3869523326416,112.80759308444614,106.7328075004754,142.18628068711232,69208.1553990851,4739.598735975,10419.403778797954,5325.991354398384,5352.6654911091,7385.227717320446,5371.408449767595,4486.171864980787,10389.391802337514,6260.660143456997,9477.636060941015,291438.5914342489,28956.873374938034,39240.01755800589,20961.637439471877,19518.10166450413,26116.336194995398,27111.524332885165,34897.22580120275,44291.47445173959,21390.06988875039,28955.33072775572,1806.1222496771086,264.2069461016998,347.4525921535654,215.18835639733885,219.99156668580514,178.2994503908448,137.1112249546287,93.52435475598143,167.29171538205975,55.37048777024078,127.68555508494413,79583.27836726596,1940.11408327028,6184.40967536173,5292.759127001893,6584.727963561828,7021.38670853432,5474.16137983247,4027.2273553505056,12295.040712601529,14291.645104375288,16471.806257376178,366631.6519734927,13085.845618881538,23909.470666433273,26282.651346167753,30035.00585487495,35980.43532404964,34448.30408699227,41439.64421656975,63012.48003920592,50428.87282093364,48008.941999383635,1042.8745609580194,178.5150395504694,315.34766815958426,66.35252231384277,82.80264469378292,59.39974254122054,44.54055695139706,29.807546192687987,87.22294073877649,69.81505755283642,109.0708422634216,257944.43256986383,18101.61777397511,31076.574683380422,15333.091710342038,18357.016423050904,19022.25963016637,12033.206507269431,9111.473230936572,26235.53780228704,53417.3862419757,55256.26856648003,1176045.8016165586,134573.493887929,150319.43673211458,84183.69044909763,87750.3818079185,105203.01356674063,82545.96917702233,99590.049775328,129145.48119205084,161137.65525530677,141596.62977304976,926.9430871512739,80.30204395001601,120.47384331741559,63.17383663653564,68.64587562187512,65.86590511410402,44.67997821508062,34.69245184466553,94.70038578713807,169.79929300695537,184.6094736574878
2191.0,118347.21502151486,10483.986874225782,17517.226366676758,8473.530350963723,10176.585892671317,10649.537154786445,6726.88319864284,5070.705867033406,11774.175799711444,17837.73030125812,19636.853215544914,603598.9226572713,79711.00088216136,86909.89808585729,46553.975390917,49242.186103429536,60232.811762890975,45915.004919152336,54593.293565007254,61890.76172122781,60737.873207170676,57812.11701945724,785.6059601163195,85.5685496149745,124.98823380844748,63.927339056701655,69.95538578002208,67.65130003352404,45.662336504625316,34.64696168945312,76.43504361088917,98.9223255223832,117.84848449529898,136055.36546647738,11776.405933719036,20147.282067154836,10545.015564301199,11639.938611308186,12814.249421619588,8918.125668083601,6727.518563919178,15802.277405549132,18207.273950169034,19477.278280653933,605556.2369614224,74112.17419191697,85012.71007630938,48041.70207399175,46598.577168538344,55936.38120860289,49272.70582491724,59929.021944015,72248.6328288808,57862.66684759766,56541.66479665247,1159.6934261304077,142.9974912480626,194.89375221586334,109.90311080892944,114.69353685144179,105.05345411840676,76.03844728302825,54.3869523326416,112.80759308444614,106.7328075004754,142.18628068711232,69208.1553990851,4739.598735975,10419.403778797954,5325.991354398384,5352.6654911091,7385.227717320446,5371.408449767595,4486.171864980787,10389.391802337514,6260.660143456997,9477.636060941015,291438.5914342489,28956.873374938034,39240.01755800589,20961.637439471877,19518.10166450413,26116.336194995398,27111.524332885165,34897.22580120275,44291.47445173959,21390.06988875039,28955.33072775572,1806.1222496771086,264.2069461016998,347.4525921535654,215.18835639733885,219.99156668580514,178.2994503908448,137.1112249546287,93.52435475598143,167.29171538205975,55.37048777024078,127.68555508494413,79583.27836726596,1940.11408327028,6184.40967536173,5292.759127001893,6584.727963561828,7021.38670853432,5474.16137983247,4027.2273553505056,12295.040712601529,14291.645104375288,16471.806257376178,366631.6519734927,13085.845618881538,23909.470666433273,26282.651346167753,30035.00585487495,35980.43532404964,34448.30408699227,41439.64421656975,63012.48003920592,50428.87282093364,48008.941999383635,1042.8745609580194,178.5150395504694,315.34766815958426,66.35252231384277,82.80264469378292,59.39974254122054,44.54055695139706,29.807546192687987,87.22294073877649,69.81505755283642,109.0708422634216,257944.43256986383,18101.61777397511,31076.574683380422,15333.091710342038,18357.016423050904,19022.25963016637,12033.206507269431,9111.473230936572,26235.53780228704,53417.3862419757,55256.26856648003,1176045.8016165586,134573.493887929,150319.43673211458,84183.69044909763,87750.3818079185,105203.01356674063,82545.96917702233,99590.049775328,129145.48119205084,161137.65525530677,141596.62977304976,926.9430871512739,80.30204395001601,120.47384331741559,63.17383663653564,68.64587562187512,65.86590511410402,44.67997821508062,34.69245184466553,94.70038578713807,169.79929300695537,184.6094736574878
2192.0,118347.21502151486,10483.986874225782,17517.226366676758,8473.530350963723,10176.585892671317,10649.537154786445,6726.88319864284,5070.705867033406,11774.175799711444,17837.73030125812,19636.853215544914,603598.9226572713,79711.00088216136,86909.89808585729,46553.975390917,49242.186103429536,60232.811762890975,45915.004919152336,54593.293565007254,61890.76172122781,60737.873207170676,57812.11701945724,785.6059601163195,85.5685496149745,124.98823380844748,63.927339056701655,69.95538578002208,67.65130003352404,45.662336504625316,34.64696168945312,76.43504361088917,98.9223255223832,117.84848449529898,136055.36546647738,11776.405933719036,20147.282067154836,10545.015564301199,11639.938611308186,12814.249421619588,8918.125668083601,6727.518563919178,15802.277405549132,18207.273950169034,19477.278280653933,605556.2369614224,74112.17419191697,85012.71007630938,48041.70207399175,46598.577168538344,55936.38120860289,49272.70582491724,59929.021944015,72248.6328288808,57862.66684759766,56541.66479665247,1159.6934261304077,142.9974912480626,194.89375221586334,109.90311080892944,114.69353685144179,105.05345411840676,76.03844728302825,54.3869523326416,112.80759308444614,106.7328075004754,142.18628068711232,69208.1553990851,4739.598735975,10419.403778797954,5325.991354398384,5352.6654911091,7385.227717320446,5371.408449767595,4486.171864980787,10389.391802337514,6260.660143456997,9477.636060941015,291438.5914342489,28956.873374938034,39240.01755800589,20961.637439471877,19518.10166450413,26116.336194995398,27111.524332885165,34897.22580120275,44291.47445173959,21390.06988875039,28955.33072775572,1806.1222496771086,264.2069461016998,347.4525921535654,215.18835639733885,219.99156668580514,178.2994503908448,137.1112249546287,93.52435475598143,167.29171538205975,55.37048777024078,127.68555508494413,79583.27836726596,1940.11408327028,6184.40967536173,5292.759127001893,6584.727963561828,7021.38670853432,5474.16137983247,4027.2273553505056,12295.040712601529,14291.645104375288,16471.806257376178,366631.6519734927,13085.845618881538,23909.470666433273,26282.651346167753,30035.00585487495,35980.43532404964,34448.30408699227,41439.64421656975,63012.48003920592,50428.87282093364,48008.941999383635,1042.8745609580194,178.5150395504694,315.34766815958426,66.35252231384277,82.80264469378292,59.39974254122054,44.54055695139706,29.807546192687987,87.22294073877649,69.81505755283642,109.0708422634216,257944.43256986383,18101.61777397511,31076.574683380422,15333.091710342038,18357.016423050904,19022.25963016637,12033.206507269431,9111.473230936572,26235.53780228704,53417.3862419757,55256.26856648003,1176045.8016165586,134573.493887929,150319.43673211458,84183.69044909763,87750.3818079185,105203.01356674063,82545.96917702233,99590.049775328,129145.48119205084,161137.65525530677,141596.62977304976,926.9430871512739,80.30204395001601,120.47384331741559,63.17383663653564,68.64587562187512,65.86590511410402,44.67997821508062,34.69245184466553,94.70038578713807,169.79929300695537,184.6094736574878
2193.0,118347.21502151486,10483.986874225782,17517.226366676758,8473.530350963723,10176.585892671317,10649.537154786445,6726.88319864284,5070.705867033406,11774.175799711444,17837.73030125812,19636.853215544914,603598.9226572713,79711.00088216136,86909.89808585729,46553.975390917,49242.186103429536,60232.811762890975,45915.004919152336,54593.293565007254,61890.76172122781,60737.873207170676,57812.11701945724,785.6059601163195,85.5685496149745,124.98823380844748,63.927339056701655,69.95538578002208,67.65130003352404,45.662336504625316,34.64696168945312,76.43504361088917,98.9223255223832,117.84848449529898,136055.36546647738,11776.405933719036,20147.282067154836,10545.015564301199,11639.938611308186,12814.249421619588,8918.125668083601,6727.518563919178,15802.277405549132,18207.273950169034,19477.278280653933,605556.2369614224,74112.17419191697,85012.71007630938,48041.70207399175,46598.577168538344,55936.38120860289,49272.70582491724,59929.021944015,72248.6328288808,57862.66684759766,56541.66479665247,1159.6934261304077,142.9974912480626,194.89375221586334,109.90311080892944,114.69353685144179,105.05345411840676,76.03844728302825,54.3869523326416,112.80759308444614,106.7328075004754,142.18628068711232,69208.1553990851,4739.598735975,10419.403778797954,5325.991354398384,5352.6654911091,7385.227717320446,5371.408449767595,4486.171864980787,10389.391802337514,6260.660143456997,9477.636060941015,291438.5914342489,28956.873374938034,39240.01755800589,20961.637439471877,19518.10166450413,26116.336194995398,27111.524332885165,34897.22580120275,44291.47445173959,21390.06988875039,28955.33072775572,1806.1222496771086,264.2069461016998,347.4525921535654,215.18835639733885,219.99156668580514,178.2994503908448,137.1112249546287,93.52435475598143,167.29171538205975,55.37048777024078,127.68555508494413,79583.27836726596,1940.11408327028,6184.40967536173,5292.759127001893,6584.727963561828,7021.38670853432,5474.16137983247,4027.2273553505056,12295.040712601529,14291.645104375288,16471.806257376178,366631.6519734927,13085.845618881538,23909.470666433273,26282.651346167753,30035.00585487495,35980.43532404964,34448.30408699227,41439.64421656975,63012.48003920592,50428.87282093364,48008.941999383635,1042.8745609580194,178.5150395504694,315.34766815958426,66.35252231384277,82.80264469378292,59.39974254122054,44.54055695139706,29.807546192687987,87.22294073877649,69.81505755283642,109.0708422634216,257944.43256986383,18101.61777397511,31076.574683380422,15333.091710342038,18357.016423050904,19022.25963016637,12033.206507269431,9111.473230936572,26235.53780228704,53417.3862419757,55256.26856648003,1176045.8016165586,134573.493887929,150319.43673211458,84183.69044909763,87750.3818079185,105203.01356674063,82545.96917702233,99590.049775328,129145.48119205084,161137.65525530677,141596.62977304976,926.9430871512739,80.30204395001601,120.47384331741559,63.17383663653564,68.64587562187512,65.86590511410402,44.67997821508062,34.69245184466553,94.70038578713807,169.79929300695537,184.6094736574878
2194.0,118347.21502151486,10483.986874225782,17517.226366676758,8473.530350963723,10176.585892671317,10649.537154786445,6726.88319864284,5070.705867033406,11774.175799711444,17837.73030125812,19636.853215544914,603598.9226572713,79711.00088216136,86909.89808585729,46553.975390917,49242.186103429536,60232.811762890975,45915.004919152336,54593.293565007254,61890.76172122781,60737.873207170676,57812.11701945724,785.6059601163195,85.5685496149745,124.98823380844748,63.927339056701655,69.95538578002208,67.65130003352404,45.662336504625316,34.64696168945312,76.43504361088917,98.9223255223832,117.84848449529898,136055.36546647738,11776.405933719036,20147.282067154836,10545.015564301199,11639.938611308186,12814.249421619588,8918.125668083601,6727.518563919178,15802.277405549132,18207.273950169034,19477.278280653933,605556.2369614224,74112.17419191697,85012.71007630938,48041.70207399175,46598.577168538344,55936.38120860289,49272.70582491724,59929.021944015,72248.6328288808,57862.66684759766,56541.66479665247,1159.6934261304077,142.9974912480626,194.89375221586334,109.90311080892944,114.69353685144179,105.05345411840676,76.03844728302825,54.3869523326416,112.80759308444614,106.7328075004754,142.18628068711232,69208.1553990851,4739.598735975,10419.403778797954,5325.991354398384,5352.6654911091,7385.227717320446,5371.408449767595,4486.171864980787,10389.391802337514,6260.660143456997,9477.636060941015,291438.5914342489,28956.873374938034,39240.01755800589,20961.637439471877,19518.10166450413,26116.336194995398,27111.524332885165,34897.22580120275,44291.47445173959,21390.06988875039,28955.33072775572,1806.1222496771086,264.2069461016998,347.4525921535654,215.18835639733885,219.99156668580514,178.2994503908448,137.1112249546287,93.52435475598143,167.29171538205975,55.37048777024078,127.68555508494413,79583.27836726596,1940.11408327028,6184.40967536173,5292.759127001893,6584.727963561828,7021.38670853432,5474.16137983247,4027.2273553505056,12295.040712601529,14291.645104375288,16471.806257376178,366631.6519734927,13085.845618881538,23909.470666433273,26282.651346167753,30035.00585487495,35980.43532404964,34448.30408699227,41439.64421656975,63012.48003920592,50428.87282093364,48008.941999383635,1042.8745609580194,178.5150395504694,315.34766815958426,66.35252231384277,82.80264469378292,59.39974254122054,44.54055695139706,29.807546192687987,87.22294073877649,69.81505755283642,109.0708422634216,257944.43256986383,18101.61777397511,31076.574683380422,15333.091710342038,18357.016423050904,19022.25963016637,12033.206507269431,9111.473230936572,26235.53780228704,53417.3862419757,55256.26856648003,1176045.8016165586,134573.493887929,150319.43673211458,84183.69044909763,87750.3818079185,105203.01356674063,82545.96917702233,99590.049775328,129145.48119205084,161137.65525530677,141596.62977304976,926.9430871512739,80.30204395001601,120.47384331741559,63.17383663653564,68.64587562187512,65.86590511410402,44.67997821508062,34.69245184466553,94.70038578713807,169.79929300695537,184.6094736574878
2195.0,118347.21502151486,10483.986874225782,17517.226366676758,8473.530350963723,10176.585892671317,10649.537154786445,6726.88319864284,5070.705867033406,11774.175799711444,17837.73030125812,19636.853215544914,603598.9226572713,79711.00088216136,86909.89808585729,46553.975390917,49242.186103429536,60232.811762890975,45915.004919152336,54593.293565007254,61890.76172122781,60737.873207170676,57812.11701945724,785.6059601163195,85.5685496149745,124.98823380844748,63.927339056701655,69.95538578002208,67.65130003352404,45.662336504625316,34.64696168945312,76.43504361088917,98.9223255223832,117.84848449529898,136055.36546647738,11776.405933719036,20147.282067154836,10545.015564301199,11639.938611308186,12814.249421619588,8918.125668083601,6727.518563919178,15802.277405549132,18207.273950169034,19477.278280653933,605556.2369614224,74112.17419191697,85012.71007630938,48041.70207399175,46598.577168538344,55936.38120860289,49272.70582491724,59929.021944015,72248.6328288808,57862.66684759766,56541.66479665247,1159.6934261304077,142.9974912480626,194.89375221586334,109.90311080892944,114.69353685144179,105.05345411840676,76.03844728302825,54.3869523326416,112.80759308444614,106.7328075004754,142.18628068711232,69208.1553990851,4739.598735975,10419.403778797954,5325.991354398384,5352.6654911091,7385.227717320446,5371.408449767595,4486.171864980787,10389.391802337514,6260.660143456997,9477.636060941015,291438.5914342489,28956.873374938034,39240.01755800589,20961.637439471877,19518.10166450413,26116.336194995398,27111.524332885165,34897.22580120275,44291.47445173959,21390.06988875039,28955.33072775572,1806.1222496771086,264.2069461016998,347.4525921535654,215.18835639733885,219.99156668580514,178.2994503908448,137.1112249546287,93.52435475598143,167.29171538205975,55.37048777024078,127.68555508494413,79583.27836726596,1940.11408327028,6184.40967536173,5292.759127001893,6584.727963561828,7021.38670853432,5474.16137983247,4027.2273553505056,12295.040712601529,14291.645104375288,16471.806257376178,366631.6519734927,13085.845618881538,23909.470666433273,26282.651346167753,30035.00585487495,35980.43532404964,34448.30408699227,41439.64421656975,63012.48003920592,50428.87282093364,48008.941999383635,1042.8745609580194,178.5150395504694,315.34766815958426,66.35252231384277,82.80264469378292,59.39974254122054,44.54055695139706,29.807546192687987,87.22294073877649,69.81505755283642,109.0708422634216,257944.43256986383,18101.61777397511,31076.574683380422,15333.091710342038,18357.016423050904,19022.25963016637,12033.206507269431,9111.473230936572,26235.53780228704,53417.3862419757,55256.26856648003,1176045.8016165586,134573.493887929,150319.43673211458,84183.69044909763,87750.3818079185,105203.01356674063,82545.96917702233,99590.049775328,129145.48119205084,161137.65525530677,141596.62977304976,926.9430871512739,80.30204395001601,120.47384331741559,63.17383663653564,68.64587562187512,65.86590511410402,44.67997821508062,34.69245184466553,94.70038578713807,169.79929300695537,184.6094736574878
2196.0,118347.21502151486,10483.986874225782,17517.226366676758,8473.530350963723,10176.585892671317,10649.537154786445,6726.88319864284,5070.705867033406,11774.175799711444,17837.73030125812,19636.853215544914,603598.9226572713,79711.00088216136,86909.89808585729,46553.975390917,49242.186103429536,60232.811762890975,45915.004919152336,54593.293565007254,61890.76172122781,60737.873207170676,57812.11701945724,785.6059601163195,85.5685496149745,124.98823380844748,63.927339056701655,69.95538578002208,67.65130003352404,45.662336504625316,34.64696168945312,76.43504361088917,98.9223255223832,117.84848449529898,136055.36546647738,11776.405933719036,20147.282067154836,10545.015564301199,11639.938611308186,12814.249421619588,8918.125668083601,6727.518563919178,15802.277405549132,18207.273950169034,19477.278280653933,605556.2369614224,74112.17419191697,85012.71007630938,48041.70207399175,46598.577168538344,55936.38120860289,49272.70582491724,59929.021944015,72248.6328288808,57862.66684759766,56541.66479665247,1159.6934261304077,142.9974912480626,194.89375221586334,109.90311080892944,114.69353685144179,105.05345411840676,76.03844728302825,54.3869523326416,112.80759308444614,106.7328075004754,142.18628068711232,69208.1553990851,4739.598735975,10419.403778797954,5325.991354398384,5352.6654911091,7385.227717320446,5371.408449767595,4486.171864980787,10389.391802337514,6260.660143456997,9477.636060941015,291438.5914342489,28956.873374938034,39240.01755800589,20961.637439471877,19518.10166450413,26116.336194995398,27111.524332885165,34897.22580120275,44291.47445173959,21390.06988875039,28955.33072775572,1806.1222496771086,264.2069461016998,347.4525921535654,215.18835639733885,219.99156668580514,178.2994503908448,137.1112249546287,93.52435475598143,167.29171538205975,55.37048777024078,127.68555508494413,79583.27836726596,1940.11408327028,6184.40967536173,5292.759127001893,6584.727963561828,7021.38670853432,5474.16137983247,4027.2273553505056,12295.040712601529,14291.645104375288,16471.806257376178,366631.6519734927,13085.845618881538,23909.470666433273,26282.651346167753,30035.00585487495,35980.43532404964,34448.30408699227,41439.64421656975,63012.48003920592,50428.87282093364,48008.941999383635,1042.8745609580194,178.5150395504694,315.34766815958426,66.35252231384277,82.80264469378292,59.39974254122054,44.54055695139706,29.807546192687987,87.22294073877649,69.81505755283642,109.0708422634216,257944.43256986383,18101.61777397511,31076.574683380422,15333.091710342038,18357.016423050904,19022.25963016637,12033.206507269431,9111.473230936572,26235.53780228704,53417.3862419757,55256.26856648003,1176045.8016165586,134573.493887929,150319.43673211458,84183.69044909763,87750.3818079185,105203.01356674063,82545.96917702233,99590.049775328,129145.48119205084,161137.65525530677,141596.62977304976,926.9430871512739,80.30204395001601,120.47384331741559,63.17383663653564,68.64587562187512,65.86590511410402,44.67997821508062,34.69245184466553,94.70038578713807,169.79929300695537,184.6094736574878
2197.0,118347.21502151486,10483.986874225782,17517.226366676758,8473.530350963723,10176.585892671317,10649.537154786445,6726.88319864284,5070.705867033406,11774.175799711444,17837.73030125812,19636.853215544914,603598.9226572713,79711.00088216136,86909.89808585729,46553.975390917,49242.186103429536,60232.811762890975,45915.004919152336,54593.293565007254,61890.76172122781,60737.873207170676,57812.11701945724,785.6059601163195,85.5685496149745,124.98823380844748,63.927339056701655,69.95538578002208,67.65130003352404,45.662336504625316,34.64696168945312,76.43504361088917,98.9223255223832,117.84848449529898,136055.36546647738,11776.405933719036,20147.282067154836,10545.015564301199,11639.938611308186,12814.249421619588,8918.125668083601,6727.518563919178,15802.277405549132,18207.273950169034,19477.278280653933,605556.2369614224,74112.17419191697,85012.71007630938,48041.70207399175,46598.577168538344,55936.38120860289,49272.70582491724,59929.021944015,72248.6328288808,57862.66684759766,56541.66479665247,1159.6934261304077,142.9974912480626,194.89375221586334,109.90311080892944,114.69353685144179,105.05345411840676,76.03844728302825,54.3869523326416,112.80759308444614,106.7328075004754,142.18628068711232,69208.1553990851,4739.598735975,10419.403778797954,5325.991354398384,5352.6654911091,7385.227717320446,5371.408449767595,4486.171864980787,10389.391802337514,6260.660143456997,9477.636060941015,291438.5914342489,28956.873374938034,39240.01755800589,20961.637439471877,19518.10166450413,26116.336194995398,27111.524332885165,34897.22580120275,44291.47445173959,21390.06988875039,28955.33072775572,1806.1222496771086,264.2069461016998,347.4525921535654,215.18835639733885,219.99156668580514,178.2994503908448,137.1112249546287,93.52435475598143,167.29171538205975,55.37048777024078,127.68555508494413,79583.27836726596,1940.11408327028,6184.40967536173,5292.759127001893,6584.727963561828,7021.38670853432,5474.16137983247,4027.2273553505056,12295.040712601529,14291.645104375288,16471.806257376178,366631.6519734927,13085.845618881538,23909.470666433273,26282.651346167753,30035.00585487495,35980.43532404964,34448.30408699227,41439.64421656975,63012.48003920592,50428.87282093364,48008.941999383635,1042.8745609580194,178.5150395504694,315.34766815958426,66.35252231384277,82.80264469378292,59.39974254122054,44.54055695139706,29.807546192687987,87.22294073877649,69.81505755283642,109.0708422634216,257944.43256986383,18101.61777397511,31076.574683380422,15333.091710342038,18357.016423050904,19022.25963016637,12033.206507269431,9111.473230936572,26235.53780228704,53417.3862419757,55256.26856648003,1176045.8016165586,134573.493887929,150319.43673211458,84183.69044909763,87750.3818079185,105203.01356674063,82545.96917702233,99590.049775328,129145.48119205084,161137.65525530677,141596.62977304976,926.9430871512739,80.30204395001601,120.47384331741559,63.17383663653564,68.64587562187512,65.86590511410402,44.67997821508062,34.69245184466553,94.70038578713807,169.79929300695537,184.6094736574878
2198.0,118347.21502151486,10483.986874225782,17517.226366676758,8473.530350963723,10176.585892671317,10649.537154786445,6726.88319864284,5070.705867033406,11774.175799711444,17837.73030125812,19636.853215544914,603598.9226572713,79711.00088216136,86909.89808585729,46553.975390917,49242.186103429536,60232.811762890975,45915.004919152336,54593.293565007254,61890.76172122781,60737.873207170676,57812.11701945724,785.6059601163195,85.5685496149745,124.98823380844748,63.927339056701655,69.95538578002208,67.65130003352404,45.662336504625316,34.64696168945312,76.43504361088917,98.9223255223832,117.84848449529898,136055.36546647738,11776.405933719036,20147.282067154836,10545.015564301199,11639.938611308186,12814.249421619588,8918.125668083601,6727.518563919178,15802.277405549132,18207.273950169034,19477.278280653933,605556.2369614224,74112.17419191697,85012.71007630938,48041.70207399175,46598.577168538344,55936.38120860289,49272.70582491724,59929.021944015,72248.6328288808,57862.66684759766,56541.66479665247,1159.6934261304077,142.9974912480626,194.89375221586334,109.90311080892944,114.69353685144179,105.05345411840676,76.03844728302825,54.3869523326416,112.80759308444614,106.7328075004754,142.18628068711232,69208.1553990851,4739.598735975,10419.403778797954,5325.991354398384,5352.6654911091,7385.227717320446,5371.408449767595,4486.171864980787,10389.391802337514,6260.660143456997,9477.636060941015,291438.5914342489,28956.873374938034,39240.01755800589,20961.637439471877,19518.10166450413,26116.336194995398,27111.524332885165,34897.22580120275,44291.47445173959,21390.06988875039,28955.33072775572,1806.1222496771086,264.2069461016998,347.4525921535654,215.18835639733885,219.99156668580514,178.2994503908448,137.1112249546287,93.52435475598143,167.29171538205975,55.37048777024078,127.68555508494413,79583.27836726596,1940.11408327028,6184.40967536173,5292.759127001893,6584.727963561828,7021.38670853432,5474.16137983247,4027.2273553505056,12295.040712601529,14291.645104375288,16471.806257376178,366631.6519734927,13085.845618881538,23909.470666433273,26282.651346167753,30035.00585487495,35980.43532404964,34448.30408699227,41439.64421656975,63012.48003920592,50428.87282093364,48008.941999383635,1042.8745609580194,178.5150395504694,315.34766815958426,66.35252231384277,82.80264469378292,59.39974254122054,44.54055695139706,29.807546192687987,87.22294073877649,69.81505755283642,109.0708422634216,257944.43256986383,18101.61777397511,31076.574683380422,15333.091710342038,18357.016423050904,19022.25963016637,12033.206507269431,9111.473230936572,26235.53780228704,53417.3862419757,55256.26856648003,1176045.8016165586,134573.493887929,150319.43673211458,84183.69044909763,87750.3818079185,105203.01356674063,82545.96917702233,99590.049775328,129145.48119205084,161137.65525530677,141596.62977304976,926.9430871512739,80.30204395001601,120.47384331741559,63.17383663653564,68.64587562187512,65.86590511410402,44.67997821508062,34.69245184466553,94.70038578713807,169.79929300695537,184.6094736574878
2199.0,118347.21502151486,10483.986874225782,17517.226366676758,8473.530350963723,10176.585892671317,10649.537154786445,6726.88319864284,5070.705867033406,11774.175799711444,17837.73030125812,19636.853215544914,603598.9226572713,79711.00088216136,86909.89808585729,46553.975390917,49242.186103429536,60232.811762890975,45915.004919152336,54593.293565007254,61890.76172122781,60737.873207170676,57812.11701945724,785.6059601163195,85.5685496149745,124.98823380844748,63.927339056701655,69.95538578002208,67.65130003352404,45.662336504625316,34.64696168945312,76.43504361088917,98.9223255223832,117.84848449529898,136055.36546647738,11776.405933719036,20147.282067154836,10545.015564301199,11639.938611308186,12814.249421619588,8918.125668083601,6727.518563919178,15802.277405549132,18207.273950169034,19477.278280653933,605556.2369614224,74112.17419191697,85012.71007630938,48041.70207399175,46598.577168538344,55936.38120860289,49272.70582491724,59929.021944015,72248.6328288808,57862.66684759766,56541.66479665247,1159.6934261304077,142.9974912480626,194.89375221586334,109.90311080892944,114.69353685144179,105.05345411840676,76.03844728302825,54.3869523326416,112.80759308444614,106.7328075004754,142.18628068711232,69208.1553990851,4739.598735975,10419.403778797954,5325.991354398384,5352.6654911091,7385.227717320446,5371.408449767595,4486.171864980787,10389.391802337514,6260.660143456997,9477.636060941015,291438.5914342489,28956.873374938034,39240.01755800589,20961.637439471877,19518.10166450413,26116.336194995398,27111.524332885165,34897.22580120275,44291.47445173959,21390.06988875039,28955.33072775572,1806.1222496771086,264.2069461016998,347.4525921535654,215.18835639733885,219.99156668580514,178.2994503908448,137.1112249546287,93.52435475598143,167.29171538205975,55.37048777024078,127.68555508494413,79583.27836726596,1940.11408327028,6184.40967536173,5292.759127001893,6584.727963561828,7021.38670853432,5474.16137983247,4027.2273553505056,12295.040712601529,14291.645104375288,16471.806257376178,366631.6519734927,13085.845618881538,23909.470666433273,26282.651346167753,30035.00585487495,35980.43532404964,34448.30408699227,41439.64421656975,63012.48003920592,50428.87282093364,48008.941999383635,1042.8745609580194,178.5150395504694,315.34766815958426,66.35252231384277,82.80264469378292,59.39974254122054,44.54055695139706,29.807546192687987,87.22294073877649,69.81505755283642,109.0708422634216,257944.43256986383,18101.61777397511,31076.574683380422,15333.091710342038,18357.016423050904,19022.25963016637,12033.206507269431,9111.473230936572,26235.53780228704,53417.3862419757,55256.26856648003,1176045.8016165586,134573.493887929,150319.43673211458,84183.69044909763,87750.3818079185,105203.01356674063,82545.96917702233,99590.049775328,129145.48119205084,161137.65525530677,141596.62977304976,926.9430871512739,80.30204395001601,120.47384331741559,63.17383663653564,68.64587562187512,65.86590511410402,44.67997821508062,34.69245184466553,94.70038578713807,169.79929300695537,184.6094736574878
2200.0,118347.21502151486,10483.986874225782,17517.226366676758,8473.530350963723,10176.585892671317,10649.537154786445,6726.88319864284,5070.705867033406,11774.175799711444,17837.73030125812,19636.853215544914,603598.9226572713,79711.00088216136,86909.89808585729,46553.975390917,49242.186103429536,60232.811762890975,45915.004919152336,54593.293565007254,61890.76172122781,60737.873207170676,57812.11701945724,785.6059601163195,85.5685496149745,124.98823380844748,63.927339056701655,69.95538578002208,67.65130003352404,45.662336504625316,34.64696168945312,76.43504361088917,98.9223255223832,117.84848449529898,136055.36546647738,11776.405933719036,20147.282067154836,10545.015564301199,11639.938611308186,12814.249421619588,8918.125668083601,6727.518563919178,15802.277405549132,18207.273950169034,19477.278280653933,605556.2369614224,74112.17419191697,85012.71007630938,48041.70207399175,46598.577168538344,55936.38120860289,49272.70582491724,59929.021944015,72248.6328288808,57862.66684759766,56541.66479665247,1159.6934261304077,142.9974912480626,194.89375221586334,109.90311080892944,114.69353685144179,105.05345411840676,76.03844728302825,54.3869523326416,112.80759308444614,106.7328075004754,142.18628068711232,69208.1553990851,4739.598735975,10419.403778797954,5325.991354398384,5352.6654911091,7385.227717320446,5371.408449767595,4486.171864980787,10389.391802337514,6260.660143456997,9477.636060941015,291438.5914342489,28956.873374938034,39240.01755800589,20961.637439471877,19518.10166450413,26116.336194995398,27111.524332885165,34897.22580120275,44291.47445173959,21390.06988875039,28955.33072775572,1806.1222496771086,264.2069461016998,347.4525921535654,215.18835639733885,219.99156668580514,178.2994503908448,137.1112249546287,93.52435475598143,167.29171538205975,55.37048777024078,127.68555508494413,79583.27836726596,1940.11408327028,6184.40967536173,5292.759127001893,6584.727963561828,7021.38670853432,5474.16137983247,4027.2273553505056,12295.040712601529,14291.645104375288,16471.806257376178,366631.6519734927,13085.845618881538,23909.470666433273,26282.651346167753,30035.00585487495,35980.43532404964,34448.30408699227,41439.64421656975,63012.48003920592,50428.87282093364,48008.941999383635,1042.8745609580194,178.5150395504694,315.34766815958426,66.35252231384277,82.80264469378292,59.39974254122054,44.54055695139706,29.807546192687987,87.22294073877649,69.81505755283642,109.0708422634216,257944.43256986383,18101.61777397511,31076.574683380422,15333.091710342038,18357.016423050904,19022.25963016637,12033.206507269431,9111.473230936572,26235.53780228704,53417.3862419757,55256.26856648003,1176045.8016165586,134573.493887929,150319.43673211458,84183.69044909763,87750.3818079185,105203.01356674063,82545.96917702233,99590.049775328,129145.48119205084,161137.65525530677,141596.62977304976,926.9430871512739,80.30204395001601,120.47384331741559,63.17383663653564,68.64587562187512,65.86590511410402,44.67997821508062,34.69245184466553,94.70038578713807,169.79929300695537,184.6094736574878
