Region,SLR_factor,SLR_weight_MG,SLR_weight_GIS,SLR_weight_AIS,average_fp_height,total_fp_length,population_fraction,asset_fraction
insufficiently protected,1.0382,1.006192199690204,1.0368802915276532,1.110616701390958,1.461546127462097,662908.5280000027,0.5952237873440501,0.24457810580740236
well protected,0.9298,0.8853410268433215,0.7653753552619704,1.0844408928440488,2.7981940022081875,375325.3980000002,0.40477621265595126,0.7554218941925996
