Region,k,x0,A,c,k SD,x0 SD,A SD,c SD
Global,2.451460595248476,2.135259702126893,0.28561266110402406,0.0,0.035603893389260205,0.011866170905121978,0.0030571985107497894,0.0
