Region,k,x0,A,c,k SD,x0 SD,A SD,c SD
Global,2.0812570290898673,2.2712340788799645,2087667.9560787354,0.0,0.03291584194709621,0.01888187744724156,33541.137936102125,0.0
