Region,a,b,c,a SD,b SD,c SD
Global,0.11495652548945898,1.332273617215492,0.029413067841845417,0.0005749861672975899,0.013792232604145463,0.0001709167229768863
