Region,a,b,c,a SD,b SD,c SD
Global,0.11194525647694986,1.3977770654151265,0.026178968245674745,0.0003297038220101671,0.008673974950684527,0.00010378811454015085
