Region,a,b,c,a SD,b SD,c SD
Global,0.16536490330273293,2.498475485425239,0.0,0.0015334531874639404,0.04613632404283653,0.0
