Region,a,b,c,a SD,b SD,c SD
Global,1730933.797597792,1.1708609194503437,0.0,22684.73041919604,0.02539357762402223,0.0
