Region,a,b,c,a SD,b SD,c SD
Global,0.2493159676974622,0.20745481091322457,0.32908328143996096,0.004176040278151165,0.004321919315725653,8.686951062040717e-05
