Region,a,b,c,a SD,b SD,c SD
Global,0.17292278774846737,0.3056253430630959,0.3006615478969593,0.0026906067290271,0.00637523436822309,0.0001047994041775826
