Region,k,x0,A,c,k SD,x0 SD,A SD,c SD
Global,2.1916929240559733,2.47275476082003,0.19724640714803907,0.0,0.025032505733133915,0.014741043359315835,0.002787063785465739,0.0
