Region,a,b,c,a SD,b SD,c SD
Global,0.1517985331479934,2.44968936790798,0.0,0.0008533598677275674,0.02728925758718223,0.0
